<kml>
 <Document>
  <Style id="yellow">
   <LineStyle>
   <color>ff00ffff</color>
   <width>1</width>
   </LineStyle>
  </Style>
  <Style id="red">
   <LineStyle>
   <color>ffff0000</color>
   <width>2</width>
   </LineStyle>
  </Style>
  <Style id="green">
   <LineStyle>
   <color>ff00ff00</color>
   <width>1</width>
   </LineStyle>
  </Style>
  <Placemark>
  <styleUrl>#yellow</styleUrl>
   <MultiGeometry>
    <LineString>
     <coordinates>
133.27438251,-22.26212875,597.85
133.27437922,-22.26212872,602.19
133.27435457,-22.26212846,597.82
133.27433459,-22.26212825,601.58
133.27432431,-22.26212814,597.85
133.27430326,-22.26212791,597.86
133.27429705,-22.26212785,597.87
133.27428463,-22.26212771,597.86
133.27428366,-22.26212770,600.98
133.27426765,-22.26212754,597.86
133.27425669,-22.26212742,597.91
133.27417326,-22.26212653,599.45
133.27414522,-22.26212624,597.92
133.27412407,-22.26212601,597.88
133.27412135,-22.26212598,597.89
133.27411932,-22.26212596,601.63
133.27411213,-22.26212588,601.73
133.27408099,-22.26212555,602.64
133.27407576,-22.26212550,604.23
133.27407110,-22.26212545,597.87
133.27406673,-22.26212540,602.03
133.27404617,-22.26212518,597.89
133.27402860,-22.26212500,597.85
133.27402269,-22.26212493,602.10
133.27399746,-22.26212466,602.66
133.27399485,-22.26212464,604.16
133.27397098,-22.26212438,597.91
133.27395837,-22.26212425,601.76
133.27389550,-22.26212358,597.91
133.27387726,-22.26212339,601.20
133.27387067,-22.26212332,597.99
133.27384796,-22.26212308,597.97
133.27384438,-22.26212304,598.00
133.27383981,-22.26212299,602.95
133.27383215,-22.26212291,601.79
133.27382226,-22.26212280,597.99
133.27380266,-22.26212259,599.76
133.27377889,-22.26212234,602.60
133.27374794,-22.26212201,601.91
133.27373077,-22.26212183,597.97
133.27372068,-22.26212172,598.03
133.27368061,-22.26212130,598.09
133.27365258,-22.26212100,601.11
133.27363492,-22.26212081,598.03
133.27359573,-22.26212039,601.56
133.27357778,-22.26212020,598.04
133.27357623,-22.26212019,600.90
133.27357342,-22.26212016,598.06
133.27343992,-22.26211874,597.99
133.27341596,-22.26211848,598.07
133.27340315,-22.26211835,598.12
133.27337405,-22.26211804,598.10
133.27330585,-22.26211731,598.82
133.27329605,-22.26211721,603.39
133.27325482,-22.26211677,599.28
133.27324463,-22.26211666,600.91
133.27321232,-22.26211632,598.05
133.27321145,-22.26211631,598.11
133.27320359,-22.26211623,598.09
133.27317255,-22.26211590,598.18
133.27316702,-22.26211584,598.95
133.27307834,-22.26211490,598.13
133.27299259,-22.26211398,600.86
133.27297658,-22.26211381,598.16
133.27294252,-22.26211345,598.11
133.27287345,-22.26211272,598.12
133.27281378,-22.26211208,601.65
133.27277149,-22.26211163,599.62
133.27274820,-22.26211139,598.22
133.27266409,-22.26211049,598.18
133.27265381,-22.26211038,601.51
133.27265002,-22.26211034,599.41
133.27262345,-22.26211006,598.22
133.27261898,-22.26211001,600.81
133.27260598,-22.26210987,598.21
133.27259744,-22.26210978,598.19
133.27258173,-22.26210961,603.05
133.27257979,-22.26210960,598.23
133.27257348,-22.26210953,602.45
133.27257319,-22.26210952,598.23
133.27254088,-22.26210918,603.88
133.27248462,-22.26210858,598.28
133.27247462,-22.26210848,598.30
133.27242330,-22.26210793,604.40
133.27241894,-22.26210789,598.41
133.27240545,-22.26210774,604.54
133.27236820,-22.26210735,600.09
133.27236606,-22.26210732,598.26
133.27232862,-22.26210692,599.45
133.27230688,-22.26210669,598.30
133.27228933,-22.26210650,603.62
133.27228603,-22.26210647,602.77
133.27227953,-22.26210640,603.11
133.27227371,-22.26210634,600.41
133.27226711,-22.26210627,603.20
133.27226265,-22.26210622,600.31
133.27225702,-22.26210616,602.50
133.27225692,-22.26210616,602.69
133.27224373,-22.26210602,600.42
133.27220910,-22.26210565,598.34
133.27216670,-22.26210520,600.28
133.27216456,-22.26210518,598.43
133.27216127,-22.26210514,598.37
133.27214448,-22.26210496,598.36
133.27212712,-22.26210478,601.35
133.27211189,-22.26210462,598.36
133.27210170,-22.26210451,598.37
133.27209472,-22.26210444,600.93
133.27198625,-22.26210328,598.38
133.27196297,-22.26210303,598.38
133.27192436,-22.26210262,598.40
133.27189719,-22.26210233,598.45
133.27188264,-22.26210218,598.41
133.27184510,-22.26210178,602.34
133.27181929,-22.26210150,598.42
133.27178893,-22.26210118,601.88
133.27178310,-22.26210112,601.61
133.27177622,-22.26210105,598.45
133.27175905,-22.26210086,602.46
133.27175594,-22.26210083,601.98
133.27174963,-22.26210076,598.43
133.27174653,-22.26210073,601.49
133.27172334,-22.26210048,602.20
133.27170287,-22.26210027,598.41
133.27167755,-22.26210000,598.40
133.27165301,-22.26209973,600.70
133.27165107,-22.26209972,601.18
133.27164893,-22.26209969,598.47
133.27163399,-22.26209953,599.64
133.27162158,-22.26209940,599.46
133.27162022,-22.26209939,601.44
133.27159916,-22.26209916,599.43
133.27153465,-22.26209848,599.32
133.27152359,-22.26209836,598.44
133.27150001,-22.26209811,598.54
133.27149875,-22.26209810,599.73
133.27133955,-22.26209640,598.50
133.27132354,-22.26209623,598.41
133.27128794,-22.26209585,601.22
133.27128649,-22.26209583,598.41
133.27128590,-22.26209583,598.50
133.27123080,-22.26209524,598.43
133.27118588,-22.26209476,598.45
133.27113272,-22.26209420,602.68
133.27111205,-22.26209398,598.51
133.27110972,-22.26209395,598.52
133.27110167,-22.26209387,598.51
133.27108993,-22.26209374,598.53
133.27103279,-22.26209314,598.61
133.27102920,-22.26209310,598.53
133.27102202,-22.26209302,598.49
133.27096353,-22.26209240,599.50
133.27089590,-22.26209168,599.98
133.27088989,-22.26209161,598.50
133.27087689,-22.26209148,600.27
133.27087485,-22.26209145,601.85
133.27087417,-22.26209145,598.54
133.27082838,-22.26209096,602.77
133.27082149,-22.26209089,598.56
133.27080529,-22.26209071,601.61
133.27079481,-22.26209060,604.54
133.27079326,-22.26209058,604.68
133.27076135,-22.26209025,602.93
133.27075388,-22.26209016,600.20
133.27075165,-22.26209014,600.63
133.27074388,-22.26209006,601.63
133.27071468,-22.26208975,598.58
133.27071012,-22.26208970,601.91
133.27067762,-22.26208936,598.57
133.27062688,-22.26208882,602.96
133.27057343,-22.26208825,598.51
133.27056081,-22.26208811,600.90
133.27044634,-22.26208689,600.38
133.27044605,-22.26208689,598.57
133.27043266,-22.26208674,598.57
133.27040569,-22.26208646,602.04
133.27037174,-22.26208610,598.47
133.27036844,-22.26208606,598.57
133.27031964,-22.26208554,598.57
133.27029257,-22.26208525,601.25
133.27029199,-22.26208525,598.50
133.27028927,-22.26208522,601.36
133.27027685,-22.26208509,602.57
133.27026967,-22.26208501,598.50
133.27022272,-22.26208451,600.23
133.27019924,-22.26208426,603.55
133.27017402,-22.26208399,600.81
133.27015685,-22.26208381,598.57
133.27010300,-22.26208323,598.56
133.27010146,-22.26208322,602.35
133.27009234,-22.26208312,598.55
133.27007565,-22.26208294,598.54
133.27007555,-22.26208294,603.72
133.27006012,-22.26208278,601.33
133.27002539,-22.26208241,598.63
133.27001850,-22.26208234,598.60
133.27001365,-22.26208229,599.53
133.26999823,-22.26208212,598.60
133.26997194,-22.26208184,598.60
133.26996602,-22.26208177,598.58
133.26993779,-22.26208148,598.66
133.26991800,-22.26208126,598.62
133.26987289,-22.26208078,598.55
133.26982942,-22.26208032,600.73
133.26980362,-22.26208005,604.76
133.26978092,-22.26207980,602.55
133.26976763,-22.26207966,598.61
133.26973484,-22.26207931,598.56
133.26971194,-22.26207907,602.42
133.26971068,-22.26207906,598.59
133.26970835,-22.26207903,598.62
133.26970108,-22.26207895,598.57
133.26968681,-22.26207880,598.54
133.26966557,-22.26207857,598.60
133.26966217,-22.26207854,598.55
133.26965703,-22.26207849,598.56
133.26961173,-22.26207800,601.96
133.26958951,-22.26207777,602.31
133.26954255,-22.26207727,598.57
133.26953411,-22.26207717,598.55
133.26953188,-22.26207715,602.51
133.26952577,-22.26207709,603.48
133.26952538,-22.26207708,598.64
133.26951219,-22.26207694,598.58
133.26947357,-22.26207653,598.60
133.26945427,-22.26207632,598.61
133.26943516,-22.26207612,598.54
133.26942487,-22.26207601,599.88
133.26940761,-22.26207583,598.64
133.26939664,-22.26207571,601.45
133.26936511,-22.26207537,598.83
133.26935337,-22.26207525,601.14
133.26935318,-22.26207525,598.68
133.26933028,-22.26207501,603.26
133.26932825,-22.26207498,603.51
133.26932796,-22.26207498,602.96
133.26932660,-22.26207496,598.68
133.26931806,-22.26207488,598.64
133.26931127,-22.26207480,602.79
133.26928896,-22.26207456,598.64
133.26927072,-22.26207437,598.56
133.26925830,-22.26207424,598.63
133.26924675,-22.26207412,598.66
133.26923366,-22.26207397,598.57
133.26922735,-22.26207391,598.65
133.26922667,-22.26207390,598.58
133.26919931,-22.26207361,598.64
133.26914353,-22.26207301,598.67
133.26914043,-22.26207298,598.65
133.26913917,-22.26207297,602.41
133.26909726,-22.26207252,598.67
133.26908998,-22.26207244,600.17
133.26907183,-22.26207225,603.11
133.26906321,-22.26207216,598.67
133.26905728,-22.26207210,601.95
133.26905447,-22.26207207,601.84
133.26902507,-22.26207175,598.67
133.26900752,-22.26207156,598.60
133.26898413,-22.26207131,598.68
133.26893631,-22.26207081,602.92
133.26892185,-22.26207065,598.65
133.26891691,-22.26207060,598.69
133.26889905,-22.26207041,600.66
133.26888887,-22.26207030,600.84
133.26883376,-22.26206971,598.73
133.26880320,-22.26206939,598.75
133.26866049,-22.26206786,598.73
133.26860617,-22.26206729,598.77
133.26859598,-22.26206718,598.77
133.26858550,-22.26206707,598.79
133.26857027,-22.26206690,598.77
133.26856270,-22.26206683,598.69
133.26855494,-22.26206674,602.30
133.26855261,-22.26206672,602.23
133.26852574,-22.26206643,598.66
133.26850799,-22.26206624,603.02
133.26850460,-22.26206620,598.77
133.26849673,-22.26206612,601.26
133.26849188,-22.26206607,601.87
133.26848073,-22.26206595,602.86
133.26847287,-22.26206587,599.58
133.26846482,-22.26206578,603.31
133.26845861,-22.26206571,604.03
133.26845841,-22.26206571,599.82
133.26845754,-22.26206570,600.57
133.26845541,-22.26206568,598.68
133.26844493,-22.26206557,604.37
133.26842630,-22.26206537,598.83
133.26840312,-22.26206512,598.73
133.26834927,-22.26206455,601.42
133.26831250,-22.26206416,601.22
133.26829640,-22.26206399,601.61
133.26829427,-22.26206396,599.72
133.26829368,-22.26206396,602.20
133.26828670,-22.26206388,598.69
133.26826778,-22.26206368,601.94
133.26825876,-22.26206358,603.22
133.26820355,-22.26206300,602.20
133.26819123,-22.26206287,602.56
133.26808248,-22.26206170,598.65
133.26807065,-22.26206158,598.71
133.26802195,-22.26206106,602.70
133.26794375,-22.26206022,598.74
133.26794249,-22.26206021,600.67
133.26794007,-22.26206019,598.81
133.26788700,-22.26205962,598.71
133.26788525,-22.26205960,599.76
133.26783675,-22.26205908,598.73
133.26774313,-22.26205809,598.73
133.26772130,-22.26205785,598.71
133.26771392,-22.26205777,600.91
133.26770384,-22.26205767,603.13
133.26769472,-22.26205757,598.69
133.26769452,-22.26205757,602.97
133.26769113,-22.26205753,598.77
133.26769054,-22.26205752,601.57
133.26768540,-22.26205747,601.20
133.26767793,-22.26205739,598.72
133.26766871,-22.26205729,598.75
133.26766125,-22.26205721,601.71
133.26765601,-22.26205716,602.85
133.26760876,-22.26205665,598.75
133.26755531,-22.26205608,603.54
133.26754997,-22.26205603,603.01
133.26746858,-22.26205516,598.71
133.26745975,-22.26205506,598.71
133.26744723,-22.26205493,598.74
133.26744510,-22.26205491,598.78
133.26741240,-22.26205456,600.89
133.26738805,-22.26205430,600.79
133.26734993,-22.26205389,598.70
133.26731296,-22.26205350,603.60
133.26728502,-22.26205320,598.71
133.26728270,-22.26205318,598.68
133.26728153,-22.26205316,603.61
133.26726892,-22.26205303,598.67
133.26725155,-22.26205284,598.67
133.26723302,-22.26205264,598.69
133.26718083,-22.26205209,598.66
133.26716919,-22.26205196,598.71
133.26716608,-22.26205193,598.67
133.26714290,-22.26205168,598.66
133.26714028,-22.26205166,598.66
133.26711185,-22.26205135,598.66
133.26709109,-22.26205113,600.58
133.26706762,-22.26205088,598.71
133.26705898,-22.26205079,599.93
133.26705006,-22.26205069,599.83
133.26704860,-22.26205068,600.57
133.26701921,-22.26205036,598.74
133.26701242,-22.26205029,598.75
133.26698156,-22.26204996,598.79
133.26697671,-22.26204991,602.10
133.26692956,-22.26204941,598.66
133.26691579,-22.26204926,598.65
133.26689309,-22.26204902,601.42
133.26687291,-22.26204880,599.87
133.26687029,-22.26204878,598.78
133.26677774,-22.26204779,603.51
133.26669227,-22.26204688,598.68
133.26664464,-22.26204637,598.75
133.26663629,-22.26204628,599.90
133.26662960,-22.26204621,598.67
133.26662116,-22.26204612,598.65
133.26660573,-22.26204595,602.44
133.26658090,-22.26204569,598.71
133.26656664,-22.26204554,598.66
133.26655645,-22.26204543,598.75
133.26655160,-22.26204537,598.86
133.26654471,-22.26204530,598.69
133.26651017,-22.26204493,598.70
133.26648883,-22.26204470,598.75
133.26646428,-22.26204444,598.64
133.26640617,-22.26204382,603.27
133.26639958,-22.26204375,603.35
133.26639715,-22.26204372,603.25
133.26639569,-22.26204371,598.63
133.26638784,-22.26204363,600.76
133.26637435,-22.26204348,598.66
133.26635223,-22.26204325,598.67
133.26631081,-22.26204280,598.60
133.26621244,-22.26204175,598.71
133.26619148,-22.26204153,598.60
133.26619071,-22.26204152,598.65
133.26617897,-22.26204140,598.63
133.26617819,-22.26204139,601.89
133.26616994,-22.26204130,601.56
133.26614268,-22.26204101,598.66
133.26613802,-22.26204096,602.34
133.26612697,-22.26204084,598.60
133.26612017,-22.26204077,598.64
133.26611047,-22.26204067,601.88
133.26610436,-22.26204060,598.61
133.26609563,-22.26204051,598.60
133.26602490,-22.26203975,598.65
133.26599716,-22.26203946,603.03
133.26598367,-22.26203931,602.80
133.26593856,-22.26203883,599.98
133.26592576,-22.26203870,600.45
133.26592323,-22.26203867,602.57
133.26591179,-22.26203855,598.64
133.26588492,-22.26203826,600.88
133.26587279,-22.26203813,601.94
133.26584203,-22.26203780,598.58
133.26576384,-22.26203697,601.84
133.26574997,-22.26203682,602.54
133.26574832,-22.26203680,600.66
133.26572513,-22.26203655,602.75
133.26572241,-22.26203652,602.79
133.26568924,-22.26203617,598.56
133.26562889,-22.26203553,598.64
133.26562356,-22.26203547,600.26
133.26559280,-22.26203514,598.70
133.26557039,-22.26203490,598.55
133.26555235,-22.26203471,598.53
133.26553333,-22.26203450,601.65
133.26553052,-22.26203447,602.73
133.26551956,-22.26203436,598.58
133.26551830,-22.26203434,599.44
133.26550879,-22.26203424,603.26
133.26548269,-22.26203396,598.58
133.26547765,-22.26203391,598.59
133.26546455,-22.26203377,603.75
133.26545640,-22.26203368,602.36
133.26545291,-22.26203364,598.57
133.26543079,-22.26203341,598.56
133.26542710,-22.26203337,599.85
133.26542089,-22.26203330,598.56
133.26540692,-22.26203316,600.84
133.26540401,-22.26203312,600.90
133.26539441,-22.26203302,600.87
133.26536579,-22.26203272,598.55
133.26535328,-22.26203258,598.45
133.26535133,-22.26203256,598.44
133.26530574,-22.26203207,598.49
133.26527469,-22.26203174,598.55
133.26525985,-22.26203158,600.44
133.26523860,-22.26203136,598.49
133.26521193,-22.26203107,598.50
133.26520242,-22.26203097,598.45
133.26512219,-22.26203011,598.47
133.26510948,-22.26202998,600.36
133.26508823,-22.26202975,604.07
133.26505253,-22.26202937,598.42
133.26501760,-22.26202899,600.81
133.26501120,-22.26202893,603.61
133.26498045,-22.26202860,598.33
133.26496862,-22.26202847,602.26
133.26494853,-22.26202826,604.13
133.26494281,-22.26202820,601.02
133.26492156,-22.26202797,601.24
133.26491467,-22.26202790,602.46
133.26484483,-22.26202715,602.97
133.26484123,-22.26202711,598.30
133.26482445,-22.26202693,598.38
133.26480708,-22.26202675,600.00
133.26480000,-22.26202667,601.81
133.26477352,-22.26202639,598.35
133.26477158,-22.26202637,602.80
133.26475625,-22.26202620,598.33
133.26473161,-22.26202594,598.33
133.26473035,-22.26202593,600.63
133.26470930,-22.26202570,601.14
133.26470154,-22.26202562,601.01
133.26470056,-22.26202561,602.88
133.26467330,-22.26202532,598.31
133.26464992,-22.26202507,598.27
133.26463139,-22.26202487,598.24
133.26456775,-22.26202419,602.62
133.26456610,-22.26202417,600.80
133.26456193,-22.26202413,599.92
133.26455873,-22.26202410,598.24
133.26455524,-22.26202406,598.21
133.26455000,-22.26202400,602.19
133.26453244,-22.26202381,598.23
133.26450013,-22.26202347,600.76
133.26447520,-22.26202320,598.28
133.26445007,-22.26202293,598.20
133.26443901,-22.26202281,603.59
133.26443184,-22.26202274,603.12
133.26442863,-22.26202270,601.13
133.26442679,-22.26202268,598.29
133.26442126,-22.26202262,598.23
133.26441233,-22.26202253,598.30
133.26439361,-22.26202233,598.32
133.26433773,-22.26202173,598.23
133.26431852,-22.26202153,598.16
133.26428922,-22.26202122,598.35
133.26427477,-22.26202106,603.18
133.26425304,-22.26202083,602.42
133.26423140,-22.26202060,603.16
133.26422985,-22.26202058,602.03
133.26421908,-22.26202046,598.17
133.26420986,-22.26202037,598.15
133.26420550,-22.26202032,603.50
133.26420530,-22.26202032,603.66
133.26416543,-22.26201989,599.19
133.26415961,-22.26201983,598.19
133.26415593,-22.26201979,598.14
133.26413885,-22.26201961,598.13
133.26413022,-22.26201951,598.14
133.26403097,-22.26201846,600.68
133.26402981,-22.26201844,598.17
133.26402137,-22.26201835,599.79
133.26399905,-22.26201811,600.10
133.26399333,-22.26201805,600.88
133.26395947,-22.26201769,603.17
133.26395909,-22.26201768,599.07
133.26395792,-22.26201767,600.44
133.26395074,-22.26201760,598.12
133.26393609,-22.26201744,602.92
133.26392746,-22.26201735,602.52
133.26382540,-22.26201626,598.07
133.26381958,-22.26201619,598.07
133.26380939,-22.26201609,601.01
133.26378358,-22.26201581,598.07
133.26376088,-22.26201557,598.08
133.26374003,-22.26201535,598.12
133.26372276,-22.26201516,598.03
133.26370432,-22.26201497,599.10
133.26369647,-22.26201488,598.81
133.26367542,-22.26201466,598.61
133.26367221,-22.26201462,598.07
133.26366862,-22.26201458,598.09
133.26365533,-22.26201444,598.03
133.26360683,-22.26201392,602.66
133.26360469,-22.26201390,598.01
133.26358490,-22.26201369,599.90
133.26358412,-22.26201368,598.03
133.26358063,-22.26201364,600.04
133.26356501,-22.26201348,598.00
133.26351738,-22.26201296,597.98
133.26350254,-22.26201280,598.06
133.26349604,-22.26201274,598.07
133.26347042,-22.26201246,603.20
133.26345946,-22.26201235,604.58
133.26344268,-22.26201217,603.00
133.26343744,-22.26201211,598.03
133.26335760,-22.26201125,598.04
133.26332112,-22.26201087,597.94
133.26328765,-22.26201051,600.47
133.26327863,-22.26201041,601.24
133.26326388,-22.26201026,598.06
133.26325670,-22.26201018,597.97
133.26319520,-22.26200952,598.04
133.26316463,-22.26200919,598.03
133.26311564,-22.26200867,601.77
133.26310973,-22.26200861,600.51
133.26310788,-22.26200859,598.04
133.26309353,-22.26200843,600.33
133.26309052,-22.26200840,600.97
133.26308528,-22.26200835,597.92
133.26308285,-22.26200832,598.00
133.26297420,-22.26200716,599.35
133.26296391,-22.26200705,598.83
133.26295615,-22.26200696,598.00
133.26294703,-22.26200687,597.94
133.26294499,-22.26200684,601.45
133.26294218,-22.26200681,597.93
133.26290396,-22.26200640,599.20
133.26289106,-22.26200627,597.91
133.26282450,-22.26200556,597.96
133.26281073,-22.26200541,597.94
133.26277609,-22.26200504,601.29
133.26275446,-22.26200481,597.95
133.26274224,-22.26200468,597.85
133.26273418,-22.26200459,597.85
133.26272089,-22.26200445,597.94
133.26271914,-22.26200443,597.94
133.26270993,-22.26200433,601.30
133.26270838,-22.26200431,600.10
133.26269528,-22.26200417,598.00
133.26268849,-22.26200410,599.12
133.26268645,-22.26200408,597.97
133.26266453,-22.26200385,597.84
133.26265832,-22.26200378,599.44
133.26264503,-22.26200364,602.05
133.26264474,-22.26200363,603.14
133.26264357,-22.26200362,601.02
133.26262232,-22.26200339,597.93
133.26261728,-22.26200334,601.78
133.26251454,-22.26200224,597.82
133.26250804,-22.26200217,602.79
133.26249863,-22.26200207,600.15
133.26249320,-22.26200201,601.59
133.26249000,-22.26200198,600.82
133.26248719,-22.26200195,604.45
133.26247981,-22.26200187,604.44
133.26247351,-22.26200180,600.48
133.26245313,-22.26200158,597.91
133.26243703,-22.26200141,597.89
133.26241762,-22.26200120,600.68
133.26241510,-22.26200118,597.89
133.26237707,-22.26200077,600.81
133.26229549,-22.26199990,602.83
133.26228394,-22.26199977,599.61
133.26227220,-22.26199965,597.82
133.26224649,-22.26199937,597.87
133.26219440,-22.26199882,597.79
133.26218314,-22.26199870,597.87
133.26216345,-22.26199848,601.93
133.26215268,-22.26199837,602.55
133.26212620,-22.26199809,597.85
133.26201822,-22.26199693,597.84
133.26201240,-22.26199687,599.02
133.26197146,-22.26199643,597.77
133.26191403,-22.26199582,597.76
133.26187144,-22.26199536,602.45
133.26187076,-22.26199535,601.50
133.26182535,-22.26199487,601.41
133.26182332,-22.26199485,597.82
133.26181973,-22.26199481,602.59
133.26181400,-22.26199474,601.12
133.26179043,-22.26199449,597.76
133.26178044,-22.26199439,597.81
133.26166790,-22.26199318,597.74
133.26166082,-22.26199311,597.72
133.26164064,-22.26199289,598.45
133.26162424,-22.26199271,600.56
133.26159785,-22.26199243,597.70
133.26157525,-22.26199219,597.69
133.26156012,-22.26199203,597.76
133.26155653,-22.26199199,597.73
133.26154188,-22.26199183,597.69
133.26152742,-22.26199168,597.68
133.26150744,-22.26199147,597.67
133.26150298,-22.26199142,597.68
133.26148125,-22.26199118,597.66
133.26142614,-22.26199059,597.64
133.26142226,-22.26199055,597.71
133.26140868,-22.26199041,597.61
133.26139005,-22.26199021,597.63
133.26137463,-22.26199004,597.61
133.26134572,-22.26198973,597.60
133.26134232,-22.26198970,597.68
133.26133941,-22.26198967,597.61
133.26132447,-22.26198951,597.65
133.26125462,-22.26198876,597.56
133.26121349,-22.26198832,597.56
133.26114092,-22.26198754,597.58
133.26111560,-22.26198727,597.57
133.26110357,-22.26198714,597.57
133.26108378,-22.26198693,600.55
133.26105962,-22.26198667,597.57
133.26104264,-22.26198649,597.53
133.26099540,-22.26198598,601.28
133.26099327,-22.26198596,597.55
133.26097503,-22.26198577,599.71
133.26082039,-22.26198411,597.52
133.26080438,-22.26198394,597.57
133.26076305,-22.26198350,597.66
133.26070193,-22.26198284,597.81
133.26068282,-22.26198264,599.24
133.26067894,-22.26198260,597.53
133.26066177,-22.26198241,601.59
133.26064838,-22.26198227,597.50
133.26063800,-22.26198216,602.85
133.26062733,-22.26198204,602.11
133.26062015,-22.26198197,597.57
133.26060812,-22.26198184,598.51
133.26060288,-22.26198178,597.50
133.26057824,-22.26198152,597.54
133.26055525,-22.26198127,597.59
133.26054982,-22.26198121,597.58
133.26053400,-22.26198104,597.60
133.26051043,-22.26198079,597.63
133.26050762,-22.26198076,597.59
133.26049365,-22.26198061,597.50
133.26047763,-22.26198044,600.90
133.26046095,-22.26198026,599.04
133.26045988,-22.26198025,597.52
133.26045542,-22.26198020,599.13
133.26045183,-22.26198016,597.44
133.26044300,-22.26198007,597.44
133.26043912,-22.26198003,597.44
133.26041855,-22.26197981,597.44
133.26039256,-22.26197953,597.43
133.26034551,-22.26197902,597.49
133.26032882,-22.26197884,599.07
133.26028953,-22.26197842,601.84
133.26022996,-22.26197779,597.46
133.26022841,-22.26197777,597.48
133.26021308,-22.26197761,600.14
133.26019717,-22.26197744,600.93
133.26014536,-22.26197688,599.72
133.26014449,-22.26197687,602.11
133.26014245,-22.26197685,599.32
133.26011587,-22.26197657,602.97
133.26010540,-22.26197645,604.39
133.26010122,-22.26197641,597.37
133.26009909,-22.26197639,604.57
133.26009220,-22.26197631,601.98
133.26009152,-22.26197630,604.30
133.26007668,-22.26197614,597.38
133.26004185,-22.26197577,602.49
133.26004117,-22.26197576,600.57
133.26002371,-22.26197558,598.81
133.26001944,-22.26197553,597.43
133.25996337,-22.26197493,598.35
133.25994852,-22.26197477,597.45
133.25987518,-22.26197399,597.43
133.25982774,-22.26197348,597.41
133.25981823,-22.26197338,597.42
133.25981571,-22.26197335,597.43
133.25980116,-22.26197319,597.42
133.25976623,-22.26197282,601.16
133.25976468,-22.26197280,598.47
133.25976323,-22.26197279,598.66
133.25973888,-22.26197253,597.40
133.25973781,-22.26197252,600.88
133.25970201,-22.26197213,597.34
133.25969056,-22.26197201,598.59
133.25968280,-22.26197193,597.44
133.25967727,-22.26197187,598.86
133.25966573,-22.26197174,598.43
133.25965573,-22.26197164,600.55
133.25965040,-22.26197158,602.27
133.25964361,-22.26197151,597.54
133.25962673,-22.26197132,598.77
133.25961363,-22.26197119,597.39
133.25946598,-22.26196960,597.40
133.25942397,-22.26196915,599.18
133.25938914,-22.26196878,597.40
133.25938817,-22.26196877,597.32
133.25934442,-22.26196830,597.32
133.25927689,-22.26196758,601.55
133.25925031,-22.26196729,597.38
133.25924401,-22.26196723,597.38
133.25920821,-22.26196684,602.35
133.25920540,-22.26196681,598.36
133.25919695,-22.26196672,599.23
133.25918066,-22.26196654,599.16
133.25917978,-22.26196654,597.33
133.25912361,-22.26196593,598.70
133.25912022,-22.26196590,599.36
133.25911149,-22.26196580,597.32
133.25910625,-22.26196575,600.28
133.25909994,-22.26196568,601.58
133.25909684,-22.26196565,601.44
133.25909412,-22.26196562,602.85
133.25906036,-22.26196526,598.87
133.25905425,-22.26196519,603.00
133.25905221,-22.26196517,601.48
133.25903300,-22.26196496,598.96
133.25902805,-22.26196491,601.55
133.25900448,-22.26196466,597.47
133.25897809,-22.26196438,600.64
133.25896043,-22.26196419,597.33
133.25894676,-22.26196404,597.36
133.25894152,-22.26196398,599.83
133.25883538,-22.26196284,597.37
133.25882132,-22.26196269,597.30
133.25877572,-22.26196220,601.55
133.25869248,-22.26196131,597.27
133.25868055,-22.26196118,597.32
133.25867647,-22.26196114,597.24
133.25854657,-22.26195975,597.27
133.25854463,-22.26195973,597.27
133.25854434,-22.26195972,597.19
133.25854172,-22.26195970,597.29
133.25853988,-22.26195968,602.36
133.25852931,-22.26195956,597.25
133.25851107,-22.26195937,597.31
133.25844878,-22.26195870,597.19
133.25841687,-22.26195836,601.97
133.25839407,-22.26195811,597.23
133.25836206,-22.26195777,597.16
133.25831064,-22.26195722,599.29
133.25825418,-22.26195661,599.97
133.25817763,-22.26195579,597.12
133.25816473,-22.26195565,597.09
133.25810865,-22.26195505,597.09
133.25809303,-22.26195488,597.17
133.25807382,-22.26195468,598.19
133.25806781,-22.26195462,597.22
133.25806374,-22.26195457,597.89
133.25805200,-22.26195444,598.12
133.25804947,-22.26195442,601.04
133.25804162,-22.26195433,597.09
133.25801581,-22.26195406,598.27
133.25799069,-22.26195379,597.05
133.25797312,-22.26195360,597.08
133.25791550,-22.26195298,598.35
133.25791356,-22.26195296,599.32
133.25788222,-22.26195262,597.13
133.25783129,-22.26195208,597.07
133.25781722,-22.26195193,597.03
133.25780228,-22.26195177,599.96
133.25777900,-22.26195152,597.08
133.25776784,-22.26195140,597.06
133.25774863,-22.26195119,597.01
133.25767199,-22.26195037,597.04
133.25766889,-22.26195034,597.05
133.25764774,-22.26195011,597.00
133.25764667,-22.26195010,599.04
133.25762679,-22.26194988,597.04
133.25762310,-22.26194984,597.06
133.25762067,-22.26194982,597.07
133.25761388,-22.26194975,600.92
133.25760117,-22.26194961,597.04
133.25759855,-22.26194958,597.00
133.25758381,-22.26194942,597.02
133.25756761,-22.26194925,599.26
133.25753598,-22.26194891,599.29
133.25753239,-22.26194887,599.79
133.25753006,-22.26194885,596.96
133.25752783,-22.26194882,599.26
133.25752638,-22.26194881,601.03
133.25748738,-22.26194839,596.96
133.25748602,-22.26194838,597.04
133.25744673,-22.26194795,596.95
133.25744547,-22.26194794,597.00
133.25742247,-22.26194769,596.93
133.25742005,-22.26194767,596.98
133.25737600,-22.26194719,597.00
133.25734923,-22.26194691,596.92
133.25733361,-22.26194674,596.93
133.25731595,-22.26194655,596.99
133.25730014,-22.26194638,597.79
133.25729325,-22.26194631,597.01
133.25728724,-22.26194624,598.17
133.25726628,-22.26194602,598.45
133.25725309,-22.26194588,601.34
133.25724378,-22.26194578,596.93
133.25718954,-22.26194519,597.51
133.25713153,-22.26194457,598.97
133.25710582,-22.26194430,596.94
133.25709738,-22.26194420,596.96
133.25702404,-22.26194342,597.01
133.25701521,-22.26194332,600.52
133.25701405,-22.26194331,598.46
133.25700037,-22.26194316,599.82
133.25698640,-22.26194302,596.95
133.25698048,-22.26194295,596.95
133.25694691,-22.26194259,601.03
133.25693935,-22.26194251,596.97
133.25692411,-22.26194234,597.01
133.25690675,-22.26194216,598.08
133.25690549,-22.26194215,600.21
133.25690423,-22.26194213,599.07
133.25687212,-22.26194179,599.20
133.25686435,-22.26194170,600.45
133.25685815,-22.26194164,600.88
133.25685727,-22.26194163,596.99
133.25684932,-22.26194154,596.99
133.25684311,-22.26194148,599.62
133.25683380,-22.26194138,597.02
133.25683127,-22.26194135,601.34
133.25683098,-22.26194135,598.06
133.25682991,-22.26194133,600.63
133.25682972,-22.26194133,599.34
133.25679606,-22.26194097,596.95
133.25676686,-22.26194066,600.54
133.25676501,-22.26194064,601.94
133.25676317,-22.26194062,596.98
133.25675618,-22.26194055,602.23
133.25675531,-22.26194053,597.00
133.25673310,-22.26194030,596.90
133.25670467,-22.26193999,596.80
133.25668692,-22.26193980,596.88
133.25668682,-22.26193980,596.95
133.25667469,-22.26193967,597.89
133.25660329,-22.26193890,596.85
133.25658738,-22.26193873,597.03
133.25657477,-22.26193860,597.38
133.25656759,-22.26193852,600.55
133.25649531,-22.26193774,600.89
133.25648765,-22.26193766,597.37
133.25645767,-22.26193734,601.69
133.25644099,-22.26193716,596.99
133.25642304,-22.26193697,600.06
133.25641469,-22.26193688,596.99
133.25641217,-22.26193685,599.55
133.25639258,-22.26193664,596.96
133.25636425,-22.26193634,596.93
133.25634989,-22.26193618,601.83
133.25632990,-22.26193597,602.46
133.25632117,-22.26193587,599.25
133.25628955,-22.26193553,600.37
133.25626743,-22.26193530,597.06
133.25625569,-22.26193517,596.94
133.25624589,-22.26193507,596.96
133.25621611,-22.26193474,596.88
133.25619476,-22.26193452,596.96
133.25614878,-22.26193402,596.93
133.25613636,-22.26193389,596.88
133.25612152,-22.26193373,596.89
133.25609028,-22.26193340,596.88
133.25608359,-22.26193332,601.00
133.25608262,-22.26193331,600.02
133.25607660,-22.26193325,600.18
133.25607534,-22.26193324,596.95
133.25604507,-22.26193291,596.85
133.25601936,-22.26193263,596.89
133.25598948,-22.26193231,600.56
133.25595514,-22.26193194,601.01
133.25595087,-22.26193190,596.84
133.25594360,-22.26193182,600.59
133.25592623,-22.26193163,596.85
133.25592507,-22.26193162,596.92
133.25591440,-22.26193151,599.48
133.25590615,-22.26193142,599.91
133.25590266,-22.26193138,598.91
133.25589713,-22.26193132,596.88
133.25587869,-22.26193112,600.28
133.25586773,-22.26193100,596.81
133.25585716,-22.26193089,599.39
133.25584872,-22.26193080,596.82
133.25583960,-22.26193070,599.51
133.25580846,-22.26193037,600.38
133.25580671,-22.26193035,596.82
133.25580497,-22.26193033,600.21
133.25578915,-22.26193016,600.49
133.25578469,-22.26193011,596.86
133.25578071,-22.26193007,596.85
133.25578013,-22.26193007,596.84
133.25575006,-22.26192974,596.85
133.25568166,-22.26192901,596.88
133.25566129,-22.26192879,596.99
133.25562927,-22.26192845,599.18
133.25556078,-22.26192771,596.80
133.25551179,-22.26192718,596.79
133.25548239,-22.26192687,600.49
133.25545979,-22.26192662,596.85
133.25544087,-22.26192642,596.90
133.25541875,-22.26192618,596.87
133.25540100,-22.26192599,596.75
133.25539198,-22.26192590,596.75
133.25536190,-22.26192557,600.84
133.25535317,-22.26192548,596.85
133.25534619,-22.26192541,599.54
133.25533901,-22.26192533,596.77
133.25532814,-22.26192521,596.85
133.25532581,-22.26192519,600.75
133.25531951,-22.26192512,599.68
133.25530864,-22.26192500,596.83
133.25530573,-22.26192497,596.75
133.25526101,-22.26192449,599.40
133.25522298,-22.26192408,596.78
133.25521939,-22.26192404,599.94
133.25512121,-22.26192299,601.63
133.25512082,-22.26192298,600.19
133.25509259,-22.26192268,602.01
133.25507309,-22.26192247,598.46
133.25506688,-22.26192240,596.81
133.25503671,-22.26192208,596.77
133.25503206,-22.26192203,599.72
133.25503012,-22.26192201,596.70
133.25502982,-22.26192201,599.35
133.25502624,-22.26192197,601.50
133.25501721,-22.26192187,596.76
133.25498646,-22.26192154,596.78
133.25495473,-22.26192120,596.76
133.25491797,-22.26192080,596.70
133.25487722,-22.26192037,596.75
133.25487121,-22.26192030,596.71
133.25486655,-22.26192025,600.25
133.25485161,-22.26192009,596.71
133.25483347,-22.26191990,599.54
133.25482978,-22.26191986,598.21
133.25481969,-22.26191975,601.11
133.25478826,-22.26191941,596.79
133.25476022,-22.26191911,596.78
133.25474296,-22.26191892,600.30
133.25474266,-22.26191892,599.13
133.25472287,-22.26191871,596.76
133.25471909,-22.26191867,596.75
133.25470910,-22.26191856,596.78
133.25470347,-22.26191850,599.60
133.25461917,-22.26191759,596.70
133.25461432,-22.26191754,596.76
133.25460772,-22.26191747,596.69
133.25460578,-22.26191745,596.68
133.25459268,-22.26191731,596.74
133.25456096,-22.26191697,597.60
133.25455106,-22.26191686,596.70
133.25454660,-22.26191682,596.87
133.25450586,-22.26191638,596.69
133.25448859,-22.26191619,601.01
133.25446453,-22.26191593,596.71
133.25444066,-22.26191568,601.09
133.25442213,-22.26191548,600.50
133.25440739,-22.26191532,596.75
133.25440700,-22.26191531,600.84
133.25440651,-22.26191531,600.90
133.25440137,-22.26191525,596.72
133.25439817,-22.26191522,596.76
133.25438284,-22.26191506,596.69
133.25436130,-22.26191482,600.28
133.25435257,-22.26191473,596.85
133.25431920,-22.26191437,596.72
133.25431561,-22.26191433,596.76
133.25423635,-22.26191348,600.40
133.25423004,-22.26191341,596.88
133.25414603,-22.26191251,596.75
133.25412896,-22.26191233,596.72
133.25411508,-22.26191218,597.02
133.25411120,-22.26191214,596.71
133.25410247,-22.26191204,596.70
133.25409578,-22.26191197,601.62
133.25409568,-22.26191197,602.08
133.25408588,-22.26191186,596.73
133.25403272,-22.26191129,596.74
133.25398625,-22.26191079,598.84
133.25397839,-22.26191071,600.42
133.25397199,-22.26191064,601.24
133.25395346,-22.26191044,596.76
133.25393968,-22.26191029,601.39
133.25393173,-22.26191021,600.97
133.25391456,-22.26191002,596.69
133.25383801,-22.26190920,596.74
133.25376098,-22.26190837,596.72
133.25376030,-22.26190836,602.02
133.25374420,-22.26190819,599.45
133.25373654,-22.26190811,597.97
133.25369928,-22.26190771,598.87
133.25369919,-22.26190771,598.80
133.25369647,-22.26190768,598.98
133.25366601,-22.26190735,597.35
133.25366310,-22.26190732,596.64
133.25365233,-22.26190720,596.63
133.25364059,-22.26190708,596.62
133.25362875,-22.26190695,596.64
133.25362342,-22.26190689,596.73
133.25360072,-22.26190665,596.72
133.25358966,-22.26190653,596.72
133.25357860,-22.26190641,596.71
133.25356220,-22.26190624,596.63
133.25355075,-22.26190611,596.67
133.25354988,-22.26190610,598.25
133.25354212,-22.26190602,600.48
133.25354134,-22.26190601,596.70
133.25354018,-22.26190600,600.04
133.25353397,-22.26190593,599.44
133.25352117,-22.26190579,596.72
133.25351224,-22.26190570,599.14
133.25348566,-22.26190541,599.48
133.25347712,-22.26190532,596.64
133.25347208,-22.26190526,596.68
133.25344714,-22.26190500,596.66
133.25342512,-22.26190476,596.67
133.25342289,-22.26190474,599.59
133.25342250,-22.26190473,598.47
133.25342231,-22.26190473,600.22
133.25334334,-22.26190388,596.64
133.25332675,-22.26190370,599.92
133.25332355,-22.26190367,596.68
133.25332316,-22.26190366,599.98
133.25331666,-22.26190359,596.77
133.25331627,-22.26190359,596.88
133.25331045,-22.26190353,599.71
133.25331016,-22.26190352,598.60
133.25329968,-22.26190341,596.61
133.25328542,-22.26190326,596.68
133.25327165,-22.26190311,596.70
133.25327145,-22.26190311,598.70
133.25327000,-22.26190309,596.71
133.25325777,-22.26190296,596.65
133.25323701,-22.26190274,596.66
133.25323129,-22.26190267,596.70
133.25322984,-22.26190266,596.76
133.25319665,-22.26190230,596.63
133.25318521,-22.26190218,596.62
133.25318200,-22.26190214,599.58
133.25316076,-22.26190192,599.14
133.25315708,-22.26190188,602.06
133.25315669,-22.26190187,596.66
133.25315116,-22.26190181,598.73
133.25313690,-22.26190166,596.66
133.25312234,-22.26190150,596.70
133.25311546,-22.26190143,600.93
133.25307384,-22.26190098,596.63
133.25302426,-22.26190045,598.83
133.25301960,-22.26190040,596.68
133.25299817,-22.26190017,599.42
133.25298837,-22.26190006,596.71
133.25297236,-22.26189989,596.67
133.25296751,-22.26189984,599.80
133.25295053,-22.26189966,600.89
133.25294937,-22.26189965,600.71
133.25294044,-22.26189955,596.71
133.25290765,-22.26189919,602.28
133.25290746,-22.26189919,596.66
133.25288136,-22.26189891,596.68
133.25285672,-22.26189865,597.49
133.25283480,-22.26189841,601.87
133.25271712,-22.26189715,597.66
133.25266677,-22.26189661,596.70
133.25264766,-22.26189640,596.76
133.25263368,-22.26189625,598.20
133.25255734,-22.26189543,596.79
133.25254967,-22.26189534,597.33
133.25254919,-22.26189534,601.86
133.25254589,-22.26189530,596.70
133.25253279,-22.26189516,601.10
133.25250194,-22.26189483,600.98
133.25249719,-22.26189478,596.76
133.25249447,-22.26189475,600.88
133.25246789,-22.26189446,601.19
133.25246779,-22.26189446,598.95
133.25243345,-22.26189409,596.71
133.25242947,-22.26189405,601.99
133.25242656,-22.26189402,601.94
133.25242200,-22.26189397,601.06
133.25241958,-22.26189395,601.06
133.25240309,-22.26189377,598.61
133.25239241,-22.26189365,596.75
133.25238387,-22.26189356,596.78
133.25237970,-22.26189352,602.18
133.25237679,-22.26189348,601.07
133.25236855,-22.26189339,601.17
133.25229181,-22.26189257,596.74
133.25226251,-22.26189225,596.74
133.25225980,-22.26189222,601.93
133.25225368,-22.26189216,597.04
133.25225223,-22.26189214,596.86
133.25223283,-22.26189193,596.73
133.25222924,-22.26189190,596.74
133.25221032,-22.26189169,596.77
133.25220615,-22.26189165,601.95
133.25220343,-22.26189162,602.02
133.25208149,-22.26189031,596.80
133.25205490,-22.26189002,596.79
133.25205131,-22.26188998,598.37
133.25203628,-22.26188982,596.83
133.25203482,-22.26188980,600.78
133.25202502,-22.26188970,596.72
133.25200048,-22.26188943,596.74
133.25199233,-22.26188935,596.78
133.25195537,-22.26188895,599.75
133.25195459,-22.26188894,598.99
133.25193373,-22.26188872,599.87
133.25193005,-22.26188868,598.51
133.25190938,-22.26188845,596.75
133.25186252,-22.26188795,599.05
133.25185331,-22.26188785,601.30
133.25184671,-22.26188778,596.80
133.25181809,-22.26188747,596.77
133.25181538,-22.26188744,596.83
133.25173156,-22.26188654,596.85
133.25171157,-22.26188633,598.68
133.25165104,-22.26188568,596.85
133.25164861,-22.26188565,598.40
133.25161902,-22.26188533,596.84
133.25156770,-22.26188478,596.86
133.25156731,-22.26188477,596.79
133.25151134,-22.26188417,596.85
133.25142820,-22.26188328,596.81
133.25142092,-22.26188320,596.79
133.25136756,-22.26188262,596.78
133.25133632,-22.26188229,596.84
133.25131905,-22.26188210,596.88
133.25129180,-22.26188181,596.80
133.25128413,-22.26188172,598.44
133.25127521,-22.26188163,600.88
133.25126385,-22.26188151,599.94
133.25124911,-22.26188135,596.84
133.25123931,-22.26188124,601.85
133.25123155,-22.26188116,601.39
133.25121748,-22.26188101,601.01
133.25121108,-22.26188094,598.26
133.25120710,-22.26188090,596.90
133.25120506,-22.26188087,596.87
133.25120138,-22.26188083,599.79
133.25119721,-22.26188079,598.29
133.25119517,-22.26188077,600.54
133.25119071,-22.26188072,599.75
133.25118363,-22.26188064,596.91
133.25117548,-22.26188055,596.81
133.25117325,-22.26188053,596.82
133.25117043,-22.26188050,596.88
133.25116907,-22.26188049,602.10
133.25115326,-22.26188031,596.86
133.25113687,-22.26188014,596.87
133.25109030,-22.26187964,599.06
133.25107487,-22.26187947,601.22
133.25106323,-22.26187935,600.09
133.25105867,-22.26187930,599.94
133.25102743,-22.26187896,599.07
133.25102462,-22.26187893,596.77
133.25101987,-22.26187888,601.12
133.25100328,-22.26187870,597.96
133.25100153,-22.26187868,597.99
133.25099920,-22.26187866,599.13
133.25099018,-22.26187856,600.21
133.25098300,-22.26187848,598.02
133.25096923,-22.26187833,596.82
133.25094982,-22.26187812,596.82
133.25086203,-22.26187718,596.74
133.25084932,-22.26187704,600.97
133.25083932,-22.26187694,599.43
133.25081594,-22.26187668,596.79
133.25079033,-22.26187641,596.76
133.25077636,-22.26187626,596.84
133.25076783,-22.26187616,596.86
133.25074794,-22.26187595,598.29
133.25072863,-22.26187574,596.92
133.25069361,-22.26187537,601.70
133.25069254,-22.26187535,600.30
133.25066441,-22.26187505,596.78
133.25065975,-22.26187500,596.85
133.25065849,-22.26187499,596.81
133.25065810,-22.26187498,601.93
133.25065723,-22.26187497,597.94
133.25065209,-22.26187492,596.78
133.25064821,-22.26187488,596.83
133.25060989,-22.26187447,596.78
133.25060475,-22.26187441,596.75
133.25060106,-22.26187437,596.82
133.25059136,-22.26187426,596.75
133.25058350,-22.26187418,596.76
133.25057448,-22.26187408,599.49
133.25055488,-22.26187387,596.77
133.25053907,-22.26187370,596.84
133.25053490,-22.26187366,598.07
133.25052859,-22.26187359,596.83
133.25051598,-22.26187345,596.76
133.25048678,-22.26187314,596.90
133.25044060,-22.26187264,596.79
133.25041052,-22.26187232,596.78
133.25040878,-22.26187230,598.82
133.25037502,-22.26187193,596.81
133.25035319,-22.26187170,596.80
133.25032690,-22.26187141,596.83
133.25032535,-22.26187140,596.83
133.25031691,-22.26187131,599.15
133.25026821,-22.26187079,596.79
133.25026374,-22.26187074,596.83
133.25019486,-22.26187000,596.88
133.25015189,-22.26186953,596.80
133.25011551,-22.26186914,596.83
133.25011279,-22.26186911,596.81
133.25008864,-22.26186885,597.83
133.25008757,-22.26186884,596.80
133.25008184,-22.26186878,596.79
133.24999405,-22.26186783,600.76
133.24998803,-22.26186776,600.14
133.24996776,-22.26186755,602.73
133.24995553,-22.26186741,596.84
133.24994234,-22.26186727,596.77
133.24991867,-22.26186702,596.78
133.24990072,-22.26186683,596.84
133.24989800,-22.26186680,602.31
133.24989131,-22.26186672,596.86
133.24989102,-22.26186672,601.65
133.24987821,-22.26186658,602.18
133.24986347,-22.26186642,600.53
133.24983941,-22.26186617,596.77
133.24982359,-22.26186599,596.77
133.24982262,-22.26186598,596.84
133.24981603,-22.26186591,596.79
133.24976131,-22.26186532,596.77
133.24973774,-22.26186507,596.78
133.24969243,-22.26186458,596.91
133.24967963,-22.26186444,599.49
133.24967759,-22.26186442,602.96
133.24959474,-22.26186353,599.63
133.24956913,-22.26186325,596.79
133.24951907,-22.26186271,596.85
133.24949132,-22.26186241,596.85
133.24948424,-22.26186234,601.14
133.24947454,-22.26186223,600.94
133.24947279,-22.26186221,596.86
133.24946658,-22.26186215,601.29
133.24943186,-22.26186177,596.80
133.24943127,-22.26186177,596.87
133.24941817,-22.26186162,596.84
133.24936307,-22.26186103,596.80
133.24935560,-22.26186095,598.50
133.24933911,-22.26186077,599.62
133.24932689,-22.26186064,598.58
133.24931476,-22.26186051,596.88
133.24925393,-22.26185986,596.87
133.24925190,-22.26185983,600.48
133.24922793,-22.26185958,599.36
133.24920116,-22.26185929,597.91
133.24917836,-22.26185904,596.85
133.24916488,-22.26185889,598.59
133.24916119,-22.26185886,596.81
133.24914314,-22.26185866,600.73
133.24913558,-22.26185858,600.94
133.24913102,-22.26185853,599.47
133.24906495,-22.26185782,599.21
133.24903963,-22.26185755,596.81
133.24903953,-22.26185755,599.67
133.24902906,-22.26185743,600.30
133.24902779,-22.26185742,598.95
133.24901402,-22.26185727,599.78
133.24900364,-22.26185716,600.82
133.24899995,-22.26185712,596.85
133.24893476,-22.26185641,596.95
133.24885210,-22.26185552,596.89
133.24882358,-22.26185522,596.83
133.24881960,-22.26185517,599.99
133.24881747,-22.26185515,599.93
133.24881116,-22.26185508,600.39
133.24880466,-22.26185501,596.90
133.24878545,-22.26185480,600.76
133.24878167,-22.26185476,596.82
133.24872152,-22.26185411,599.33
133.24871201,-22.26185401,600.57
133.24869746,-22.26185386,596.93
133.24866778,-22.26185354,596.83
133.24863043,-22.26185313,598.18
133.24860404,-22.26185285,599.28
133.24858745,-22.26185267,600.68
133.24858658,-22.26185266,599.39
133.24857319,-22.26185252,596.96
133.24855010,-22.26185227,596.94
133.24854942,-22.26185226,598.02
133.24852653,-22.26185201,597.93
133.24851964,-22.26185194,601.90
133.24851886,-22.26185193,602.32
133.24850645,-22.26185180,599.30
133.24849926,-22.26185172,600.34
133.24847996,-22.26185151,596.92
133.24843689,-22.26185105,601.85
133.24843242,-22.26185100,596.94
133.24842495,-22.26185092,596.88
133.24841952,-22.26185086,602.56
133.24839624,-22.26185061,598.10
133.24833861,-22.26184999,596.95
133.24830184,-22.26184959,602.27
133.24828904,-22.26184945,598.80
133.24828380,-22.26184939,598.21
133.24826575,-22.26184920,599.79
133.24821686,-22.26184867,596.88
133.24819018,-22.26184839,598.99
133.24817660,-22.26184824,601.99
133.24815128,-22.26184797,602.01
133.24811519,-22.26184758,596.87
133.24806348,-22.26184702,599.42
133.24799509,-22.26184628,599.15
133.24798277,-22.26184615,599.15
133.24798199,-22.26184614,597.88
133.24794580,-22.26184575,596.98
133.24784268,-22.26184464,596.97
133.24774615,-22.26184360,596.99
133.24772491,-22.26184337,597.06
133.24771220,-22.26184323,598.02
133.24770900,-22.26184320,599.43
133.24769997,-22.26184310,597.05
133.24768397,-22.26184292,597.18
133.24767601,-22.26184284,597.01
133.24766883,-22.26184276,597.02
133.24766631,-22.26184273,597.00
133.24765690,-22.26184263,602.53
133.24760907,-22.26184212,597.01
133.24760199,-22.26184204,597.05
133.24759578,-22.26184197,597.06
133.24758433,-22.26184185,597.03
133.24758123,-22.26184182,597.00
133.24756183,-22.26184161,597.01
133.24755125,-22.26184149,597.10
133.24751575,-22.26184111,599.75
133.24746297,-22.26184054,599.60
133.24746132,-22.26184052,597.11
133.24745647,-22.26184047,598.10
133.24743299,-22.26184022,598.99
133.24738245,-22.26183967,600.47
133.24737546,-22.26183960,598.80
133.24733656,-22.26183918,597.03
133.24729194,-22.26183870,597.13
133.24727409,-22.26183850,597.05
133.24727185,-22.26183848,601.38
133.24725517,-22.26183830,597.06
133.24724052,-22.26183814,601.60
133.24722509,-22.26183797,597.11
133.24722296,-22.26183795,598.23
133.24721374,-22.26183785,600.10
133.24718774,-22.26183757,597.08
133.24717824,-22.26183747,597.07
133.24715544,-22.26183722,597.13
133.24712032,-22.26183684,601.03
133.24710751,-22.26183671,600.47
133.24710538,-22.26183668,600.73
133.24707996,-22.26183641,597.07
133.24707472,-22.26183635,597.06
133.24707278,-22.26183633,600.67
133.24706027,-22.26183620,597.16
133.24706008,-22.26183619,597.12
133.24705998,-22.26183619,602.22
133.24705241,-22.26183611,597.26
133.24704543,-22.26183604,597.15
133.24702816,-22.26183585,600.39
133.24701719,-22.26183573,599.79
133.24701225,-22.26183568,599.90
133.24700778,-22.26183563,597.03
133.24699702,-22.26183551,597.07
133.24699566,-22.26183550,599.86
133.24699197,-22.26183546,597.09
133.24696830,-22.26183521,597.11
133.24696432,-22.26183516,597.14
133.24695045,-22.26183501,602.73
133.24693279,-22.26183482,602.31
133.24686450,-22.26183408,597.14
133.24685276,-22.26183396,597.08
133.24683432,-22.26183376,599.42
133.24683374,-22.26183375,598.52
133.24681172,-22.26183351,601.21
133.24676923,-22.26183306,597.16
133.24673023,-22.26183263,597.08
133.24668163,-22.26183211,598.25
133.24668095,-22.26183210,597.11
133.24667289,-22.26183202,597.10
133.24667144,-22.26183200,601.01
133.24666572,-22.26183194,597.20
133.24666213,-22.26183190,597.22
133.24665698,-22.26183184,597.17
133.24663554,-22.26183161,597.08
133.24662788,-22.26183153,597.09
133.24661052,-22.26183134,597.21
133.24656822,-22.26183088,597.18
133.24652912,-22.26183046,600.64
133.24652524,-22.26183042,597.16
133.24651787,-22.26183034,597.24
133.24650264,-22.26183018,597.10
133.24649905,-22.26183014,601.67
133.24648071,-22.26182994,597.20
133.24647072,-22.26182983,597.24
133.24646373,-22.26182976,599.19
133.24642212,-22.26182931,597.20
133.24641552,-22.26182924,599.11
133.24641474,-22.26182923,601.33
133.24641445,-22.26182923,599.52
133.24640747,-22.26182915,600.41
133.24638903,-22.26182895,598.95
133.24637642,-22.26182882,599.81
133.24637235,-22.26182877,597.09
133.24637206,-22.26182877,597.17
133.24636585,-22.26182870,597.20
133.24636139,-22.26182865,597.19
133.24633558,-22.26182837,597.12
133.24632500,-22.26182826,597.10
133.24631540,-22.26182816,600.51
133.24631433,-22.26182815,597.11
133.24624313,-22.26182737,597.18
133.24616629,-22.26182655,597.15
133.24613884,-22.26182625,598.23
133.24613845,-22.26182625,597.10
133.24613282,-22.26182619,597.12
133.24609984,-22.26182583,601.40
133.24609683,-22.26182580,599.39
133.24609382,-22.26182577,599.12
133.24609159,-22.26182574,600.66
133.24606870,-22.26182549,597.13
133.24606520,-22.26182546,598.46
133.24606181,-22.26182542,599.65
133.24605443,-22.26182534,600.39
133.24605153,-22.26182531,597.12
133.24603785,-22.26182516,597.20
133.24602679,-22.26182504,597.22
133.24599070,-22.26182465,597.12
133.24596935,-22.26182442,601.41
133.24596140,-22.26182433,601.18
133.24592376,-22.26182393,597.19
133.24582374,-22.26182285,597.13
133.24578823,-22.26182246,597.12
133.24574943,-22.26182204,597.24
133.24572246,-22.26182175,597.14
133.24568753,-22.26182138,597.19
133.24568191,-22.26182131,603.78
133.24567725,-22.26182127,597.15
133.24566357,-22.26182112,603.93
133.24565697,-22.26182105,597.24
133.24564504,-22.26182092,602.76
133.24564475,-22.26182091,602.30
133.24564281,-22.26182089,597.16
133.24564145,-22.26182088,597.17
133.24563272,-22.26182078,597.15
133.24561274,-22.26182057,601.78
133.24559324,-22.26182036,597.25
133.24559207,-22.26182034,597.15
133.24559052,-22.26182033,597.24
133.24551145,-22.26181947,601.39
133.24548807,-22.26181922,597.26
133.24548584,-22.26181920,597.28
133.24547178,-22.26181904,598.44
133.24547148,-22.26181904,597.28
133.24546663,-22.26181899,597.19
133.24545664,-22.26181888,597.27
133.24543404,-22.26181864,602.42
133.24543171,-22.26181861,602.19
133.24536002,-22.26181784,603.74
133.24526300,-22.26181679,601.16
133.24525903,-22.26181675,597.25
133.24525223,-22.26181668,597.25
133.24517569,-22.26181585,602.64
133.24517016,-22.26181579,598.74
133.24516880,-22.26181577,602.24
133.24516812,-22.26181577,601.05
133.24514271,-22.26181549,597.21
133.24513495,-22.26181541,597.30
133.24511069,-22.26181514,597.23
133.24505539,-22.26181455,597.23
133.24502542,-22.26181422,597.34
133.24499825,-22.26181393,597.32
133.24495120,-22.26181342,597.31
133.24491279,-22.26181301,600.15
133.24488232,-22.26181268,597.25
133.24487059,-22.26181255,597.26
133.24484691,-22.26181229,597.27
133.24481044,-22.26181190,597.35
133.24475669,-22.26181132,597.33
133.24475019,-22.26181125,597.26
133.24472856,-22.26181102,597.33
133.24472128,-22.26181094,597.33
133.24461340,-22.26180977,597.27
133.24459701,-22.26180959,597.26
133.24449340,-22.26180848,597.35
133.24446061,-22.26180812,597.35
133.24441831,-22.26180766,601.92
133.24440919,-22.26180756,597.73
133.24440269,-22.26180749,600.38
133.24436777,-22.26180712,602.24
133.24435418,-22.26180697,597.34
133.24434778,-22.26180690,597.34
133.24431693,-22.26180657,598.91
133.24431431,-22.26180654,597.33
133.24430403,-22.26180643,602.08
133.24430005,-22.26180639,602.32
133.24429636,-22.26180635,597.41
133.24429025,-22.26180628,597.33
133.24424941,-22.26180584,597.50
133.24424602,-22.26180580,597.49
133.24423389,-22.26180567,599.10
133.24422593,-22.26180559,600.10
133.24421138,-22.26180543,601.86
133.24420614,-22.26180537,597.33
133.24420537,-22.26180536,597.33
133.24414124,-22.26180467,597.33
133.24411417,-22.26180437,600.10
133.24410185,-22.26180424,598.17
133.24409632,-22.26180418,598.83
133.24405917,-22.26180378,601.71
133.24405616,-22.26180375,597.36
133.24404161,-22.26180359,601.63
133.24404073,-22.26180358,602.38
133.24401095,-22.26180326,603.30
133.24399291,-22.26180306,597.35
133.24398961,-22.26180303,603.16
133.24397554,-22.26180288,599.86
133.24396914,-22.26180281,597.37
133.24394440,-22.26180254,597.42
133.24393858,-22.26180248,597.42
133.24386039,-22.26180163,599.81
133.24383497,-22.26180136,597.44
133.24377133,-22.26180067,597.52
133.24373272,-22.26180025,599.93
133.24371885,-22.26180010,597.34
133.24371526,-22.26180006,597.45
133.24367034,-22.26179958,599.68
133.24363328,-22.26179918,597.45
133.24359661,-22.26179878,597.45
133.24359574,-22.26179877,601.60
133.24357275,-22.26179852,598.85
133.24357148,-22.26179851,601.58
133.24349737,-22.26179771,597.42
133.24349572,-22.26179769,599.29
133.24348262,-22.26179755,597.45
133.24346011,-22.26179730,597.45
133.24344973,-22.26179719,597.67
133.24344372,-22.26179713,597.41
133.24344168,-22.26179710,598.15
133.24343450,-22.26179703,598.35
133.24343411,-22.26179702,601.84
133.24341267,-22.26179679,599.82
133.24330479,-22.26179562,598.33
133.24329684,-22.26179554,597.43
133.24328743,-22.26179544,597.44
133.24327734,-22.26179533,597.36
133.24326143,-22.26179515,597.46
133.24322563,-22.26179477,601.93
133.24321661,-22.26179467,598.38
133.24321486,-22.26179465,602.18
133.24320487,-22.26179454,601.04
133.24317761,-22.26179425,598.49
133.24316985,-22.26179416,599.34
133.24311455,-22.26179357,599.51
133.24311310,-22.26179355,597.37
133.24306091,-22.26179299,597.40
133.24305372,-22.26179291,597.51
133.24300745,-22.26179241,597.43
133.24299484,-22.26179227,597.35
133.24298582,-22.26179217,597.42
133.24296991,-22.26179200,597.35
133.24296932,-22.26179200,601.23
133.24296603,-22.26179196,597.43
133.24296205,-22.26179192,597.46
133.24295885,-22.26179188,597.44
133.24294604,-22.26179174,602.94
133.24293527,-22.26179163,602.44
133.24290937,-22.26179135,599.60
133.24290423,-22.26179129,600.84
133.24289162,-22.26179115,599.37
133.24287833,-22.26179101,602.72
133.24287192,-22.26179094,597.39
133.24286901,-22.26179091,603.45
133.24286377,-22.26179086,601.90
133.24286309,-22.26179085,597.42
133.24285931,-22.26179081,597.38
133.24285660,-22.26179078,602.79
133.24285407,-22.26179075,597.36
133.24285077,-22.26179071,597.34
133.24283166,-22.26179051,597.44
133.24283001,-22.26179049,597.37
133.24276764,-22.26178981,601.28
133.24275900,-22.26178972,601.72
133.24275095,-22.26178963,601.12
133.24274474,-22.26178957,597.44
133.24271379,-22.26178923,597.45
133.24270487,-22.26178913,600.28
133.24269953,-22.26178908,597.46
133.24269284,-22.26178900,597.45
133.24268818,-22.26178896,598.85
133.24267537,-22.26178881,597.45
133.24267470,-22.26178881,600.11
133.24263579,-22.26178839,600.03
133.24263104,-22.26178834,601.35
133.24261697,-22.26178818,599.39
133.24259524,-22.26178795,597.38
133.24258826,-22.26178787,599.97
133.24256323,-22.26178760,600.48
133.24255760,-22.26178754,600.94
133.24253247,-22.26178727,597.38
133.24252957,-22.26178724,597.46
133.24252326,-22.26178717,597.39
133.24250667,-22.26178699,597.45
133.24248474,-22.26178675,600.65
133.24248377,-22.26178674,599.47
133.24248232,-22.26178673,600.82
133.24247456,-22.26178664,599.54
133.24246534,-22.26178654,599.49
133.24245487,-22.26178643,597.38
133.24241325,-22.26178598,597.39
133.24240946,-22.26178594,597.47
133.24240578,-22.26178590,600.19
133.24238055,-22.26178563,597.45
133.24237541,-22.26178557,597.47
133.24237211,-22.26178554,601.43
133.24236891,-22.26178550,601.62
133.24236018,-22.26178541,597.40
133.24235882,-22.26178539,599.15
133.24231177,-22.26178488,597.45
133.24230430,-22.26178480,597.36
133.24229829,-22.26178473,597.37
133.24225589,-22.26178428,599.58
133.24223940,-22.26178410,597.38
133.24221437,-22.26178383,597.45
133.24215665,-22.26178320,597.44
133.24212745,-22.26178289,597.44
133.24209689,-22.26178256,601.74
133.24205013,-22.26178205,597.39
133.24202626,-22.26178179,600.92
133.24202238,-22.26178175,599.08
133.24201549,-22.26178168,598.34
133.24199919,-22.26178150,597.50
133.24194361,-22.26178090,597.38
133.24193468,-22.26178080,597.62
133.24187900,-22.26178020,598.07
133.24180808,-22.26177943,601.56
133.24180672,-22.26177942,599.54
133.24180662,-22.26177942,597.50
133.24176491,-22.26177896,597.39
133.24176481,-22.26177896,598.58
133.24168817,-22.26177813,597.51
133.24166692,-22.26177790,597.51
133.24166198,-22.26177785,600.87
133.24162065,-22.26177740,597.40
133.24161881,-22.26177738,597.39
133.24159999,-22.26177718,598.42
133.24152490,-22.26177636,597.40
133.24151471,-22.26177626,597.39
133.24150259,-22.26177612,597.49
133.24148930,-22.26177598,597.48
133.24146155,-22.26177568,597.54
133.24143099,-22.26177535,597.46
133.24140557,-22.26177507,597.48
133.24140014,-22.26177502,598.88
133.24133058,-22.26177426,597.41
133.24132175,-22.26177417,597.45
133.24118885,-22.26177272,597.41
133.24105371,-22.26177126,597.45
133.24100598,-22.26177075,599.58
133.24100462,-22.26177073,597.42
133.24098046,-22.26177047,600.86
133.24096116,-22.26177026,601.30
133.24096096,-22.26177026,602.61
133.24094631,-22.26177010,597.37
133.24091702,-22.26176978,597.44
133.24090935,-22.26176970,597.37
133.24090091,-22.26176961,597.37
133.24089888,-22.26176959,597.38
133.24089781,-22.26176957,600.44
133.24085202,-22.26176908,600.14
133.24084474,-22.26176900,601.58
133.24082097,-22.26176874,597.44
133.24080584,-22.26176858,597.41
133.24078867,-22.26176839,600.74
133.24077848,-22.26176828,598.50
133.24077800,-22.26176828,599.41
133.24077130,-22.26176821,601.66
133.24074967,-22.26176797,597.35
133.24073434,-22.26176780,600.66
133.24073095,-22.26176777,600.84
133.24072551,-22.26176771,602.48
133.24061958,-22.26176656,597.50
133.24050510,-22.26176532,597.39
133.24049802,-22.26176524,597.32
133.24049191,-22.26176518,598.63
133.24047532,-22.26176500,597.39
133.24041430,-22.26176434,597.32
133.24040304,-22.26176422,600.70
133.24039344,-22.26176411,597.39
133.24038131,-22.26176398,600.93
133.24036618,-22.26176382,597.31
133.24036521,-22.26176381,597.38
133.24034745,-22.26176361,599.97
133.24034008,-22.26176353,597.31
133.24031942,-22.26176331,597.34
133.24031495,-22.26176326,601.59
133.24030351,-22.26176314,597.35
133.24029516,-22.26176305,597.41
133.24028013,-22.26176289,597.39
133.24027867,-22.26176287,597.38
133.24027693,-22.26176285,597.30
133.24026325,-22.26176270,601.23
133.24026189,-22.26176268,597.36
133.24025229,-22.26176258,601.24
133.24024491,-22.26176250,599.36
133.24024093,-22.26176246,597.36
133.24023278,-22.26176237,597.29
133.24022085,-22.26176224,597.43
133.24020038,-22.26176202,597.33
133.24018224,-22.26176182,597.34
133.24016672,-22.26176166,597.33
133.24012219,-22.26176117,597.34
133.24010909,-22.26176103,597.34
133.24010085,-22.26176094,597.33
133.24008086,-22.26176073,599.81
133.24005545,-22.26176045,597.27
133.24003333,-22.26176021,597.28
133.24001111,-22.26175997,597.31
133.23998647,-22.26175970,597.27
133.23998181,-22.26175965,597.26
133.23993011,-22.26175909,597.25
133.23991323,-22.26175891,597.26
133.23990314,-22.26175880,597.25
133.23990052,-22.26175877,597.30
133.23990042,-22.26175877,598.67
133.23980680,-22.26175776,597.22
133.23973705,-22.26175700,597.22
133.23969960,-22.26175659,597.37
133.23968224,-22.26175640,597.35
133.23964935,-22.26175605,597.26
133.23962510,-22.26175579,597.20
133.23961481,-22.26175567,597.21
133.23961200,-22.26175564,597.20
133.23959008,-22.26175541,602.03
133.23958261,-22.26175533,599.53
133.23958134,-22.26175531,601.24
133.23955670,-22.26175504,602.61
133.23954283,-22.26175490,597.24
133.23945183,-22.26175391,600.35
133.23940866,-22.26175344,598.58
133.23939857,-22.26175333,597.49
133.23938654,-22.26175320,597.21
133.23937073,-22.26175303,597.25
133.23930340,-22.26175230,597.17
133.23928778,-22.26175213,597.24
133.23927672,-22.26175201,597.23
133.23927352,-22.26175197,597.24
133.23920784,-22.26175126,600.07
133.23916933,-22.26175085,600.01
133.23910705,-22.26175017,601.40
133.23909201,-22.26175001,598.25
133.23906087,-22.26174967,597.08
133.23903555,-22.26174940,597.11
133.23903128,-22.26174935,597.16
133.23899597,-22.26174897,597.09
133.23899374,-22.26174894,599.60
133.23897366,-22.26174873,597.09
133.23897346,-22.26174872,597.13
133.23896919,-22.26174868,597.12
133.23895794,-22.26174855,597.04
133.23895309,-22.26174850,597.06
133.23894543,-22.26174842,601.18
133.23892127,-22.26174816,601.16
133.23891943,-22.26174814,597.07
133.23890614,-22.26174799,597.04
133.23890225,-22.26174795,601.60
133.23888964,-22.26174781,597.13
133.23887529,-22.26174766,597.09
133.23886733,-22.26174757,600.84
133.23886442,-22.26174754,600.42
133.23885598,-22.26174745,600.85
133.23882872,-22.26174715,602.23
133.23880806,-22.26174693,600.46
133.23880010,-22.26174684,601.35
133.23879564,-22.26174680,597.00
133.23876663,-22.26174648,596.98
133.23876498,-22.26174646,596.98
133.23876227,-22.26174643,597.05
133.23872695,-22.26174605,601.38
133.23870561,-22.26174582,599.60
133.23870222,-22.26174578,602.08
133.23869979,-22.26174576,602.24
133.23869678,-22.26174572,597.03
133.23869251,-22.26174568,596.95
133.23868010,-22.26174554,603.31
133.23868000,-22.26174554,600.91
133.23865943,-22.26174532,602.84
133.23863615,-22.26174506,599.32
133.23863353,-22.26174504,601.65
133.23863217,-22.26174502,600.44
133.23862849,-22.26174498,599.64
133.23859967,-22.26174467,598.18
133.23859637,-22.26174464,601.09
133.23859579,-22.26174463,596.98
133.23857629,-22.26174442,596.97
133.23856611,-22.26174430,596.92
133.23856009,-22.26174424,596.93
133.23854981,-22.26174413,601.51
133.23854340,-22.26174406,599.97
133.23853429,-22.26174396,596.98
133.23853283,-22.26174395,597.98
133.23852876,-22.26174390,596.90
133.23852022,-22.26174381,602.13
133.23849975,-22.26174359,596.91
133.23849829,-22.26174357,602.05
133.23849441,-22.26174353,600.16
133.23844950,-22.26174304,596.89
133.23843727,-22.26174291,596.87
133.23842534,-22.26174278,596.82
133.23837635,-22.26174225,600.16
133.23835336,-22.26174200,598.84
133.23835025,-22.26174196,596.88
133.23831882,-22.26174163,598.75
133.23831310,-22.26174156,599.78
133.23825518,-22.26174093,596.81
133.23824121,-22.26174078,599.63
133.23823820,-22.26174075,596.76
133.23822123,-22.26174056,596.77
133.23816069,-22.26173991,599.67
133.23815603,-22.26173986,596.72
133.23814187,-22.26173970,596.72
133.23813139,-22.26173959,596.75
133.23811830,-22.26173945,596.74
133.23811490,-22.26173941,599.47
133.23810452,-22.26173930,601.03
133.23809559,-22.26173920,596.72
133.23805068,-22.26173872,598.08
133.23802497,-22.26173844,596.62
133.23792078,-22.26173731,596.63
133.23789187,-22.26173699,598.01
133.23788479,-22.26173692,596.59
133.23788110,-22.26173688,599.20
133.23784588,-22.26173650,596.63
133.23783191,-22.26173634,596.54
133.23782134,-22.26173623,599.18
133.23781794,-22.26173619,600.04
133.23780456,-22.26173605,596.58
133.23780368,-22.26173604,596.49
133.23779359,-22.26173593,596.60
133.23774140,-22.26173536,596.54
133.23774121,-22.26173536,596.46
133.23769998,-22.26173491,596.53
133.23769765,-22.26173489,596.47
133.23764449,-22.26173431,596.54
133.23759938,-22.26173382,597.46
133.23747074,-22.26173242,596.35
133.23745347,-22.26173224,596.38
133.23742165,-22.26173189,596.38
133.23738381,-22.26173148,596.38
133.23736140,-22.26173124,596.37
133.23734967,-22.26173111,596.36
133.23730746,-22.26173065,596.31
133.23728234,-22.26173038,599.44
133.23710966,-22.26172851,596.22
133.23710500,-22.26172846,596.25
133.23707463,-22.26172813,597.73
133.23703612,-22.26172771,596.18
133.23702923,-22.26172763,600.48
133.23701846,-22.26172751,596.18
133.23701546,-22.26172748,597.24
133.23694832,-22.26172675,598.69
133.23694386,-22.26172671,596.19
133.23693290,-22.26172659,599.96
133.23692533,-22.26172650,596.17
133.23692213,-22.26172647,596.13
133.23689118,-22.26172614,597.06
133.23673596,-22.26172445,598.48
133.23672694,-22.26172435,600.55
133.23671365,-22.26172421,596.07
133.23665573,-22.26172358,596.04
133.23663604,-22.26172336,596.03
133.23659219,-22.26172289,595.98
133.23658268,-22.26172279,596.01
133.23656085,-22.26172255,600.15
133.23653466,-22.26172227,596.03
133.23648887,-22.26172177,596.02
133.23646578,-22.26172152,600.00
133.23646025,-22.26172146,598.82
133.23644687,-22.26172131,599.52
133.23644298,-22.26172127,595.97
133.23643241,-22.26172116,595.93
133.23641514,-22.26172097,595.98
133.23641107,-22.26172092,595.99
133.23640185,-22.26172082,599.70
133.23636664,-22.26172044,600.17
133.23633850,-22.26172013,595.88
133.23631309,-22.26171986,595.89
133.23630843,-22.26171981,600.97
133.23630600,-22.26171978,600.88
133.23629165,-22.26171962,595.88
133.23628961,-22.26171960,596.97
133.23628650,-22.26171957,599.47
133.23628388,-22.26171954,595.92
133.23627370,-22.26171943,601.59
133.23623635,-22.26171902,595.92
133.23620356,-22.26171867,595.91
133.23611275,-22.26171768,599.39
133.23609170,-22.26171746,599.19
133.23606270,-22.26171714,598.68
133.23599246,-22.26171638,597.75
133.23593289,-22.26171573,595.80
133.23591776,-22.26171556,595.75
133.23590990,-22.26171548,595.83
133.23590777,-22.26171546,598.79
133.23590030,-22.26171538,599.35
133.23583966,-22.26171472,595.71
133.23581852,-22.26171449,595.69
133.23576875,-22.26171395,595.67
133.23572985,-22.26171353,598.65
133.23568803,-22.26171307,595.67
133.23565534,-22.26171271,595.62
133.23564350,-22.26171259,595.62
133.23561770,-22.26171231,598.67
133.23558122,-22.26171191,598.40
133.23557569,-22.26171185,597.80
133.23553766,-22.26171144,595.65
133.23553039,-22.26171136,595.58
133.23546287,-22.26171062,601.17
133.23545947,-22.26171059,595.56
133.23539108,-22.26170985,600.57
133.23537594,-22.26170968,598.77
133.23537497,-22.26170967,595.56
133.23537488,-22.26170967,598.77
133.23535606,-22.26170947,601.18
133.23532104,-22.26170909,599.90
133.23531589,-22.26170903,595.55
133.23526942,-22.26170852,595.46
133.23522858,-22.26170808,599.71
133.23522460,-22.26170803,596.44
133.23521723,-22.26170796,598.39
133.23521646,-22.26170795,598.38
133.23521636,-22.26170795,595.51
133.23520462,-22.26170782,595.51
133.23518978,-22.26170766,595.45
133.23518832,-22.26170764,599.18
133.23510004,-22.26170668,595.41
133.23508753,-22.26170655,595.41
133.23508190,-22.26170649,595.41
133.23504707,-22.26170611,595.35
133.23499692,-22.26170556,595.30
133.23499672,-22.26170556,598.35
133.23496975,-22.26170527,598.10
133.23496015,-22.26170516,595.29
133.23495181,-22.26170507,598.75
133.23494327,-22.26170498,595.33
133.23494026,-22.26170495,598.81
133.23493764,-22.26170492,598.75
133.23492852,-22.26170482,595.27
133.23484839,-22.26170395,595.29
133.23483170,-22.26170377,595.21
133.23480357,-22.26170346,598.63
133.23478029,-22.26170321,597.11
133.23477049,-22.26170310,595.25
133.23474498,-22.26170282,597.51
133.23473935,-22.26170276,601.16
133.23461120,-22.26170137,595.16
133.23460295,-22.26170128,595.14
133.23459257,-22.26170117,595.11
133.23459005,-22.26170114,595.16
133.23458161,-22.26170105,599.75
133.23451700,-22.26170035,595.13
133.23450856,-22.26170026,599.30
133.23449032,-22.26170006,595.11
133.23448304,-22.26169998,598.44
133.23447460,-22.26169988,598.83
133.23443172,-22.26169942,596.12
133.23443046,-22.26169941,597.12
133.23442988,-22.26169940,596.06
133.23442154,-22.26169931,597.29
133.23437914,-22.26169885,595.12
133.23437274,-22.26169878,599.50
133.23436963,-22.26169874,599.14
133.23432297,-22.26169824,598.28
133.23431308,-22.26169813,598.42
133.23430987,-22.26169810,599.90
133.23426894,-22.26169765,599.31
133.23425506,-22.26169750,597.01
133.23416455,-22.26169652,594.91
133.23415485,-22.26169641,598.02
133.23412041,-22.26169604,594.92
133.23411798,-22.26169601,594.97
133.23409422,-22.26169575,594.91
133.23401515,-22.26169489,594.91
133.23401224,-22.26169486,594.89
133.23400797,-22.26169481,597.59
133.23398818,-22.26169460,594.88
133.23393803,-22.26169405,594.85
133.23391930,-22.26169385,594.83
133.23391465,-22.26169380,594.80
133.23390844,-22.26169373,594.79
133.23389942,-22.26169363,594.78
133.23387322,-22.26169335,594.76
133.23387235,-22.26169334,594.84
133.23386401,-22.26169325,594.83
133.23385159,-22.26169311,595.78
133.23384363,-22.26169303,594.84
133.23383461,-22.26169293,594.76
133.23380900,-22.26169265,595.03
133.23379707,-22.26169252,599.06
133.23375661,-22.26169208,594.79
133.23373100,-22.26169180,594.71
133.23372964,-22.26169179,594.72
133.23370685,-22.26169154,594.76
133.23366891,-22.26169113,594.75
133.23361439,-22.26169053,594.71
133.23359877,-22.26169036,594.71
133.23359334,-22.26169031,594.67
133.23349963,-22.26168929,594.60
133.23347819,-22.26168905,597.71
133.23347508,-22.26168902,594.66
133.23342910,-22.26168852,594.60
133.23340591,-22.26168826,596.52
133.23340048,-22.26168821,594.65
133.23340029,-22.26168821,594.57
133.23339476,-22.26168815,594.69
133.23338748,-22.26168807,594.57
133.23336585,-22.26168783,594.56
133.23334014,-22.26168755,594.60
133.23333849,-22.26168753,594.66
133.23333480,-22.26168749,594.58
133.23324846,-22.26168655,594.48
133.23320907,-22.26168613,594.51
133.23318414,-22.26168585,594.44
133.23316503,-22.26168565,594.50
133.23314311,-22.26168541,594.51
133.23312691,-22.26168523,594.40
133.23310304,-22.26168497,594.41
133.23303552,-22.26168424,598.64
133.23301893,-22.26168406,597.69
133.23301845,-22.26168405,594.45
133.23295199,-22.26168333,595.75
133.23293987,-22.26168320,597.26
133.23291319,-22.26168291,596.01
133.23290038,-22.26168277,594.29
133.23289301,-22.26168269,594.30
133.23288020,-22.26168255,594.35
133.23287729,-22.26168252,594.35
133.23285343,-22.26168226,594.43
133.23284460,-22.26168216,595.24
133.23281142,-22.26168180,594.26
133.23279609,-22.26168163,594.29
133.23273973,-22.26168102,595.92
133.23272178,-22.26168083,594.19
133.23271286,-22.26168073,594.23
133.23265504,-22.26168010,594.18
133.23259276,-22.26167942,594.20
133.23254735,-22.26167893,594.20
133.23246965,-22.26167808,594.10
133.23239427,-22.26167726,596.07
133.23237700,-22.26167707,594.08
133.23234217,-22.26167669,594.20
133.23230434,-22.26167628,598.44
133.23230259,-22.26167626,594.06
133.23229920,-22.26167622,594.07
133.23229813,-22.26167621,599.43
133.23228261,-22.26167605,594.14
133.23226010,-22.26167580,595.43
133.23223701,-22.26167555,594.04
133.23219423,-22.26167508,594.00
133.23213757,-22.26167447,597.31
133.23206724,-22.26167370,593.97
133.23206511,-22.26167368,596.32
133.23201932,-22.26167318,593.92
133.23201185,-22.26167310,597.23
133.23199351,-22.26167290,596.52
133.23198177,-22.26167277,595.80
133.23197159,-22.26167266,593.94
133.23196208,-22.26167256,593.97
133.23193627,-22.26167228,593.89
133.23193404,-22.26167225,596.24
133.23193394,-22.26167225,597.43
133.23190736,-22.26167196,597.19
133.23189010,-22.26167177,598.57
133.23186914,-22.26167155,593.87
133.23185051,-22.26167134,596.89
133.23183451,-22.26167117,596.20
133.23182878,-22.26167111,593.90
133.23175370,-22.26167029,597.73
133.23172430,-22.26166997,593.87
133.23171120,-22.26166982,593.78
133.23168035,-22.26166949,599.08
133.23165785,-22.26166924,593.84
133.23163942,-22.26166905,593.74
133.23162370,-22.26166887,594.30
133.23160789,-22.26166870,595.51
133.23160721,-22.26166869,599.25
133.23159159,-22.26166852,593.88
133.23159052,-22.26166851,595.72
133.23150282,-22.26166756,598.41
133.23148255,-22.26166734,593.67
133.23147023,-22.26166720,597.75
133.23145878,-22.26166708,596.99
133.23144685,-22.26166695,593.65
133.23144452,-22.26166692,593.65
133.23144190,-22.26166689,593.65
133.23142269,-22.26166668,599.17
133.23141687,-22.26166662,593.71
133.23138476,-22.26166627,597.71
133.23137147,-22.26166613,593.67
133.23136400,-22.26166605,593.61
133.23135585,-22.26166596,593.60
133.23134906,-22.26166588,599.20
133.23133654,-22.26166575,593.68
133.23132801,-22.26166565,595.84
133.23132277,-22.26166560,593.66
133.23132005,-22.26166557,593.59
133.23129851,-22.26166533,595.11
133.23129696,-22.26166532,593.60
133.23128542,-22.26166519,595.41
133.23122673,-22.26166455,596.96
133.23122401,-22.26166452,597.02
133.23119966,-22.26166426,593.50
133.23118559,-22.26166410,593.51
133.23116900,-22.26166392,593.47
133.23114135,-22.26166362,593.58
133.23109382,-22.26166310,593.55
133.23108858,-22.26166305,597.90
133.23108344,-22.26166299,593.49
133.23107616,-22.26166291,593.52
133.23106471,-22.26166279,593.45
133.23105191,-22.26166265,598.30
133.23104939,-22.26166262,593.45
133.23101708,-22.26166227,596.72
133.23099913,-22.26166207,593.42
133.23097711,-22.26166183,593.48
133.23096402,-22.26166169,593.47
133.23093860,-22.26166141,593.54
133.23091842,-22.26166119,593.40
133.23076029,-22.26165947,594.44
133.23075903,-22.26165946,593.43
133.23073769,-22.26165923,598.21
133.23072459,-22.26165908,593.37
133.23066570,-22.26165844,593.28
133.23064582,-22.26165822,596.85
133.23064320,-22.26165819,598.67
133.23062564,-22.26165800,593.23
133.23056229,-22.26165732,596.66
133.23056093,-22.26165730,593.34
133.23055773,-22.26165727,593.24
133.23055152,-22.26165720,593.22
133.23053590,-22.26165703,593.22
133.23052329,-22.26165689,593.21
133.23051660,-22.26165682,593.21
133.23050573,-22.26165670,593.25
133.23050350,-22.26165667,593.21
133.23049826,-22.26165662,593.27
133.23044005,-22.26165598,593.24
133.23041318,-22.26165569,593.12
133.23036002,-22.26165511,597.18
133.23033732,-22.26165486,593.19
133.23030889,-22.26165455,593.07
133.23029473,-22.26165440,593.15
133.23029279,-22.26165438,593.04
133.23027067,-22.26165414,593.05
133.23026145,-22.26165404,593.06
133.23019743,-22.26165334,598.83
133.23019422,-22.26165330,593.13
133.23016347,-22.26165297,598.36
133.23013902,-22.26165270,593.08
133.23013408,-22.26165265,598.32
133.23012932,-22.26165260,598.66
133.23011419,-22.26165243,593.07
133.23010885,-22.26165238,593.04
133.23009537,-22.26165223,594.90
133.23005724,-22.26165181,598.33
133.23005045,-22.26165174,598.47
133.23002630,-22.26165147,595.93
133.23001931,-22.26165140,598.83
133.22994306,-22.26165057,592.93
133.22992317,-22.26165035,594.51
133.22990338,-22.26165014,592.99
133.22988243,-22.26164991,597.70
133.22986021,-22.26164966,595.40
133.22986002,-22.26164966,592.97
133.22983994,-22.26164944,596.58
133.22978318,-22.26164883,596.68
133.22978144,-22.26164881,598.54
133.22976689,-22.26164865,596.31
133.22976640,-22.26164864,594.74
133.22976000,-22.26164857,596.11
133.22975689,-22.26164854,598.67
133.22974050,-22.26164836,592.84
133.22972730,-22.26164822,592.83
133.22972080,-22.26164815,592.82
133.22969907,-22.26164791,596.35
133.22968394,-22.26164774,592.81
133.22967812,-22.26164768,592.88
133.22966822,-22.26164757,592.87
133.22964746,-22.26164735,592.87
133.22964184,-22.26164729,592.80
133.22962971,-22.26164715,598.66
133.22961215,-22.26164696,592.86
133.22960420,-22.26164687,592.86
133.22959207,-22.26164674,597.59
133.22959003,-22.26164672,594.63
133.22957131,-22.26164652,592.84
133.22955520,-22.26164634,596.19
133.22955055,-22.26164629,597.03
133.22947895,-22.26164551,592.79
133.22945460,-22.26164525,595.93
133.22943840,-22.26164507,598.21
133.22942026,-22.26164487,596.09
133.22940658,-22.26164472,592.69
133.22938796,-22.26164452,595.16
133.22931762,-22.26164375,592.79
133.22928444,-22.26164339,592.64
133.22928357,-22.26164338,595.06
133.22924971,-22.26164301,592.73
133.22919325,-22.26164240,592.71
133.22917754,-22.26164222,592.70
133.22916764,-22.26164212,592.71
133.22913737,-22.26164178,597.25
133.22908586,-22.26164123,592.63
133.22904793,-22.26164081,599.20
133.22904182,-22.26164074,592.91
133.22902581,-22.26164057,597.95
133.22900709,-22.26164037,592.62
133.22897478,-22.26164001,592.56
133.22892792,-22.26163950,597.28
133.22892666,-22.26163949,592.55
133.22891657,-22.26163938,596.37
133.22888233,-22.26163901,592.56
133.22884605,-22.26163861,592.50
133.22884595,-22.26163861,596.20
133.22884391,-22.26163859,597.76
133.22882325,-22.26163836,592.49
133.22878658,-22.26163796,592.48
133.22875088,-22.26163757,594.07
133.22874748,-22.26163753,598.11
133.22873720,-22.26163742,592.52
133.22873545,-22.26163740,593.84
133.22872924,-22.26163734,592.49
133.22870577,-22.26163708,592.45
133.22869160,-22.26163693,592.45
133.22868889,-22.26163690,592.44
133.22868113,-22.26163681,592.49
133.22864814,-22.26163645,596.27
133.22859896,-22.26163592,592.40
133.22857412,-22.26163565,594.50
133.22846479,-22.26163445,592.37
133.22843549,-22.26163413,593.81
133.22834488,-22.26163315,592.39
133.22833353,-22.26163302,592.39
133.22832102,-22.26163288,592.32
133.22831170,-22.26163278,592.33
133.22830967,-22.26163276,592.32
133.22830685,-22.26163273,595.90
133.22828988,-22.26163255,592.40
133.22827173,-22.26163235,592.36
133.22818229,-22.26163137,592.28
133.22812835,-22.26163078,597.34
133.22812525,-22.26163075,592.27
133.22812049,-22.26163070,592.27
133.22811205,-22.26163060,596.32
133.22810487,-22.26163053,592.29
133.22807858,-22.26163024,592.28
133.22807364,-22.26163018,592.37
133.22803367,-22.26162975,592.24
133.22802891,-22.26162970,592.25
133.22799923,-22.26162938,592.25
133.22799409,-22.26162932,592.33
133.22797934,-22.26162916,592.22
133.22793384,-22.26162866,596.34
133.22792569,-22.26162857,595.03
133.22789378,-22.26162822,592.19
133.22788815,-22.26162816,592.24
133.22778764,-22.26162707,595.00
133.22768190,-22.26162591,592.23
133.22765425,-22.26162561,592.15
133.22765309,-22.26162560,594.95
133.22763359,-22.26162539,592.20
133.22757936,-22.26162479,593.05
133.22754667,-22.26162444,592.14
133.22754405,-22.26162441,596.35
133.22754094,-22.26162437,592.17
133.22746081,-22.26162350,595.60
133.22744927,-22.26162337,597.85
133.22743772,-22.26162325,592.12
133.22743559,-22.26162322,592.24
133.22742618,-22.26162312,592.18
133.22741977,-22.26162305,592.33
133.22740522,-22.26162289,592.10
133.22739921,-22.26162283,592.12
133.22738931,-22.26162272,592.10
133.22737593,-22.26162257,592.10
133.22736438,-22.26162245,592.12
133.22732412,-22.26162201,595.07
133.22727183,-22.26162144,592.06
133.22720528,-22.26162071,592.94
133.22719626,-22.26162061,596.77
133.22719325,-22.26162058,592.10
133.22718821,-22.26162052,593.52
133.22718743,-22.26162052,592.13
133.22717336,-22.26162036,598.17
133.22714814,-22.26162009,596.68
133.22712718,-22.26162013,592.11
133.22712534,-22.26162029,595.11
133.22712423,-22.26170020,592.11
133.22712351,-22.26175763,592.15
133.22712334,-22.26177117,593.33
133.22712299,-22.26179908,592.08
133.22712235,-22.26184992,596.48
133.22712209,-22.26187006,595.03
133.22712194,-22.26188197,592.19
133.22712192,-22.26188360,595.98
133.22712181,-22.26189254,595.92
133.22712160,-22.26190925,592.11
133.22712132,-22.26193155,592.20
133.22712130,-22.26193299,592.13
133.22712117,-22.26194374,594.41
133.22712114,-22.26194600,594.76
133.22712097,-22.26195918,592.11
133.22712093,-22.26196234,596.21
133.22712074,-22.26197769,592.11
133.22712037,-22.26200677,597.83
133.22712016,-22.26202329,597.80
133.22712001,-22.26203512,593.62
133.22711996,-22.26203982,595.34
133.22711950,-22.26207567,592.15
133.22711865,-22.26214321,592.25
133.22711857,-22.26214989,596.70
133.22711849,-22.26215621,596.87
133.22711834,-22.26216795,592.14
133.22711808,-22.26218890,592.17
133.22711807,-22.26218944,597.67
133.22711775,-22.26221482,592.17
133.22711756,-22.26222999,592.26
133.22711736,-22.26224615,598.15
133.22711645,-22.26231821,592.22
133.22711597,-22.26235613,594.96
133.22711591,-22.26236056,592.19
133.22711590,-22.26236173,596.67
133.22711582,-22.26236842,594.93
133.22711578,-22.26237094,592.18
133.22711567,-22.26238016,592.29
133.22711561,-22.26238485,597.49
133.22711543,-22.26239921,595.62
133.22711537,-22.26240390,592.27
133.22711531,-22.26240842,596.37
133.22711497,-22.26243551,592.24
133.22711493,-22.26243858,592.28
133.22711388,-22.26252220,592.30
133.22711367,-22.26253899,592.25
133.22711359,-22.26254531,597.12
133.22711352,-22.26255055,594.80
133.22711341,-22.26255958,592.31
133.22711337,-22.26256292,592.26
133.22711334,-22.26256482,598.40
133.22711330,-22.26256816,596.27
133.22711328,-22.26257006,596.05
133.22711291,-22.26259904,592.34
133.22711275,-22.26261213,594.83
133.22711260,-22.26262388,596.29
133.22711259,-22.26262477,592.35
133.22711249,-22.26263236,597.86
133.22711235,-22.26264319,595.13
133.22711216,-22.26265864,597.10
133.22711207,-22.26266550,595.84
133.22711201,-22.26267047,595.90
133.22711176,-22.26269015,593.84
133.22711156,-22.26270658,595.31
133.22711152,-22.26270939,596.54
133.22711135,-22.26272320,595.07
133.22711122,-22.26273287,597.97
133.22711114,-22.26273937,592.37
133.22711107,-22.26274551,598.21
133.22711103,-22.26274830,598.04
133.22711101,-22.26274966,597.59
133.22711095,-22.26275490,592.38
133.22711084,-22.26276357,596.19
133.22711083,-22.26276456,592.31
133.22711045,-22.26279445,596.79
133.22711036,-22.26280131,596.68
133.22711010,-22.26282190,592.38
133.22711001,-22.26282949,592.32
133.22710983,-22.26284357,592.33
133.22710898,-22.26291139,592.41
133.22710884,-22.26292186,592.36
133.22710828,-22.26296638,592.42
133.22710825,-22.26296927,592.37
133.22710733,-22.26304178,592.37
133.22710716,-22.26305523,593.44
133.22710703,-22.26306589,592.40
133.22710675,-22.26308774,592.47
133.22710660,-22.26310011,592.48
133.22710637,-22.26311781,592.41
133.22710606,-22.26314309,592.53
133.22710539,-22.26319592,592.50
133.22710535,-22.26319935,592.50
133.22710460,-22.26325859,592.42
133.22710427,-22.26328486,596.74
133.22710424,-22.26328694,592.45
133.22710421,-22.26328947,595.05
133.22710415,-22.26329471,596.35
133.22710410,-22.26329804,595.79
133.22710404,-22.26330346,597.67
133.22710401,-22.26330591,596.95
133.22710396,-22.26330961,596.63
133.22710358,-22.26333986,595.07
133.22710353,-22.26334329,594.53
133.22710352,-22.26334455,594.99
133.22710320,-22.26336966,592.53
133.22710320,-22.26336992,594.15
133.22710302,-22.26338401,595.33
133.22710301,-22.26338501,594.13
133.22710288,-22.26339503,592.41
133.22710258,-22.26341887,595.17
133.22710231,-22.26344072,592.49
133.22710211,-22.26345670,596.22
133.22710208,-22.26345833,595.92
133.22710205,-22.26346086,592.50
133.22710183,-22.26347864,592.46
133.22710181,-22.26347991,594.81
133.22710164,-22.26349345,592.49
133.22710138,-22.26351432,592.50
133.22710101,-22.26354393,592.57
133.22710091,-22.26355134,592.49
133.22710087,-22.26355495,597.72
133.22710057,-22.26357843,592.56
133.22710040,-22.26359215,592.50
133.22710021,-22.26360687,592.57
133.22710017,-22.26361066,595.30
133.22710000,-22.26362366,598.34
133.22709988,-22.26363315,592.49
133.22709981,-22.26363848,592.58
133.22709940,-22.26367162,596.79
133.22709926,-22.26368236,592.58
133.22709923,-22.26368525,599.15
133.22709870,-22.26372688,596.47
133.22709844,-22.26374747,592.61
133.22709767,-22.26380905,592.56
133.22709710,-22.26385402,592.55
133.22709706,-22.26385700,592.62
133.22709670,-22.26388553,597.47
133.22709630,-22.26391750,595.84
133.22709627,-22.26391976,592.64
133.22709626,-22.26392039,595.57
133.22709619,-22.26392608,595.10
133.22709589,-22.26395001,592.70
133.22709586,-22.26395217,597.62
133.22709579,-22.26395823,597.00
133.22709560,-22.26397303,592.69
133.22709556,-22.26397601,595.30
133.22709419,-22.26408528,592.69
133.22709408,-22.26409386,592.61
133.22709378,-22.26411724,592.72
133.22709332,-22.26415399,592.70
133.22709263,-22.26420890,594.00
133.22709249,-22.26421946,597.78
133.22709186,-22.26427012,592.69
133.22709169,-22.26428321,592.74
133.22709125,-22.26431825,592.77
133.22709087,-22.26434868,592.71
133.22709073,-22.26435979,592.74
133.22709040,-22.26438589,592.76
133.22709034,-22.26439040,592.68
133.22709000,-22.26441740,592.71
133.22708955,-22.26445343,592.78
133.22708892,-22.26450309,592.80
133.22708851,-22.26453596,595.73
133.22708816,-22.26456386,592.73
133.22708814,-22.26456549,592.80
133.22708796,-22.26457903,594.21
133.22708784,-22.26458888,592.73
133.22708783,-22.26458960,592.78
133.22708781,-22.26459095,594.28
133.22708758,-22.26460964,592.78
133.22708727,-22.26463403,592.80
133.22708720,-22.26463972,592.82
133.22708664,-22.26468450,592.77
133.22708628,-22.26471295,592.76
133.22708601,-22.26473435,592.82
133.22708556,-22.26476993,595.07
133.22708526,-22.26479350,592.86
133.22708463,-22.26484352,596.87
133.22708462,-22.26484470,595.42
133.22708460,-22.26484569,596.75
133.22708457,-22.26484822,596.70
133.22708446,-22.26485725,592.80
133.22708329,-22.26495026,592.88
133.22708316,-22.26496009,595.79
133.22708213,-22.26504191,592.89
133.22708178,-22.26507017,592.90
133.22708153,-22.26508959,595.68
133.22708144,-22.26509663,593.68
133.22708139,-22.26510052,592.97
133.22708121,-22.26511505,594.37
133.22708050,-22.26517140,592.92
133.22708038,-22.26518124,594.43
133.22708031,-22.26518620,592.96
133.22708024,-22.26519235,597.00
133.22708002,-22.26520923,592.99
133.22707971,-22.26523407,592.96
133.22707930,-22.26526648,598.17
133.22707925,-22.26527100,595.26
133.22707918,-22.26527660,596.03
133.22707905,-22.26528671,598.34
133.22707883,-22.26530369,592.97
133.22707871,-22.26531326,593.00
133.22707857,-22.26532490,592.96
133.22707816,-22.26535705,593.02
133.22707793,-22.26537556,596.79
133.22707772,-22.26539200,596.29
133.22707767,-22.26539633,593.02
133.22707764,-22.26539814,593.07
133.22707755,-22.26540564,597.25
133.22707749,-22.26541033,596.60
133.22707743,-22.26541538,593.02
133.22707700,-22.26544934,593.05
133.22707663,-22.26547851,593.07
133.22707621,-22.26551201,593.10
133.22707558,-22.26556230,597.71
133.22707554,-22.26556501,593.12
133.22707480,-22.26562353,593.16
133.22707446,-22.26565052,593.13
133.22707343,-22.26573270,593.20
133.22707328,-22.26574408,597.45
133.22707284,-22.26577947,593.22
133.22707259,-22.26579916,593.22
133.22707226,-22.26582553,593.23
133.22707171,-22.26586887,593.23
133.22707168,-22.26587140,595.20
133.22707122,-22.26590815,593.25
133.22707097,-22.26592783,593.25
133.22706998,-22.26600622,593.28
133.22706987,-22.26601525,593.31
133.22706938,-22.26605425,593.28
133.22706916,-22.26607177,597.14
133.22706911,-22.26607502,595.39
133.22706897,-22.26608667,595.03
133.22706856,-22.26611927,598.59
133.22706854,-22.26612026,593.33
133.22706850,-22.26612396,593.33
133.22706826,-22.26614320,593.30
133.22706819,-22.26614835,596.93
133.22706800,-22.26616343,593.30
133.22706791,-22.26617047,593.33
133.22706784,-22.26617633,593.31
133.22706776,-22.26618266,593.43
133.22706759,-22.26619629,597.36
133.22706720,-22.26622672,596.84
133.22706709,-22.26623603,593.31
133.22706659,-22.26627504,593.34
133.22706647,-22.26628451,597.02
133.22706647,-22.26628515,593.35
133.22706633,-22.26629562,597.11
133.22706626,-22.26630140,596.88
133.22706575,-22.26634240,597.32
133.22706564,-22.26635053,597.05
133.22706542,-22.26636831,593.40
133.22706525,-22.26638186,593.41
133.22706491,-22.26640859,599.23
133.22706480,-22.26641735,594.53
133.22706473,-22.26642268,598.44
133.22706468,-22.26642692,596.11
133.22706466,-22.26642854,593.43
133.22706450,-22.26644137,597.52
133.22706440,-22.26644895,595.05
133.22706437,-22.26645148,593.40
133.22706418,-22.26646692,597.40
133.22706400,-22.26648101,593.40
133.22706370,-22.26650467,593.57
133.22706348,-22.26652182,593.41
133.22706333,-22.26653420,593.45
133.22706285,-22.26657239,593.42
133.22706279,-22.26657663,600.03
133.22706277,-22.26657853,593.44
133.22706244,-22.26660444,593.43
133.22706194,-22.26664427,593.43
133.22706155,-22.26667560,595.03
133.22706151,-22.26667840,597.05
133.22706144,-22.26668409,593.45
133.22706114,-22.26670748,593.45
133.22706104,-22.26671542,593.47
133.22706060,-22.26675073,596.87
133.22706055,-22.26675489,593.49
133.22706045,-22.26676274,593.53
133.22706009,-22.26679128,593.57
133.22705973,-22.26681981,596.81
133.22705954,-22.26683498,593.64
133.22705934,-22.26685069,596.93
133.22705871,-22.26690090,593.62
133.22705836,-22.26692844,593.54
133.22705804,-22.26695372,593.63
133.22705795,-22.26696086,593.59
133.22705720,-22.26702091,593.69
133.22705717,-22.26702271,593.66
133.22705703,-22.26703418,593.71
133.22705633,-22.26708944,598.75
133.22705631,-22.26709134,593.70
133.22705616,-22.26710317,597.88
133.22705613,-22.26710579,593.97
133.22705590,-22.26712358,593.68
133.22705579,-22.26713215,597.33
133.22705575,-22.26713540,595.51
133.22705545,-22.26715942,593.73
133.22705529,-22.26717180,593.74
133.22705519,-22.26718037,595.51
133.22705510,-22.26718688,595.24
133.22705495,-22.26719897,597.34
133.22705490,-22.26720295,593.74
133.22705487,-22.26720539,593.75
133.22705472,-22.26721704,597.50
133.22705434,-22.26724774,596.78
133.22705421,-22.26725767,593.72
133.22705368,-22.26729957,597.23
133.22705347,-22.26731646,593.73
133.22705312,-22.26734454,593.78
133.22705276,-22.26737271,593.78
133.22705267,-22.26737985,593.95
133.22705237,-22.26740404,598.45
133.22705232,-22.26740748,598.66
133.22705166,-22.26746021,593.79
133.22705156,-22.26746807,596.33
133.22705081,-22.26752767,598.28
133.22705066,-22.26753977,593.85
133.22705060,-22.26754437,598.11
133.22705052,-22.26755096,598.55
133.22705050,-22.26755196,595.72
133.22705019,-22.26757697,593.83
133.22705009,-22.26758510,595.49
133.22704988,-22.26760108,597.23
133.22704968,-22.26761697,595.80
133.22704963,-22.26762158,595.46
133.22704960,-22.26762329,595.29
133.22704957,-22.26762636,593.92
133.22704937,-22.26764198,596.00
133.22704932,-22.26764605,598.10
133.22704911,-22.26766230,596.66
133.22704901,-22.26767025,593.93
133.22704898,-22.26767323,593.91
133.22704895,-22.26767548,597.40
133.22704813,-22.26774005,593.95
133.22704783,-22.26776371,598.85
133.22704780,-22.26776651,595.79
133.22704773,-22.26777192,593.94
133.22704768,-22.26777563,595.86
133.22704758,-22.26778376,597.96
133.22704742,-22.26779676,593.94
133.22704722,-22.26781229,596.82
133.22704719,-22.26781518,596.61
133.22704710,-22.26782204,593.98
133.22704693,-22.26783532,597.31
133.22704673,-22.26785121,593.96
133.22704609,-22.26790241,594.21
133.22704589,-22.26791785,599.46
133.22704585,-22.26792155,599.15
133.22704579,-22.26792570,594.05
133.22704562,-22.26793943,596.16
133.22704557,-22.26794313,596.16
133.22704549,-22.26794973,594.01
133.22704533,-22.26796282,594.00
133.22704524,-22.26796977,596.64
133.22704515,-22.26797645,598.45
133.22704408,-22.26806179,597.95
133.22704396,-22.26807100,596.14
133.22704328,-22.26812545,594.07
133.22704310,-22.26813926,598.64
133.22704303,-22.26814513,596.76
133.22704292,-22.26815389,594.10
133.22704286,-22.26815822,597.25
133.22704258,-22.26818053,599.87
133.22704240,-22.26819480,594.10
133.22704159,-22.26825945,593.92
133.22704147,-22.26826839,594.10
133.22704146,-22.26826993,593.93
133.22704139,-22.26827489,598.31
133.22704135,-22.26827850,597.22
133.22704129,-22.26828311,597.33
133.22704102,-22.26830460,597.93
133.22704100,-22.26830578,599.12
133.22704084,-22.26831860,598.06
133.22704076,-22.26832510,593.92
133.22704072,-22.26832799,599.84
133.22704060,-22.26833747,593.94
133.22704057,-22.26834000,599.02
133.22704055,-22.26834153,598.71
133.22704049,-22.26834641,599.73
133.22704043,-22.26835165,598.11
133.22704040,-22.26835327,597.83
133.22704023,-22.26836709,593.94
133.22704014,-22.26837431,595.89
133.22704011,-22.26837648,598.21
133.22704005,-22.26838145,593.97
133.22703985,-22.26839734,594.15
133.22703926,-22.26844447,594.16
133.22703917,-22.26845088,598.83
133.22703910,-22.26845712,596.76
133.22703908,-22.26845820,598.44
133.22703902,-22.26846280,597.32
133.22703897,-22.26846705,596.04
133.22703895,-22.26846849,593.98
133.22703876,-22.26848403,595.95
133.22703868,-22.26849017,594.15
133.22703847,-22.26850660,594.02
133.22703832,-22.26851834,594.16
133.22703817,-22.26853071,594.01
133.22703808,-22.26853793,596.67
133.22703802,-22.26854227,598.40
133.22703797,-22.26854615,594.04
133.22703785,-22.26855582,598.61
133.22703783,-22.26855753,594.08
133.22703771,-22.26856683,594.18
133.22703742,-22.26859049,594.22
133.22703699,-22.26862417,594.05
133.22703664,-22.26865162,600.01
133.22703661,-22.26865469,599.44
133.22703659,-22.26865623,598.98
133.22703649,-22.26866354,599.96
133.22703648,-22.26866444,596.67
133.22703629,-22.26868006,595.37
133.22703609,-22.26869568,598.89
133.22703602,-22.26870092,597.63
133.22703599,-22.26870390,600.23
133.22703594,-22.26870770,598.98
133.22703587,-22.26871275,594.11
133.22703576,-22.26872160,596.56
133.22703573,-22.26872431,594.25
133.22703477,-22.26880062,594.13
133.22703436,-22.26883303,594.14
133.22703409,-22.26885416,594.16
133.22703385,-22.26887349,594.19
133.22703353,-22.26889904,594.19
133.22703295,-22.26894509,594.21
133.22703253,-22.26897796,594.25
133.22703222,-22.26900252,595.49
133.22703217,-22.26900704,594.25
133.22703159,-22.26905255,598.63
133.22703135,-22.26907143,597.36
133.22703123,-22.26908145,594.31
133.22703112,-22.26908966,597.34
133.22703106,-22.26909490,595.81
133.22703099,-22.26909995,594.31
133.22703088,-22.26910917,599.91
133.22703078,-22.26911702,594.31
133.22703065,-22.26912768,594.37
133.22703042,-22.26914583,598.08
133.22703013,-22.26916822,597.49
133.22702923,-22.26924028,596.88
133.22702901,-22.26925726,594.48
133.22702887,-22.26926882,598.46
133.22702882,-22.26927252,597.27
133.22702869,-22.26928263,594.40
133.22702858,-22.26929157,594.49
133.22702854,-22.26929464,597.04
133.22702846,-22.26930141,594.51
133.22702818,-22.26932327,596.93
133.22702785,-22.26934927,594.46
133.22702776,-22.26935650,597.86
133.22702761,-22.26936851,598.72
133.22702736,-22.26938819,594.49
133.22702722,-22.26939912,594.49
133.22702715,-22.26940490,598.17
133.22702706,-22.26941185,594.49
133.22702696,-22.26942007,598.09
133.22702689,-22.26942576,599.23
133.22702685,-22.26942919,595.52
133.22702645,-22.26946079,595.28
133.22702638,-22.26946630,597.78
133.22702623,-22.26947822,599.36
133.22702618,-22.26948201,598.35
133.22702597,-22.26949845,598.85
133.22702580,-22.26951226,594.53
133.22702544,-22.26954035,594.52
133.22702534,-22.26954856,597.42
133.22702530,-22.26955154,596.99
133.22702520,-22.26955958,594.57
133.22702512,-22.26956617,598.31
133.22702481,-22.26959064,594.59
133.22702438,-22.26962487,594.63
133.22702417,-22.26964157,594.56
133.22702414,-22.26964419,597.14
133.22702410,-22.26964699,596.25
133.22702403,-22.26965286,594.58
133.22702386,-22.26966622,594.57
133.22702369,-22.26967922,596.30
133.22702337,-22.26970496,594.61
133.22702319,-22.26971896,594.60
133.22702313,-22.26972429,594.66
133.22702294,-22.26973918,598.37
133.22702272,-22.26975634,599.30
133.22702239,-22.26978289,599.91
133.22702234,-22.26978641,594.61
133.22702234,-22.26978704,594.69
133.22702204,-22.26981034,597.20
133.22702203,-22.26981125,594.69
133.22702174,-22.26983418,598.05
133.22702118,-22.26987879,594.75
133.22702103,-22.26989080,597.80
133.22702096,-22.26989630,598.16
133.22701997,-22.26997496,594.79
133.22701913,-22.27004097,597.70
133.22701904,-22.27004855,598.33
133.22701889,-22.27006056,598.64
133.22701784,-22.27014382,594.84
133.22701729,-22.27018734,594.87
133.22701709,-22.27020359,594.86
133.22701697,-22.27021290,594.87
133.22701655,-22.27024640,594.89
133.22701633,-22.27026346,594.89
133.22701543,-22.27033471,594.96
133.22701479,-22.27038555,595.02
133.22701473,-22.27039042,598.60
133.22701465,-22.27039692,599.31
133.22701464,-22.27039783,596.11
133.22701443,-22.27041435,595.01
133.22701299,-22.27052813,594.98
133.22701262,-22.27055748,598.44
133.22701260,-22.27055982,598.39
133.22701233,-22.27058069,595.03
133.22701222,-22.27058953,595.02
133.22701205,-22.27060326,595.03
133.22701201,-22.27060642,595.08
133.22701159,-22.27063956,600.48
133.22701156,-22.27064182,600.31
133.22701066,-22.27071343,595.14
133.22701058,-22.27071947,599.98
133.22701039,-22.27073464,598.81
133.22701016,-22.27075270,595.20
133.22700976,-22.27078494,597.42
133.22700967,-22.27079198,596.94
133.22700954,-22.27080210,595.13
133.22700948,-22.27080724,597.58
133.22700939,-22.27081438,599.35
133.22700938,-22.27081501,595.15
133.22700853,-22.27088228,595.22
133.22700831,-22.27089944,595.27
133.22700822,-22.27090694,597.44
133.22700787,-22.27093502,595.27
133.22700771,-22.27094739,598.33
133.22700766,-22.27095163,596.65
133.22700739,-22.27097285,595.21
133.22700733,-22.27097728,599.19
133.22700694,-22.27100843,600.58
133.22700692,-22.27100979,600.07
133.22700677,-22.27102161,600.86
133.22700671,-22.27102649,595.32
133.22700614,-22.27107182,595.28
133.22700545,-22.27112663,595.26
133.22700539,-22.27113142,595.42
133.22700517,-22.27114912,595.31
133.22700512,-22.27115282,595.38
133.22700446,-22.27120555,595.41
133.22700424,-22.27122244,599.25
133.22700419,-22.27122705,597.93
133.22700407,-22.27123644,595.29
133.22700398,-22.27124330,595.39
133.22700349,-22.27128240,597.81
133.22700327,-22.27129947,596.55
133.22700313,-22.27131039,595.37
133.22700305,-22.27131734,595.45
133.22700297,-22.27132366,597.29
133.22700287,-22.27133179,595.37
133.22700268,-22.27134615,595.45
133.22700194,-22.27140494,596.78
133.22700181,-22.27141559,596.99
133.22700144,-22.27144467,598.80
133.22700142,-22.27144674,596.43
133.22700129,-22.27145713,595.52
133.22700125,-22.27146002,597.48
133.22700117,-22.27146607,599.12
133.22700065,-22.27150752,595.52
133.22700001,-22.27155826,595.55
133.22699998,-22.27156070,595.54
133.22699952,-22.27159727,595.57
133.22699938,-22.27160865,599.59
133.22699870,-22.27166247,595.59
133.22699810,-22.27171015,595.60
133.22699779,-22.27173408,595.61
133.22699779,-22.27173435,595.62
133.22699778,-22.27173516,599.00
133.22699776,-22.27173642,595.61
133.22699776,-22.27173715,598.90
133.22699771,-22.27174112,598.65
133.22699763,-22.27174735,598.42
133.22699737,-22.27176758,595.63
133.22699682,-22.27181137,595.59
133.22699590,-22.27188451,595.68
133.22699498,-22.27195711,595.73
133.22699493,-22.27196136,595.70
133.22699490,-22.27196361,595.70
133.22699487,-22.27196569,597.52
133.22699487,-22.27196633,598.75
133.22699446,-22.27199829,595.74
133.22699436,-22.27200651,595.69
133.22699395,-22.27203902,595.74
133.22699367,-22.27206159,595.79
133.22699348,-22.27207658,599.35
133.22699300,-22.27211405,595.75
133.22699244,-22.27215911,595.78
133.22699220,-22.27217753,595.85
133.22699181,-22.27220905,595.80
133.22699153,-22.27223135,596.75
133.22699116,-22.27226025,595.83
133.22699033,-22.27232653,599.52
133.22699030,-22.27232851,599.44
133.22699024,-22.27233312,595.85
133.22698983,-22.27236581,599.38
133.22698979,-22.27236897,596.92
133.22698959,-22.27238459,600.27
133.22698948,-22.27239389,601.15
133.22698938,-22.27240129,598.59
133.22698920,-22.27241574,595.87
133.22698917,-22.27241791,595.88
133.22698830,-22.27248744,597.48
133.22698822,-22.27249385,597.19
133.22698787,-22.27252130,595.94
133.22698785,-22.27252338,595.94
133.22698648,-22.27263174,595.99
133.22698645,-22.27263382,595.98
133.22698639,-22.27263851,598.93
133.22698564,-22.27269865,595.91
133.22698551,-22.27270831,596.04
133.22698549,-22.27271048,596.04
133.22698542,-22.27271581,595.91
133.22698514,-22.27273802,595.90
133.22698417,-22.27281487,596.08
133.22698414,-22.27281703,596.08
133.22698411,-22.27281929,596.08
133.22698409,-22.27282137,596.08
133.22698284,-22.27292051,600.15
133.22698275,-22.27292792,597.23
133.22698239,-22.27295592,596.15
133.22698236,-22.27295817,596.15
133.22698142,-22.27303312,596.08
133.22698089,-22.27307529,599.92
133.22698086,-22.27307782,599.80
133.22698083,-22.27308025,599.67
133.22698076,-22.27308513,600.43
133.22698074,-22.27308730,596.22
133.22698073,-22.27308757,596.12
133.22698071,-22.27308956,596.21
133.22698043,-22.27311159,599.97
133.22698036,-22.27311692,598.30
133.22698032,-22.27312008,596.10
133.22698004,-22.27314256,596.11
133.22697984,-22.27315837,596.15
133.22697970,-22.27316947,596.25
133.22697967,-22.27317173,596.26
133.22697929,-22.27320171,598.05
133.22697925,-22.27320514,596.24
133.22697898,-22.27322636,597.49
133.22697896,-22.27322826,597.70
133.22697895,-22.27322907,596.22
133.22697894,-22.27322943,599.17
133.22697893,-22.27323033,597.44
133.22697859,-22.27325751,596.29
133.22697853,-22.27326221,596.29
133.22697829,-22.27328108,599.47
133.22697822,-22.27328659,599.19
133.22697769,-22.27332912,596.21
133.22697737,-22.27335467,599.34
133.22697728,-22.27336118,598.52
133.22697725,-22.27336407,596.34
133.22697722,-22.27336651,596.35
133.22697711,-22.27337463,600.42
133.22697706,-22.27337860,596.26
133.22697663,-22.27341283,598.48
133.22697656,-22.27341879,600.39
133.22697624,-22.27344371,600.96
133.22697624,-22.27344407,597.20
133.22697623,-22.27344452,599.99
133.22697620,-22.27344687,601.34
133.22697619,-22.27344759,601.23
133.22697618,-22.27344886,597.97
133.22697599,-22.27346358,596.57
133.22697596,-22.27346628,596.49
133.22697572,-22.27348552,596.31
133.22697554,-22.27349942,596.34
133.22697520,-22.27352679,596.44
133.22697517,-22.27352922,596.46
133.22697482,-22.27355685,596.36
133.22697463,-22.27357175,599.26
133.22697458,-22.27357546,599.25
133.22697435,-22.27359424,596.47
133.22697432,-22.27359659,596.44
133.22697426,-22.27360119,597.91
133.22697422,-22.27360399,596.40
133.22697406,-22.27361718,596.47
133.22697394,-22.27362648,596.42
133.22697353,-22.27365898,596.41
133.22697336,-22.27367235,596.41
133.22697094,-22.27386405,596.51
133.22697094,-22.27386460,596.51
133.22697060,-22.27389114,596.54
133.22697047,-22.27390207,596.54
133.22697043,-22.27390478,596.55
133.22697019,-22.27392374,596.57
133.22696995,-22.27394333,596.58
133.22696985,-22.27395092,599.34
133.22696982,-22.27395300,596.58
133.22696980,-22.27395462,599.70
133.22696929,-22.27399544,600.59
133.22696856,-22.27405287,596.68
133.22696821,-22.27408095,596.70
133.22696813,-22.27408718,596.69
133.22696809,-22.27409080,601.04
133.22696803,-22.27409504,601.53
133.22696799,-22.27409856,601.16
133.22696794,-22.27410271,596.67
133.22696779,-22.27411454,600.53
133.22696778,-22.27411500,596.64
133.22696771,-22.27412077,601.05
133.22696746,-22.27414073,596.67
133.22696740,-22.27414543,596.72
133.22696731,-22.27415265,596.67
133.22696718,-22.27416267,596.70
133.22696718,-22.27416294,596.73
133.22696672,-22.27419943,596.75
133.22696662,-22.27420719,596.69
133.22696645,-22.27422019,596.68
133.22696635,-22.27422823,596.73
133.22696633,-22.27422985,600.85
133.22696626,-22.27423527,601.99
133.22696610,-22.27424827,597.72
133.22696604,-22.27425306,599.35
133.22696603,-22.27425378,596.79
133.22696592,-22.27426263,600.69
133.22696574,-22.27427708,601.17
133.22696562,-22.27428674,598.85
133.22696552,-22.27429415,600.95
133.22696545,-22.27429965,597.74
133.22696545,-22.27429984,600.14
133.22696536,-22.27430679,597.42
133.22696501,-22.27433496,596.80
133.22696443,-22.27438092,596.78
133.22696407,-22.27440973,600.72
133.22696399,-22.27441533,596.80
133.22696363,-22.27444459,596.85
133.22696308,-22.27448784,599.04
133.22696300,-22.27449461,596.85
133.22696271,-22.27451737,598.40
133.22696244,-22.27453904,596.88
133.22696238,-22.27454382,596.82
133.22696142,-22.27461968,596.96
133.22696070,-22.27467674,596.99
133.22696052,-22.27469083,597.00
133.22696029,-22.27470889,596.99
133.22696001,-22.27473138,597.02
133.22695949,-22.27477264,597.02
133.22695899,-22.27481256,597.07
133.22695889,-22.27482059,599.56
133.22695861,-22.27484208,597.07
133.22695831,-22.27486592,597.09
133.22695810,-22.27488254,601.04
133.22695808,-22.27488452,597.13
133.22695807,-22.27488515,600.52
133.22695806,-22.27488588,599.10
133.22695797,-22.27489337,598.09
133.22695788,-22.27490069,601.09
133.22695787,-22.27490087,597.12
133.22695745,-22.27493473,597.11
133.22695719,-22.27495532,597.10
133.22695690,-22.27497844,597.11
133.22695602,-22.27504806,600.48
133.22695540,-22.27509691,597.16
133.22695504,-22.27512553,597.18
133.22695479,-22.27514549,597.18
133.22695451,-22.27516743,597.24
133.22695432,-22.27518251,597.25
133.22695424,-22.27518910,598.48
133.22695414,-22.27519678,597.30
133.22695395,-22.27521222,600.28
133.22695351,-22.27524689,597.24
133.22695331,-22.27526306,597.30
133.22695283,-22.27530071,601.63
133.22695276,-22.27530676,600.94
133.22695259,-22.27531959,601.26
133.22695253,-22.27532500,597.28
133.22695232,-22.27534108,597.33
133.22695173,-22.27538794,597.37
133.22695170,-22.27539056,598.58
133.22695162,-22.27539670,600.18
133.22695162,-22.27539679,601.92
133.22695135,-22.27541837,601.94
133.22695134,-22.27541909,597.41
133.22695096,-22.27544916,597.37
133.22695078,-22.27546343,600.27
133.22695055,-22.27548149,599.31
133.22695042,-22.27549197,597.44
133.22695020,-22.27550966,597.39
133.22694991,-22.27553269,601.65
133.22694978,-22.27554253,597.48
133.22694904,-22.27560150,597.45
133.22694888,-22.27561414,597.46
133.22694846,-22.27564719,598.19
133.22694846,-22.27564728,598.15
133.22694798,-22.27568584,597.50
133.22694774,-22.27570444,600.48
133.22694754,-22.27572079,597.52
133.22694730,-22.27573921,597.55
133.22694729,-22.27574011,597.52
133.22694674,-22.27578436,601.31
133.22694634,-22.27581578,597.56
133.22694594,-22.27584747,597.60
133.22694591,-22.27584991,597.57
133.22694503,-22.27591962,597.71
133.22694497,-22.27592432,597.68
133.22694488,-22.27593136,600.66
133.22694480,-22.27593777,600.81
133.22694449,-22.27596243,597.69
133.22694440,-22.27596920,598.93
133.22694430,-22.27597732,603.58
133.22694428,-22.27597913,597.69
133.22694412,-22.27599204,603.13
133.22694402,-22.27599954,602.23
133.22694397,-22.27600360,597.70
133.22694345,-22.27604460,597.71
133.22694327,-22.27605923,602.15
133.22694301,-22.27607972,597.74
133.22694265,-22.27610799,597.80
133.22694257,-22.27611440,599.31
133.22694227,-22.27613869,600.01
133.22694212,-22.27615016,597.86
133.22694195,-22.27616406,597.82
133.22694179,-22.27617634,597.77
133.22694173,-22.27618122,597.77
133.22694089,-22.27624813,597.82
133.22694076,-22.27625788,600.07
133.22694075,-22.27625906,601.26
133.22694074,-22.27625987,597.81
133.22694008,-22.27631188,597.84
133.22693990,-22.27632651,597.85
133.22693974,-22.27633897,600.23
133.22693963,-22.27634809,597.86
133.22693958,-22.27635161,601.53
133.22693938,-22.27636742,601.11
133.22693904,-22.27639478,599.58
133.22693900,-22.27639803,599.20
133.22693876,-22.27641708,599.31
133.22693873,-22.27641925,597.96
133.22693863,-22.27642710,598.00
133.22693849,-22.27643821,602.29
133.22693838,-22.27644679,597.97
133.22693803,-22.27647505,601.65
133.22693745,-22.27652065,597.96
133.22693734,-22.27652941,598.01
133.22693732,-22.27653140,598.94
133.22693729,-22.27653366,602.02
133.22693717,-22.27654314,602.22
133.22693712,-22.27654675,599.25
133.22693705,-22.27655244,599.44
133.22693678,-22.27657366,598.02
133.22693656,-22.27659100,598.01
133.22693624,-22.27661664,598.02
133.22693594,-22.27664066,598.04
133.22693543,-22.27668085,598.03
133.22693490,-22.27672329,600.88
133.22693484,-22.27672798,598.25
133.22693478,-22.27673223,599.67
133.22693384,-22.27680681,598.14
133.22693219,-22.27693820,600.26
133.22693213,-22.27694307,598.24
133.22693117,-22.27701893,601.69
133.22692996,-22.27711500,602.06
133.22692977,-22.27712972,603.24
133.22692960,-22.27714345,598.37
133.22692936,-22.27716205,598.19
133.22692916,-22.27717848,598.18
133.22692911,-22.27718201,598.38
133.22692893,-22.27719672,598.20
133.22692869,-22.27721533,598.46
133.22692820,-22.27725479,598.21
133.22692796,-22.27727357,598.43
133.22692785,-22.27728196,598.26
133.22692749,-22.27731050,598.27
133.22692713,-22.27733967,598.52
133.22692628,-22.27740694,598.50
133.22692599,-22.27742951,598.59
133.22692578,-22.27744640,600.06
133.22692535,-22.27748008,601.24
133.22692527,-22.27748659,599.76
133.22692471,-22.27753128,598.40
133.22692430,-22.27756370,602.79
133.22692424,-22.27756840,601.62
133.22692417,-22.27757372,600.55
133.22692394,-22.27759251,601.56
133.22692378,-22.27760506,603.18
133.22692346,-22.27763052,598.45
133.22692309,-22.27765960,598.66
133.22692295,-22.27767089,601.70
133.22692276,-22.27768614,601.15
133.22692266,-22.27769409,598.67
133.22692170,-22.27777030,598.73
133.22692070,-22.27784886,598.60
133.22691985,-22.27791650,601.39
133.22691970,-22.27792878,598.64
133.22691960,-22.27793618,603.21
133.22691853,-22.27802106,598.68
133.22691784,-22.27807624,601.21
133.22691735,-22.27811488,600.47
133.22691694,-22.27814766,598.76
133.22691642,-22.27818893,598.79
133.22691576,-22.27824139,601.11
133.22691569,-22.27824618,598.96
133.22691567,-22.27824817,601.43
133.22691487,-22.27831192,598.92
133.22691476,-22.27832059,599.02
133.22691459,-22.27833404,599.88
133.22691447,-22.27834352,600.85
133.22691406,-22.27837603,600.11
133.22691348,-22.27842145,599.09
133.22691321,-22.27844348,603.71
133.22691305,-22.27845576,602.87
133.22691305,-22.27845631,599.61
133.22691304,-22.27845703,601.69
133.22691300,-22.27845992,602.34
133.22691292,-22.27846642,599.00
133.22691280,-22.27847554,599.12
133.22691265,-22.27848800,599.00
133.22691249,-22.27850037,599.01
133.22691228,-22.27851717,599.04
133.22691219,-22.27852385,602.61
133.22691212,-22.27852990,599.17
133.22691197,-22.27854155,599.05
133.22691196,-22.27854263,599.18
133.22691165,-22.27856656,599.10
133.22691131,-22.27859428,603.37
133.22691124,-22.27859970,603.18
133.22691105,-22.27861433,599.11
133.22691086,-22.27862950,601.86
133.22691049,-22.27865867,599.26
133.22691033,-22.27867131,599.27
133.22690993,-22.27870300,603.20
133.22690985,-22.27870978,605.02
133.22690970,-22.27872143,604.58
133.22690906,-22.27877217,599.34
133.22690861,-22.27880766,599.26
133.22690858,-22.27881055,599.38
133.22690846,-22.27882003,599.39
133.22690844,-22.27882175,601.00
133.22690802,-22.27885516,599.40
133.22690790,-22.27886401,599.40
133.22690780,-22.27887222,599.41
133.22690716,-22.27892279,599.42
133.22690648,-22.27897706,599.48
133.22690638,-22.27898465,599.49
133.22690636,-22.27898645,599.35
133.22690614,-22.27900388,599.52
133.22690609,-22.27900785,599.49
133.22690493,-22.27909960,599.55
133.22690461,-22.27912533,599.59
133.22690408,-22.27916750,599.58
133.22690299,-22.27925383,604.32
133.22690277,-22.27927153,599.64
133.22690255,-22.27928850,604.26
133.22690245,-22.27929636,602.95
133.22690228,-22.27930999,602.29
133.22690200,-22.27933212,599.76
133.22690190,-22.27934033,601.50
133.22690066,-22.27943831,599.76
133.22690035,-22.27946305,603.98
133.22690019,-22.27947542,602.33
133.22689996,-22.27949411,599.81
133.22689972,-22.27951335,599.82
133.22689970,-22.27951497,599.82
133.22689968,-22.27951597,606.92
133.22689884,-22.27958306,599.90
133.22689870,-22.27959380,599.86
133.22689862,-22.27959994,601.70
133.22689809,-22.27964212,599.89
133.22689800,-22.27964961,602.73
133.22689794,-22.27965448,601.78
133.22689787,-22.27965945,600.83
133.22689781,-22.27966460,599.97
133.22689759,-22.27968221,599.95
133.22689745,-22.27969277,599.96
133.22689725,-22.27970894,600.01
133.22689689,-22.27973738,600.03
133.22689689,-22.27973765,599.99
133.22689669,-22.27975363,600.11
133.22689641,-22.27977531,600.13
133.22689640,-22.27977621,600.08
133.22689604,-22.27980456,600.10
133.22689524,-22.27986804,600.12
133.22689518,-22.27987319,603.89
133.22689509,-22.27988032,603.89
133.22689463,-22.27991671,600.15
133.22689440,-22.27993486,600.14
133.22689372,-22.27998868,604.13
133.22689370,-22.27999058,603.78
133.22689276,-22.28006489,600.25
133.22689247,-22.28008801,600.30
133.22689218,-22.28011086,602.41
133.22689187,-22.28013551,605.80
133.22689164,-22.28015402,602.23
133.22689136,-22.28017569,603.32
133.22689130,-22.28018075,600.37
133.22689126,-22.28018364,604.95
133.22689078,-22.28022220,600.38
133.22689049,-22.28024468,605.41
133.22689044,-22.28024856,600.42
133.22689005,-22.28027972,600.45
133.22688913,-22.28035295,600.49
133.22688738,-22.28049156,600.62
133.22688728,-22.28049950,602.82
133.22688534,-22.28065319,602.68
133.22688485,-22.28069229,603.75
133.22688477,-22.28069880,602.65
133.22688443,-22.28072543,600.77
133.22688428,-22.28073726,600.81
133.22688421,-22.28074277,600.78
133.22688358,-22.28079252,600.83
133.22688338,-22.28080869,603.38
133.22688336,-22.28081040,601.98
133.22688325,-22.28081889,600.84
133.22688322,-22.28082151,600.87
133.22688288,-22.28084797,600.88
133.22688267,-22.28086513,600.89
133.22688245,-22.28088219,600.89
133.22688238,-22.28088797,600.93
133.22688227,-22.28089700,605.36
133.22688218,-22.28090350,603.56
133.22688161,-22.28094892,601.73
133.22688142,-22.28096418,603.91
133.22688132,-22.28097231,603.31
133.22688122,-22.28097981,600.98
133.22688051,-22.28103633,604.11
133.22687965,-22.28110442,601.09
133.22687809,-22.28122822,605.80
133.22687684,-22.28132746,601.27
133.22687678,-22.28133242,604.58
133.22687649,-22.28135509,601.18
133.22687648,-22.28135545,601.27
133.22687627,-22.28137252,604.92
133.22687604,-22.28139103,601.17
133.22687588,-22.28140322,601.21
133.22687528,-22.28145126,601.31
133.22687522,-22.28145604,601.36
133.22687500,-22.28147284,601.36
133.22687474,-22.28149415,601.29
133.22687452,-22.28151085,604.97
133.22687323,-22.28161352,603.76
133.22687304,-22.28162833,601.52
133.22687300,-22.28163149,603.13
133.22687276,-22.28165100,604.78
133.22687239,-22.28168044,601.46
133.22687216,-22.28169832,601.55
133.22687173,-22.28173254,601.56
133.22687139,-22.28175972,601.49
133.22687119,-22.28177543,601.58
133.22687050,-22.28182979,601.63
133.22687042,-22.28183629,601.55
133.22687019,-22.28185481,601.64
133.22686977,-22.28188794,606.10
133.22686967,-22.28189607,604.95
133.22686913,-22.28193860,604.47
133.22686903,-22.28194691,603.34
133.22686895,-22.28195323,604.53
133.22686888,-22.28195820,601.75
133.22686887,-22.28195892,603.73
133.22686879,-22.28196587,605.71
133.22686869,-22.28197319,601.77
133.22686800,-22.28202809,603.25
133.22686764,-22.28205644,601.81
133.22686760,-22.28206015,605.77
133.22686752,-22.28206665,603.06
133.22686706,-22.28210240,601.86
133.22686706,-22.28210286,601.77
133.22686680,-22.28212335,601.86
133.22686657,-22.28214123,601.79
133.22686653,-22.28214475,601.89
133.22686607,-22.28218142,601.82
133.22686565,-22.28221474,601.87
133.22686557,-22.28222079,601.97
133.22686540,-22.28223469,601.98
133.22686496,-22.28226891,603.35
133.22686476,-22.28228481,602.05
133.22686379,-22.28236201,605.28
133.22686273,-22.28244572,602.20
133.22686256,-22.28245954,602.08
133.22686221,-22.28248699,601.98
133.22686154,-22.28254044,602.05
133.22686051,-22.28262244,602.31
133.22686034,-22.28263517,602.21
133.22685843,-22.28278678,605.78
133.22685830,-22.28279726,602.35
133.22685738,-22.28286995,602.42
133.22685727,-22.28287898,604.06
133.22685688,-22.28291013,602.47
133.22685647,-22.28294201,602.55
133.22685639,-22.28294860,605.51
133.22685607,-22.28297397,602.52
133.22685605,-22.28297587,606.61
133.22685580,-22.28299546,606.96
133.22685568,-22.28300530,602.59
133.22685546,-22.28302282,602.56
133.22685492,-22.28306490,602.64
133.22685491,-22.28306571,603.85
133.22685476,-22.28307781,604.28
133.22685468,-22.28308413,607.12
133.22685463,-22.28308847,605.22
133.22685458,-22.28309190,606.40
133.22685404,-22.28313488,602.63
133.22685371,-22.28316125,602.65
133.22685363,-22.28316748,604.22
133.22685339,-22.28318654,602.69
133.22685335,-22.28318942,602.76
133.22685289,-22.28322645,607.71
133.22685280,-22.28323322,603.93
133.22685256,-22.28325200,602.77
133.22685203,-22.28329453,603.94
133.22685177,-22.28331476,602.86
133.22685128,-22.28335413,602.84
133.22685125,-22.28335594,604.09
133.22685120,-22.28335991,604.17
133.22685116,-22.28336352,603.00
133.22685099,-22.28337652,602.86
133.22685071,-22.28339928,602.99
133.22685045,-22.28341978,604.12
133.22685033,-22.28342881,602.93
133.22685031,-22.28343070,602.91
133.22685004,-22.28345183,602.89
133.22684973,-22.28347685,602.99
133.22684944,-22.28349942,602.99
133.22684909,-22.28352714,604.67
133.22684907,-22.28352895,604.45
133.22684906,-22.28352967,606.02
133.22684906,-22.28353003,603.02
133.22684902,-22.28353265,604.73
133.22684853,-22.28357202,605.79
133.22684791,-22.28362123,605.52
133.22684789,-22.28362250,607.02
133.22684752,-22.28365230,606.70
133.22684720,-22.28367722,603.18
133.22684699,-22.28369365,603.18
133.22684687,-22.28370377,603.20
133.22684674,-22.28371352,603.20
133.22684635,-22.28374449,603.21
133.22684627,-22.28375127,605.36
133.22684622,-22.28375515,603.22
133.22684512,-22.28384228,603.27
133.22684442,-22.28389737,606.58
133.22684437,-22.28390170,605.91
133.22684432,-22.28390595,604.80
133.22684428,-22.28390848,606.75
133.22684418,-22.28391687,603.82
133.22684415,-22.28391940,605.17
133.22684411,-22.28392247,603.36
133.22684398,-22.28393249,603.32
133.22684355,-22.28396645,604.21
133.22684284,-22.28402306,603.40
133.22684252,-22.28404862,605.48
133.22684234,-22.28406298,603.39
133.22684218,-22.28407562,603.42
133.22684208,-22.28408320,603.47
133.22684199,-22.28409061,606.61
133.22684186,-22.28410045,605.22
133.22684173,-22.28411129,605.69
133.22684153,-22.28412646,603.47
133.22684144,-22.28413404,605.47
133.22684111,-22.28416032,603.49
133.22684092,-22.28417540,604.56
133.22684048,-22.28420980,603.53
133.22684042,-22.28421495,605.50
133.22684033,-22.28422236,607.36
133.22684011,-22.28423933,603.56
133.22684001,-22.28424746,603.69
133.22683996,-22.28425107,606.54
133.22683989,-22.28425721,608.30
133.22683924,-22.28430850,603.63
133.22683907,-22.28432187,603.60
133.22683906,-22.28432286,605.74
133.22683861,-22.28435853,603.59
133.22683834,-22.28437956,603.62
133.22683830,-22.28438264,603.67
133.22683737,-22.28445632,603.70
133.22683727,-22.28446436,603.74
133.22683664,-22.28451429,603.76
133.22683645,-22.28452982,603.76
133.22683630,-22.28454165,605.04
133.22683627,-22.28454382,603.80
133.22683620,-22.28454969,603.81
133.22683555,-22.28460125,603.86
133.22683554,-22.28460197,603.82
133.22683531,-22.28462021,603.83
133.22683488,-22.28465380,603.90
133.22683475,-22.28466410,603.91
133.22683420,-22.28470807,603.98
133.22683419,-22.28470889,606.85
133.22683417,-22.28471006,603.95
133.22683384,-22.28473652,605.54
133.22683370,-22.28474717,603.92
133.22683343,-22.28476866,608.00
133.22683341,-22.28477092,604.03
133.22683337,-22.28477354,607.57
133.22683336,-22.28477417,605.10
133.22683286,-22.28481381,607.41
133.22683282,-22.28481761,607.24
133.22683278,-22.28482023,606.39
133.22683271,-22.28482618,604.90
133.22683231,-22.28485770,604.07
133.22683201,-22.28488145,604.09
133.22683156,-22.28491721,604.12
133.22683115,-22.28494972,606.17
133.22683111,-22.28495324,605.06
133.22683105,-22.28495748,604.16
133.22683046,-22.28500443,604.18
133.22682890,-22.28512806,604.31
133.22682873,-22.28514178,608.57
133.22682860,-22.28515171,608.11
133.22682798,-22.28520065,604.56
133.22682743,-22.28524490,604.38
133.22682684,-22.28529150,604.43
133.22682681,-22.28529366,604.44
133.22682593,-22.28536337,607.47
133.22682567,-22.28538378,604.55
133.22682545,-22.28540166,607.49
133.22682528,-22.28541466,606.65
133.22682508,-22.28543083,608.04
133.22682502,-22.28543534,606.80
133.22682437,-22.28548690,604.58
133.22682415,-22.28550442,604.76
133.22682362,-22.28554695,606.31
133.22682351,-22.28555535,605.82
133.22682249,-22.28563617,604.70
133.22682242,-22.28564213,604.75
133.22682179,-22.28569179,604.78
133.22682168,-22.28570028,604.75
133.22682029,-22.28581044,604.84
133.22681989,-22.28584232,604.88
133.22681945,-22.28587681,604.99
133.22681848,-22.28595447,604.96
133.22681727,-22.28604992,605.06
133.22681650,-22.28611087,605.09
133.22681619,-22.28613588,605.10
133.22681589,-22.28615963,606.60
133.22681585,-22.28616270,605.85
133.22681581,-22.28616568,605.12
133.22681538,-22.28619963,605.13
133.22681523,-22.28621200,605.02
133.22681506,-22.28622501,607.81
133.22681497,-22.28623214,610.27
133.22681474,-22.28625047,606.96
133.22681472,-22.28625237,605.21
133.22681446,-22.28627260,608.41
133.22681400,-22.28630908,605.86
133.22681373,-22.28633075,605.09
133.22681362,-22.28633896,607.90
133.22681360,-22.28634095,608.51
133.22681351,-22.28634827,606.45
133.22681348,-22.28635025,605.82
133.22681347,-22.28635106,605.43
133.22681346,-22.28635197,605.11
133.22681314,-22.28637734,605.24
133.22681291,-22.28639585,607.21
133.22681223,-22.28644985,605.30
133.22681191,-22.28647523,605.31
133.22681172,-22.28648976,605.16
133.22681146,-22.28651053,605.18
133.22681056,-22.28658223,605.19
133.22681008,-22.28662016,605.22
133.22680979,-22.28664318,605.23
133.22680952,-22.28666431,606.74
133.22680949,-22.28666684,605.29
133.22680926,-22.28668508,605.27
133.22680871,-22.28672824,605.32
133.22680821,-22.28676816,607.11
133.22680814,-22.28677357,605.36
133.22680755,-22.28682062,605.36
133.22680724,-22.28684527,605.43
133.22680713,-22.28685403,608.45
133.22680701,-22.28686297,605.40
133.22680595,-22.28694767,605.48
133.22680573,-22.28696510,606.70
133.22680568,-22.28696862,605.58
133.22680537,-22.28699336,605.46
133.22680483,-22.28703580,607.34
133.22680478,-22.28703987,605.67
133.22680462,-22.28705251,609.25
133.22680358,-22.28713522,605.56
133.22680347,-22.28714398,609.15
133.22680341,-22.28714868,607.64
133.22680312,-22.28717188,606.82
133.22680277,-22.28719942,605.59
133.22680275,-22.28720087,605.82
133.22680270,-22.28720484,608.57
133.22680262,-22.28721125,607.71
133.22680258,-22.28721459,607.13
133.22680247,-22.28722344,605.82
133.22680247,-22.28722353,607.52
133.22680224,-22.28724150,608.41
133.22680181,-22.28727519,609.02
133.22680153,-22.28729731,609.10
133.22680150,-22.28730011,608.47
133.22680149,-22.28730065,608.11
133.22680108,-22.28733298,605.65
133.22680072,-22.28736151,605.66
133.22680058,-22.28737262,605.87
133.22680057,-22.28737415,608.29
133.22680043,-22.28738490,607.77
133.22680027,-22.28739718,605.88
133.22680017,-22.28740576,605.70
133.22679981,-22.28743393,605.75
133.22679960,-22.28745055,609.87
133.22679957,-22.28745289,605.96
133.22679947,-22.28746120,608.24
133.22679930,-22.28747438,611.49
133.22679902,-22.28749642,605.95
133.22679835,-22.28754942,605.77
133.22679829,-22.28755448,610.47
133.22679803,-22.28757507,610.27
133.22679787,-22.28758771,605.78
133.22679756,-22.28761227,605.78
133.22679735,-22.28762880,609.20
133.22679699,-22.28765724,606.01
133.22679670,-22.28768018,609.67
133.22679668,-22.28768216,605.81
133.22679663,-22.28768569,608.77
133.22679637,-22.28770663,610.00
133.22679636,-22.28770772,605.81
133.22679600,-22.28773616,605.83
133.22679592,-22.28774230,610.80
133.22679584,-22.28774844,608.62
133.22679574,-22.28775675,605.85
133.22679533,-22.28778899,610.21
133.22679517,-22.28780199,605.88
133.22679512,-22.28780578,606.07
133.22679416,-22.28788199,606.23
133.22679379,-22.28791152,610.62
133.22679353,-22.28793202,610.17
133.22679308,-22.28796778,608.94
133.22679259,-22.28800597,611.13
133.22679146,-22.28809555,606.19
133.22679075,-22.28815208,609.49
133.22679046,-22.28817529,610.43
133.22679040,-22.28817980,609.83
133.22678974,-22.28823181,606.25
133.22678955,-22.28824725,606.80
133.22678930,-22.28826721,611.23
133.22678923,-22.28827263,606.28
133.22678888,-22.28830035,606.29
133.22678775,-22.28839029,606.30
133.22678765,-22.28839787,606.29
133.22678704,-22.28844645,610.35
133.22678699,-22.28845025,606.35
133.22678670,-22.28847282,606.36
133.22678667,-22.28847553,606.33
133.22678666,-22.28847625,609.12
133.22678634,-22.28850145,608.01
133.22678633,-22.28850253,607.64
133.22678626,-22.28850768,606.38
133.22678548,-22.28856989,606.39
133.22678546,-22.28857134,606.36
133.22678483,-22.28862118,606.36
133.22678477,-22.28862633,606.37
133.22678450,-22.28864764,607.29
133.22678449,-22.28864836,607.41
133.22678396,-22.28869035,606.37
133.22678372,-22.28870931,606.37
133.22678362,-22.28871708,609.14
133.22678356,-22.28872187,610.29
133.22678355,-22.28872304,609.89
133.22678346,-22.28872963,606.39
133.22678304,-22.28876331,606.43
133.22678272,-22.28878896,609.32
133.22678228,-22.28882381,609.56
133.22678199,-22.28884675,611.31
133.22678187,-22.28885614,606.40
133.22678179,-22.28886255,608.54
133.22678167,-22.28887167,610.51
133.22678162,-22.28887546,609.90
133.22678148,-22.28888702,606.45
133.22678104,-22.28892206,606.45
133.22678097,-22.28892721,606.47
133.22678051,-22.28896387,606.62
133.22678033,-22.28897786,609.04
133.22678027,-22.28898247,606.44
133.22678026,-22.28898391,609.15
133.22677953,-22.28904125,606.45
133.22677919,-22.28906870,608.25
133.22677881,-22.28909814,606.47
133.22677868,-22.28910853,606.53
133.22677844,-22.28912758,606.48
133.22677825,-22.28914266,609.70
133.22677759,-22.28919494,607.95
133.22677750,-22.28920208,606.50
133.22677747,-22.28920497,606.55
133.22677673,-22.28926366,606.52
133.22677623,-22.28930285,606.55
133.22677582,-22.28933572,609.36
133.22677538,-22.28936994,606.55
133.22677510,-22.28939224,609.45
133.22677476,-22.28941961,610.00
133.22677475,-22.28942033,606.63
133.22677472,-22.28942259,606.55
133.22677469,-22.28942502,606.55
133.22677467,-22.28942692,609.18
133.22677466,-22.28942764,606.57
133.22677464,-22.28942891,609.85
133.22677463,-22.28943008,606.58
133.22677461,-22.28943170,606.57
133.22677460,-22.28943252,606.57
133.22677456,-22.28943496,606.54
133.22677453,-22.28943748,606.56
133.22677356,-22.28951442,606.64
133.22677344,-22.28952426,609.27
133.22677310,-22.28955117,606.62
133.22677261,-22.28958964,606.62
133.22677168,-22.28966387,608.33
133.22677156,-22.28967271,610.38
133.22677148,-22.28967958,606.64
133.22677133,-22.28969168,608.21
133.22677101,-22.28971651,606.65
133.22677042,-22.28976328,609.82
133.22677036,-22.28976843,606.69
133.22676979,-22.28981331,610.06
133.22676976,-22.28981548,609.96
133.22676954,-22.28983345,608.91
133.22676948,-22.28983760,606.69
133.22676917,-22.28986234,606.68
133.22676885,-22.28988772,606.68
133.22676832,-22.28992961,606.67
133.22676829,-22.28993187,606.68
133.22676827,-22.28993413,606.67
133.22676824,-22.28993639,606.68
133.22676821,-22.28993873,606.68
133.22676818,-22.28994090,606.68
133.22676815,-22.28994316,606.67
133.22676797,-22.28995779,606.73
133.22676729,-22.29001161,606.72
133.22676705,-22.29003030,611.63
133.22676628,-22.29009116,608.40
133.22676623,-22.29009567,611.33
133.22676611,-22.29010479,606.75
133.22676606,-22.29010904,611.23
133.22676589,-22.29012249,612.06
133.22676581,-22.29012863,608.62
133.22676581,-22.29012881,611.26
133.22676578,-22.29013098,608.17
133.22676577,-22.29013197,606.78
133.22676540,-22.29016132,609.04
133.22676538,-22.29016304,607.79
133.22676492,-22.29019934,606.97
133.22676473,-22.29021406,610.65
133.22676463,-22.29022227,609.44
133.22676457,-22.29022670,606.80
133.22676357,-22.29030598,610.23
133.22676349,-22.29031257,610.14
133.22676346,-22.29031474,610.15
133.22676313,-22.29034120,606.88
133.22676302,-22.29035014,606.80
133.22676299,-22.29035230,606.80
133.22676296,-22.29035456,606.80
133.22676293,-22.29035682,606.80
133.22676290,-22.29035899,606.80
133.22676288,-22.29036124,606.80
133.22676285,-22.29036350,606.79
133.22676282,-22.29036567,606.80
133.22676265,-22.29037912,606.79
133.22676262,-22.29038129,606.80
133.22676260,-22.29038301,609.70
133.22675901,-22.29066745,608.14
133.22675800,-22.29074772,607.02
133.22675675,-22.29084642,606.86
133.22675651,-22.29086602,606.81
133.22675648,-22.29086800,606.89
133.22675645,-22.29087044,606.89
133.22675642,-22.29087270,606.89
133.22675639,-22.29087505,606.90
133.22675637,-22.29087676,606.82
133.22675636,-22.29087739,606.91
133.22675633,-22.29087974,606.91
133.22675564,-22.29093509,606.84
133.22675521,-22.29096841,606.85
133.22675472,-22.29100778,606.86
133.22675456,-22.29102043,606.84
133.22675437,-22.29103551,606.86
133.22675431,-22.29104002,609.77
133.22675369,-22.29108896,607.88
133.22675339,-22.29111271,606.88
133.22675312,-22.29113411,606.92
133.22675292,-22.29115019,609.41
133.22675223,-22.29120500,606.92
133.22675205,-22.29121936,606.90
133.22675084,-22.29131525,608.25
133.22675043,-22.29134749,606.95
133.22674932,-22.29143589,611.44
133.22674864,-22.29148953,610.55
133.22674827,-22.29151843,608.53
133.22674796,-22.29154353,607.04
133.22674768,-22.29156574,608.74
133.22674756,-22.29157540,606.92
133.22674668,-22.29164448,609.52
133.22674638,-22.29166850,609.34
133.22674627,-22.29167762,611.94
133.22674555,-22.29173451,606.93
133.22674545,-22.29174192,609.44
133.22674506,-22.29177343,606.94
133.22674474,-22.29179853,611.46
133.22674448,-22.29181885,611.32
133.22674445,-22.29182129,610.80
133.22674346,-22.29190030,609.30
133.22674339,-22.29190527,608.59
133.22674258,-22.29196956,606.88
133.22674229,-22.29199268,606.87
133.22674214,-22.29200469,610.84
133.22674207,-22.29201010,609.77
133.22674199,-22.29201615,608.65
133.22674188,-22.29202518,606.87
133.22674181,-22.29203096,606.95
133.22674142,-22.29206193,610.04
133.22674133,-22.29206889,609.08
133.22674113,-22.29208478,606.97
133.22674103,-22.29209264,609.74
133.22674100,-22.29209489,611.72
133.22674099,-22.29209598,609.22
133.22674096,-22.29209824,611.03
133.22674042,-22.29214077,606.84
133.22674034,-22.29214745,606.97
133.22674022,-22.29215702,610.13
133.22673991,-22.29218104,606.95
133.22673978,-22.29219142,608.90
133.22673977,-22.29219269,606.89
133.22673960,-22.29220587,606.95
133.22673958,-22.29220723,608.41
133.22673948,-22.29221508,606.84
133.22673929,-22.29223052,606.88
133.22673880,-22.29226935,606.86
133.22673852,-22.29229157,606.84
133.22673844,-22.29229761,606.94
133.22673807,-22.29232723,610.49
133.22673781,-22.29234782,611.07
133.22673768,-22.29235775,609.11
133.22673754,-22.29236868,606.87
133.22673690,-22.29241979,606.91
133.22673667,-22.29243767,608.15
133.22673659,-22.29244426,606.89
133.22673627,-22.29246982,606.90
133.22673564,-22.29251966,606.79
133.22673521,-22.29255361,606.79
133.22673489,-22.29257917,606.91
133.22673474,-22.29259082,609.19
133.22673449,-22.29261077,608.69
133.22673448,-22.29261168,606.91
133.22673438,-22.29261953,610.19
133.22673412,-22.29263976,610.72
133.22673410,-22.29264192,610.52
133.22673385,-22.29266125,611.24
133.22673375,-22.29266947,606.92
133.22673342,-22.29269538,606.92
133.22673223,-22.29278983,609.79
133.22673086,-22.29289846,609.93
133.22673077,-22.29290569,609.05
133.22673068,-22.29291291,608.12
133.22673055,-22.29292276,606.88
133.22673016,-22.29295400,606.91
133.22672845,-22.29308972,609.75
133.22672818,-22.29311112,610.09
133.22672816,-22.29311193,606.87
133.22672796,-22.29312791,607.95
133.22672786,-22.29313640,606.90
133.22672782,-22.29313965,606.88
133.22672774,-22.29314525,609.37
133.22672700,-22.29320422,606.86
133.22672677,-22.29322264,607.62
133.22672580,-22.29329966,606.89
133.22672433,-22.29341561,609.78
133.22672412,-22.29343258,606.85
133.22672368,-22.29346753,606.89
133.22672345,-22.29348577,606.88
133.22672340,-22.29348965,607.70
133.22672327,-22.29349940,610.81
133.22672281,-22.29353606,606.86
133.22672277,-22.29353914,611.57
133.22672241,-22.29356830,606.85
133.22672214,-22.29358943,609.23
133.22672211,-22.29359169,609.35
133.22672181,-22.29361571,611.24
133.22672136,-22.29365102,606.85
133.22672133,-22.29365354,606.83
133.22672107,-22.29367431,610.81
133.22672093,-22.29368488,606.87
133.22672081,-22.29369445,611.66
133.22672078,-22.29369680,606.96
133.22672075,-22.29369924,611.08
133.22672063,-22.29370926,609.80
133.22672036,-22.29373048,606.82
133.22672032,-22.29373337,606.83
133.22671989,-22.29376768,606.87
133.22671973,-22.29378060,610.58
133.22671903,-22.29383577,606.84
133.22671845,-22.29388146,606.84
133.22671786,-22.29392832,606.81
133.22671752,-22.29395577,610.07
133.22671746,-22.29396002,608.27
133.22671741,-22.29396408,610.43
133.22671725,-22.29397691,608.96
133.22671706,-22.29399189,606.82
133.22671627,-22.29405411,606.78
133.22671392,-22.29424058,607.95
133.22671360,-22.29426604,606.81
133.22671337,-22.29428446,608.87
133.22671324,-22.29429449,606.74
133.22671314,-22.29430279,610.91
133.22671311,-22.29430487,610.95
133.22671300,-22.29431372,606.74
133.22671294,-22.29431842,610.09
133.22671253,-22.29435092,608.89
133.22671250,-22.29435291,608.97
133.22671223,-22.29437467,606.81
133.22671200,-22.29439246,608.41
133.22671176,-22.29441187,610.44
133.22671172,-22.29441522,606.76
133.22671132,-22.29444655,606.77
133.22671126,-22.29445143,606.75
133.22671100,-22.29447201,606.93
133.22671090,-22.29447969,608.33
133.22671081,-22.29448736,606.75
133.22671066,-22.29449865,610.50
133.22670965,-22.29457875,606.76
133.22670913,-22.29462029,606.74
133.22670854,-22.29466679,610.77
133.22670846,-22.29467302,611.01
133.22670825,-22.29469027,609.91
133.22670821,-22.29469343,611.76
133.22670787,-22.29471979,610.28
133.22670773,-22.29473144,607.82
133.22670691,-22.29479637,606.70
133.22670653,-22.29482644,606.70
133.22670626,-22.29484766,607.62
133.22670617,-22.29485506,609.32
133.22670596,-22.29487122,606.67
133.22670551,-22.29490689,606.67
133.22670531,-22.29492252,611.79
133.22670522,-22.29492983,606.71
133.22670513,-22.29493723,611.87
133.22670511,-22.29493877,609.80
133.22670497,-22.29494988,606.65
133.22670458,-22.29498103,606.64
133.22670449,-22.29498771,610.34
133.22670443,-22.29499232,606.67
133.22670276,-22.29512478,606.59
133.22670203,-22.29518294,608.33
133.22670125,-22.29524479,609.25
133.22670112,-22.29525500,610.02
133.22670093,-22.29526990,609.15
133.22670078,-22.29528209,606.60
133.22670074,-22.29528525,606.37
133.22670058,-22.29529717,608.49
133.22670025,-22.29532344,606.56
133.22670004,-22.29534069,606.54
133.22669942,-22.29538963,609.57
133.22669847,-22.29546512,606.52
133.22669818,-22.29548806,608.66
133.22669770,-22.29552580,609.42
133.22669708,-22.29557456,606.23
133.22669677,-22.29559931,609.63
133.22669675,-22.29560111,606.25
133.22669645,-22.29562459,606.46
133.22669630,-22.29563660,609.60
133.22669560,-22.29569240,607.43
133.22669556,-22.29569493,610.45
133.22669509,-22.29573259,606.41
133.22669481,-22.29575489,606.17
133.22669475,-22.29575914,606.40
133.22669436,-22.29579011,611.38
133.22669418,-22.29580492,606.38
133.22669415,-22.29580735,606.15
133.22669412,-22.29580943,610.30
133.22669411,-22.29581042,611.34
133.22669384,-22.29583192,606.14
133.22669366,-22.29584564,610.34
133.22669350,-22.29585828,606.42
133.22669342,-22.29586469,612.67
133.22669334,-22.29587102,610.01
133.22669327,-22.29587643,612.20
133.22669318,-22.29588375,610.50
133.22669296,-22.29590145,606.35
133.22669294,-22.29590262,609.49
133.22669293,-22.29590352,606.15
133.22669261,-22.29592890,610.04
133.22669261,-22.29592899,606.33
133.22669258,-22.29593133,606.10
133.22669240,-22.29594533,606.32
133.22669235,-22.29594939,609.29
133.22669220,-22.29596131,606.31
133.22669219,-22.29596249,609.60
133.22669201,-22.29597666,611.17
133.22669175,-22.29599725,606.40
133.22669163,-22.29600682,606.33
133.22669141,-22.29602371,606.29
133.22669141,-22.29602398,610.07
133.22669128,-22.29603473,607.84
133.22669113,-22.29604656,607.79
133.22669087,-22.29606696,606.28
133.22669061,-22.29608719,606.03
133.22669004,-22.29613243,606.02
133.22668982,-22.29615004,606.04
133.22668923,-22.29619645,606.29
133.22668886,-22.29622643,606.28
133.22668827,-22.29627312,606.27
133.22668823,-22.29627583,608.93
133.22668793,-22.29629984,606.23
133.22668792,-22.29630021,605.96
133.22668789,-22.29630282,608.97
133.22668579,-22.29646943,605.90
133.22668559,-22.29648514,609.46
133.22668555,-22.29648866,606.71
133.22668521,-22.29651548,605.90
133.22668508,-22.29652586,608.01
133.22668395,-22.29661472,609.22
133.22668389,-22.29661968,607.17
133.22668386,-22.29662221,606.13
133.22668372,-22.29663359,607.70
133.22668350,-22.29665093,606.14
133.22668346,-22.29665418,608.87
133.22668339,-22.29665942,611.09
133.22668271,-22.29671368,605.90
133.22668253,-22.29672741,609.68
133.22668245,-22.29673400,608.86
133.22668219,-22.29675450,606.96
133.22668212,-22.29676037,605.82
133.22668200,-22.29676931,609.98
133.22668148,-22.29681103,606.81
133.22668079,-22.29686575,605.73
133.22668071,-22.29687198,607.28
133.22668059,-22.29688092,608.27
133.22668033,-22.29690151,610.69
133.22668032,-22.29690232,606.14
133.22667926,-22.29698675,608.50
133.22667890,-22.29701483,605.97
133.22667887,-22.29701781,605.68
133.22667786,-22.29709755,605.93
133.22667756,-22.29712093,605.92
133.22667673,-22.29718739,605.65
133.22667638,-22.29721493,605.93
133.22667544,-22.29728925,605.66
133.22667523,-22.29730568,605.90
133.22667375,-22.29742343,610.53
133.22667370,-22.29742669,609.45
133.22667354,-22.29744014,605.86
133.22667338,-22.29745206,605.87
133.22667318,-22.29746831,608.40
133.22667299,-22.29748294,605.85
133.22667292,-22.29748872,605.83
133.22667256,-22.29751771,605.84
133.22667232,-22.29753613,610.42
133.22667227,-22.29754055,608.97
133.22667226,-22.29754136,607.10
133.22667213,-22.29755148,605.93
133.22667198,-22.29756313,608.46
133.22667176,-22.29758073,609.14
133.22667157,-22.29759563,608.64
133.22667153,-22.29759870,608.40
133.22667108,-22.29763455,605.80
133.22667086,-22.29765207,605.79
133.22667074,-22.29766191,608.02
133.22667072,-22.29766345,608.51
133.22667068,-22.29766652,606.88
133.22667067,-22.29766724,608.05
133.22667043,-22.29768638,605.78
133.22666980,-22.29773623,605.79
133.22666902,-22.29779763,605.74
133.22666893,-22.29780522,605.75
133.22666867,-22.29782581,608.61
133.22666862,-22.29782942,607.48
133.22666861,-22.29783005,605.72
133.22666854,-22.29783610,605.75
133.22666785,-22.29789046,605.76
133.22666781,-22.29789389,607.59
133.22666765,-22.29790653,609.20
133.22666761,-22.29790969,605.72
133.22666760,-22.29791015,609.16
133.22666753,-22.29791601,608.45
133.22666737,-22.29792830,605.70
133.22666726,-22.29793742,605.68
133.22666709,-22.29795051,606.63
133.22666707,-22.29795195,605.74
133.22666697,-22.29795990,607.67
133.22666677,-22.29797579,605.71
133.22666668,-22.29798356,608.16
133.22666663,-22.29798753,605.73
133.22666617,-22.29802365,605.68
133.22666570,-22.29806076,605.74
133.22666543,-22.29808253,607.13
133.22666527,-22.29809490,605.67
133.22666462,-22.29814601,606.92
133.22666449,-22.29815648,605.67
133.22666418,-22.29818140,605.66
133.22666399,-22.29819648,608.11
133.22666398,-22.29819703,605.72
133.22666188,-22.29836381,605.63
133.22666136,-22.29840462,605.65
133.22666036,-22.29848408,606.87
133.22666024,-22.29849357,605.66
133.22666013,-22.29850178,608.05
133.22665883,-22.29860527,605.55
133.22665879,-22.29860825,607.20
133.22665870,-22.29861502,610.13
133.22665857,-22.29862522,606.39
133.22665846,-22.29863443,605.57
133.22665831,-22.29864581,608.40
133.22665812,-22.29866107,605.55
133.22665777,-22.29868861,605.54
133.22665762,-22.29870080,605.60
133.22665754,-22.29870739,608.26
133.22665733,-22.29872356,609.77
133.22665723,-22.29873196,607.76
133.22665717,-22.29873683,608.22
133.22665708,-22.29874397,605.52
133.22665693,-22.29875561,610.81
133.22665692,-22.29875670,609.78
133.22665689,-22.29875841,605.64
133.22665680,-22.29876609,610.54
133.22665664,-22.29877873,605.54
133.22665644,-22.29879417,605.50
133.22665638,-22.29879932,605.54
133.22665610,-22.29882153,605.48
133.22665572,-22.29885142,605.48
133.22665517,-22.29889476,607.82
133.22665512,-22.29889865,608.27
133.22665501,-22.29890741,605.46
133.22665471,-22.29893134,610.01
133.22665461,-22.29893946,605.51
133.22665456,-22.29894326,609.65
133.22665454,-22.29894515,609.38
133.22665444,-22.29895247,605.53
133.22665418,-22.29897314,605.52
133.22665404,-22.29898461,606.89
133.22665375,-22.29900710,609.05
133.22665374,-22.29900845,605.46
133.22665310,-22.29905920,605.51
133.22665286,-22.29907780,607.70
133.22665245,-22.29911004,607.92
133.22665199,-22.29914643,605.44
133.22665142,-22.29919185,609.80
133.22665137,-22.29919555,609.39
133.22665134,-22.29919853,605.52
133.22665133,-22.29919925,605.47
133.22665127,-22.29920368,607.95
133.22665124,-22.29920648,608.09
133.22665122,-22.29920774,607.20
133.22665096,-22.29922860,605.53
133.22665094,-22.29922995,605.46
133.22665061,-22.29925587,605.48
133.22665054,-22.29926138,605.42
133.22665037,-22.29927546,605.46
133.22665014,-22.29929352,605.41
133.22664910,-22.29937570,605.39
133.22664845,-22.29942726,605.39
133.22664782,-22.29947683,605.42
133.22664755,-22.29949841,605.38
133.22664701,-22.29954094,607.01
133.22664633,-22.29959512,605.32
133.22664619,-22.29960605,605.36
133.22664604,-22.29961806,606.55
133.22664600,-22.29962140,606.13
133.22664593,-22.29962655,605.30
133.22664578,-22.29963847,605.34
133.22664482,-22.29971477,605.34
133.22664431,-22.29975486,605.35
133.22664378,-22.29979730,605.34
133.22664356,-22.29981419,605.34
133.22664351,-22.29981861,605.30
133.22664304,-22.29985563,605.36
133.22664301,-22.29985798,607.30
133.22664234,-22.29991144,605.33
133.22664173,-22.29995921,607.08
133.22664160,-22.29996959,605.36
133.22664138,-22.29998747,610.15
133.22664130,-22.29999361,605.34
133.22664110,-22.30000959,608.86
133.22664083,-22.30003109,605.38
133.22663986,-22.30010775,610.65
133.22663970,-22.30012066,605.43
133.22663960,-22.30012798,609.91
133.22663934,-22.30014884,610.05
133.22663898,-22.30017701,605.39
133.22663877,-22.30019408,605.38
133.22663819,-22.30023986,605.36
133.22663808,-22.30024871,605.31
133.22663791,-22.30026234,605.34
133.22663752,-22.30029331,609.24
133.22663739,-22.30030352,609.68
133.22663719,-22.30031878,605.32
133.22663705,-22.30032997,611.20
133.22663685,-22.30034614,605.46
133.22663667,-22.30035995,610.29
133.22663642,-22.30037982,606.96
133.22663640,-22.30038181,608.90
133.22663629,-22.30039011,605.39
133.22663627,-22.30039210,605.33
133.22663609,-22.30040610,605.31
133.22663592,-22.30041973,605.40
133.22663588,-22.30042280,605.33
133.22663522,-22.30047481,605.35
133.22663509,-22.30048556,606.10
133.22663488,-22.30050217,605.30
133.22663478,-22.30050967,605.34
133.22663437,-22.30054209,605.34
133.22663364,-22.30060051,605.31
133.22663261,-22.30068196,608.92
133.22663258,-22.30068431,605.24
133.22663192,-22.30073632,605.21
133.22663059,-22.30084215,605.18
133.22663005,-22.30088450,605.21
133.22662948,-22.30093010,607.75
133.22662898,-22.30096956,605.18
133.22662839,-22.30101625,605.12
133.22662833,-22.30102103,605.17
133.22662809,-22.30103990,605.16
133.22662806,-22.30104225,605.11
133.22662780,-22.30106248,605.10
133.22662749,-22.30108749,605.14
133.22662731,-22.30110194,610.29
133.22662687,-22.30113634,605.09
133.22662659,-22.30115838,605.08
133.22662597,-22.30120759,606.11
133.22662589,-22.30121436,605.07
133.22662587,-22.30121572,605.12
133.22662559,-22.30123793,605.12
133.22662523,-22.30126610,611.62
133.22662521,-22.30126791,611.70
133.22662503,-22.30128227,612.10
133.22662499,-22.30128570,608.55
133.22662494,-22.30128904,608.05
133.22662491,-22.30129184,605.07
133.22662490,-22.30129238,610.32
133.22662485,-22.30129608,609.73
133.22662469,-22.30130927,605.08
133.22662447,-22.30132633,605.04
133.22662423,-22.30134575,605.06
133.22662399,-22.30136453,605.01
133.22662393,-22.30136941,605.07
133.22662360,-22.30139586,605.21
133.22662308,-22.30143641,605.05
133.22662281,-22.30145817,610.41
133.22662278,-22.30146070,607.57
133.22662277,-22.30146160,609.90
133.22662274,-22.30146332,609.60
133.22662274,-22.30146377,605.05
133.22662236,-22.30149348,605.05
133.22662235,-22.30149456,607.87
133.22662187,-22.30153267,605.04
133.22662160,-22.30155407,605.02
133.22662124,-22.30158224,605.04
133.22662111,-22.30159253,605.03
133.22662082,-22.30161529,605.05
133.22662012,-22.30167091,609.26
133.22661984,-22.30169313,609.95
133.22661978,-22.30169809,605.05
133.22661944,-22.30172455,605.06
133.22661933,-22.30173340,607.70
133.22661858,-22.30179336,608.58
133.22661829,-22.30181620,605.08
133.22661827,-22.30181783,608.19
133.22661821,-22.30182207,607.59
133.22661800,-22.30183896,605.03
133.22661760,-22.30187102,605.05
133.22661708,-22.30191165,605.02
133.22661668,-22.30194353,605.01
133.22661609,-22.30199030,605.14
133.22661548,-22.30203870,607.26
133.22661508,-22.30207030,608.51
133.22661505,-22.30207283,608.14
133.22661500,-22.30207645,605.01
133.22661459,-22.30210940,605.02
133.22661433,-22.30212990,605.10
133.22661406,-22.30215103,605.09
133.22661390,-22.30216394,605.04
133.22661337,-22.30220593,605.00
133.22661308,-22.30222896,605.02
133.22661286,-22.30224603,605.01
133.22661260,-22.30226689,607.96
133.22661248,-22.30227655,606.29
133.22661212,-22.30230445,605.00
133.22661173,-22.30233524,605.02
133.22661147,-22.30235592,605.01
133.22661105,-22.30238951,605.02
133.22661042,-22.30243945,609.28
133.22661012,-22.30246338,608.55
133.22660955,-22.30250825,605.02
133.22660896,-22.30255512,608.59
133.22660878,-22.30256893,606.08
133.22660843,-22.30259720,608.14
133.22660819,-22.30261625,605.07
133.22660808,-22.30262501,608.62
133.22660789,-22.30263991,605.02
133.22660768,-22.30265607,605.02
133.22660764,-22.30265969,607.17
133.22660687,-22.30272010,605.06
133.22660664,-22.30273888,605.03
133.22660661,-22.30274132,605.01
133.22660640,-22.30275730,605.02
133.22660607,-22.30278394,607.53
133.22660592,-22.30279586,606.87
133.22660583,-22.30280317,605.02
133.22660580,-22.30280516,608.22
133.22660576,-22.30280805,605.05
133.22660575,-22.30280913,605.02
133.22660542,-22.30283496,607.64
133.22660538,-22.30283821,609.43
133.22660529,-22.30284543,609.89
133.22660519,-22.30285320,606.55
133.22660518,-22.30285428,605.02
133.22660509,-22.30286159,610.10
133.22660468,-22.30289419,605.05
133.22660453,-22.30290584,608.91
133.22660436,-22.30291929,605.15
133.22660421,-22.30293121,605.02
133.22660418,-22.30293311,610.25
133.22660381,-22.30296255,605.03
133.22660379,-22.30296471,605.10
133.22660368,-22.30297302,608.96
133.22660366,-22.30297483,605.02
133.22660360,-22.30297916,605.03
133.22660335,-22.30299903,605.06
133.22660329,-22.30300390,605.02
133.22660325,-22.30300725,605.03
133.22660290,-22.30303470,605.07
133.22660285,-22.30303903,605.03
133.22660246,-22.30306991,605.06
133.22660226,-22.30308553,609.59
133.22660224,-22.30308680,609.17
133.22660221,-22.30308924,605.12
133.22660218,-22.30309149,605.04
133.22660216,-22.30309330,607.03
133.22660212,-22.30309691,611.12
133.22660153,-22.30314351,606.73
133.22660122,-22.30316798,608.97
133.22660105,-22.30318152,608.52
133.22660100,-22.30318559,609.80
133.22660046,-22.30322821,606.08
133.22660029,-22.30324175,605.11
133.22660023,-22.30324600,605.16
133.22660017,-22.30325132,607.07
133.22660010,-22.30325656,605.11
133.22660006,-22.30325954,611.23
133.22659967,-22.30329024,605.07
133.22659957,-22.30329855,608.83
133.22659951,-22.30330343,606.58
133.22659913,-22.30333322,605.15
133.22659897,-22.30334587,605.13
133.22659883,-22.30335724,605.11
133.22659851,-22.30338280,605.13
133.22659839,-22.30339201,605.13
133.22659769,-22.30344754,605.13
133.22659754,-22.30345946,605.15
133.22659715,-22.30349043,605.21
133.22659698,-22.30350362,609.43
133.22659694,-22.30350669,608.95
133.22659688,-22.30351138,605.21
133.22659674,-22.30352240,606.76
133.22659660,-22.30353360,607.78
133.22659659,-22.30353477,606.92
133.22659656,-22.30353721,605.17
133.22659635,-22.30355319,605.17
133.22659620,-22.30356520,605.21
133.22659599,-22.30358227,605.23
133.22659583,-22.30359473,605.18
133.22659534,-22.30363383,605.17
133.22659519,-22.30364539,605.18
133.22659505,-22.30365677,605.25
133.22659481,-22.30367582,605.18
133.22659477,-22.30367871,605.24
133.22659469,-22.30368485,605.23
133.22659456,-22.30369550,605.24
133.22659432,-22.30371410,605.20
133.22659417,-22.30372593,605.18
133.22659374,-22.30376043,605.27
133.22659355,-22.30377524,605.17
133.22659350,-22.30377939,605.24
133.22659322,-22.30380160,609.10
133.22659319,-22.30380386,609.05
133.22659306,-22.30381379,605.25
133.22659297,-22.30382147,608.87
133.22659291,-22.30382580,608.26
133.22659254,-22.30385533,609.97
133.22659224,-22.30387863,605.24
133.22659209,-22.30389118,605.25
133.22659186,-22.30390915,605.24
133.22659165,-22.30392540,605.21
133.22659155,-22.30393353,605.26
133.22659132,-22.30395150,606.91
133.22659088,-22.30398645,608.18
133.22659040,-22.30402473,605.22
133.22659034,-22.30402970,605.26
133.22659001,-22.30405525,605.26
133.22658995,-22.30406067,608.73
133.22658979,-22.30407304,605.25
133.22658957,-22.30409083,605.23
133.22658858,-22.30416912,607.71
133.22658850,-22.30417508,608.71
133.22658843,-22.30418095,608.37
133.22658798,-22.30421626,605.24
133.22658778,-22.30423224,608.91
133.22658739,-22.30426294,609.31
133.22658727,-22.30427287,608.79
133.22658706,-22.30428922,607.71
133.22658692,-22.30430005,609.06
133.22658538,-22.30442196,605.31
133.22658498,-22.30445392,605.34
133.22658488,-22.30446214,605.34
133.22658443,-22.30449745,606.48
133.22658436,-22.30450341,606.06
133.22658379,-22.30454792,605.31
133.22658350,-22.30457131,605.33
133.22658244,-22.30465511,605.33
133.22658208,-22.30468373,605.37
133.22658197,-22.30469231,605.36
133.22658195,-22.30469403,605.37
133.22658171,-22.30471290,605.37
133.22658138,-22.30473918,605.40
133.22658121,-22.30475236,609.46
133.22658089,-22.30477801,605.44
133.22658042,-22.30481539,608.91
133.22658041,-22.30481566,605.44
133.22658009,-22.30484131,605.43
133.22658000,-22.30484826,608.40
133.22657982,-22.30486271,609.70
133.22657940,-22.30489612,605.42
133.22657899,-22.30492817,609.24
133.22657898,-22.30492908,605.46
133.22657877,-22.30494569,609.92
133.22657867,-22.30495355,605.47
133.22657844,-22.30497143,605.45
133.22657798,-22.30500791,607.25
133.22657787,-22.30501721,605.45
133.22657718,-22.30507175,605.43
133.22657716,-22.30507319,605.49
133.22657713,-22.30507545,605.48
133.22657672,-22.30510787,606.98
133.22657648,-22.30512665,605.44
133.22657640,-22.30513369,606.29
133.22657599,-22.30516584,605.47
133.22657596,-22.30516810,605.46
133.22657554,-22.30520169,605.43
133.22657497,-22.30524630,609.09
133.22657487,-22.30525478,608.90
133.22657473,-22.30526589,605.52
133.22657434,-22.30529668,605.49
133.22657394,-22.30532820,605.46
133.22657379,-22.30534021,606.75
133.22657371,-22.30534626,606.53
133.22657324,-22.30538355,605.51
133.22657285,-22.30541443,605.47
133.22657277,-22.30542075,607.87
133.22657231,-22.30545687,609.07
133.22657226,-22.30546094,608.92
133.22657174,-22.30550265,605.39
133.22657166,-22.30550879,605.49
133.22657125,-22.30554076,605.47
133.22657063,-22.30559060,605.47
133.22657062,-22.30559133,605.52
133.22657059,-22.30559349,605.52
133.22656998,-22.30564135,605.54
133.22656996,-22.30564343,606.79
133.22656957,-22.30567422,605.48
133.22656939,-22.30568813,605.53
133.22656937,-22.30569020,605.53
133.22656921,-22.30570267,608.47
133.22656920,-22.30570357,608.54
133.22656916,-22.30570673,605.52
133.22656904,-22.30571603,607.63
133.22656900,-22.30571964,610.38
133.22656870,-22.30574339,609.04
133.22656865,-22.30574709,610.69
133.22656860,-22.30575107,605.50
133.22656827,-22.30577671,610.97
133.22656796,-22.30580154,609.40
133.22656776,-22.30581725,605.53
133.22656774,-22.30581933,605.52
133.22656760,-22.30583026,605.48
133.22656743,-22.30584380,606.74
133.22656717,-22.30586394,605.50
133.22656670,-22.30590114,609.07
133.22656660,-22.30590927,608.91
133.22656620,-22.30594069,605.53
133.22656618,-22.30594277,605.53
133.22656587,-22.30596679,605.49
133.22656539,-22.30600499,605.51
133.22656516,-22.30602296,608.57
133.22656504,-22.30603280,610.09
133.22656499,-22.30603686,605.54
133.22656481,-22.30605077,605.48
133.22656421,-22.30609854,609.43
133.22656371,-22.30613791,605.56
133.22656342,-22.30616147,605.62
133.22656300,-22.30619434,605.50
133.22656373,-22.30621304,605.53
133.22656565,-22.30623817,605.57
133.22656884,-22.30623884,605.57
133.22658514,-22.30623938,605.59
133.22659756,-22.30623951,609.96
133.22706557,-22.30623957,605.92
133.22720795,-22.30623960,605.98
133.22760122,-22.30623965,606.26
133.22791801,-22.30623968,609.53
133.22832060,-22.30623974,606.49
133.22841271,-22.30623976,606.71
133.22872998,-22.30623979,611.82
133.22893069,-22.30623981,606.66
133.22923205,-22.30623985,609.30
133.22961746,-22.30623991,606.75
133.22975965,-22.30623992,610.39
133.23023649,-22.30623998,606.74
133.23058744,-22.30624002,610.41
133.23082921,-22.30624004,609.17
133.23124830,-22.30624009,610.25
133.23130702,-22.30624010,610.25
133.23164963,-22.30624013,607.00
133.23210890,-22.30624017,608.11
133.23216810,-22.30624019,606.89
133.23245257,-22.30624022,610.80
133.23266212,-22.30624024,606.97
133.23293009,-22.30624027,606.92
133.23333986,-22.30624031,606.80
133.23364889,-22.30624034,606.71
133.23399227,-22.30624037,606.69
133.23434352,-22.30624040,608.90
133.23455957,-22.30624041,606.62
133.23494585,-22.30624046,608.89
133.23517160,-22.30624048,606.41
133.23564000,-22.30624052,609.64
133.23584848,-22.30624053,606.23
133.23604851,-22.30624053,606.16
133.23635676,-22.30624054,606.13
133.23653534,-22.30624059,606.04
133.23700325,-22.30624062,607.26
133.23706993,-22.30624062,608.71
133.23747048,-22.30624064,606.67
133.23767285,-22.30624067,607.25
133.23778961,-22.30624068,609.57
133.23823277,-22.30624071,605.73
133.23860837,-22.30624072,605.57
133.23904484,-22.30624077,609.02
133.23948819,-22.30624079,605.47
133.23996435,-22.30624081,608.21
133.24010702,-22.30624083,609.90
133.24039907,-22.30624083,610.69
133.24060027,-22.30624085,605.13
133.24094297,-22.30624086,605.13
133.24138691,-22.30624089,607.73
133.24187210,-22.30624091,604.91
133.24233185,-22.30624093,604.77
133.24246608,-22.30624094,606.42
133.24284189,-22.30624095,608.32
133.24303445,-22.30624096,604.73
133.24347819,-22.30624098,604.57
133.24386254,-22.30624099,610.10
133.24407189,-22.30624099,604.42
133.24427260,-22.30624100,604.41
133.24456581,-22.30624101,607.72
133.24497568,-22.30624102,604.39
133.24541030,-22.30624103,607.70
133.24548600,-22.30624104,604.23
133.24566993,-22.30624104,604.19
133.24579513,-22.30624104,604.10
133.24628022,-22.30624105,606.35
133.24659799,-22.30624105,604.85
133.24701649,-22.30624106,607.40
133.24736697,-22.30624105,603.81
133.24752614,-22.30624106,605.94
133.24795280,-22.30624106,605.10
133.24817953,-22.30624107,607.95
133.24846391,-22.30624107,603.50
133.24872305,-22.30624107,604.43
133.24917436,-22.30624107,603.40
133.24954201,-22.30624106,603.29
133.24975146,-22.30624107,610.50
133.24994422,-22.30624107,603.18
133.25011184,-22.30624107,603.15
133.25056286,-22.30624106,603.06
133.25078910,-22.30624106,603.28
133.25112336,-22.30624106,602.99
133.25146598,-22.30624105,603.00
133.25179267,-22.30624105,602.84
133.25215237,-22.30624104,602.73
133.25235318,-22.30624104,602.69
133.25265435,-22.30624103,604.13
133.25307315,-22.30624103,606.15
133.25349127,-22.30624102,602.56
133.25379244,-22.30624101,602.53
133.25392618,-22.30624100,602.60
133.25424366,-22.30624099,602.47
133.25466217,-22.30624098,605.86
133.25506350,-22.30624096,604.53
133.25533147,-22.30624095,606.89
133.25552161,-22.30624092,602.19
133.25589101,-22.30624092,602.14
133.25609270,-22.30624092,602.09
133.25623459,-22.30624091,605.66
133.25665320,-22.30624090,606.57
133.25693729,-22.30624088,601.82
133.25726389,-22.30624087,601.73
133.25741461,-22.30624086,605.25
133.25778256,-22.30624084,601.50
133.25805849,-22.30624083,601.52
133.25839305,-22.30624081,604.28
133.25868548,-22.30624079,604.59
133.25895220,-22.30624076,601.44
133.25932975,-22.30624075,601.32
133.25942953,-22.30624073,604.21
133.25972914,-22.30624070,601.25
133.26008185,-22.30624069,603.23
133.26022501,-22.30624069,601.11
133.26051812,-22.30624067,601.01
133.26087734,-22.30624064,602.63
133.26112871,-22.30624063,600.87
133.26124499,-22.30624061,600.84
133.26146172,-22.30624059,600.78
133.26177259,-22.30624058,600.69
133.26215694,-22.30624054,604.33
133.26232475,-22.30624053,600.47
133.26263447,-22.30624051,600.35
133.26311092,-22.30624047,600.14
133.26321982,-22.30624046,600.07
133.26356282,-22.30624043,600.03
133.26391436,-22.30624040,602.81
133.26401462,-22.30624039,604.84
133.26443285,-22.30624035,600.48
133.26485107,-22.30624031,599.37
133.26522610,-22.30624026,602.29
133.26540284,-22.30624025,604.41
133.26581242,-22.30624021,603.27
133.26608040,-22.30624018,603.28
133.26621444,-22.30624017,598.73
133.26640710,-22.30624015,604.82
133.26674078,-22.30624010,600.20
133.26719336,-22.30624006,603.66
133.26738554,-22.30624004,602.51
133.26777862,-22.30623999,598.10
133.26797128,-22.30623997,599.79
133.26819626,-22.30623994,597.90
133.26850568,-22.30623990,597.78
133.26869048,-22.30623989,600.07
133.26887353,-22.30623985,599.80
133.26929185,-22.30623980,602.31
133.26936707,-22.30623979,597.43
133.26947568,-22.30623978,597.34
133.26963417,-22.30623975,597.29
133.27008704,-22.30623971,597.14
133.27051429,-22.30623966,601.33
133.27088234,-22.30623961,600.24
133.27108295,-22.30623958,596.97
133.27122505,-22.30623956,596.81
133.27146721,-22.30623952,600.82
133.27191775,-22.30623945,599.00
133.27216224,-22.30623943,602.03
133.27247060,-22.30623938,596.46
133.27275624,-22.30623935,596.42
133.27281467,-22.30623934,596.38
133.27297219,-22.30623930,596.40
133.27334887,-22.30623925,599.50
133.27365917,-22.30623921,597.84
133.27382708,-22.30623919,597.66
133.27417794,-22.30623913,599.46
133.27439555,-22.30623910,596.38
133.27442855,-22.30623909,596.42
133.27456501,-22.30623900,598.15
133.27456996,-22.30623879,598.68
133.27457182,-22.30622264,596.37
133.27457185,-22.30622011,598.67
133.27457188,-22.30621740,601.29
133.27457189,-22.30617667,599.43
133.27457190,-22.30595477,596.28
133.27457191,-22.30575654,597.55
133.27457192,-22.30569305,596.14
133.27457192,-22.30526605,595.92
133.27457192,-22.30499718,595.77
133.27457192,-22.30472923,600.21
133.27457191,-22.30457199,595.54
133.27457194,-22.30420613,598.32
133.27457193,-22.30390593,598.11
133.27457194,-22.30372404,595.33
133.27457194,-22.30348724,597.43
133.27457194,-22.30318713,595.08
133.27457195,-22.30285442,595.06
133.27457195,-22.30258601,594.97
133.27457196,-22.30221347,599.28
133.27457196,-22.30196854,595.00
133.27457196,-22.30188148,595.02
133.27457196,-22.30149422,595.07
133.27457196,-22.30138340,597.88
133.27457196,-22.30129742,595.12
133.27457196,-22.30092533,595.19
133.27457197,-22.30076674,598.44
133.27457196,-22.30045914,595.28
133.27457198,-22.30028438,597.68
133.27457197,-22.29993740,595.43
133.27457197,-22.29978730,599.80
133.27457196,-22.29944836,595.63
133.27457198,-22.29920912,595.66
133.27457198,-22.29886990,595.71
133.27457199,-22.29845807,599.68
133.27457196,-22.29828630,600.28
133.27457199,-22.29797580,599.02
133.27457199,-22.29787303,601.83
133.27457200,-22.29755675,602.18
133.27457200,-22.29712189,596.27
133.27457200,-22.29699546,596.23
133.27457200,-22.29665534,596.29
133.27457201,-22.29632325,596.34
133.27457201,-22.29592795,598.99
133.27457201,-22.29558775,601.41
133.27457201,-22.29556426,598.74
133.27457201,-22.29521683,596.51
133.27457202,-22.29486813,596.59
133.27457201,-22.29456883,596.63
133.27457202,-22.29429898,596.65
133.27457202,-22.29420397,600.11
133.27457202,-22.29406191,596.61
133.27457201,-22.29379431,596.61
133.27457202,-22.29360321,597.66
133.27457203,-22.29316835,596.58
133.27457202,-22.29302692,596.60
133.27457200,-22.29280719,596.61
133.27457202,-22.29253652,599.28
133.27457204,-22.29212451,597.55
133.27457203,-22.29193512,596.51
133.27457203,-22.29181636,596.59
133.27457202,-22.29150099,596.51
133.27457203,-22.29132650,598.08
133.27457204,-22.29116791,598.62
133.27457204,-22.29077280,596.64
133.27457204,-22.29069368,596.78
133.27457202,-22.29033144,598.36
133.27457202,-22.29011766,596.76
133.27457202,-22.28995989,597.95
133.27457205,-22.28959430,599.60
133.27457205,-22.28934946,596.90
133.27457205,-22.28893845,601.12
133.27457205,-22.28870878,598.75
133.27457205,-22.28870083,599.44
133.27457201,-22.28851434,596.65
133.27457205,-22.28821874,602.37
133.27457204,-22.28790301,596.79
133.27457205,-22.28748341,596.40
133.27457205,-22.28717526,601.24
133.27457205,-22.28682711,596.47
133.27457205,-22.28659780,599.11
133.27457205,-22.28635287,596.24
133.27457205,-22.28606811,596.52
133.27457205,-22.28584685,597.08
133.27457205,-22.28540377,596.45
133.27457205,-22.28501669,599.76
133.27457205,-22.28461317,600.74
133.27457206,-22.28439163,596.36
133.27457206,-22.28410696,596.39
133.27457205,-22.28372783,596.38
133.27457205,-22.28364917,597.55
133.27457205,-22.28342004,596.40
133.27457205,-22.28319029,596.37
133.27457206,-22.28309501,596.90
133.27457206,-22.28297634,599.53
133.27457206,-22.28264407,599.93
133.27457205,-22.28227352,596.53
133.27457205,-22.28208350,596.54
133.27457205,-22.28181418,596.58
133.27457206,-22.28167185,599.75
133.27457205,-22.28131620,596.66
133.27457205,-22.28102340,596.61
133.27457203,-22.28077260,599.54
133.27457203,-22.28044070,596.70
133.27457205,-22.28011458,596.74
133.27457206,-22.28001126,596.81
133.27457205,-22.27969571,599.65
133.27457205,-22.27937898,596.93
133.27457205,-22.27918110,598.43
133.27457205,-22.27895162,599.68
133.27457206,-22.27850890,597.37
133.27457204,-22.27811468,597.18
133.27457205,-22.27787662,597.42
133.27457205,-22.27750480,597.54
133.27457205,-22.27733113,601.53
133.27457205,-22.27691162,597.77
133.27457205,-22.27668286,597.90
133.27457205,-22.27644542,597.96
133.27457204,-22.27599548,598.01
133.27457204,-22.27571055,602.10
133.27457204,-22.27550490,598.14
133.27457204,-22.27542597,602.94
133.27457203,-22.27520479,598.17
133.27457205,-22.27496664,598.15
133.27457205,-22.27455535,598.13
133.27457204,-22.27413675,600.59
133.27457203,-22.27398692,598.29
133.27457204,-22.27353581,598.39
133.27457204,-22.27338561,598.42
133.27457203,-22.27316444,598.38
133.27457203,-22.27283985,598.48
133.27457201,-22.27257225,598.50
133.27457202,-22.27235821,598.49
133.27457203,-22.27193816,601.04
133.27457202,-22.27174914,598.53
133.27457203,-22.27142455,600.66
133.27457203,-22.27101317,598.59
133.27457202,-22.27064199,603.96
133.27457201,-22.27053126,604.21
133.27457200,-22.27019232,598.42
133.27457201,-22.27001765,598.41
133.27457201,-22.26973244,598.44
133.27457201,-22.26931321,602.42
133.27457201,-22.26917900,598.32
133.27457201,-22.26879173,601.19
133.27457200,-22.26849100,598.41
133.27457201,-22.26816668,598.52
133.27457201,-22.26786630,602.81
133.27457200,-22.26760547,598.46
133.27457199,-22.26722624,598.38
133.27457199,-22.26700471,598.34
133.27457199,-22.26675192,599.67
133.27457199,-22.26643519,601.94
133.27457199,-22.26625348,598.39
133.27457199,-22.26622964,599.81
133.27457198,-22.26601677,598.28
133.27457198,-22.26574809,600.68
133.27457198,-22.26539929,602.64
133.27457198,-22.26500418,598.16
133.27457197,-22.26476692,598.14
133.27457198,-22.26441073,598.15
133.27457197,-22.26427679,605.40
133.27457196,-22.26388926,598.09
133.27457196,-22.26371541,602.94
133.27457196,-22.26327233,598.02
133.27457196,-22.26320893,598.06
133.27457195,-22.26278238,599.05
133.27457195,-22.26249780,597.85
133.27457192,-22.26216788,598.96
133.27457191,-22.26213736,601.84
133.27457188,-22.26213167,600.70
133.27456965,-22.26213146,597.75
133.27456296,-22.26213085,601.84
133.27456093,-22.26213074,601.87
133.27455549,-22.26213059,601.76
133.27455161,-22.26213055,597.96
133.27454531,-22.26213049,602.31
133.27454142,-22.26213045,601.45
133.27453007,-22.26213032,601.85
133.27451678,-22.26213018,597.83
133.27450650,-22.26213007,597.83
133.27448409,-22.26212983,597.76
133.27445780,-22.26212956,600.92
133.27445285,-22.26212950,600.99
133.27443849,-22.26212935,602.61
133.27443529,-22.26212932,597.77
133.27442423,-22.26212920,597.83
133.27439076,-22.26212884,597.85
133.27438339,-22.26212877,601.90
133.27438251,-22.26212875,597.85
     </coordinates>
    </LineString>
   </MultiGeometry>
  </Placemark>
 </Document>
</kml>
