<kml>
 <Document>
  <Style id="yellow">
   <LineStyle>
   <color>ff00ffff</color>
   <width>1</width>
   </LineStyle>
  </Style>
  <Style id="red">
   <LineStyle>
   <color>ffff0000</color>
   <width>2</width>
   </LineStyle>
  </Style>
  <Style id="green">
   <LineStyle>
   <color>ff00ff00</color>
   <width>1</width>
   </LineStyle>
  </Style>
  <Placemark>
  <styleUrl>#yellow</styleUrl>
   <MultiGeometry>
    <LineString>
     <coordinates>
140.61491274,-33.98095339,41.44
140.61491275,-33.98095068,41.57
140.61491284,-33.98093291,43.66
140.61491286,-33.98092696,42.22
140.61491292,-33.98091379,43.06
140.61491303,-33.98088981,41.51
140.61491310,-33.98087384,41.50
140.61491315,-33.98086428,45.86
140.61491315,-33.98086229,41.51
140.61491319,-33.98085463,41.55
140.61491322,-33.98084733,44.91
140.61491332,-33.98082523,43.61
140.61491335,-33.98081846,41.62
140.61491352,-33.98078086,41.66
140.61491358,-33.98076733,46.50
140.61491361,-33.98076201,43.31
140.61491370,-33.98074154,41.74
140.61491372,-33.98073675,41.72
140.61491374,-33.98073188,41.81
140.61491410,-33.98065378,41.91
140.61491428,-33.98061203,42.09
140.61491435,-33.98059678,42.26
140.61491454,-33.98055467,42.14
140.61491458,-33.98054529,42.17
140.61491485,-33.98048684,45.63
140.61491492,-33.98047025,42.62
140.61491495,-33.98046457,42.41
140.61491498,-33.98045690,42.46
140.61491562,-33.98031702,42.74
140.61491563,-33.98031450,42.80
140.61491568,-33.98030286,42.89
140.61491568,-33.98030232,42.95
140.61491579,-33.98027671,42.84
140.61491583,-33.98026868,42.80
140.61489591,-33.98026853,43.24
140.61489428,-33.98026852,43.92
140.61488974,-33.98026851,42.81
140.61485910,-33.98026841,43.83
140.61485391,-33.98026840,42.75
140.61480995,-33.98026826,42.73
140.61480919,-33.98026826,42.74
140.61480031,-33.98026823,45.27
140.61478906,-33.98026819,42.69
140.61478170,-33.98026817,42.72
140.61471176,-33.98026795,42.55
140.61462353,-33.98026767,47.56
140.61451495,-33.98026734,42.44
140.61448128,-33.98026723,45.64
140.61445238,-33.98026714,46.27
140.61442249,-33.98026705,42.33
140.61439857,-33.98026697,42.29
140.61429897,-33.98026666,45.42
140.61428349,-33.98026661,42.33
140.61425534,-33.98026652,42.12
140.61425404,-33.98026652,43.33
140.61424712,-33.98026649,42.15
140.61424484,-33.98026649,43.09
140.61422611,-33.98026643,42.00
140.61420674,-33.98026637,42.00
140.61418909,-33.98026631,42.18
140.61416830,-33.98026625,42.03
140.61416137,-33.98026623,41.99
140.61412922,-33.98026613,41.95
140.61412825,-33.98026612,41.97
140.61411601,-33.98026608,41.92
140.61404608,-33.98026586,41.96
140.61403948,-33.98026585,44.84
140.61402302,-33.98026579,43.32
140.61401230,-33.98026576,44.23
140.61397051,-33.98026563,44.40
140.61394464,-33.98026555,41.79
140.61388272,-33.98026535,41.67
140.61386323,-33.98026529,41.68
140.61385392,-33.98026526,41.63
140.61384969,-33.98026525,41.66
140.61382057,-33.98026516,45.19
140.61380445,-33.98026511,41.71
140.61377219,-33.98026500,43.95
140.61372910,-33.98026487,41.84
140.61371838,-33.98026484,41.49
140.61363383,-33.98026457,41.40
140.61362669,-33.98026455,47.09
140.61359984,-33.98026446,41.50
140.61358912,-33.98026443,44.51
140.61358489,-33.98026442,44.52
140.61356617,-33.98026436,41.37
140.61355783,-33.98026433,41.40
140.61355664,-33.98026433,41.32
140.61354820,-33.98026430,42.29
140.61353012,-33.98026424,44.84
140.61352037,-33.98026421,43.60
140.61350413,-33.98026416,41.29
140.61348151,-33.98026409,41.26
140.61336535,-33.98026373,41.05
140.61335041,-33.98026368,41.03
140.61334889,-33.98026368,42.61
140.61332183,-33.98026359,40.95
140.61328718,-33.98026348,40.94
140.61325849,-33.98026339,41.04
140.61325525,-33.98026338,42.32
140.61325298,-33.98026338,44.33
140.61324843,-33.98026336,40.93
140.61322645,-33.98026329,40.86
140.61321454,-33.98026325,40.82
140.61319040,-33.98026318,44.33
140.61318553,-33.98026316,44.02
140.61317243,-33.98026312,40.69
140.61316453,-33.98026310,40.66
140.61312653,-33.98026298,40.66
140.61310921,-33.98026292,40.69
140.61310423,-33.98026291,40.64
140.61310152,-33.98026290,40.67
140.61309946,-33.98026289,40.69
140.61304783,-33.98026273,40.67
140.61299954,-33.98026258,40.60
140.61296739,-33.98026248,40.53
140.61296403,-33.98026247,40.53
140.61294931,-33.98026242,40.55
140.61293761,-33.98026238,40.49
140.61291153,-33.98026230,40.46
140.61286736,-33.98026216,40.34
140.61283477,-33.98026206,40.36
140.61283109,-33.98026205,40.36
140.61281864,-33.98026201,43.01
140.61281074,-33.98026198,42.98
140.61278162,-33.98026189,42.98
140.61277750,-33.98026188,40.35
140.61276072,-33.98026183,40.32
140.61275379,-33.98026180,40.30
140.61274816,-33.98026179,40.33
140.61271395,-33.98026168,41.76
140.61270226,-33.98026164,42.73
140.61266643,-33.98026153,40.29
140.61265420,-33.98026149,40.20
140.61262399,-33.98026140,40.18
140.61261641,-33.98026137,40.21
140.61258632,-33.98026128,40.13
140.61256683,-33.98026122,41.91
140.61256315,-33.98026120,41.92
140.61256185,-33.98026120,40.16
140.61254973,-33.98026116,40.12
140.61254788,-33.98026116,42.33
140.61252428,-33.98026108,42.62
140.61251671,-33.98026106,42.46
140.61251151,-33.98026104,41.83
140.61250957,-33.98026104,39.99
140.61250805,-33.98026103,41.35
140.61245197,-33.98026085,39.96
140.61243400,-33.98026080,39.98
140.61242761,-33.98026078,41.65
140.61242393,-33.98026076,41.69
140.61242231,-33.98026076,40.02
140.61242154,-33.98026076,40.00
140.61242025,-33.98026075,41.78
140.61240823,-33.98026072,40.03
140.61240260,-33.98026070,39.96
140.61239232,-33.98026067,42.90
140.61238571,-33.98026065,42.30
140.61236785,-33.98026059,39.90
140.61235627,-33.98026055,39.88
140.61228384,-33.98026032,41.89
140.61226696,-33.98026027,39.89
140.61226598,-33.98026027,39.86
140.61225710,-33.98026024,39.89
140.61222960,-33.98026015,41.34
140.61222095,-33.98026013,41.26
140.61220969,-33.98026009,39.76
140.61217482,-33.98025998,39.73
140.61214365,-33.98025988,39.70
140.61214051,-33.98025987,39.78
140.61213683,-33.98025986,39.67
140.61212513,-33.98025983,39.66
140.61209223,-33.98025972,40.08
140.61208108,-33.98025968,39.65
140.61203398,-33.98025954,39.54
140.61201027,-33.98025946,39.58
140.61199490,-33.98025942,39.55
140.61194900,-33.98025927,39.52
140.61193460,-33.98025922,39.43
140.61193124,-33.98025921,39.43
140.61192973,-33.98025921,39.42
140.61190104,-33.98025912,39.40
140.61188729,-33.98025907,39.44
140.61184734,-33.98025895,41.12
140.61184485,-33.98025894,43.20
140.61177892,-33.98025873,39.31
140.61173443,-33.98025859,39.19
140.61171235,-33.98025852,39.19
140.61169351,-33.98025846,39.12
140.61167608,-33.98025841,39.09
140.61164122,-33.98025830,39.08
140.61160874,-33.98025819,42.59
140.61159521,-33.98025815,43.36
140.61159218,-33.98025814,43.36
140.61158287,-33.98025812,43.24
140.61155591,-33.98025803,39.08
140.61151228,-33.98025789,39.00
140.61151152,-33.98025789,38.97
140.61150806,-33.98025788,38.97
140.61148793,-33.98025781,38.96
140.61143044,-33.98025763,38.86
140.61142319,-33.98025761,38.83
140.61140251,-33.98025755,40.74
140.61139970,-33.98025753,42.11
140.61138400,-33.98025749,43.37
140.61137371,-33.98025745,38.76
140.61137025,-33.98025744,38.76
140.61134112,-33.98025735,38.76
140.61132543,-33.98025730,38.96
140.61129447,-33.98025720,38.62
140.61129187,-33.98025720,38.60
140.61127465,-33.98025714,38.63
140.61124899,-33.98025706,38.62
140.61121457,-33.98025695,38.52
140.61112580,-33.98025667,38.38
140.61111194,-33.98025663,38.45
140.61110501,-33.98025660,38.42
140.61108000,-33.98025653,38.32
140.61107492,-33.98025651,38.40
140.61105154,-33.98025644,38.31
140.61100076,-33.98025628,38.28
140.61099307,-33.98025625,40.48
140.61097326,-33.98025619,38.36
140.61094598,-33.98025610,39.62
140.61092498,-33.98025604,38.32
140.61091881,-33.98025601,41.61
140.61088113,-33.98025590,38.19
140.61085266,-33.98025581,40.88
140.61083491,-33.98025575,38.21
140.61081618,-33.98025569,41.49
140.61079269,-33.98025562,37.98
140.61077255,-33.98025555,38.00
140.61074830,-33.98025548,37.89
140.61065812,-33.98025519,37.88
140.61065390,-33.98025518,37.83
140.61061406,-33.98025505,37.83
140.61060518,-33.98025502,37.80
140.61059728,-33.98025500,41.12
140.61059663,-33.98025500,37.86
140.61058992,-33.98025498,37.80
140.61058407,-33.98025496,37.78
140.61057703,-33.98025493,37.81
140.61055235,-33.98025486,37.79
140.61053947,-33.98025482,37.73
140.61052107,-33.98025476,37.76
140.61047885,-33.98025463,37.70
140.61043695,-33.98025449,37.58
140.61043370,-33.98025448,37.63
140.61042742,-33.98025446,37.61
140.61039483,-33.98025436,37.65
140.61039148,-33.98025435,37.61
140.61038639,-33.98025433,38.67
140.61037622,-33.98025430,37.58
140.61036507,-33.98025426,39.71
140.61035586,-33.98025423,37.49
140.61034872,-33.98025421,37.50
140.61032252,-33.98025413,37.44
140.61030682,-33.98025408,40.37
140.61030303,-33.98025407,40.42
140.61029860,-33.98025406,37.54
140.61028506,-33.98025401,40.84
140.61027705,-33.98025398,41.04
140.61027229,-33.98025397,41.06
140.61027045,-33.98025397,41.15
140.61026514,-33.98025395,37.47
140.61026049,-33.98025393,37.48
140.61025031,-33.98025390,41.21
140.61023613,-33.98025385,37.44
140.61018243,-33.98025369,37.23
140.61017713,-33.98025367,37.24
140.61014227,-33.98025356,37.20
140.61013545,-33.98025354,37.22
140.61013242,-33.98025353,37.25
140.61012289,-33.98025350,37.23
140.61009550,-33.98025341,37.10
140.61008554,-33.98025338,40.13
140.61008197,-33.98025337,39.87
140.61007958,-33.98025336,37.14
140.61007590,-33.98025335,37.18
140.61006053,-33.98025330,37.13
140.61004256,-33.98025324,37.14
140.61004105,-33.98025324,41.19
140.61003758,-33.98025323,41.29
140.61003357,-33.98025321,37.18
140.61000435,-33.98025312,39.77
140.60998854,-33.98025307,36.99
140.60996072,-33.98025298,36.94
140.60994957,-33.98025295,36.93
140.60993993,-33.98025292,36.92
140.60993906,-33.98025292,36.99
140.60993733,-33.98025291,36.94
140.60989122,-33.98025276,36.85
140.60988093,-33.98025273,39.15
140.60987054,-33.98025270,36.84
140.60982345,-33.98025255,36.95
140.60980569,-33.98025249,37.94
140.60980147,-33.98025248,36.85
140.60977765,-33.98025240,40.60
140.60977635,-33.98025240,36.77
140.60977311,-33.98025239,36.76
140.60975979,-33.98025235,36.73
140.60975243,-33.98025232,36.72
140.60975232,-33.98025232,36.77
140.60974431,-33.98025230,36.73
140.60974323,-33.98025229,39.96
140.60972569,-33.98025224,36.76
140.60971984,-33.98025222,36.76
140.60971952,-33.98025222,36.71
140.60965966,-33.98025203,38.50
140.60964612,-33.98025198,36.66
140.60962068,-33.98025191,39.60
140.60958420,-33.98025179,36.53
140.60957240,-33.98025175,36.55
140.60954879,-33.98025168,36.53
140.60954251,-33.98025166,40.19
140.60954165,-33.98025165,40.08
140.60953093,-33.98025162,40.19
140.60952877,-33.98025162,36.59
140.60950885,-33.98025155,36.59
140.60948925,-33.98025149,36.50
140.60946110,-33.98025140,36.49
140.60942051,-33.98025127,38.28
140.60941304,-33.98025125,36.40
140.60940156,-33.98025121,38.53
140.60938976,-33.98025117,36.37
140.60938132,-33.98025115,36.35
140.60937634,-33.98025113,36.35
140.60934917,-33.98025104,39.43
140.60934170,-33.98025102,36.39
140.60933953,-33.98025101,39.05
140.60933759,-33.98025101,36.40
140.60932124,-33.98025096,39.44
140.60928767,-33.98025085,36.41
140.60922153,-33.98025064,38.15
140.60917758,-33.98025050,36.07
140.60914878,-33.98025041,36.08
140.60911836,-33.98025031,36.25
140.60910732,-33.98025027,36.04
140.60907484,-33.98025017,36.07
140.60904431,-33.98025008,39.93
140.60903197,-33.98025004,36.33
140.60902071,-33.98025000,36.05
140.60900588,-33.98024995,37.09
140.60900458,-33.98024995,38.94
140.60896388,-33.98024982,35.99
140.60894027,-33.98024974,35.95
140.60888723,-33.98024958,38.03
140.60888560,-33.98024957,35.80
140.60888192,-33.98024956,35.76
140.60887499,-33.98024954,35.75
140.60883960,-33.98024942,38.01
140.60882974,-33.98024939,38.02
140.60880321,-33.98024931,35.77
140.60876100,-33.98024918,35.81
140.60874075,-33.98024911,35.71
140.60871715,-33.98024903,35.77
140.60871325,-33.98024902,38.83
140.60871011,-33.98024901,37.16
140.60869225,-33.98024896,35.59
140.60868034,-33.98024892,35.58
140.60865707,-33.98024884,35.56
140.60865111,-33.98024882,35.54
140.60860651,-33.98024868,35.55
140.60857609,-33.98024859,35.51
140.60856093,-33.98024854,35.49
140.60853452,-33.98024846,35.49
140.60850897,-33.98024837,35.58
140.60849132,-33.98024832,39.93
140.60848071,-33.98024828,35.60
140.60848028,-33.98024828,39.66
140.60847444,-33.98024826,35.64
140.60845625,-33.98024821,39.17
140.60845441,-33.98024820,35.65
140.60844943,-33.98024818,39.04
140.60844391,-33.98024817,35.62
140.60842518,-33.98024811,38.61
140.60842150,-33.98024809,38.54
140.60838718,-33.98024799,35.45
140.60836196,-33.98024790,35.46
140.60833023,-33.98024780,38.46
140.60830967,-33.98024774,38.11
140.60830902,-33.98024774,35.47
140.60823908,-33.98024751,35.55
140.60823377,-33.98024750,36.86
140.60821472,-33.98024744,38.47
140.60821126,-33.98024742,38.41
140.60821071,-33.98024742,38.46
140.60819686,-33.98024738,35.48
140.60816850,-33.98024729,36.85
140.60815497,-33.98024725,35.49
140.60813851,-33.98024719,39.95
140.60813754,-33.98024719,35.70
140.60810257,-33.98024708,35.55
140.60807139,-33.98024698,35.51
140.60806836,-33.98024697,35.48
140.60803328,-33.98024686,35.46
140.60800091,-33.98024676,35.53
140.60798651,-33.98024671,35.49
140.60796551,-33.98024664,37.69
140.60795522,-33.98024661,35.53
140.60794841,-33.98024659,35.58
140.60794495,-33.98024658,38.86
140.60791972,-33.98024650,39.29
140.60790922,-33.98024646,39.11
140.60788811,-33.98024640,35.67
140.60788454,-33.98024638,35.62
140.60787414,-33.98024635,35.66
140.60786927,-33.98024634,35.62
140.60784567,-33.98024626,39.46
140.60783333,-33.98024622,35.52
140.60783246,-33.98024622,38.50
140.60777346,-33.98024603,35.51
140.60776999,-33.98024602,35.51
140.60774824,-33.98024595,35.52
140.60774423,-33.98024594,35.56
140.60770775,-33.98024582,35.58
140.60767462,-33.98024571,35.77
140.60764539,-33.98024562,38.72
140.60762006,-33.98024554,35.62
140.60760122,-33.98024548,38.29
140.60758812,-33.98024544,38.19
140.60758422,-33.98024543,38.58
140.60758206,-33.98024542,35.73
140.60755987,-33.98024535,35.60
140.60753973,-33.98024529,38.42
140.60753075,-33.98024526,38.75
140.60745031,-33.98024500,35.60
140.60739456,-33.98024482,35.70
140.60737929,-33.98024478,35.98
140.60737496,-33.98024476,35.88
140.60728857,-33.98024448,36.09
140.60728380,-33.98024447,38.20
140.60726724,-33.98024442,35.81
140.60726497,-33.98024441,37.70
140.60723249,-33.98024431,38.22
140.60723065,-33.98024430,35.91
140.60722816,-33.98024429,38.64
140.60721658,-33.98024425,35.87
140.60721604,-33.98024425,35.90
140.60717717,-33.98024413,35.86
140.60715877,-33.98024407,35.81
140.60715531,-33.98024406,35.81
140.60715000,-33.98024404,35.84
140.60712142,-33.98024395,35.84
140.60708688,-33.98024384,35.86
140.60702691,-33.98024365,35.95
140.60697484,-33.98024348,36.03
140.60695968,-33.98024343,35.94
140.60695319,-33.98024341,36.03
140.60690685,-33.98024327,36.09
140.60687589,-33.98024317,36.09
140.60687351,-33.98024316,39.90
140.60683887,-33.98024305,36.17
140.60680844,-33.98024295,36.29
140.60679351,-33.98024290,39.83
140.60678430,-33.98024288,39.26
140.60669705,-33.98024260,36.29
140.60664400,-33.98024242,36.32
140.60661672,-33.98024234,36.33
140.60660860,-33.98024231,40.24
140.60659636,-33.98024227,36.49
140.60657092,-33.98024219,40.46
140.60656800,-33.98024218,36.66
140.60656497,-33.98024217,36.48
140.60655663,-33.98024215,40.56
140.60655544,-33.98024214,40.55
140.60649114,-33.98024194,36.35
140.60641936,-33.98024171,36.36
140.60640941,-33.98024168,36.43
140.60636848,-33.98024155,36.66
140.60634921,-33.98024148,39.89
140.60634802,-33.98024148,36.51
140.60625633,-33.98024118,36.54
140.60625373,-33.98024118,36.50
140.60624495,-33.98024115,36.57
140.60623673,-33.98024112,36.54
140.60622883,-33.98024110,40.32
140.60622515,-33.98024109,36.61
140.60619689,-33.98024099,36.64
140.60618888,-33.98024097,36.56
140.60617502,-33.98024093,36.50
140.60615510,-33.98024086,36.51
140.60613324,-33.98024079,36.55
140.60612176,-33.98024076,36.51
140.60610260,-33.98024069,36.62
140.60608354,-33.98024063,36.62
140.60605908,-33.98024055,36.60
140.60604641,-33.98024051,36.70
140.60601891,-33.98024042,36.80
140.60599153,-33.98024034,40.83
140.60598839,-33.98024033,40.64
140.60597063,-33.98024027,37.88
140.60596717,-33.98024026,40.97
140.60596425,-33.98024025,41.16
140.60595364,-33.98024022,36.95
140.60592430,-33.98024012,40.81
140.60590654,-33.98024007,39.23
140.60588164,-33.98023998,37.20
140.60585858,-33.98023991,36.92
140.60584386,-33.98023987,39.16
140.60583293,-33.98023983,37.00
140.60579005,-33.98023969,37.63
140.60578388,-33.98023967,40.94
140.60576570,-33.98023962,36.97
140.60576494,-33.98023961,39.83
140.60576342,-33.98023961,36.97
140.60576083,-33.98023960,36.99
140.60575974,-33.98023960,40.34
140.60573679,-33.98023952,37.19
140.60573473,-33.98023952,37.26
140.60570496,-33.98023942,39.49
140.60567801,-33.98023933,37.24
140.60566946,-33.98023931,41.24
140.60566729,-33.98023930,37.21
140.60561002,-33.98023912,37.17
140.60560158,-33.98023909,37.17
140.60555611,-33.98023894,37.15
140.60554983,-33.98023892,37.20
140.60554702,-33.98023892,37.14
140.60552515,-33.98023884,39.67
140.60551086,-33.98023880,37.22
140.60550155,-33.98023877,37.25
140.60549429,-33.98023874,37.39
140.60548314,-33.98023871,37.34
140.60545423,-33.98023862,37.31
140.60541689,-33.98023850,37.28
140.60541191,-33.98023848,37.32
140.60539459,-33.98023842,37.28
140.60537737,-33.98023837,37.37
140.60537672,-33.98023837,40.53
140.60537272,-33.98023836,37.40
140.60536135,-33.98023832,39.70
140.60533223,-33.98023823,37.50
140.60532465,-33.98023820,40.94
140.60530982,-33.98023815,40.37
140.60530495,-33.98023814,37.45
140.60528686,-33.98023808,37.47
140.60524595,-33.98023795,40.24
140.60522094,-33.98023787,37.55
140.60521975,-33.98023787,40.58
140.60520264,-33.98023781,37.65
140.60517135,-33.98023771,40.62
140.60516941,-33.98023770,37.61
140.60514137,-33.98023761,37.61
140.60512513,-33.98023756,37.74
140.60511647,-33.98023753,40.20
140.60510683,-33.98023750,40.67
140.60508269,-33.98023743,37.70
140.60507793,-33.98023741,37.65
140.60507100,-33.98023739,37.74
140.60504448,-33.98023730,40.70
140.60504275,-33.98023730,37.84
140.60504199,-33.98023730,40.75
140.60503614,-33.98023728,41.23
140.60503149,-33.98023726,37.86
140.60502034,-33.98023722,40.45
140.60501882,-33.98023722,37.96
140.60500854,-33.98023719,41.33
140.60500713,-33.98023718,41.12
140.60499403,-33.98023714,38.97
140.60499056,-33.98023713,37.87
140.60498699,-33.98023712,40.75
140.60498656,-33.98023712,37.83
140.60497054,-33.98023706,37.83
140.60496231,-33.98023704,37.94
140.60495322,-33.98023701,37.92
140.60494001,-33.98023697,40.61
140.60493676,-33.98023696,40.01
140.60493221,-33.98023694,39.26
140.60493070,-33.98023694,37.95
140.60492951,-33.98023693,37.95
140.60491305,-33.98023688,40.94
140.60489670,-33.98023683,37.93
140.60489173,-33.98023681,37.89
140.60487819,-33.98023677,37.90
140.60485903,-33.98023671,37.91
140.60485243,-33.98023668,37.96
140.60484723,-33.98023667,37.91
140.60484474,-33.98023666,37.97
140.60482710,-33.98023661,41.54
140.60476019,-33.98023639,40.55
140.60475737,-33.98023638,38.19
140.60475716,-33.98023638,38.69
140.60471959,-33.98023626,38.09
140.60470996,-33.98023623,38.07
140.60466698,-33.98023609,38.14
140.60464944,-33.98023603,38.19
140.60462757,-33.98023596,38.18
140.60461707,-33.98023593,38.16
140.60460874,-33.98023590,41.25
140.60455786,-33.98023574,38.09
140.60453058,-33.98023565,38.09
140.60451195,-33.98023559,38.11
140.60448900,-33.98023552,38.11
140.60442914,-33.98023532,38.30
140.60438724,-33.98023519,38.16
140.60438572,-33.98023519,38.18
140.60437414,-33.98023515,38.15
140.60436440,-33.98023512,38.16
140.60435314,-33.98023508,38.18
140.60432521,-33.98023499,41.67
140.60429673,-33.98023490,41.16
140.60429143,-33.98023488,38.28
140.60427822,-33.98023484,38.44
140.60425820,-33.98023478,38.32
140.60424185,-33.98023472,38.27
140.60423871,-33.98023471,38.28
140.60422961,-33.98023468,38.29
140.60420872,-33.98023462,38.33
140.60419995,-33.98023459,41.67
140.60419909,-33.98023459,38.33
140.60416455,-33.98023448,42.17
140.60416228,-33.98023447,41.80
140.60412612,-33.98023435,38.42
140.60411930,-33.98023433,38.45
140.60405683,-33.98023413,38.53
140.60404200,-33.98023408,38.76
140.60401093,-33.98023398,38.48
140.60400757,-33.98023397,38.53
140.60397293,-33.98023386,38.62
140.60396167,-33.98023382,38.55
140.60395226,-33.98023379,41.00
140.60394522,-33.98023377,40.24
140.60394154,-33.98023376,40.00
140.60393634,-33.98023374,38.54
140.60387615,-33.98023355,38.67
140.60387593,-33.98023355,38.69
140.60386457,-33.98023351,38.73
140.60385623,-33.98023348,38.79
140.60384313,-33.98023344,43.96
140.60383577,-33.98023342,43.77
140.60381964,-33.98023336,42.79
140.60380351,-33.98023331,38.63
140.60378554,-33.98023325,38.62
140.60374819,-33.98023313,38.85
140.60371300,-33.98023302,38.73
140.60369958,-33.98023298,38.69
140.60362813,-33.98023275,38.74
140.60361958,-33.98023272,38.76
140.60360919,-33.98023269,41.99
140.60358050,-33.98023259,41.81
140.60357693,-33.98023258,41.47
140.60357324,-33.98023257,41.39
140.60356924,-33.98023256,38.77
140.60356761,-33.98023255,38.77
140.60355203,-33.98023250,38.76
140.60348891,-33.98023230,39.01
140.60347668,-33.98023226,39.00
140.60346011,-33.98023221,38.99
140.60345752,-33.98023220,38.94
140.60344918,-33.98023217,41.12
140.60344691,-33.98023217,38.88
140.60344236,-33.98023215,38.92
140.60343901,-33.98023214,38.90
140.60337924,-33.98023195,38.96
140.60336917,-33.98023191,39.28
140.60334568,-33.98023184,40.70
140.60333681,-33.98023181,39.05
140.60328355,-33.98023164,41.05
140.60324587,-33.98023152,39.11
140.60321350,-33.98023141,39.20
140.60320126,-33.98023137,39.22
140.60319174,-33.98023134,39.25
140.60318351,-33.98023132,42.09
140.60315298,-33.98023122,39.60
140.60315244,-33.98023122,39.31
140.60314941,-33.98023120,39.39
140.60314595,-33.98023119,39.31
140.60313609,-33.98023116,39.36
140.60312321,-33.98023112,39.41
140.60309842,-33.98023104,41.02
140.60309290,-33.98023102,39.50
140.60306822,-33.98023094,41.55
140.60306454,-33.98023093,41.91
140.60305696,-33.98023091,39.86
140.60305436,-33.98023090,39.62
140.60301474,-33.98023077,40.10
140.60298854,-33.98023069,39.57
140.60297078,-33.98023063,39.55
140.60296797,-33.98023062,43.44
140.60294805,-33.98023056,39.62
140.60288786,-33.98023036,39.86
140.60285712,-33.98023026,42.33
140.60285029,-33.98023024,39.95
140.60284921,-33.98023024,41.60
140.60283416,-33.98023019,39.89
140.60282312,-33.98023015,39.99
140.60281944,-33.98023014,40.19
140.60281868,-33.98023014,40.17
140.60280049,-33.98023008,43.60
140.60276726,-33.98022997,40.07
140.60272569,-33.98022984,40.08
140.60271876,-33.98022981,40.09
140.60269711,-33.98022974,40.19
140.60269527,-33.98022974,40.17
140.60265196,-33.98022960,40.63
140.60262760,-33.98022952,40.27
140.60253494,-33.98022922,41.90
140.60240773,-33.98022881,40.74
140.60238067,-33.98022872,41.10
140.60237634,-33.98022871,40.80
140.60236627,-33.98022868,40.90
140.60236107,-33.98022866,40.91
140.60235717,-33.98022865,40.94
140.60234375,-33.98022860,45.24
140.60232968,-33.98022856,45.14
140.60231647,-33.98022851,40.88
140.60230424,-33.98022848,40.92
140.60229947,-33.98022846,41.12
140.60227879,-33.98022840,40.94
140.60222900,-33.98022823,43.37
140.60222185,-33.98022821,41.03
140.60221904,-33.98022820,41.25
140.60220063,-33.98022814,41.13
140.60218515,-33.98022809,41.14
140.60218017,-33.98022807,41.21
140.60216675,-33.98022803,41.17
140.60216112,-33.98022802,41.15
140.60206444,-33.98022770,41.33
140.60205329,-33.98022767,41.37
140.60200848,-33.98022752,41.54
140.60197881,-33.98022742,41.62
140.60197058,-33.98022740,42.52
140.60194850,-33.98022733,43.01
140.60193442,-33.98022728,42.83
140.60193183,-33.98022727,44.87
140.60193020,-33.98022727,41.68
140.60192241,-33.98022724,41.66
140.60187716,-33.98022710,41.69
140.60184793,-33.98022700,41.72
140.60181794,-33.98022691,41.81
140.60181220,-33.98022689,41.76
140.60180527,-33.98022686,41.75
140.60179401,-33.98022683,42.03
140.60172830,-33.98022661,41.97
140.60167244,-33.98022643,42.10
140.60165967,-33.98022639,46.92
140.60165328,-33.98022637,46.77
140.60164635,-33.98022635,43.28
140.60160694,-33.98022622,42.14
140.60150940,-33.98022590,42.38
140.60149468,-33.98022586,44.29
140.60144304,-33.98022569,42.40
140.60142799,-33.98022564,46.18
140.60142702,-33.98022564,42.44
140.60141576,-33.98022560,46.14
140.60141251,-33.98022559,42.49
140.60140905,-33.98022558,42.52
140.60136910,-33.98022545,42.54
140.60135925,-33.98022542,42.58
140.60130458,-33.98022524,46.52
140.60130036,-33.98022523,46.52
140.60129364,-33.98022521,42.91
140.60126052,-33.98022510,42.79
140.60115930,-33.98022477,45.68
140.60104421,-33.98022440,43.37
140.60098099,-33.98022419,43.26
140.60094407,-33.98022407,43.35
140.60094213,-33.98022407,46.20
140.60093271,-33.98022404,47.36
140.60091128,-33.98022397,43.42
140.60087089,-33.98022384,47.55
140.60086331,-33.98022381,43.53
140.60083777,-33.98022373,43.60
140.60081384,-33.98022365,43.65
140.60079858,-33.98022360,44.18
140.60077260,-33.98022352,43.67
140.60071219,-33.98022332,43.77
140.60067982,-33.98022322,45.77
140.60060176,-33.98022296,45.46
140.60059830,-33.98022295,44.09
140.60058531,-33.98022291,44.13
140.60054525,-33.98022278,44.14
140.60045810,-33.98022249,44.33
140.60043320,-33.98022242,44.43
140.60041361,-33.98022235,44.37
140.60041329,-33.98022235,48.32
140.60038341,-33.98022225,44.36
140.60031585,-33.98022203,44.54
140.60030816,-33.98022201,47.52
140.60023434,-33.98022177,44.48
140.60023206,-33.98022176,44.50
140.60022199,-33.98022173,44.48
140.60017685,-33.98022158,44.49
140.60013917,-33.98022146,44.57
140.60009100,-33.98022130,48.42
140.60008981,-33.98022130,46.45
140.60002236,-33.98022108,44.69
140.60001132,-33.98022105,44.62
140.60000742,-33.98022103,44.58
140.59995492,-33.98022086,49.32
140.59994820,-33.98022084,45.82
140.59993457,-33.98022080,48.67
140.59993078,-33.98022078,48.43
140.59990003,-33.98022068,44.75
140.59989484,-33.98022067,44.74
140.59989332,-33.98022066,48.25
140.59987860,-33.98022061,44.73
140.59983583,-33.98022048,44.76
140.59982295,-33.98022043,44.75
140.59980509,-33.98022037,44.81
140.59976720,-33.98022025,48.76
140.59976103,-33.98022023,48.79
140.59975811,-33.98022022,45.99
140.59975724,-33.98022022,45.00
140.59975020,-33.98022020,44.96
140.59974295,-33.98022017,47.86
140.59974013,-33.98022016,44.97
140.59973342,-33.98022014,47.78
140.59972736,-33.98022012,47.96
140.59972086,-33.98022010,44.95
140.59964108,-33.98021984,45.09
140.59961694,-33.98021976,45.02
140.59960957,-33.98021974,45.07
140.59956476,-33.98021959,45.17
140.59955209,-33.98021955,49.78
140.59954483,-33.98021953,49.75
140.59953650,-33.98021950,46.39
140.59953379,-33.98021949,45.19
140.59952459,-33.98021946,45.18
140.59951074,-33.98021942,49.79
140.59944578,-33.98021921,45.30
140.59943961,-33.98021919,45.27
140.59942889,-33.98021915,45.35
140.59941005,-33.98021909,45.33
140.59940583,-33.98021907,45.29
140.59935830,-33.98021892,45.33
140.59933654,-33.98021885,45.33
140.59931966,-33.98021880,45.34
140.59925124,-33.98021857,45.49
140.59923251,-33.98021851,45.50
140.59916441,-33.98021829,45.60
140.59914157,-33.98021821,45.68
140.59912176,-33.98021815,45.76
140.59911050,-33.98021811,45.81
140.59909361,-33.98021806,50.91
140.59909188,-33.98021805,45.77
140.59907250,-33.98021799,45.91
140.59906536,-33.98021796,50.72
140.59905367,-33.98021793,45.77
140.59904998,-33.98021792,50.42
140.59900863,-33.98021778,45.93
140.59900084,-33.98021776,49.74
140.59899434,-33.98021773,46.16
140.59897334,-33.98021767,46.10
140.59896262,-33.98021763,49.87
140.59890059,-33.98021743,46.11
140.59889095,-33.98021740,49.66
140.59888197,-33.98021737,48.06
140.59887352,-33.98021734,46.19
140.59885036,-33.98021726,50.48
140.59883661,-33.98021722,50.78
140.59882221,-33.98021717,46.23
140.59881604,-33.98021715,48.48
140.59880857,-33.98021713,47.53
140.59880619,-33.98021712,46.20
140.59877783,-33.98021703,46.26
140.59877089,-33.98021701,46.22
140.59872662,-33.98021686,46.27
140.59867649,-33.98021670,48.95
140.59864672,-33.98021660,46.48
140.59864358,-33.98021659,49.85
140.59862659,-33.98021653,46.47
140.59862539,-33.98021653,50.39
140.59862280,-33.98021652,50.48
140.59861620,-33.98021650,50.86
140.59857289,-33.98021636,46.53
140.59855513,-33.98021630,46.55
140.59854409,-33.98021627,49.51
140.59852287,-33.98021620,46.86
140.59847903,-33.98021605,46.54
140.59846983,-33.98021602,46.59
140.59846257,-33.98021600,46.52
140.59838777,-33.98021576,46.67
140.59837326,-33.98021571,46.67
140.59834912,-33.98021563,46.69
140.59832628,-33.98021555,46.78
140.59832563,-33.98021555,46.79
140.59829715,-33.98021546,50.52
140.59828861,-33.98021543,46.85
140.59827875,-33.98021540,50.60
140.59827377,-33.98021538,50.59
140.59823004,-33.98021524,46.70
140.59820200,-33.98021515,46.82
140.59819702,-33.98021513,50.89
140.59818164,-33.98021508,51.01
140.59818045,-33.98021508,50.86
140.59817006,-33.98021504,51.40
140.59816032,-33.98021501,46.84
140.59815393,-33.98021499,46.77
140.59814982,-33.98021498,46.76
140.59814657,-33.98021497,46.81
140.59812481,-33.98021490,48.73
140.59812394,-33.98021489,46.80
140.59810889,-33.98021485,46.81
140.59808021,-33.98021475,51.19
140.59807425,-33.98021473,46.79
140.59806147,-33.98021469,46.76
140.59805422,-33.98021467,50.64
140.59805141,-33.98021466,46.76
140.59805076,-33.98021466,50.87
140.59805054,-33.98021466,50.83
140.59803733,-33.98021461,46.76
140.59801514,-33.98021454,51.21
140.59799284,-33.98021447,46.80
140.59798071,-33.98021443,46.85
140.59795744,-33.98021435,46.81
140.59793990,-33.98021430,46.94
140.59791933,-33.98021423,47.00
140.59788555,-33.98021412,47.09
140.59785308,-33.98021401,47.00
140.59782980,-33.98021393,47.09
140.59782472,-33.98021392,47.82
140.59779614,-33.98021383,49.96
140.59778087,-33.98021377,46.92
140.59775391,-33.98021368,46.96
140.59771516,-33.98021356,46.99
140.59767705,-33.98021343,47.09
140.59764176,-33.98021332,51.19
140.59764111,-33.98021332,47.20
140.59763537,-33.98021330,47.17
140.59763353,-33.98021329,49.49
140.59763321,-33.98021329,47.25
140.59763266,-33.98021329,50.03
140.59759618,-33.98021317,47.26
140.59759456,-33.98021317,51.19
140.59759066,-33.98021315,51.59
140.59758406,-33.98021313,47.30
140.59758016,-33.98021312,51.25
140.59757096,-33.98021309,47.29
140.59755115,-33.98021302,47.33
140.59752116,-33.98021292,48.26
140.59751737,-33.98021291,50.60
140.59749518,-33.98021284,47.38
140.59749161,-33.98021283,47.38
140.59746605,-33.98021275,47.39
140.59746162,-33.98021273,47.37
140.59740456,-33.98021254,47.51
140.59736235,-33.98021241,47.74
140.59734340,-33.98021234,47.58
140.59730172,-33.98021221,47.62
140.59729219,-33.98021218,47.60
140.59721035,-33.98021191,47.73
140.59717896,-33.98021181,47.78
140.59716055,-33.98021174,50.32
140.59714528,-33.98021169,48.19
140.59714258,-33.98021169,47.88
140.59711378,-33.98021159,47.99
140.59710869,-33.98021158,48.03
140.59710133,-33.98021155,50.74
140.59709148,-33.98021152,55.31
140.59707730,-33.98021147,55.11
140.59707340,-33.98021146,52.59
140.59705770,-33.98021141,50.66
140.59705727,-33.98021141,48.04
140.59704698,-33.98021137,48.10
140.59704287,-33.98021136,51.09
140.59703843,-33.98021134,51.20
140.59703573,-33.98021134,48.11
140.59701018,-33.98021125,48.19
140.59697943,-33.98021115,48.23
140.59694826,-33.98021105,48.21
140.59693992,-33.98021102,48.35
140.59692357,-33.98021097,48.30
140.59691091,-33.98021093,48.42
140.59687919,-33.98021082,48.39
140.59685266,-33.98021074,48.37
140.59682040,-33.98021063,48.48
140.59681456,-33.98021061,48.54
140.59681380,-33.98021061,50.09
140.59681293,-33.98021061,48.54
140.59680102,-33.98021057,50.91
140.59680070,-33.98021057,48.57
140.59680016,-33.98021057,48.60
140.59678111,-33.98021050,49.48
140.59676465,-33.98021045,48.65
140.59670207,-33.98021024,48.71
140.59669071,-33.98021020,48.79
140.59667025,-33.98021014,48.71
140.59665000,-33.98021007,53.35
140.59664762,-33.98021006,48.83
140.59664686,-33.98021006,52.94
140.59663030,-33.98021001,53.73
140.59661536,-33.98020996,48.88
140.59659966,-33.98020991,48.88
140.59659577,-33.98020990,52.97
140.59659263,-33.98020988,54.44
140.59659068,-33.98020988,51.51
140.59658223,-33.98020985,52.54
140.59655636,-33.98020977,49.09
140.59654131,-33.98020972,48.95
140.59652594,-33.98020966,48.92
140.59646477,-33.98020946,49.09
140.59645752,-33.98020944,49.26
140.59641433,-33.98020930,49.17
140.59639061,-33.98020922,51.65
140.59635630,-33.98020911,53.40
140.59635359,-33.98020910,49.26
140.59634677,-33.98020908,55.42
140.59629178,-33.98020890,51.65
140.59628647,-33.98020888,53.83
140.59626731,-33.98020882,55.45
140.59626677,-33.98020882,51.74
140.59625724,-33.98020879,49.36
140.59624772,-33.98020875,49.39
140.59622963,-33.98020869,49.30
140.59619954,-33.98020860,49.27
140.59618179,-33.98020854,49.30
140.59613838,-33.98020839,49.41
140.59612344,-33.98020835,49.23
140.59611196,-33.98020831,49.24
140.59610157,-33.98020828,49.36
140.59603748,-33.98020806,53.15
140.59600749,-33.98020797,54.38
140.59600717,-33.98020796,56.12
140.59600478,-33.98020795,49.44
140.59598887,-33.98020790,49.48
140.59598508,-33.98020789,49.42
140.59598302,-33.98020788,49.45
140.59595487,-33.98020779,49.43
140.59594449,-33.98020776,49.42
140.59594199,-33.98020775,49.47
140.59593333,-33.98020772,54.28
140.59592197,-33.98020768,54.34
140.59591601,-33.98020766,54.12
140.59591341,-33.98020766,49.39
140.59591006,-33.98020765,49.41
140.59590876,-33.98020764,49.40
140.59586686,-33.98020750,49.42
140.59584229,-33.98020742,49.54
140.59583850,-33.98020741,53.23
140.59583200,-33.98020739,53.79
140.59582356,-33.98020736,53.57
140.59579671,-33.98020727,49.42
140.59579585,-33.98020727,49.40
140.59576564,-33.98020717,49.39
140.59574897,-33.98020712,49.42
140.59573349,-33.98020706,49.41
140.59573089,-33.98020706,49.41
140.59572872,-33.98020705,49.42
140.59570632,-33.98020697,49.45
140.59570328,-33.98020697,49.49
140.59568531,-33.98020691,49.50
140.59566799,-33.98020685,49.50
140.59564385,-33.98020677,49.53
140.59564255,-33.98020677,49.55
140.59564049,-33.98020676,49.56
140.59563151,-33.98020673,56.54
140.59562220,-33.98020670,56.19
140.59561483,-33.98020667,49.53
140.59561441,-33.98020667,55.00
140.59560704,-33.98020665,49.52
140.59559806,-33.98020662,49.55
140.59556774,-33.98020652,49.58
140.59554577,-33.98020645,49.57
140.59553180,-33.98020640,49.59
140.59552542,-33.98020638,49.62
140.59549315,-33.98020627,49.73
140.59548568,-33.98020625,49.72
140.59546381,-33.98020618,49.76
140.59542398,-33.98020605,49.84
140.59541293,-33.98020601,55.10
140.59539691,-33.98020596,49.91
140.59538977,-33.98020594,54.69
140.59535253,-33.98020581,49.95
140.59534484,-33.98020579,52.81
140.59534387,-33.98020578,50.10
140.59531875,-33.98020570,50.06
140.59531691,-33.98020570,50.01
140.59526722,-33.98020553,50.06
140.59523463,-33.98020543,50.12
140.59522457,-33.98020539,50.17
140.59521666,-33.98020537,50.12
140.59521601,-33.98020537,50.15
140.59518169,-33.98020525,50.20
140.59516924,-33.98020521,52.81
140.59516848,-33.98020521,55.05
140.59516416,-33.98020519,52.25
140.59515149,-33.98020515,50.24
140.59513904,-33.98020511,56.06
140.59513785,-33.98020510,50.39
140.59513428,-33.98020509,50.32
140.59513016,-33.98020508,50.35
140.59510602,-33.98020500,54.86
140.59509920,-33.98020498,54.90
140.59509541,-33.98020497,50.47
140.59509335,-33.98020496,50.44
140.59509076,-33.98020495,54.84
140.59507084,-33.98020489,56.05
140.59506326,-33.98020486,56.26
140.59506077,-33.98020485,50.37
140.59505471,-33.98020483,56.13
140.59505330,-33.98020483,50.40
140.59505157,-33.98020482,55.30
140.59501368,-33.98020470,50.47
140.59498640,-33.98020461,50.63
140.59496063,-33.98020452,50.77
140.59490737,-33.98020435,50.68
140.59490661,-33.98020434,50.66
140.59489124,-33.98020430,51.88
140.59486721,-33.98020421,50.67
140.59482596,-33.98020408,50.66
140.59481156,-33.98020403,50.63
140.59473415,-33.98020378,50.86
140.59469875,-33.98020366,52.14
140.59468338,-33.98020361,51.82
140.59467602,-33.98020358,50.96
140.59464398,-33.98020348,51.92
140.59463596,-33.98020345,50.84
140.59463250,-33.98020344,55.41
140.59463098,-33.98020344,50.82
140.59462828,-33.98020343,55.18
140.59462752,-33.98020342,54.19
140.59458876,-33.98020330,57.81
140.59458367,-33.98020328,57.73
140.59454870,-33.98020317,51.06
140.59454849,-33.98020317,51.05
140.59450952,-33.98020304,50.88
140.59446123,-33.98020288,51.04
140.59445301,-33.98020285,50.79
140.59443763,-33.98020280,50.89
140.59441826,-33.98020274,50.86
140.59437560,-33.98020260,52.11
140.59434031,-33.98020248,59.42
140.59427600,-33.98020227,51.22
140.59427135,-33.98020225,51.25
140.59426280,-33.98020223,51.22
140.59424158,-33.98020215,58.78
140.59423800,-33.98020214,52.97
140.59418702,-33.98020198,53.50
140.59417944,-33.98020195,51.39
140.59417933,-33.98020195,52.27
140.59392438,-33.98020111,51.73
140.59392254,-33.98020110,51.68
140.59390284,-33.98020104,52.00
140.59384405,-33.98020084,51.72
140.59377044,-33.98020060,55.12
140.59375506,-33.98020055,51.78
140.59373753,-33.98020049,51.79
140.59372702,-33.98020046,52.95
140.59365774,-33.98020023,52.27
140.59365222,-33.98020021,52.10
140.59364096,-33.98020017,52.06
140.59363587,-33.98020015,51.98
140.59362516,-33.98020012,51.95
140.59361151,-33.98020008,52.00
140.59358943,-33.98020000,54.33
140.59356572,-33.98019992,52.31
140.59355749,-33.98019990,52.11
140.59351062,-33.98019974,51.91
140.59348648,-33.98019966,51.85
140.59348095,-33.98019964,51.92
140.59343267,-33.98019948,52.05
140.59342823,-33.98019947,52.06
140.59339424,-33.98019936,51.98
140.59338471,-33.98019933,51.92
140.59333762,-33.98019917,51.94
140.59330514,-33.98019906,52.06
140.59327115,-33.98019895,52.16
140.59326108,-33.98019892,52.18
140.59323012,-33.98019882,52.22
140.59321042,-33.98019875,52.23
140.59317480,-33.98019863,52.19
140.59316744,-33.98019861,52.34
140.59315921,-33.98019858,52.29
140.59314514,-33.98019853,52.29
140.59313052,-33.98019848,52.29
140.59312154,-33.98019846,52.67
140.59308072,-33.98019832,52.43
140.59302508,-33.98019814,52.37
140.59301566,-33.98019811,52.33
140.59300429,-33.98019807,52.37
140.59297593,-33.98019797,52.41
140.59295839,-33.98019792,56.90
140.59292537,-33.98019781,52.46
140.59288402,-33.98019767,52.47
140.59286648,-33.98019761,52.49
140.59285370,-33.98019757,54.70
140.59277911,-33.98019732,52.35
140.59277370,-33.98019730,52.35
140.59276796,-33.98019729,52.35
140.59273581,-33.98019718,52.35
140.59270842,-33.98019709,54.46
140.59270496,-33.98019708,53.84
140.59269868,-33.98019706,52.45
140.59268255,-33.98019700,52.31
140.59261456,-33.98019678,53.34
140.59257808,-33.98019666,53.41
140.59255513,-33.98019658,55.77
140.59253521,-33.98019651,56.11
140.59251767,-33.98019646,52.49
140.59249472,-33.98019638,54.16
140.59246278,-33.98019628,52.49
140.59238668,-33.98019602,56.89
140.59235572,-33.98019592,52.60
140.59234370,-33.98019588,52.62
140.59232367,-33.98019581,52.40
140.59230527,-33.98019575,52.41
140.59227680,-33.98019566,52.60
140.59226543,-33.98019562,53.69
140.59225580,-33.98019559,52.60
140.59225514,-33.98019559,52.55
140.59225266,-33.98019558,52.60
140.59221563,-33.98019546,57.04
140.59220924,-33.98019544,56.25
140.59220037,-33.98019541,52.81
140.59215912,-33.98019527,52.74
140.59215219,-33.98019525,52.67
140.59213617,-33.98019520,57.83
140.59212783,-33.98019517,52.68
140.59209968,-33.98019507,52.82
140.59209601,-33.98019506,52.74
140.59209427,-33.98019505,52.65
140.59208518,-33.98019502,52.82
140.59201546,-33.98019479,53.82
140.59198071,-33.98019468,52.62
140.59197725,-33.98019467,54.82
140.59194802,-33.98019457,52.67
140.59190341,-33.98019442,52.73
140.59185102,-33.98019425,52.71
140.59179948,-33.98019408,52.72
140.59172804,-33.98019384,58.43
140.59169004,-33.98019371,56.12
140.59168657,-33.98019370,55.59
140.59158773,-33.98019337,52.90
140.59152602,-33.98019317,52.90
140.59150502,-33.98019310,56.93
140.59148976,-33.98019305,53.15
140.59144332,-33.98019290,53.13
140.59143974,-33.98019288,53.04
140.59139168,-33.98019273,53.23
140.59133246,-33.98019253,53.33
140.59131979,-33.98019249,53.36
140.59128591,-33.98019237,53.36
140.59128353,-33.98019236,53.42
140.59124390,-33.98019223,53.39
140.59123860,-33.98019222,53.43
140.59123145,-33.98019219,56.26
140.59122853,-33.98019218,53.34
140.59121521,-33.98019214,53.42
140.59117678,-33.98019201,53.41
140.59114387,-33.98019190,53.44
140.59113900,-33.98019188,53.45
140.59113759,-33.98019188,53.54
140.59111139,-33.98019179,56.73
140.59110198,-33.98019176,53.64
140.59105629,-33.98019161,53.76
140.59099740,-33.98019141,56.56
140.59099556,-33.98019141,53.60
140.59099350,-33.98019140,53.65
140.59097423,-33.98019134,53.63
140.59094868,-33.98019125,53.60
140.59092638,-33.98019118,53.66
140.59082462,-33.98019084,53.66
140.59079560,-33.98019074,53.65
140.59078305,-33.98019070,53.63
140.59076778,-33.98019065,53.71
140.59072437,-33.98019051,53.71
140.59066353,-33.98019030,56.61
140.59065617,-33.98019028,56.40
140.59060583,-33.98019011,53.74
140.59058688,-33.98019005,53.85
140.59056772,-33.98018998,57.67
140.59055592,-33.98018995,58.82
140.59054943,-33.98018992,54.12
140.59049270,-33.98018973,55.84
140.59049021,-33.98018973,55.74
140.59047484,-33.98018967,56.72
140.59045048,-33.98018960,53.76
140.59044333,-33.98018957,53.82
140.59038119,-33.98018937,54.72
140.59037859,-33.98018935,53.87
140.59035759,-33.98018929,54.07
140.59032165,-33.98018917,53.76
140.59027759,-33.98018902,53.80
140.59018784,-33.98018872,54.32
140.59013014,-33.98018853,54.24
140.59011044,-33.98018846,53.94
140.59006540,-33.98018831,53.90
140.59002665,-33.98018818,56.02
140.59002372,-33.98018817,55.81
140.58997999,-33.98018803,58.06
140.58997165,-33.98018800,58.87
140.58994838,-33.98018792,58.25
140.58991947,-33.98018783,54.10
140.58990886,-33.98018779,54.05
140.58990193,-33.98018777,53.98
140.58982226,-33.98018750,54.94
140.58981836,-33.98018749,54.04
140.58979237,-33.98018740,53.99
140.58978025,-33.98018736,55.80
140.58977235,-33.98018734,58.86
140.58975611,-33.98018728,57.54
140.58973792,-33.98018722,55.16
140.58973024,-33.98018720,56.31
140.58970750,-33.98018712,53.93
140.58967297,-33.98018700,54.06
140.58962425,-33.98018684,54.09
140.58961472,-33.98018681,53.99
140.58959004,-33.98018673,53.95
140.58950549,-33.98018644,53.95
140.58949412,-33.98018641,53.93
140.58946922,-33.98018633,57.37
140.58946143,-33.98018630,53.97
140.58945937,-33.98018629,57.25
140.58945515,-33.98018628,54.20
140.58944779,-33.98018625,55.17
140.58944736,-33.98018625,53.95
140.58943707,-33.98018622,54.95
140.58943090,-33.98018620,55.40
140.58940892,-33.98018612,56.64
140.58940687,-33.98018612,56.74
140.58933866,-33.98018589,53.87
140.58927501,-33.98018568,53.95
140.58924232,-33.98018557,53.84
140.58924210,-33.98018557,57.38
140.58922608,-33.98018551,56.83
140.58922424,-33.98018551,53.83
140.58920605,-33.98018545,56.30
140.58912615,-33.98018518,53.95
140.58911998,-33.98018516,56.26
140.58911424,-33.98018514,56.22
140.58909324,-33.98018507,53.88
140.58907148,-33.98018500,53.75
140.58906780,-33.98018498,53.77
140.58905806,-33.98018495,53.85
140.58905784,-33.98018495,53.84
140.58897318,-33.98018467,54.02
140.58896409,-33.98018464,57.29
140.58895944,-33.98018462,53.92
140.58891299,-33.98018447,54.04
140.58889134,-33.98018440,57.62
140.58888679,-33.98018438,57.65
140.58886211,-33.98018430,54.24
140.58881838,-33.98018415,54.23
140.58880971,-33.98018412,59.13
140.58880203,-33.98018410,54.04
140.58880029,-33.98018409,54.04
140.58879434,-33.98018407,59.38
140.58878265,-33.98018403,54.16
140.58875429,-33.98018394,54.09
140.58875190,-33.98018393,54.99
140.58875169,-33.98018393,54.12
140.58874541,-33.98018391,54.13
140.58873426,-33.98018387,54.16
140.58872430,-33.98018384,57.20
140.58872148,-33.98018383,57.29
140.58871586,-33.98018381,56.76
140.58867656,-33.98018368,58.95
140.58867103,-33.98018366,54.15
140.58867082,-33.98018366,54.14
140.58864603,-33.98018358,54.26
140.58864397,-33.98018357,54.17
140.58862070,-33.98018349,54.17
140.58861723,-33.98018348,54.20
140.58860078,-33.98018342,54.30
140.58859093,-33.98018339,54.45
140.58858215,-33.98018336,54.39
140.58856862,-33.98018332,54.32
140.58856754,-33.98018332,54.40
140.58854957,-33.98018325,56.18
140.58854123,-33.98018323,54.38
140.58853896,-33.98018322,56.10
140.58852987,-33.98018319,54.52
140.58852283,-33.98018316,54.47
140.58852175,-33.98018316,54.33
140.58851839,-33.98018315,54.41
140.58851579,-33.98018314,54.32
140.58846848,-33.98018298,54.40
140.58844229,-33.98018289,54.41
140.58841046,-33.98018279,54.36
140.58839725,-33.98018275,55.91
140.58839606,-33.98018274,54.32
140.58839119,-33.98018272,57.04
140.58837192,-33.98018266,55.73
140.58831173,-33.98018246,56.94
140.58830956,-33.98018245,56.13
140.58827275,-33.98018233,54.42
140.58825727,-33.98018228,55.71
140.58824796,-33.98018225,56.19
140.58824536,-33.98018224,54.34
140.58824352,-33.98018223,59.37
140.58823356,-33.98018220,54.53
140.58823151,-33.98018219,54.45
140.58822977,-33.98018218,58.64
140.58820953,-33.98018212,59.25
140.58820087,-33.98018209,54.32
140.58819329,-33.98018206,56.91
140.58817153,-33.98018199,54.38
140.58813570,-33.98018187,54.41
140.58813559,-33.98018187,54.37
140.58811978,-33.98018181,57.80
140.58809066,-33.98018172,54.27
140.58805082,-33.98018159,54.33
140.58803210,-33.98018152,55.62
140.58800904,-33.98018145,54.24
140.58800882,-33.98018145,54.27
140.58791215,-33.98018112,56.07
140.58789904,-33.98018108,54.90
140.58789396,-33.98018106,54.31
140.58789082,-33.98018105,54.27
140.58785163,-33.98018092,54.39
140.58782077,-33.98018082,54.35
140.58778613,-33.98018070,58.33
140.58778581,-33.98018070,57.58
140.58778473,-33.98018069,57.70
140.58777444,-33.98018066,54.30
140.58775604,-33.98018060,54.41
140.58775441,-33.98018059,54.49
140.58774370,-33.98018056,54.37
140.58772951,-33.98018051,54.28
140.58772886,-33.98018051,54.34
140.58771284,-33.98018045,55.99
140.58769855,-33.98018041,56.61
140.58769812,-33.98018040,54.35
140.58769509,-33.98018039,56.71
140.58767603,-33.98018033,54.44
140.58766477,-33.98018029,54.74
140.58764778,-33.98018023,54.40
140.58764431,-33.98018022,54.34
140.58762764,-33.98018017,54.40
140.58761941,-33.98018014,54.38
140.58759170,-33.98018005,54.59
140.58758520,-33.98018003,54.41
140.58757925,-33.98018000,57.68
140.58757546,-33.98017999,56.94
140.58757470,-33.98017999,58.25
140.58751072,-33.98017978,54.32
140.58749990,-33.98017974,54.26
140.58749849,-33.98017974,54.25
140.58747337,-33.98017965,54.17
140.58746363,-33.98017962,54.17
140.58743646,-33.98017953,54.12
140.58743072,-33.98017951,54.11
140.58741697,-33.98017946,54.08
140.58740127,-33.98017941,54.13
140.58739001,-33.98017937,54.09
140.58737085,-33.98017931,58.51
140.58736869,-33.98017930,54.06
140.58735959,-33.98017927,54.02
140.58732658,-33.98017916,53.96
140.58732365,-33.98017915,54.03
140.58732300,-33.98017915,53.96
140.58729118,-33.98017904,53.98
140.58728273,-33.98017901,53.96
140.58725209,-33.98017891,54.00
140.58722113,-33.98017880,56.71
140.58718476,-33.98017868,55.84
140.58717415,-33.98017865,53.90
140.58713582,-33.98017852,53.81
140.58709793,-33.98017839,53.83
140.58704738,-33.98017822,53.82
140.58703753,-33.98017819,55.16
140.58702746,-33.98017816,53.68
140.58702497,-33.98017814,53.72
140.58696694,-33.98017795,53.87
140.58695947,-33.98017793,53.86
140.58688401,-33.98017767,56.38
140.58688217,-33.98017767,53.77
140.58687232,-33.98017763,53.84
140.58685446,-33.98017757,53.74
140.58680834,-33.98017742,53.81
140.58680152,-33.98017740,53.77
140.58679654,-33.98017738,54.04
140.58679340,-33.98017737,53.94
140.58679264,-33.98017737,54.60
140.58678712,-33.98017735,53.77
140.58678085,-33.98017733,53.76
140.58675789,-33.98017725,53.82
140.58674837,-33.98017722,53.79
140.58669738,-33.98017705,53.66
140.58669218,-33.98017703,54.34
140.58668699,-33.98017701,58.48
140.58667053,-33.98017696,53.65
140.58662398,-33.98017680,54.44
140.58660698,-33.98017674,53.74
140.58658512,-33.98017667,53.76
140.58658360,-33.98017667,53.81
140.58657732,-33.98017664,53.66
140.58655209,-33.98017656,57.05
140.58654051,-33.98017652,53.51
140.58652103,-33.98017645,53.83
140.58650479,-33.98017640,53.54
140.58649883,-33.98017638,53.62
140.58641028,-33.98017608,56.98
140.58639999,-33.98017605,53.54
140.58639447,-33.98017603,53.44
140.58638267,-33.98017599,56.17
140.58638202,-33.98017599,56.26
140.58633536,-33.98017583,55.72
140.58632389,-33.98017579,55.93
140.58631425,-33.98017576,55.21
140.58631360,-33.98017576,55.17
140.58630982,-33.98017575,55.40
140.58630397,-33.98017572,53.37
140.58627366,-33.98017562,53.30
140.58625850,-33.98017557,53.30
140.58625536,-33.98017556,53.28
140.58617222,-33.98017528,55.32
140.58616377,-33.98017525,57.20
140.58616053,-33.98017524,57.20
140.58615121,-33.98017521,56.95
140.58614894,-33.98017520,53.30
140.58612946,-33.98017514,56.35
140.58612631,-33.98017513,56.29
140.58611159,-33.98017508,55.02
140.58610337,-33.98017505,55.38
140.58610250,-33.98017505,53.17
140.58609979,-33.98017504,53.16
140.58609860,-33.98017503,53.16
140.58605887,-33.98017490,54.80
140.58604555,-33.98017486,55.53
140.58601005,-33.98017474,53.09
140.58600301,-33.98017471,53.40
140.58598536,-33.98017465,53.03
140.58593383,-33.98017448,53.05
140.58593015,-33.98017447,53.08
140.58591283,-33.98017441,53.05
140.58590341,-33.98017438,54.19
140.58586206,-33.98017424,55.43
140.58585632,-33.98017422,55.59
140.58585426,-33.98017421,52.93
140.58584517,-33.98017418,54.56
140.58584452,-33.98017418,54.50
140.58584127,-33.98017417,52.86
140.58581821,-33.98017409,52.84
140.58581312,-33.98017407,52.89
140.58577026,-33.98017393,57.35
140.58576863,-33.98017392,52.81
140.58576614,-33.98017392,52.76
140.58576538,-33.98017391,52.76
140.58575932,-33.98017389,52.78
140.58575640,-33.98017388,52.97
140.58574990,-33.98017386,52.79
140.58572403,-33.98017378,52.78
140.58572089,-33.98017376,52.76
140.58571797,-33.98017375,52.77
140.58568722,-33.98017365,52.73
140.58565593,-33.98017354,52.79
140.58559888,-33.98017335,52.63
140.58558221,-33.98017329,52.55
140.58556543,-33.98017324,52.48
140.58556337,-33.98017323,52.62
140.58554594,-33.98017318,52.52
140.58553739,-33.98017315,56.18
140.58553079,-33.98017312,54.70
140.58551736,-33.98017308,52.64
140.58551412,-33.98017307,52.62
140.58551293,-33.98017306,54.32
140.58545035,-33.98017285,52.42
140.58534242,-33.98017249,54.95
140.58529273,-33.98017232,53.57
140.58528277,-33.98017229,53.84
140.58527898,-33.98017227,54.00
140.58524488,-33.98017216,52.21
140.58524326,-33.98017215,52.22
140.58521911,-33.98017207,52.39
140.58521543,-33.98017206,52.27
140.58521283,-33.98017205,52.32
140.58521240,-33.98017205,53.73
140.58520980,-33.98017204,52.28
140.58518577,-33.98017196,52.20
140.58517245,-33.98017192,54.11
140.58514030,-33.98017181,52.37
140.58513315,-33.98017178,52.19
140.58511951,-33.98017174,53.49
140.58511215,-33.98017171,53.98
140.58509884,-33.98017167,52.06
140.58506885,-33.98017157,52.02
140.58506593,-33.98017155,52.02
140.58502208,-33.98017141,53.85
140.58501937,-33.98017140,54.37
140.58496525,-33.98017122,52.03
140.58492714,-33.98017109,55.57
140.58492692,-33.98017109,51.93
140.58492065,-33.98017107,55.89
140.58486987,-33.98017090,51.92
140.58486457,-33.98017088,51.77
140.58484140,-33.98017080,55.64
140.58483274,-33.98017077,51.75
140.58481747,-33.98017072,51.70
140.58481011,-33.98017069,51.67
140.58470770,-33.98017035,51.71
140.58470435,-33.98017034,51.71
140.58469882,-33.98017032,51.70
140.58466700,-33.98017021,52.10
140.58466126,-33.98017019,54.26
140.58465812,-33.98017018,51.74
140.58465714,-33.98017018,51.71
140.58464556,-33.98017014,51.73
140.58459349,-33.98016996,52.11
140.58458169,-33.98016992,51.64
140.58455722,-33.98016984,51.64
140.58455073,-33.98016982,56.70
140.58454488,-33.98016980,56.89
140.58452312,-33.98016973,55.85
140.58451706,-33.98016970,58.40
140.58450959,-33.98016968,58.13
140.58450731,-33.98016967,53.11
140.58447895,-33.98016958,51.54
140.58444940,-33.98016948,51.64
140.58444626,-33.98016946,51.60
140.58441454,-33.98016936,51.50
140.58438639,-33.98016926,51.52
140.58432652,-33.98016906,51.52
140.58431537,-33.98016902,55.43
140.58431342,-33.98016902,51.53
140.58428896,-33.98016893,51.53
140.58425237,-33.98016881,54.21
140.58425020,-33.98016880,51.56
140.58422801,-33.98016873,51.51
140.58420668,-33.98016866,51.58
140.58418546,-33.98016859,51.58
140.58417225,-33.98016854,51.46
140.58414844,-33.98016846,51.52
140.58405761,-33.98016815,51.52
140.58398161,-33.98016790,54.75
140.58397880,-33.98016789,54.58
140.58390139,-33.98016762,51.32
140.58389998,-33.98016762,51.29
140.58389717,-33.98016761,51.34
140.58389414,-33.98016760,51.34
140.58386134,-33.98016749,51.35
140.58385517,-33.98016747,55.38
140.58384975,-33.98016745,54.39
140.58383806,-33.98016741,51.43
140.58382518,-33.98016737,58.04
140.58382226,-33.98016736,57.96
140.58382139,-33.98016735,54.52
140.58381262,-33.98016732,54.15
140.58380201,-33.98016729,57.15
140.58374929,-33.98016711,51.39
140.58374193,-33.98016708,51.40
140.58373370,-33.98016706,51.38
140.58371519,-33.98016700,51.42
140.58371432,-33.98016699,53.71
140.58371173,-33.98016698,53.64
140.58365500,-33.98016679,51.47
140.58357153,-33.98016651,52.93
140.58356720,-33.98016649,51.45
140.58356417,-33.98016648,51.43
140.58343069,-33.98016603,51.30
140.58341401,-33.98016597,51.27
140.58339031,-33.98016590,51.29
140.58334321,-33.98016574,60.48
140.58331366,-33.98016564,51.20
140.58330337,-33.98016560,60.58
140.58328021,-33.98016552,51.24
140.58322965,-33.98016535,51.22
140.58321157,-33.98016529,56.87
140.58312637,-33.98016500,51.14
140.58311944,-33.98016498,58.44
140.58311674,-33.98016497,58.42
140.58309931,-33.98016491,51.06
140.58308837,-33.98016487,56.83
140.58308404,-33.98016486,51.01
140.58307387,-33.98016482,50.97
140.58306531,-33.98016479,50.94
140.58306218,-33.98016478,50.93
140.58301562,-33.98016463,50.88
140.58294244,-33.98016438,53.47
140.58293194,-33.98016434,51.85
140.58292599,-33.98016432,51.01
140.58291949,-33.98016430,50.87
140.58291754,-33.98016429,50.88
140.58291581,-33.98016429,50.83
140.58291527,-33.98016429,52.38
140.58290780,-33.98016426,50.77
140.58284663,-33.98016405,50.79
140.58282801,-33.98016399,50.84
140.58282455,-33.98016398,50.88
140.58281935,-33.98016396,50.83
140.58278937,-33.98016386,56.19
140.58275970,-33.98016376,50.75
140.58268479,-33.98016350,50.71
140.58263910,-33.98016335,50.60
140.58263683,-33.98016334,50.63
140.58260457,-33.98016323,50.63
140.58258194,-33.98016315,50.71
140.58255996,-33.98016308,54.87
140.58255163,-33.98016305,51.80
140.58252413,-33.98016296,50.63
140.58250746,-33.98016290,50.70
140.58250302,-33.98016289,50.74
140.58245950,-33.98016274,50.74
140.58245593,-33.98016273,50.72
140.58240267,-33.98016255,50.62
140.58239931,-33.98016254,50.58
140.58233620,-33.98016232,50.54
140.58229105,-33.98016217,50.54
140.58225879,-33.98016206,57.71
140.58223433,-33.98016198,53.55
140.58220033,-33.98016186,50.39
140.58218745,-33.98016182,50.43
140.58213960,-33.98016165,53.16
140.58213559,-33.98016164,50.54
140.58213040,-33.98016162,52.45
140.58206241,-33.98016139,50.38
140.58205721,-33.98016137,50.32
140.58205169,-33.98016136,50.33
140.58202106,-33.98016125,50.37
140.58201380,-33.98016123,50.44
140.58200114,-33.98016118,52.23
140.58198880,-33.98016114,50.47
140.58191821,-33.98016090,50.39
140.58191139,-33.98016088,50.36
140.58183745,-33.98016063,50.47
140.58179436,-33.98016048,50.46
140.58171523,-33.98016021,50.45
140.58170462,-33.98016018,50.40
140.58169985,-33.98016016,50.39
140.58166186,-33.98016003,50.41
140.58162624,-33.98015991,58.72
140.58161379,-33.98015987,50.59
140.58160773,-33.98015985,50.66
140.58156269,-33.98015969,50.58
140.58151419,-33.98015953,50.45
140.58151181,-33.98015952,50.49
140.58149752,-33.98015947,50.46
140.58145920,-33.98015934,52.30
140.58144999,-33.98015931,53.22
140.58144350,-33.98015929,50.47
140.58130265,-33.98015881,50.48
140.58126541,-33.98015868,50.45
140.58122179,-33.98015853,50.47
140.58121204,-33.98015850,54.97
140.58120880,-33.98015849,50.53
140.58120858,-33.98015849,51.83
140.58119699,-33.98015845,50.52
140.58117935,-33.98015839,50.58
140.58114882,-33.98015829,53.79
140.58114362,-33.98015827,50.59
140.58112056,-33.98015819,50.64
140.58108852,-33.98015808,50.66
140.58102487,-33.98015786,50.64
140.58101588,-33.98015783,55.84
140.58098513,-33.98015773,50.64
140.58093469,-33.98015756,51.01
140.58092657,-33.98015753,50.70
140.58090232,-33.98015745,50.60
140.58087146,-33.98015734,50.65
140.58085219,-33.98015728,50.58
140.58082015,-33.98015717,50.66
140.58080976,-33.98015713,50.60
140.58080618,-33.98015712,52.17
140.58079720,-33.98015709,50.72
140.58078518,-33.98015705,50.69
140.58075151,-33.98015693,50.81
140.58073939,-33.98015689,50.57
140.58073744,-33.98015688,50.59
140.58072748,-33.98015685,50.60
140.58070648,-33.98015678,50.71
140.58070041,-33.98015676,50.64
140.58069229,-33.98015673,50.80
140.58068385,-33.98015670,50.65
140.58066772,-33.98015665,50.67
140.58063633,-33.98015654,50.64
140.58062929,-33.98015652,54.51
140.58061132,-33.98015646,55.38
140.58059432,-33.98015640,50.70
140.58058555,-33.98015637,55.14
140.58055881,-33.98015628,50.72
140.58053846,-33.98015621,51.97
140.58053424,-33.98015619,52.18
140.58052763,-33.98015617,50.80
140.58048152,-33.98015601,50.82
140.58045900,-33.98015593,50.94
140.58045629,-33.98015593,51.38
140.58045413,-33.98015592,50.89
140.58044341,-33.98015588,50.84
140.58039686,-33.98015572,51.15
140.58039339,-33.98015571,53.50
140.58039134,-33.98015570,54.16
140.58037467,-33.98015565,52.53
140.58036481,-33.98015561,51.19
140.58036470,-33.98015561,50.99
140.58036200,-33.98015560,50.94
140.58032736,-33.98015549,54.99
140.58027496,-33.98015531,51.08
140.58026403,-33.98015527,51.17
140.58026110,-33.98015526,51.05
140.58023815,-33.98015518,51.06
140.58022819,-33.98015515,55.16
140.58022711,-33.98015514,55.40
140.58022592,-33.98015514,55.25
140.58022343,-33.98015513,55.03
140.58021877,-33.98015512,53.42
140.58018521,-33.98015500,51.13
140.58017796,-33.98015498,51.18
140.58014169,-33.98015485,51.26
140.58012199,-33.98015479,51.15
140.58012177,-33.98015478,51.10
140.58010824,-33.98015474,51.23
140.58010370,-33.98015472,51.19
140.58010034,-33.98015471,56.10
140.58006754,-33.98015460,51.38
140.58004859,-33.98015453,53.43
140.58000799,-33.98015440,51.59
140.57990385,-33.98015404,51.52
140.57983738,-33.98015382,51.97
140.57982948,-33.98015379,52.00
140.57979516,-33.98015367,51.82
140.57979408,-33.98015367,54.16
140.57979300,-33.98015366,54.32
140.57972663,-33.98015344,54.42
140.57971700,-33.98015341,52.05
140.57958265,-33.98015294,56.60
140.57954227,-33.98015281,52.38
140.57953870,-33.98015279,52.36
140.57953155,-33.98015277,52.46
140.57952700,-33.98015275,55.84
140.57951271,-33.98015270,52.37
140.57949637,-33.98015265,55.71
140.57949323,-33.98015264,55.71
140.57948424,-33.98015261,52.40
140.57946952,-33.98015256,55.26
140.57946129,-33.98015253,55.66
140.57946118,-33.98015253,55.55
140.57945263,-33.98015250,52.68
140.57945003,-33.98015249,55.43
140.57944917,-33.98015249,52.46
140.57944180,-33.98015246,54.77
140.57941485,-33.98015237,52.48
140.57940088,-33.98015232,52.51
140.57937523,-33.98015224,52.49
140.57937209,-33.98015222,52.51
140.57934610,-33.98015213,52.52
140.57931373,-33.98015203,52.52
140.57927130,-33.98015188,52.60
140.57926935,-33.98015187,52.60
140.57926545,-33.98015186,52.59
140.57920061,-33.98015164,52.70
140.57915665,-33.98015149,52.69
140.57911346,-33.98015134,55.20
140.57910696,-33.98015132,57.27
140.57909960,-33.98015129,52.70
140.57909116,-33.98015126,52.86
140.57909051,-33.98015126,56.56
140.57907438,-33.98015121,52.74
140.57905554,-33.98015114,52.94
140.57904006,-33.98015109,52.77
140.57900661,-33.98015098,52.89
140.57898398,-33.98015090,52.80
140.57896125,-33.98015082,59.93
140.57895908,-33.98015081,54.71
140.57889283,-33.98015059,52.85
140.57877753,-33.98015019,52.70
140.57875458,-33.98015011,52.75
140.57868800,-33.98014988,52.80
140.57865542,-33.98014977,52.77
140.57860172,-33.98014959,55.49
140.57858667,-33.98014954,54.56
140.57851457,-33.98014929,52.80
140.57850158,-33.98014925,52.93
140.57845048,-33.98014907,52.68
140.57840826,-33.98014893,52.76
140.57840155,-33.98014891,52.64
140.57839311,-33.98014888,52.63
140.57833108,-33.98014866,52.64
140.57831938,-33.98014862,52.63
140.57830650,-33.98014858,52.68
140.57824187,-33.98014836,54.41
140.57823808,-33.98014834,52.63
140.57816598,-33.98014810,52.63
140.57815700,-33.98014807,52.66
140.57813849,-33.98014800,52.70
140.57812928,-33.98014797,52.79
140.57812420,-33.98014795,54.98
140.57809053,-33.98014784,52.60
140.57804279,-33.98014768,52.69
140.57804084,-33.98014767,57.35
140.57800760,-33.98014755,52.90
140.57799504,-33.98014751,57.88
140.57799104,-33.98014750,56.81
140.57798779,-33.98014749,59.42
140.57794514,-33.98014734,52.63
140.57791731,-33.98014724,52.64
140.57787325,-33.98014709,52.58
140.57785084,-33.98014702,52.70
140.57784489,-33.98014699,52.61
140.57783352,-33.98014696,52.57
140.57779022,-33.98014681,52.66
140.57773912,-33.98014663,52.71
140.57767308,-33.98014641,52.55
140.57766551,-33.98014638,52.60
140.57760651,-33.98014618,52.65
140.57758334,-33.98014610,53.84
140.57754956,-33.98014598,56.79
140.57753581,-33.98014594,59.32
140.57752315,-33.98014589,59.90
140.57748461,-33.98014576,52.58
140.57736606,-33.98014535,52.67
140.57735156,-33.98014530,52.64
140.57733878,-33.98014526,58.57
140.57719003,-33.98014475,52.64
140.57713807,-33.98014457,52.55
140.57709618,-33.98014442,54.02
140.57706651,-33.98014432,55.31
140.57694461,-33.98014390,52.65
140.57693985,-33.98014389,54.86
140.57692015,-33.98014382,52.57
140.57689731,-33.98014374,52.48
140.57686234,-33.98014362,55.34
140.57684588,-33.98014356,52.37
140.57680215,-33.98014341,54.66
140.57673773,-33.98014319,52.22
140.57670742,-33.98014309,52.24
140.57669584,-33.98014305,52.30
140.57668664,-33.98014302,52.32
140.57668631,-33.98014302,52.32
140.57668480,-33.98014301,52.32
140.57667722,-33.98014299,57.91
140.57666065,-33.98014293,57.49
140.57661064,-33.98014275,55.84
140.57659635,-33.98014271,52.17
140.57659570,-33.98014270,56.96
140.57657827,-33.98014264,52.07
140.57656831,-33.98014261,52.06
140.57649069,-33.98014234,51.89
140.57647488,-33.98014229,52.03
140.57645940,-33.98014223,51.89
140.57643374,-33.98014215,51.93
140.57642725,-33.98014213,51.89
140.57641491,-33.98014208,51.82
140.57641307,-33.98014208,51.82
140.57640148,-33.98014204,51.90
140.57639445,-33.98014201,51.91
140.57639022,-33.98014199,51.89
140.57638102,-33.98014196,52.06
140.57637366,-33.98014194,52.05
140.57637041,-33.98014193,51.95
140.57635385,-33.98014187,52.01
140.57634833,-33.98014185,52.12
140.57634400,-33.98014184,53.91
140.57634162,-33.98014183,51.95
140.57629767,-33.98014168,51.91
140.57629095,-33.98014166,51.95
140.57626497,-33.98014157,51.94
140.57616483,-33.98014122,52.74
140.57604261,-33.98014080,52.02
140.57604044,-33.98014079,53.62
140.57602496,-33.98014074,52.11
140.57600266,-33.98014066,52.66
140.57600136,-33.98014066,52.16
140.57598642,-33.98014061,52.29
140.57597018,-33.98014055,54.59
140.57596380,-33.98014053,53.73
140.57596087,-33.98014052,54.54
140.57595438,-33.98014049,52.09
140.57595026,-33.98014048,53.56
140.57594832,-33.98014047,52.08
140.57594204,-33.98014045,52.14
140.57593652,-33.98014043,52.08
140.57593619,-33.98014043,52.11
140.57593576,-33.98014043,56.36
140.57593403,-33.98014043,52.19
140.57585186,-33.98014014,54.61
140.57582718,-33.98014006,52.20
140.57582187,-33.98014004,55.65
140.57579686,-33.98013995,55.60
140.57578181,-33.98013990,52.17
140.57573212,-33.98013973,52.49
140.57571892,-33.98013969,54.60
140.57571870,-33.98013968,52.24
140.57570214,-33.98013963,54.32
140.57568731,-33.98013957,52.36
140.57566804,-33.98013951,52.36
140.57565580,-33.98013947,55.43
140.57564985,-33.98013945,55.23
140.57564693,-33.98013944,52.35
140.57563891,-33.98013941,54.05
140.57563199,-33.98013938,52.30
140.57559951,-33.98013927,55.45
140.57554029,-33.98013907,52.46
140.57549266,-33.98013890,52.50
140.57546603,-33.98013881,52.51
140.57542359,-33.98013866,52.53
140.57537888,-33.98013851,52.76
140.57537747,-33.98013850,52.75
140.57537606,-33.98013850,52.56
140.57532323,-33.98013832,55.04
140.57531197,-33.98013828,52.80
140.57523977,-33.98013803,52.72
140.57520588,-33.98013791,52.75
140.57518001,-33.98013782,52.75
140.57514353,-33.98013770,52.80
140.57514093,-33.98013769,52.79
140.57511895,-33.98013761,52.86
140.57511105,-33.98013759,52.88
140.57510802,-33.98013758,52.92
140.57510672,-33.98013757,52.94
140.57509221,-33.98013752,52.92
140.57508994,-33.98013751,52.96
140.57508301,-33.98013749,55.50
140.57508214,-33.98013749,53.03
140.57508182,-33.98013748,53.03
140.57507077,-33.98013745,52.94
140.57501740,-33.98013726,53.06
140.57499088,-33.98013717,53.07
140.57497735,-33.98013713,53.01
140.57496046,-33.98013707,52.93
140.57494087,-33.98013700,53.00
140.57493870,-33.98013699,52.97
140.57488890,-33.98013682,53.10
140.57488706,-33.98013681,53.05
140.57488663,-33.98013681,53.13
140.57487992,-33.98013679,53.36
140.57487656,-33.98013678,53.15
140.57485946,-33.98013672,53.19
140.57485686,-33.98013671,53.16
140.57478887,-33.98013647,55.99
140.57478844,-33.98013647,55.71
140.57478649,-33.98013647,56.30
140.57476625,-33.98013640,55.79
140.57476430,-33.98013639,53.34
140.57474849,-33.98013633,53.24
140.57471980,-33.98013624,53.36
140.57471515,-33.98013622,54.31
140.57470465,-33.98013618,53.48
140.57468419,-33.98013611,53.33
140.57465864,-33.98013602,53.57
140.57465615,-33.98013602,53.38
140.57465517,-33.98013601,53.30
140.57464337,-33.98013597,53.46
140.57462897,-33.98013592,53.44
140.57461187,-33.98013586,53.40
140.57460472,-33.98013584,53.52
140.57455330,-33.98013566,53.46
140.57449928,-33.98013547,53.67
140.57448910,-33.98013544,53.66
140.57447341,-33.98013538,53.51
140.57447081,-33.98013537,53.56
140.57445554,-33.98013532,53.56
140.57442826,-33.98013523,53.58
140.57441397,-33.98013518,53.65
140.57440109,-33.98013513,53.58
140.57433819,-33.98013492,53.59
140.57426793,-33.98013467,59.11
140.57426588,-33.98013466,59.21
140.57426295,-33.98013466,59.02
140.57424520,-33.98013459,57.87
140.57423416,-33.98013456,58.99
140.57423307,-33.98013455,53.67
140.57420092,-33.98013444,53.70
140.57417592,-33.98013435,53.69
140.57416531,-33.98013432,53.72
140.57410468,-33.98013411,53.74
140.57408855,-33.98013405,53.72
140.57407209,-33.98013399,53.76
140.57405467,-33.98013393,53.74
140.57401558,-33.98013380,53.99
140.57390906,-33.98013343,54.20
140.57389953,-33.98013340,53.96
140.57389520,-33.98013338,53.93
140.57382256,-33.98013313,56.77
140.57380708,-33.98013308,54.06
140.57376075,-33.98013292,54.40
140.57374894,-33.98013288,58.70
140.57373487,-33.98013283,58.79
140.57371268,-33.98013275,57.42
140.57370629,-33.98013273,56.01
140.57370023,-33.98013271,57.74
140.57369276,-33.98013268,58.35
140.57368778,-33.98013266,55.06
140.57362910,-33.98013246,54.31
140.57358937,-33.98013232,54.30
140.57354813,-33.98013218,54.50
140.57352268,-33.98013209,54.45
140.57351944,-33.98013208,54.36
140.57351164,-33.98013205,54.40
140.57349703,-33.98013200,54.49
140.57346520,-33.98013189,54.57
140.57345167,-33.98013184,54.49
140.57344994,-33.98013184,54.51
140.57341486,-33.98013172,54.57
140.57339148,-33.98013163,55.65
140.57338444,-33.98013161,56.66
140.57338433,-33.98013161,54.53
140.57336474,-33.98013155,54.54
140.57335175,-33.98013150,54.61
140.57334622,-33.98013148,54.48
140.57322963,-33.98013108,54.73
140.57322638,-33.98013106,55.78
140.57314963,-33.98013080,54.49
140.57310589,-33.98013065,54.45
140.57309723,-33.98013062,54.45
140.57307731,-33.98013055,54.52
140.57307396,-33.98013054,54.49
140.57306432,-33.98013050,54.62
140.57305252,-33.98013046,57.21
140.57301615,-33.98013033,54.61
140.57300002,-33.98013028,54.46
140.57296039,-33.98013014,56.78
140.57295433,-33.98013012,54.44
140.57289241,-33.98012991,54.52
140.57289100,-33.98012990,58.32
140.57287444,-33.98012984,54.42
140.57285224,-33.98012976,54.42
140.57280147,-33.98012959,54.41
140.57280050,-33.98012959,54.40
140.57278848,-33.98012954,54.39
140.57278393,-33.98012953,54.42
140.57278166,-33.98012952,54.44
140.57271616,-33.98012930,56.11
140.57270339,-33.98012925,54.17
140.57269245,-33.98012921,54.20
140.57266528,-33.98012912,54.20
140.57265727,-33.98012909,54.18
140.57258820,-33.98012885,54.06
140.57258452,-33.98012884,54.12
140.57255096,-33.98012872,56.74
140.57254468,-33.98012870,56.18
140.57254133,-33.98012869,54.04
140.57251935,-33.98012861,53.98
140.57251242,-33.98012859,56.62
140.57248373,-33.98012849,54.15
140.57247453,-33.98012845,53.89
140.57246804,-33.98012843,53.88
140.57245472,-33.98012839,57.92
140.57244335,-33.98012835,58.72
140.57243242,-33.98012831,53.85
140.57235263,-33.98012803,53.79
140.57234343,-33.98012800,53.65
140.57233315,-33.98012796,56.88
140.57232200,-33.98012792,53.84
140.57231290,-33.98012789,53.69
140.57226798,-33.98012774,53.55
140.57225249,-33.98012768,53.63
140.57223387,-33.98012762,53.51
140.57221948,-33.98012757,53.42
140.57209498,-33.98012713,53.37
140.57208902,-33.98012712,53.21
140.57208199,-33.98012709,53.19
140.57206283,-33.98012702,53.21
140.57198499,-33.98012675,56.90
140.57195435,-33.98012665,57.17
140.57195403,-33.98012664,57.02
140.57194028,-33.98012660,56.53
140.57193757,-33.98012659,54.06
140.57192653,-33.98012655,53.18
140.57191603,-33.98012651,53.86
140.57187673,-33.98012637,55.21
140.57187262,-33.98012636,54.81
140.57185551,-33.98012630,52.97
140.57185086,-33.98012629,52.95
140.57183722,-33.98012624,52.97
140.57183224,-33.98012622,52.97
140.57180972,-33.98012614,52.93
140.57175819,-33.98012596,52.98
140.57175342,-33.98012595,52.96
140.57174390,-33.98012591,53.85
140.57173751,-33.98012589,53.30
140.57173502,-33.98012588,52.99
140.57164322,-33.98012556,54.15
140.57164192,-33.98012556,55.33
140.57163716,-33.98012554,54.45
140.57162720,-33.98012551,53.08
140.57161983,-33.98012548,53.05
140.57158043,-33.98012534,53.24
140.57155401,-33.98012525,52.96
140.57153940,-33.98012520,53.12
140.57149815,-33.98012506,53.15
140.57149620,-33.98012505,53.18
140.57145777,-33.98012492,53.11
140.57139379,-33.98012469,53.42
140.57138048,-33.98012465,53.30
140.57137658,-33.98012463,53.42
140.57137625,-33.98012463,53.41
140.57135060,-33.98012455,53.31
140.57132938,-33.98012447,53.42
140.57131249,-33.98012441,53.38
140.57126886,-33.98012426,56.21
140.57124559,-33.98012418,57.06
140.57123628,-33.98012415,55.60
140.57114967,-33.98012385,53.71
140.57114058,-33.98012381,53.79
140.57110355,-33.98012368,58.53
140.57109370,-33.98012365,57.69
140.57105170,-33.98012350,53.97
140.57098144,-33.98012326,59.47
140.57097646,-33.98012324,54.16
140.57097505,-33.98012323,58.71
140.57097310,-33.98012323,54.12
140.57094582,-33.98012313,57.19
140.57092568,-33.98012306,54.16
140.57088996,-33.98012294,54.27
140.57088942,-33.98012294,54.16
140.57084579,-33.98012278,54.31
140.57070733,-33.98012230,54.33
140.57070332,-33.98012229,54.26
140.57070213,-33.98012228,54.20
140.57067896,-33.98012220,58.22
140.57063230,-33.98012204,54.43
140.57061791,-33.98012199,54.40
140.57061044,-33.98012196,55.27
140.57058630,-33.98012188,54.59
140.57057872,-33.98012185,54.39
140.57057536,-33.98012184,54.42
140.57055880,-33.98012178,56.53
140.57053531,-33.98012170,54.39
140.57052015,-33.98012165,54.28
140.57051842,-33.98012164,54.29
140.57050391,-33.98012159,54.52
140.57047782,-33.98012150,54.24
140.57045076,-33.98012141,57.23
140.57044350,-33.98012138,54.25
140.57041817,-33.98012129,54.50
140.57041135,-33.98012127,58.50
140.57039024,-33.98012120,60.36
140.57038753,-33.98012119,57.10
140.57038515,-33.98012118,59.92
140.57033416,-33.98012100,54.07
140.57031717,-33.98012094,54.04
140.57027624,-33.98012080,56.54
140.57025752,-33.98012073,54.18
140.57025254,-33.98012072,54.15
140.57024983,-33.98012070,53.90
140.57021486,-33.98012058,53.81
140.57016052,-33.98012039,53.63
140.57015943,-33.98012039,53.61
140.57011786,-33.98012024,53.59
140.57008831,-33.98012014,54.95
140.57006839,-33.98012007,53.76
140.57001653,-33.98011989,53.64
140.57001404,-33.98011988,53.62
140.56995136,-33.98011966,53.26
140.56994043,-33.98011962,53.27
140.56990319,-33.98011949,53.21
140.56990286,-33.98011949,53.20
140.56990081,-33.98011949,53.20
140.56989907,-33.98011948,53.21
140.56982405,-33.98011922,54.72
140.56982232,-33.98011921,54.41
140.56979926,-33.98011913,52.99
140.56979580,-33.98011912,53.05
140.56969696,-33.98011877,55.96
140.56967206,-33.98011869,52.81
140.56966903,-33.98011867,52.85
140.56965863,-33.98011864,52.80
140.56961933,-33.98011850,55.03
140.56955373,-33.98011827,52.46
140.56951974,-33.98011815,52.38
140.56951681,-33.98011814,52.40
140.56950621,-33.98011810,52.42
140.56950220,-33.98011809,52.50
140.56947871,-33.98011801,52.50
140.56947665,-33.98011800,52.56
140.56947319,-33.98011799,52.50
140.56946409,-33.98011796,52.39
140.56945998,-33.98011794,52.38
140.56945327,-33.98011792,52.45
140.56940369,-33.98011775,52.15
140.56940217,-33.98011774,52.17
140.56934544,-33.98011754,52.04
140.56932790,-33.98011748,51.95
140.56932747,-33.98011748,51.92
140.56931914,-33.98011745,51.91
140.56931134,-33.98011742,51.86
140.56926349,-33.98011726,51.97
140.56925191,-33.98011721,55.31
140.56924963,-33.98011721,51.76
140.56923404,-33.98011715,51.71
140.56922105,-33.98011711,51.73
140.56920482,-33.98011705,51.64
140.56917829,-33.98011696,51.59
140.56915101,-33.98011686,51.59
140.56913499,-33.98011681,54.99
140.56912427,-33.98011677,51.61
140.56910165,-33.98011669,51.61
140.56910154,-33.98011669,54.19
140.56907003,-33.98011658,51.73
140.56905932,-33.98011654,52.23
140.56898224,-33.98011627,51.09
140.56897607,-33.98011625,51.11
140.56896524,-33.98011621,51.13
140.56896091,-33.98011620,51.05
140.56892345,-33.98011607,51.02
140.56891588,-33.98011604,50.91
140.56890570,-33.98011600,50.84
140.56890429,-33.98011600,50.89
140.56890137,-33.98011599,50.88
140.56889043,-33.98011595,52.46
140.56886359,-33.98011585,55.15
140.56884399,-33.98011579,52.38
140.56883771,-33.98011576,54.33
140.56882732,-33.98011573,50.72
140.56880848,-33.98011566,50.63
140.56877871,-33.98011556,50.57
140.56873747,-33.98011541,53.19
140.56873021,-33.98011539,50.55
140.56872924,-33.98011538,51.85
140.56871246,-33.98011533,50.44
140.56870098,-33.98011528,50.39
140.56870055,-33.98011528,53.27
140.56869427,-33.98011526,52.96
140.56868962,-33.98011525,53.10
140.56862239,-33.98011501,50.38
140.56861102,-33.98011497,52.09
140.56860864,-33.98011496,52.21
140.56860279,-33.98011494,51.21
140.56859706,-33.98011492,50.18
140.56858969,-33.98011490,50.12
140.56858861,-33.98011489,51.33
140.56855050,-33.98011476,50.00
140.56852030,-33.98011465,50.00
140.56851034,-33.98011462,52.53
140.56850817,-33.98011461,52.51
140.56850612,-33.98011460,50.06
140.56846206,-33.98011445,49.79
140.56845989,-33.98011444,49.79
140.56844051,-33.98011437,49.77
140.56838086,-33.98011416,49.59
140.56834839,-33.98011405,49.67
140.56833388,-33.98011400,49.64
140.56832154,-33.98011395,49.70
140.56831775,-33.98011394,53.02
140.56830411,-33.98011389,49.50
140.56828516,-33.98011383,49.44
140.56827217,-33.98011378,50.48
140.56826990,-33.98011378,49.46
140.56824706,-33.98011369,49.55
140.56823937,-33.98011367,51.19
140.56821999,-33.98011360,49.36
140.56820722,-33.98011356,49.38
140.56818351,-33.98011347,49.33
140.56814995,-33.98011335,49.23
140.56814324,-33.98011333,49.26
140.56812646,-33.98011327,49.29
140.56811812,-33.98011324,49.09
140.56810621,-33.98011320,49.30
140.56809928,-33.98011318,49.08
140.56808813,-33.98011313,49.24
140.56801549,-33.98011288,49.98
140.56801376,-33.98011287,48.96
140.56800012,-33.98011283,50.63
140.56799460,-33.98011281,48.95
140.56799103,-33.98011280,48.97
140.56796948,-33.98011272,51.31
140.56796699,-33.98011271,51.20
140.56796310,-33.98011270,48.85
140.56791958,-33.98011255,48.85
140.56790215,-33.98011248,52.67
140.56788331,-33.98011242,48.77
140.56787671,-33.98011239,50.78
140.56787389,-33.98011238,50.74
140.56785700,-33.98011233,48.68
140.56783427,-33.98011224,48.78
140.56779010,-33.98011209,48.48
140.56777105,-33.98011202,48.48
140.56774810,-33.98011194,48.45
140.56773987,-33.98011191,48.46
140.56772764,-33.98011187,48.39
140.56772428,-33.98011186,48.41
140.56772276,-33.98011185,48.44
140.56768682,-33.98011173,51.33
140.56766972,-33.98011167,50.16
140.56766160,-33.98011164,48.46
140.56765727,-33.98011162,49.22
140.56762273,-33.98011150,48.23
140.56753396,-33.98011119,49.60
140.56752985,-33.98011118,50.37
140.56748384,-33.98011102,48.09
140.56745959,-33.98011093,48.05
140.56745125,-33.98011090,48.00
140.56744595,-33.98011088,48.05
140.56741423,-33.98011077,49.65
140.56740730,-33.98011074,48.13
140.56740719,-33.98011074,50.52
140.56739301,-33.98011069,50.81
140.56739182,-33.98011069,48.13
140.56739160,-33.98011069,49.75
140.56737547,-33.98011063,48.04
140.56736638,-33.98011060,48.08
140.56736097,-33.98011058,48.05
140.56735144,-33.98011055,47.99
140.56734364,-33.98011052,49.13
140.56733055,-33.98011048,50.62
140.56732676,-33.98011046,47.98
140.56731875,-33.98011043,48.05
140.56731084,-33.98011040,50.16
140.56730013,-33.98011037,50.57
140.56729655,-33.98011036,47.95
140.56729330,-33.98011034,48.00
140.56728876,-33.98011033,50.32
140.56727555,-33.98011028,50.16
140.56724361,-33.98011017,48.70
140.56723225,-33.98011013,52.30
140.56722673,-33.98011011,47.87
140.56722120,-33.98011009,52.39
140.56720540,-33.98011004,51.94
140.56719901,-33.98011001,47.82
140.56719262,-33.98010999,47.82
140.56717747,-33.98010993,48.15
140.56717173,-33.98010992,47.97
140.56713785,-33.98010980,47.99
140.56712897,-33.98010977,48.03
140.56710851,-33.98010969,48.02
140.56708707,-33.98010962,49.88
140.56706878,-33.98010955,47.89
140.56706347,-33.98010954,47.88
140.56703121,-33.98010942,47.94
140.56702244,-33.98010939,47.92
140.56697849,-33.98010924,47.90
140.56696409,-33.98010919,47.96
140.56693768,-33.98010909,49.44
140.56690791,-33.98010899,47.96
140.56687121,-33.98010886,48.90
140.56679077,-33.98010858,50.35
140.56677042,-33.98010850,48.46
140.56674855,-33.98010843,48.29
140.56673502,-33.98010838,48.13
140.56673155,-33.98010837,48.20
140.56672896,-33.98010836,48.33
140.56669973,-33.98010825,48.52
140.56669052,-33.98010822,48.28
140.56668500,-33.98010820,48.24
140.56668251,-33.98010820,48.19
140.56664917,-33.98010808,48.28
140.56663391,-33.98010802,48.27
140.56662037,-33.98010798,48.60
140.56661139,-33.98010795,48.72
140.56658422,-33.98010785,48.45
140.56657967,-33.98010783,50.96
140.56656213,-33.98010777,48.65
140.56654546,-33.98010771,48.50
140.56652608,-33.98010764,48.53
140.56651699,-33.98010761,48.53
140.56651006,-33.98010759,50.86
140.56649436,-33.98010753,48.62
140.56649198,-33.98010752,51.66
140.56648018,-33.98010748,51.75
140.56647888,-33.98010748,48.74
140.56647585,-33.98010746,48.89
140.56642356,-33.98010728,48.62
140.56641642,-33.98010726,48.69
140.56637333,-33.98010710,52.12
140.56637160,-33.98010710,48.79
140.56631325,-33.98010690,48.95
140.56623833,-33.98010663,49.00
140.56619773,-33.98010649,49.11
140.56616612,-33.98010637,49.17
140.56615876,-33.98010635,49.22
140.56612726,-33.98010624,49.20
140.56609954,-33.98010614,49.31
140.56608385,-33.98010609,49.52
140.56606923,-33.98010603,52.42
140.56606036,-33.98010600,49.44
140.56605505,-33.98010598,49.49
140.56603188,-33.98010590,50.21
140.56601943,-33.98010586,49.51
140.56595275,-33.98010562,49.49
140.56595242,-33.98010562,49.50
140.56594679,-33.98010560,49.45
140.56593997,-33.98010558,49.66
140.56593239,-33.98010555,49.48
140.56587469,-33.98010535,54.15
140.56585542,-33.98010528,49.46
140.56583063,-33.98010519,49.55
140.56583009,-33.98010519,49.60
140.56581634,-33.98010514,49.62
140.56580822,-33.98010511,49.50
140.56580552,-33.98010510,49.59
140.56574078,-33.98010488,52.99
140.56573212,-33.98010484,49.36
140.56568329,-33.98010467,52.14
140.56567074,-33.98010463,52.48
140.56559744,-33.98010437,49.31
140.56557374,-33.98010428,49.35
140.56556908,-33.98010427,49.34
140.56556150,-33.98010424,51.61
140.56551679,-33.98010408,49.19
140.56548789,-33.98010398,49.16
140.56547576,-33.98010394,49.21
140.56546483,-33.98010390,49.17
140.56546223,-33.98010389,49.15
140.56541460,-33.98010372,49.37
140.56536458,-33.98010355,49.11
140.56533882,-33.98010346,49.17
140.56533524,-33.98010344,49.17
140.56530331,-33.98010333,49.32
140.56530136,-33.98010332,49.27
140.56529638,-33.98010330,49.26
140.56529216,-33.98010329,50.47
140.56525318,-33.98010315,51.58
140.56508679,-33.98010257,49.35
140.56507131,-33.98010251,49.51
140.56506720,-33.98010250,49.21
140.56499033,-33.98010222,49.32
140.56497041,-33.98010215,53.28
140.56494920,-33.98010208,49.45
140.56494909,-33.98010208,49.43
140.56494649,-33.98010207,53.81
140.56491997,-33.98010197,52.28
140.56485609,-33.98010175,49.56
140.56483802,-33.98010169,49.56
140.56483488,-33.98010168,49.57
140.56482134,-33.98010163,53.95
140.56472240,-33.98010128,49.64
140.56470572,-33.98010122,52.00
140.56469934,-33.98010120,50.80
140.56468743,-33.98010115,51.78
140.56467639,-33.98010111,49.99
140.56467303,-33.98010110,49.90
140.56466978,-33.98010109,49.75
140.56453522,-33.98010061,52.73
140.56451573,-33.98010055,49.90
140.56451238,-33.98010053,49.89
140.56449235,-33.98010046,50.91
140.56447687,-33.98010041,51.06
140.56447091,-33.98010039,52.03
140.56440682,-33.98010016,52.91
140.56440531,-33.98010016,52.56
140.56437240,-33.98010004,51.68
140.56436655,-33.98010002,53.58
140.56431145,-33.98009982,50.13
140.56430214,-33.98009979,50.12
140.56429608,-33.98009977,50.13
140.56427854,-33.98009971,50.48
140.56424422,-33.98009959,52.13
140.56418847,-33.98009939,51.39
140.56413975,-33.98009921,50.45
140.56413650,-33.98009920,50.37
140.56412730,-33.98009917,50.39
140.56409374,-33.98009905,50.52
140.56405044,-33.98009890,52.35
140.56402251,-33.98009880,50.74
140.56401937,-33.98009879,50.59
140.56397119,-33.98009862,50.81
140.56394814,-33.98009854,53.18
140.56393146,-33.98009848,50.64
140.56390440,-33.98009838,50.73
140.56389390,-33.98009834,50.66
140.56388784,-33.98009832,50.71
140.56383295,-33.98009813,53.06
140.56383133,-33.98009812,50.72
140.56381303,-33.98009805,53.45
140.56375154,-33.98009784,50.78
140.56374916,-33.98009783,50.84
140.56374559,-33.98009782,50.87
140.56374169,-33.98009781,50.85
140.56367143,-33.98009756,51.15
140.56366537,-33.98009753,50.89
140.56364415,-33.98009746,50.91
140.56361665,-33.98009736,53.13
140.56360951,-33.98009734,52.59
140.56359630,-33.98009729,51.86
140.56359370,-33.98009728,53.54
140.56359240,-33.98009727,50.94
140.56357053,-33.98009720,50.95
140.56356869,-33.98009719,50.95
140.56346509,-33.98009682,51.05
140.56344679,-33.98009676,51.11
140.56344355,-33.98009675,51.10
140.56341507,-33.98009665,55.21
140.56337913,-33.98009652,51.17
140.56336809,-33.98009648,51.20
140.56330086,-33.98009624,53.20
140.56319856,-33.98009588,51.47
140.56319531,-33.98009586,51.43
140.56317074,-33.98009578,52.61
140.56316868,-33.98009577,52.76
140.56316554,-33.98009576,52.65
140.56315742,-33.98009573,55.11
140.56315634,-33.98009573,55.30
140.56312981,-33.98009563,51.55
140.56308186,-33.98009546,51.66
140.56307839,-33.98009545,51.68
140.56307612,-33.98009544,53.35
140.56306583,-33.98009541,52.23
140.56306042,-33.98009539,51.65
140.56305858,-33.98009538,56.03
140.56304256,-33.98009532,51.77
140.56304083,-33.98009532,56.34
140.56303866,-33.98009531,54.57
140.56303834,-33.98009531,51.80
140.56303022,-33.98009528,51.81
140.56302480,-33.98009526,51.75
140.56300867,-33.98009520,55.07
140.56298421,-33.98009512,51.72
140.56297306,-33.98009507,51.72
140.56296786,-33.98009506,51.71
140.56296191,-33.98009504,51.86
140.56295898,-33.98009503,51.81
140.56292337,-33.98009490,53.50
140.56291514,-33.98009487,51.87
140.56290821,-33.98009485,51.84
140.56288634,-33.98009477,51.84
140.56283893,-33.98009460,51.95
140.56283719,-33.98009459,53.63
140.56281598,-33.98009452,52.00
140.56280580,-33.98009448,55.35
140.56279086,-33.98009443,52.05
140.56278685,-33.98009442,52.05
140.56274377,-33.98009426,52.09
140.56268455,-33.98009405,53.68
140.56268379,-33.98009405,54.01
140.56263399,-33.98009387,52.24
140.56260909,-33.98009378,52.22
140.56257597,-33.98009367,53.86
140.56257240,-33.98009365,52.29
140.56256525,-33.98009363,52.31
140.56256438,-33.98009363,52.33
140.56255562,-33.98009359,52.21
140.56255540,-33.98009359,52.22
140.56255280,-33.98009358,52.24
140.56254154,-33.98009354,52.32
140.56253938,-33.98009354,52.24
140.56252119,-33.98009347,52.48
140.56246273,-33.98009326,52.45
140.56242830,-33.98009314,52.37
140.56242527,-33.98009313,55.56
140.56242430,-33.98009313,55.55
140.56241098,-33.98009308,52.34
140.56239853,-33.98009303,52.51
140.56238359,-33.98009298,52.37
140.56237970,-33.98009297,52.35
140.56231961,-33.98009275,56.07
140.56231593,-33.98009274,52.41
140.56229839,-33.98009268,55.15
140.56228216,-33.98009262,52.36
140.56225368,-33.98009252,52.46
140.56222954,-33.98009243,52.87
140.56220410,-33.98009234,52.40
140.56212810,-33.98009207,52.47
140.56212756,-33.98009207,52.47
140.56212724,-33.98009207,52.44
140.56211815,-33.98009204,52.44
140.56209400,-33.98009195,52.42
140.56204756,-33.98009179,52.57
140.56202190,-33.98009170,55.26
140.56198434,-33.98009156,56.35
140.56197460,-33.98009152,52.56
140.56196756,-33.98009150,55.76
140.56196344,-33.98009149,52.64
140.56195002,-33.98009144,54.01
140.56193476,-33.98009138,53.72
140.56192675,-33.98009136,52.83
140.56192545,-33.98009135,52.72
140.56191808,-33.98009132,55.41
140.56188810,-33.98009122,52.89
140.56187153,-33.98009116,57.23
140.56183202,-33.98009102,52.71
140.56182975,-33.98009101,52.74
140.56182390,-33.98009099,52.71
140.56181892,-33.98009097,55.96
140.56180517,-33.98009092,52.72
140.56176945,-33.98009079,52.79
140.56176295,-33.98009077,52.79
140.56175191,-33.98009073,52.83
140.56169767,-33.98009054,52.90
140.56167927,-33.98009047,52.92
140.56164863,-33.98009037,53.16
140.56164766,-33.98009036,53.20
140.56162633,-33.98009029,53.02
140.56154936,-33.98009001,53.53
140.56151558,-33.98008989,53.47
140.56150562,-33.98008986,53.31
140.56149350,-33.98008981,53.29
140.56146730,-33.98008972,53.35
140.56145084,-33.98008966,53.34
140.56144283,-33.98008963,55.62
140.56141165,-33.98008952,53.46
140.56136684,-33.98008936,53.51
140.56134020,-33.98008927,53.75
140.56132386,-33.98008921,57.39
140.56131595,-33.98008918,57.80
140.56131162,-33.98008916,57.48
140.56130849,-33.98008915,57.50
140.56129235,-33.98008910,56.08
140.56127633,-33.98008904,53.84
140.56127276,-33.98008902,53.90
140.56126821,-33.98008901,53.85
140.56126572,-33.98008900,53.72
140.56126518,-33.98008900,53.68
140.56126410,-33.98008899,56.34
140.56125750,-33.98008897,56.79
140.56124375,-33.98008892,53.80
140.56123411,-33.98008889,53.79
140.56123141,-33.98008888,53.82
140.56121712,-33.98008883,53.84
140.56118496,-33.98008871,54.00
140.56111968,-33.98008848,54.82
140.56109803,-33.98008840,54.21
140.56107649,-33.98008832,59.30
140.56105754,-33.98008826,58.82
140.56104997,-33.98008823,54.99
140.56104325,-33.98008821,54.26
140.56102637,-33.98008815,54.94
140.56102117,-33.98008813,54.35
140.56100699,-33.98008808,54.39
140.56099400,-33.98008803,56.67
140.56095264,-33.98008788,54.59
140.56090761,-33.98008772,54.59
140.56089938,-33.98008769,54.64
140.56086387,-33.98008757,56.49
140.56084850,-33.98008751,54.85
140.56079892,-33.98008734,54.84
140.56079718,-33.98008733,54.85
140.56078754,-33.98008829,54.92
140.56078743,-33.98008883,54.88
140.56078694,-33.98010047,55.09
140.56078663,-33.98011913,54.89
140.56078656,-33.98013149,59.17
140.56078641,-33.98016224,58.93
140.56078633,-33.98017667,54.59
140.56078609,-33.98022321,54.96
140.56078603,-33.98023583,54.40
140.56078589,-33.98026307,57.08
140.56078584,-33.98027308,59.37
140.56078572,-33.98029590,54.26
140.56078558,-33.98032241,56.96
140.56078546,-33.98034694,54.04
140.56078534,-33.98036904,57.23
140.56078532,-33.98037409,53.96
140.56078518,-33.98040141,53.76
140.56078504,-33.98042856,53.76
140.56078498,-33.98043884,59.01
140.56078498,-33.98044029,53.73
140.56078494,-33.98044632,58.95
140.56078490,-33.98045480,56.65
140.56078486,-33.98046220,53.73
140.56078473,-33.98048781,60.16
140.56078466,-33.98050152,53.42
140.56078436,-33.98056077,53.37
140.56078430,-33.98057133,53.24
140.56078424,-33.98058404,53.24
140.56078421,-33.98058963,53.29
140.56078400,-33.98063067,53.06
140.56078393,-33.98064294,56.20
140.56078383,-33.98066206,56.43
140.56078348,-33.98073114,52.75
140.56078346,-33.98073574,52.73
140.56078336,-33.98075378,58.25
140.56078333,-33.98075990,53.47
140.56078332,-33.98076288,54.53
140.56078327,-33.98077154,52.70
140.56078327,-33.98077244,52.67
140.56078324,-33.98077776,52.63
140.56078323,-33.98077975,58.07
140.56078282,-33.98085902,52.41
140.56078269,-33.98088391,52.35
140.56078264,-33.98089411,52.33
140.56078262,-33.98089852,52.26
140.56078252,-33.98091764,52.25
140.56078231,-33.98095850,52.22
140.56078220,-33.98098005,52.68
140.56078216,-33.98098826,52.39
140.56078210,-33.98099944,56.68
140.56078202,-33.98101550,57.70
140.56078163,-33.98108990,52.20
140.56078139,-33.98113662,52.25
140.56078138,-33.98113941,52.32
140.56078126,-33.98116187,56.33
140.56078096,-33.98122022,52.03
140.56078082,-33.98124791,52.03
140.56078047,-33.98131717,52.07
140.56078039,-33.98133223,52.11
140.56078038,-33.98133359,52.10
140.56078035,-33.98133999,57.95
140.56078031,-33.98134730,58.14
140.56078026,-33.98135712,52.18
140.56078022,-33.98136434,54.37
140.56078022,-33.98136551,52.35
140.56078014,-33.98138102,56.69
140.56077990,-33.98142639,52.33
140.56077985,-33.98143604,52.34
140.56077984,-33.98143946,52.56
140.56077911,-33.98158024,52.87
140.56077910,-33.98158304,53.22
140.56077899,-33.98160415,56.09
140.56077880,-33.98164157,53.02
140.56077878,-33.98164527,53.05
140.56077864,-33.98167233,53.29
140.56077862,-33.98167557,53.46
140.56077856,-33.98168757,53.32
140.56077855,-33.98169019,53.48
140.56077843,-33.98171345,53.50
140.56077829,-33.98174042,53.63
140.56077827,-33.98174475,53.65
140.56077817,-33.98176405,53.80
140.56077792,-33.98181176,58.59
140.56077789,-33.98181798,54.21
140.56077784,-33.98182709,54.41
140.56077775,-33.98184414,56.10
140.56077775,-33.98184567,54.65
140.56077768,-33.98185955,54.76
140.56077767,-33.98186154,56.90
140.56077765,-33.98186497,56.94
140.56077763,-33.98186839,55.30
140.56077754,-33.98188562,54.99
140.56077750,-33.98189455,55.01
140.56077741,-33.98191060,59.47
140.56077739,-33.98191502,55.22
140.56077722,-33.98194839,58.51
140.56077721,-33.98195055,58.67
140.56077720,-33.98195128,58.69
140.56077715,-33.98196174,55.61
140.56077698,-33.98199574,56.00
140.56077673,-33.98204345,56.29
140.56077673,-33.98204390,56.27
140.56077666,-33.98205770,56.37
140.56077656,-33.98207582,56.51
140.56077645,-33.98209837,61.58
140.56077626,-33.98213418,56.27
140.56077611,-33.98216394,56.27
140.56077600,-33.98218604,56.09
140.56077591,-33.98220253,55.82
140.56077585,-33.98221489,55.73
140.56077580,-33.98222382,55.71
140.56077580,-33.98222418,55.69
140.56077577,-33.98222968,55.62
140.56077560,-33.98226368,55.69
140.56077556,-33.98227027,55.43
140.56077555,-33.98227216,58.00
140.56077523,-33.98233457,57.70
140.56077522,-33.98233719,57.89
140.56077516,-33.98234954,54.89
140.56077498,-33.98238354,56.88
140.56077498,-33.98238390,54.90
140.56077490,-33.98239878,57.02
140.56077489,-33.98240176,54.66
140.56077469,-33.98244000,54.50
140.56077465,-33.98244685,54.52
140.56077436,-33.98250421,58.37
140.56077435,-33.98250574,54.30
140.56077433,-33.98251043,58.09
140.56077403,-33.98256860,54.17
140.56077378,-33.98261713,53.94
140.56077366,-33.98263994,53.95
140.56077361,-33.98264941,53.93
140.56077357,-33.98265681,53.91
140.56077351,-33.98266916,56.42
140.56077326,-33.98271768,57.38
140.56077321,-33.98272823,53.78
140.56077315,-33.98274023,53.83
140.56077294,-33.98278081,53.90
140.56077289,-33.98278911,56.85
140.56077285,-33.98279840,56.80
140.56077270,-33.98282699,53.91
140.56077264,-33.98283781,53.90
140.56077263,-33.98284070,53.92
140.56077263,-33.98284124,53.95
140.56077249,-33.98286866,54.11
140.56077222,-33.98292015,56.76
140.56077220,-33.98292457,54.17
140.56077214,-33.98293630,54.10
140.56077212,-33.98293900,54.12
140.56077204,-33.98295523,54.25
140.56077199,-33.98296497,54.37
140.56077168,-33.98302504,54.45
140.56077154,-33.98305147,54.62
140.56077149,-33.98306292,54.68
140.56077121,-33.98311748,54.93
140.56077108,-33.98314174,55.05
140.56077096,-33.98316420,55.04
140.56077094,-33.98316916,55.31
140.56077067,-33.98322146,55.28
140.56077060,-33.98323454,55.35
140.56077058,-33.98323842,55.29
140.56077057,-33.98324113,55.28
140.56077056,-33.98324356,55.44
140.56077054,-33.98324618,55.54
140.56077050,-33.98325528,55.39
140.56077045,-33.98326448,55.59
140.56077044,-33.98326710,57.39
140.56077039,-33.98327630,55.52
140.56077034,-33.98328658,55.49
140.56077033,-33.98328676,56.59
140.56077020,-33.98331310,55.69
140.56077011,-33.98333005,55.78
140.56077010,-33.98333194,55.80
140.56077006,-33.98334078,55.83
140.56077003,-33.98334637,58.22
140.56076998,-33.98335575,58.12
140.56076991,-33.98337000,55.83
140.56076988,-33.98337532,55.82
140.56076968,-33.98341474,55.83
140.56076946,-33.98345667,55.63
140.56076943,-33.98346172,59.51
140.56076941,-33.98346732,58.35
140.56076939,-33.98347101,55.71
140.56076934,-33.98348085,55.56
140.56076933,-33.98348111,59.41
140.56076932,-33.98348490,55.50
140.56076926,-33.98349609,55.45
140.56076903,-33.98354019,55.22
140.56076882,-33.98358059,55.10
140.56076871,-33.98360332,55.08
140.56076852,-33.98363993,55.07
140.56076844,-33.98365490,54.84
140.56076843,-33.98365679,57.14
140.56076843,-33.98365734,57.03
140.56076833,-33.98367709,56.44
140.56076823,-33.98369512,55.24
140.56076823,-33.98369666,55.39
140.56076819,-33.98370325,54.69
140.56076802,-33.98373734,54.69
140.56076801,-33.98373824,54.66
140.56076801,-33.98373869,56.06
140.56076793,-33.98375411,54.67
140.56076786,-33.98376827,54.63
140.56076778,-33.98378315,56.37
140.56076778,-33.98378423,54.62
140.56076765,-33.98380795,57.90
140.56076765,-33.98380867,55.86
140.56076760,-33.98381841,54.86
140.56076740,-33.98385701,54.63
140.56076729,-33.98387794,56.71
140.56076721,-33.98389444,54.71
140.56076718,-33.98390030,54.68
140.56076711,-33.98391356,54.76
140.56076706,-33.98392384,54.97
140.56076696,-33.98394278,54.84
140.56076695,-33.98394495,55.78
140.56076691,-33.98395306,54.86
140.56076680,-33.98397335,57.80
140.56076670,-33.98399283,54.92
140.56076660,-33.98401349,55.28
140.56076658,-33.98401655,58.29
140.56076649,-33.98403486,55.08
140.56076646,-33.98403973,55.29
140.56076584,-33.98416085,55.58
140.56076574,-33.98417943,55.48
140.56076566,-33.98419566,55.49
140.56076557,-33.98421217,55.50
140.56076552,-33.98422353,55.49
140.56076551,-33.98422516,55.47
140.56076543,-33.98424076,55.51
140.56076542,-33.98424175,55.54
140.56076534,-33.98425762,55.44
140.56076515,-33.98429406,55.43
140.56076497,-33.98432995,55.18
140.56076495,-33.98433302,57.13
140.56076492,-33.98433996,58.67
140.56076489,-33.98434565,59.03
140.56076468,-33.98438677,54.84
140.56076456,-33.98440886,56.07
140.56076455,-33.98441103,54.71
140.56076453,-33.98441509,54.66
140.56076426,-33.98446839,54.40
140.56076423,-33.98447290,54.34
140.56076415,-33.98448886,54.28
140.56076415,-33.98448940,54.21
140.56076413,-33.98449373,54.11
140.56076392,-33.98453377,54.00
140.56076384,-33.98454956,53.94
140.56076376,-33.98456453,53.86
140.56076343,-33.98462928,53.47
140.56076337,-33.98464092,55.59
140.56076325,-33.98466328,53.31
140.56076323,-33.98466824,53.35
140.56076319,-33.98467537,53.45
140.56076309,-33.98469512,53.08
140.56076308,-33.98469746,53.07
140.56076297,-33.98471785,53.06
140.56076276,-33.98475834,52.77
140.56076267,-33.98477764,52.68
140.56076254,-33.98480280,52.62
140.56076251,-33.98480704,54.34
140.56076250,-33.98480893,54.35
140.56076247,-33.98481651,52.63
140.56076238,-33.98483383,52.51
140.56076236,-33.98483689,52.44
140.56076232,-33.98484402,57.82
140.56076216,-33.98487685,52.33
140.56076209,-33.98488956,52.70
140.56076208,-33.98489110,52.81
140.56076207,-33.98489299,52.25
140.56076204,-33.98489939,52.21
140.56076191,-33.98492464,56.17
140.56076185,-33.98493628,52.24
140.56076175,-33.98495621,53.53
140.56076172,-33.98496099,52.27
140.56076161,-33.98498200,54.18
140.56076160,-33.98498561,54.41
140.56076158,-33.98498795,52.24
140.56076145,-33.98501303,52.20
140.56076138,-33.98502836,52.11
140.56076094,-33.98511232,52.12
140.56076083,-33.98513478,52.24
140.56076077,-33.98514542,52.32
140.56076073,-33.98515327,57.31
140.56076071,-33.98515805,56.21
140.56076070,-33.98516057,57.57
140.56076065,-33.98516995,55.20
140.56076055,-33.98518862,52.10
140.56076055,-33.98518898,57.12
140.56076043,-33.98521252,56.17
140.56076033,-33.98523236,56.69
140.56076023,-33.98525022,52.54
140.56076003,-33.98528999,56.22
140.56076001,-33.98529432,56.73
140.56075984,-33.98532724,52.32
140.56075983,-33.98532868,55.21
140.56075972,-33.98535005,52.45
140.56075961,-33.98537071,52.54
140.56075955,-33.98538234,57.54
140.56075953,-33.98538739,52.54
140.56075952,-33.98538974,53.29
140.56075939,-33.98541499,52.49
140.56075936,-33.98542022,52.55
140.56075929,-33.98543330,52.59
140.56075915,-33.98546125,52.64
140.56075873,-33.98554269,55.26
140.56075872,-33.98554414,58.46
140.56075869,-33.98555045,59.04
140.56075863,-33.98556244,59.24
140.56075847,-33.98559410,53.20
140.56075838,-33.98561069,53.26
140.56075833,-33.98562061,56.87
140.56075821,-33.98564397,53.38
140.56075819,-33.98564749,53.38
140.56075799,-33.98568663,53.49
140.56075794,-33.98569583,53.56
140.56075785,-33.98571279,53.65
140.56075785,-33.98571432,55.26
140.56075784,-33.98571603,55.26
140.56075780,-33.98572261,58.42
140.56075779,-33.98572487,58.47
140.56075777,-33.98572974,53.75
140.56075772,-33.98573957,53.78
140.56075771,-33.98574083,58.82
140.56075770,-33.98574336,58.70
140.56075767,-33.98574868,55.48
140.56075759,-33.98576509,59.66
140.56075757,-33.98576879,55.65
140.56075756,-33.98576942,53.83
140.56075755,-33.98577195,53.87
140.56075746,-33.98578918,55.35
140.56075739,-33.98580352,53.96
140.56075713,-33.98585375,54.09
140.56075709,-33.98586069,54.12
140.56075704,-33.98587142,54.27
140.56075702,-33.98587557,55.72
140.56075697,-33.98588459,54.35
140.56075694,-33.98589072,54.46
140.56075665,-33.98594673,54.78
140.56075627,-33.98602131,54.89
140.56075625,-33.98602411,54.94
140.56075617,-33.98604025,55.00
140.56075615,-33.98604467,55.20
140.56075606,-33.98606235,55.33
140.56075605,-33.98606271,55.31
140.56075594,-33.98608543,57.20
140.56075591,-33.98609012,55.19
140.56075557,-33.98615660,55.45
140.56075554,-33.98616273,55.50
140.56075549,-33.98617292,58.78
140.56075548,-33.98617418,55.51
140.56075529,-33.98621062,58.95
140.56075527,-33.98621468,58.35
140.56075514,-33.98624065,55.92
140.56075512,-33.98624390,55.91
140.56075508,-33.98625219,55.98
140.56075494,-33.98627934,56.12
140.56075467,-33.98633183,58.64
140.56075465,-33.98633544,60.12
140.56075465,-33.98633606,58.23
140.56075460,-33.98634482,56.30
140.56075459,-33.98634725,56.28
140.56075458,-33.98635014,60.47
140.56075455,-33.98635537,56.36
140.56075425,-33.98641327,56.49
140.56075390,-33.98648064,56.58
140.56075387,-33.98648749,56.59
140.56075375,-33.98651139,56.60
140.56075370,-33.98651951,56.56
140.56075369,-33.98652230,56.69
140.56075368,-33.98652447,58.77
140.56075366,-33.98652789,58.59
140.56075364,-33.98653267,56.62
140.56075364,-33.98653286,59.02
140.56075363,-33.98653412,59.52
140.56075362,-33.98653547,59.43
140.56075362,-33.98653556,56.63
140.56075354,-33.98655189,60.12
140.56075353,-33.98655287,59.95
140.56075350,-33.98655973,60.96
140.56075349,-33.98656117,59.07
140.56075348,-33.98656270,60.75
140.56075333,-33.98659148,56.64
140.56075333,-33.98659166,59.79
140.56075326,-33.98660600,56.77
140.56075324,-33.98661051,60.17
140.56075323,-33.98661177,56.85
140.56075316,-33.98662476,56.74
140.56075316,-33.98662530,62.14
140.56075312,-33.98663359,56.92
140.56075311,-33.98663450,56.93
140.56075302,-33.98665317,60.27
140.56075301,-33.98665443,60.63
140.56075299,-33.98665758,56.92
140.56075295,-33.98666615,59.75
140.56075289,-33.98667742,56.75
140.56075288,-33.98667968,56.77
140.56075286,-33.98668328,56.74
140.56075282,-33.98669149,56.68
140.56075280,-33.98669501,56.68
140.56075275,-33.98670448,56.68
140.56075273,-33.98670872,56.71
140.56075272,-33.98671142,56.77
140.56075263,-33.98672874,62.25
140.56075262,-33.98673117,56.71
140.56075253,-33.98674759,59.20
140.56075249,-33.98675498,61.56
140.56075249,-33.98675634,58.56
140.56075247,-33.98676030,56.66
140.56075244,-33.98676536,56.62
140.56075240,-33.98677221,56.64
140.56075227,-33.98679854,56.62
140.56075224,-33.98680449,56.57
140.56075211,-33.98682957,56.61
140.56075208,-33.98683615,58.31
140.56075202,-33.98684761,56.64
140.56075173,-33.98690253,56.15
140.56075143,-33.98696106,58.48
140.56075136,-33.98697522,58.26
140.56075130,-33.98698668,55.94
140.56075119,-33.98700733,55.79
140.56075109,-33.98702861,55.72
140.56075101,-33.98704340,55.63
140.56075083,-33.98707821,55.72
140.56075081,-33.98708164,55.57
140.56075071,-33.98710139,55.75
140.56075044,-33.98715334,55.33
140.56075036,-33.98716885,55.25
140.56075035,-33.98717075,58.63
140.56075035,-33.98717093,58.63
140.56075034,-33.98717417,58.57
140.56075029,-33.98718400,55.27
140.56075019,-33.98720348,55.22
140.56075015,-33.98721025,55.20
140.56075007,-33.98722557,58.78
140.56075004,-33.98723180,59.25
140.56075003,-33.98723324,57.13
140.56074999,-33.98724217,55.13
140.56074995,-33.98724876,55.08
140.56074983,-33.98727166,55.05
140.56074983,-33.98727257,55.05
140.56074982,-33.98727455,55.06
140.56074980,-33.98727780,55.09
140.56074980,-33.98727843,55.04
140.56074973,-33.98729232,58.25
140.56074962,-33.98731396,57.76
140.56074941,-33.98735355,55.02
140.56074929,-33.98737772,54.96
140.56074921,-33.98739278,54.90
140.56074907,-33.98742011,59.20
140.56074905,-33.98742471,54.89
140.56074904,-33.98742696,54.79
140.56074901,-33.98743211,59.04
140.56074896,-33.98744131,59.57
140.56074888,-33.98745772,54.71
140.56074845,-33.98754087,54.60
140.56074815,-33.98759841,54.37
140.56074803,-33.98762177,54.39
140.56074802,-33.98762502,58.90
140.56074791,-33.98764603,58.18
140.56074788,-33.98765099,57.79
140.56074781,-33.98766542,54.23
140.56074781,-33.98766596,57.87
140.56074780,-33.98766803,58.32
140.56074773,-33.98768120,58.85
140.56074761,-33.98770357,54.08
140.56074749,-33.98772657,53.94
140.56074748,-33.98772936,53.95
140.56074723,-33.98777869,53.67
140.56074713,-33.98779709,53.63
140.56074710,-33.98780422,57.85
140.56074702,-33.98781873,56.81
140.56074702,-33.98781892,53.57
140.56074701,-33.98782036,53.55
140.56074684,-33.98785301,53.55
140.56074654,-33.98791217,53.23
140.56074644,-33.98793093,53.21
140.56074643,-33.98793291,53.30
140.56074641,-33.98793670,53.13
140.56074632,-33.98795573,56.93
140.56074613,-33.98799135,52.87
140.56074613,-33.98799154,52.98
140.56074608,-33.98800064,52.92
140.56074597,-33.98802229,56.18
140.56074581,-33.98805440,52.87
140.56074556,-33.98810183,52.61
140.56074553,-33.98810860,52.64
140.56074552,-33.98811013,55.88
140.56074548,-33.98811771,52.57
140.56074541,-33.98813159,52.60
140.56074538,-33.98813764,52.54
140.56074520,-33.98817281,52.49
140.56074520,-33.98817290,53.42
140.56074513,-33.98818562,52.71
140.56074507,-33.98819842,52.41
140.56074503,-33.98820654,52.36
140.56074501,-33.98820933,52.44
140.56074483,-33.98824541,52.41
140.56074474,-33.98826101,52.29
140.56074472,-33.98826543,56.35
140.56074440,-33.98832757,53.53
140.56074440,-33.98832793,52.08
140.56074425,-33.98835634,52.14
140.56074417,-33.98837321,52.09
140.56074395,-33.98841523,53.39
140.56074394,-33.98841740,51.84
140.56074367,-33.98847088,51.82
140.56074362,-33.98847963,51.84
140.56074341,-33.98852138,51.86
140.56074315,-33.98857053,55.18
140.56074314,-33.98857252,51.74
140.56074313,-33.98857540,51.79
140.56074300,-33.98860084,55.62
140.56074292,-33.98861662,51.74
140.56074285,-33.98862871,56.89
140.56074284,-33.98863051,57.39
140.56074283,-33.98863340,55.83
140.56074280,-33.98863980,51.67
140.56074267,-33.98866415,51.65
140.56074221,-33.98875343,60.24
140.56074217,-33.98876110,57.69
140.56074211,-33.98877408,57.63
140.56074186,-33.98882125,51.70
140.56074179,-33.98883541,51.65
140.56074171,-33.98885056,51.69
140.56074157,-33.98887780,51.69
140.56074147,-33.98889746,51.77
140.56074143,-33.98890558,51.70
140.56074133,-33.98892560,51.73
140.56074112,-33.98896510,57.45
140.56074097,-33.98899441,51.96
140.56074092,-33.98900442,51.94
140.56074059,-33.98906890,52.07
140.56074025,-33.98913510,52.29
140.56074024,-33.98913591,56.57
140.56074022,-33.98914006,52.28
140.56074010,-33.98916432,52.38
140.56073998,-33.98918759,52.57
140.56073974,-33.98923287,58.34
140.56073957,-33.98926659,52.83
140.56073952,-33.98927669,52.83
140.56073949,-33.98928157,52.94
140.56073926,-33.98932648,56.79
140.56073920,-33.98933920,56.82
140.56073917,-33.98934433,56.38
140.56073917,-33.98934542,53.30
140.56073909,-33.98935931,57.82
140.56073909,-33.98936075,53.46
140.56073902,-33.98937364,53.62
140.56073896,-33.98938474,53.63
140.56073890,-33.98939610,53.43
140.56073884,-33.98940927,53.57
140.56073882,-33.98941288,53.58
140.56073861,-33.98945373,53.86
140.56073859,-33.98945698,53.68
140.56073855,-33.98946419,53.72
140.56073829,-33.98951587,53.82
140.56073827,-33.98951849,53.80
140.56073825,-33.98952263,53.80
140.56073781,-33.98960876,59.08
140.56073778,-33.98961526,53.68
140.56073766,-33.98963807,53.50
140.56073762,-33.98964538,53.45
140.56073755,-33.98965864,53.37
140.56073738,-33.98969273,53.11
140.56073735,-33.98969895,56.02
140.56073706,-33.98975550,52.71
140.56073685,-33.98979464,52.54
140.56073674,-33.98981655,52.44
140.56073667,-33.98983062,52.27
140.56073657,-33.98985019,52.13
140.56073647,-33.98986859,52.30
140.56073639,-33.98988509,55.92
140.56073636,-33.98988987,52.00
140.56073628,-33.98990701,51.90
140.56073616,-33.98992965,51.76
140.56073596,-33.98996924,51.54
140.56073584,-33.98999170,51.53
140.56073572,-33.99001533,51.40
140.56073563,-33.99003264,51.45
140.56073537,-33.99008251,51.16
140.56073527,-33.99010271,56.32
140.56073527,-33.99010335,56.26
140.56073522,-33.99011308,55.82
140.56073521,-33.99011498,55.91
140.56073474,-33.99020544,51.01
140.56073427,-33.99029598,56.59
140.56073403,-33.99034396,51.00
140.56073360,-33.99042703,51.00
140.56073308,-33.99052885,51.08
140.56073301,-33.99054129,51.07
140.56073285,-33.99057259,51.17
140.56073223,-33.99069236,55.91
140.56073199,-33.99073952,51.52
140.56073194,-33.99074881,55.96
140.56073115,-33.99090222,52.04
140.56073110,-33.99091358,51.93
140.56073103,-33.99092585,52.17
140.56073090,-33.99095236,51.89
140.56073070,-33.99099124,52.14
140.56073061,-33.99100873,53.21
140.56073030,-33.99106807,51.80
140.56073023,-33.99108106,51.66
140.56073021,-33.99108602,54.88
140.56072993,-33.99113959,51.32
140.56072973,-33.99117828,51.64
140.56072951,-33.99122184,51.20
140.56072928,-33.99126603,54.83
140.56072927,-33.99126928,50.71
140.56072905,-33.99131194,54.74
140.56072886,-33.99134901,50.23
140.56072856,-33.99140618,50.06
140.56072840,-33.99143721,49.74
140.56072825,-33.99146670,52.64
140.56072822,-33.99147346,52.53
140.56072816,-33.99148419,49.46
140.56072815,-33.99148591,49.42
140.56072801,-33.99151242,49.27
140.56072786,-33.99154336,52.32
140.56072780,-33.99155472,49.34
140.56072766,-33.99158069,52.88
140.56072762,-33.99158926,52.86
140.56072758,-33.99159783,49.14
140.56072755,-33.99160198,53.06
140.56072753,-33.99160576,49.20
140.56072752,-33.99160847,49.11
140.56072749,-33.99161406,52.40
140.56072730,-33.99165167,53.89
140.56072729,-33.99165302,49.05
140.56072726,-33.99165961,49.06
140.56072725,-33.99166123,51.14
140.56072722,-33.99166782,53.63
140.56072720,-33.99167124,48.99
140.56072704,-33.99170200,48.91
140.56072695,-33.99171886,48.89
140.56072691,-33.99172797,48.86
140.56072686,-33.99173690,48.88
140.56072677,-33.99175421,48.85
140.56072669,-33.99176910,52.05
140.56072668,-33.99177126,48.80
140.56072648,-33.99181085,48.68
140.56072642,-33.99182150,48.71
140.56072642,-33.99182203,48.66
140.56072637,-33.99183232,48.67
140.56072626,-33.99185405,48.62
140.56072620,-33.99186605,48.65
140.56072610,-33.99188426,48.65
140.56072603,-33.99189860,48.62
140.56072598,-33.99190690,48.58
140.56072586,-33.99193035,48.56
140.56072583,-33.99193720,52.55
140.56072579,-33.99194460,48.57
140.56072576,-33.99195055,53.25
140.56072574,-33.99195470,53.22
140.56072568,-33.99196552,48.55
140.56072562,-33.99197688,48.55
140.56072561,-33.99197923,48.62
140.56072554,-33.99199411,48.67
140.56072544,-33.99201242,48.59
140.56072531,-33.99203866,48.49
140.56072520,-33.99205877,48.56
140.56072519,-33.99206130,48.57
140.56072514,-33.99207095,48.51
140.56072509,-33.99208096,51.39
140.56072507,-33.99208466,48.58
140.56072492,-33.99211379,51.78
140.56072466,-33.99216474,48.38
140.56072462,-33.99217304,48.33
140.56072449,-33.99219802,48.31
140.56072437,-33.99222012,48.33
140.56072423,-33.99224699,49.22
140.56072422,-33.99225015,49.25
140.56072421,-33.99225096,48.30
140.56072418,-33.99225691,50.01
140.56072408,-33.99227622,48.18
140.56072398,-33.99229632,48.17
140.56072390,-33.99231193,48.16
140.56072386,-33.99231905,48.16
140.56072379,-33.99233393,51.45
140.56072377,-33.99233772,48.23
140.56072369,-33.99235350,53.06
140.56072367,-33.99235693,49.99
140.56072361,-33.99236802,50.72
140.56072357,-33.99237560,51.36
140.56072353,-33.99238335,51.94
140.56072353,-33.99238372,55.95
140.56072338,-33.99241321,48.28
140.56072317,-33.99245451,48.13
140.56072272,-33.99254217,48.12
140.56072271,-33.99254245,48.08
140.56072254,-33.99257572,51.71
140.56072252,-33.99257987,51.70
140.56072249,-33.99258510,51.24
140.56072249,-33.99258645,47.98
140.56072243,-33.99259782,47.95
140.56072227,-33.99262803,47.97
140.56072218,-33.99264688,48.02
140.56072208,-33.99266564,48.05
140.56072194,-33.99269342,51.63
140.56072192,-33.99269630,51.62
140.56072191,-33.99269946,47.99
140.56072182,-33.99271669,51.38
140.56072177,-33.99272516,51.61
140.56072176,-33.99272706,51.53
140.56072169,-33.99274140,47.99
140.56072169,-33.99274230,48.30
140.56072168,-33.99274410,48.18
140.56072162,-33.99275474,47.89
140.56072157,-33.99276566,47.86
140.56072153,-33.99277350,47.90
140.56072149,-33.99278126,52.01
140.56072148,-33.99278216,47.97
140.56072145,-33.99278892,48.09
140.56072135,-33.99280660,48.04
140.56072131,-33.99281481,48.09
140.56072126,-33.99282563,48.02
140.56072124,-33.99282825,47.98
140.56072117,-33.99284205,48.65
140.56072117,-33.99284295,48.21
140.56072101,-33.99287370,48.10
140.56072093,-33.99288831,48.22
140.56072078,-33.99291771,48.16
140.56072067,-33.99293990,51.86
140.56072061,-33.99295180,52.09
140.56072051,-33.99297065,48.26
140.56072035,-33.99300240,48.50
140.56072034,-33.99300420,48.41
140.56072031,-33.99300889,48.42
140.56072027,-33.99301755,48.49
140.56072015,-33.99304000,52.62
140.56072014,-33.99304352,48.54
140.56072008,-33.99305453,48.59
140.56072000,-33.99307022,48.57
140.56071993,-33.99308284,50.35
140.56071990,-33.99308979,48.82
140.56071983,-33.99310268,48.72
140.56071976,-33.99311730,48.72
140.56071968,-33.99313163,50.23
140.56071962,-33.99314435,50.93
140.56071953,-33.99316185,48.90
140.56071951,-33.99316510,49.60
140.56071935,-33.99319585,48.69
140.56071922,-33.99322065,48.75
140.56071912,-33.99324067,48.69
140.56071910,-33.99324455,48.63
140.56071908,-33.99324942,48.67
140.56071892,-33.99327999,52.82
140.56071889,-33.99328631,48.73
140.56071877,-33.99330813,48.86
140.56071869,-33.99332454,48.57
140.56071866,-33.99333058,48.60
140.56071862,-33.99333834,48.53
140.56071858,-33.99334637,49.67
140.56071854,-33.99335322,48.58
140.56071846,-33.99336991,48.54
140.56071804,-33.99344999,48.36
140.56071775,-33.99350780,48.29
140.56071764,-33.99352845,48.11
140.56071764,-33.99352900,53.77
140.56071763,-33.99353071,48.18
140.56071762,-33.99353152,48.13
140.56071759,-33.99353756,50.63
140.56071756,-33.99354406,48.16
140.56071746,-33.99356363,49.23
140.56071743,-33.99356940,48.00
140.56071742,-33.99357066,47.99
140.56071740,-33.99357427,48.01
140.56071730,-33.99359438,48.07
140.56071720,-33.99361405,47.96
140.56071711,-33.99363163,47.97
140.56071702,-33.99364913,47.96
140.56071666,-33.99371857,47.96
140.56071646,-33.99375771,48.11
140.56071637,-33.99377475,48.19
140.56071633,-33.99378377,48.24
140.56071631,-33.99378630,51.56
140.56071620,-33.99380749,48.19
140.56071619,-33.99381020,48.15
140.56071602,-33.99384366,48.20
140.56071596,-33.99385547,48.24
140.56071580,-33.99388541,51.10
140.56071579,-33.99388803,53.04
140.56071576,-33.99389326,48.33
140.56071562,-33.99392050,48.52
140.56071554,-33.99393673,54.31
140.56071543,-33.99395756,53.43
140.56071541,-33.99396234,50.26
140.56071530,-33.99398345,53.46
140.56071512,-33.99401853,48.61
140.56071509,-33.99402349,48.69
140.56071509,-33.99402457,48.67
140.56071503,-33.99403557,48.61
140.56071500,-33.99404234,48.72
140.56071496,-33.99404910,48.76
140.56071489,-33.99406317,48.76
140.56071487,-33.99406714,48.78
140.56071481,-33.99407769,48.76
140.56071461,-33.99411791,50.50
140.56071450,-33.99413920,49.28
140.56071416,-33.99420522,49.51
140.56071416,-33.99420540,49.52
140.56071415,-33.99420729,49.81
140.56071406,-33.99422425,49.54
140.56071402,-33.99423146,53.50
140.56071401,-33.99423308,53.12
140.56071396,-33.99424282,54.41
140.56071396,-33.99424327,49.65
140.56071387,-33.99426005,49.71
140.56071381,-33.99427249,51.63
140.56071378,-33.99427854,49.86
140.56071372,-33.99429008,49.86
140.56071369,-33.99429657,50.04
140.56071365,-33.99430406,49.98
140.56071364,-33.99430595,49.97
140.56071362,-33.99430965,54.75
140.56071361,-33.99431209,49.98
140.56071358,-33.99431768,49.98
140.56071348,-33.99433653,54.25
140.56071330,-33.99437242,50.36
140.56071325,-33.99438234,50.39
140.56071317,-33.99439677,50.37
140.56071314,-33.99440254,50.45
140.56071310,-33.99441021,50.70
140.56071305,-33.99442094,50.52
140.56071242,-33.99454369,51.09
140.56071227,-33.99457201,51.10
140.56071219,-33.99458743,51.26
140.56071213,-33.99459915,51.10
140.56071199,-33.99462675,54.58
140.56071197,-33.99463045,51.18
140.56071195,-33.99463396,53.94
140.56071184,-33.99465453,51.37
140.56071182,-33.99465894,54.84
140.56071182,-33.99466012,51.31
140.56071181,-33.99466093,54.68
140.56071174,-33.99467455,51.29
140.56071163,-33.99469529,51.53
140.56071160,-33.99470287,51.44
140.56071117,-33.99478647,51.13
140.56071098,-33.99482245,51.04
140.56071094,-33.99482940,51.03
140.56071088,-33.99484193,51.03
140.56071082,-33.99485312,51.02
140.56071080,-33.99485817,50.99
140.56071077,-33.99486367,51.00
140.56071071,-33.99487458,50.93
140.56071071,-33.99487521,54.97
140.56071067,-33.99488360,54.55
140.56071055,-33.99490515,50.89
140.56071054,-33.99490705,56.76
140.56071051,-33.99491372,54.88
140.56071035,-33.99494583,50.80
140.56071034,-33.99494700,55.28
140.56071023,-33.99496856,50.80
140.56071016,-33.99498208,54.93
140.56071010,-33.99499327,50.72
140.56071004,-33.99500490,50.80
140.56070997,-33.99501789,50.68
140.56070994,-33.99502411,50.67
140.56070992,-33.99502889,50.66
140.56070987,-33.99503728,50.64
140.56070964,-33.99508345,50.65
140.56070936,-33.99513684,54.02
140.56070935,-33.99513973,50.69
140.56070934,-33.99514189,50.67
140.56070915,-33.99517815,51.57
140.56070913,-33.99518257,54.24
140.56070905,-33.99519736,50.38
140.56070894,-33.99521873,50.25
140.56070878,-33.99524940,50.24
140.56070872,-33.99526229,52.96
140.56070868,-33.99527014,50.25
140.56070858,-33.99528854,50.40
140.56070852,-33.99530053,50.16
140.56070819,-33.99536556,50.03
140.56070810,-33.99538251,50.14
140.56070810,-33.99538287,50.15
140.56070792,-33.99541660,50.03
140.56070775,-33.99545033,53.17
140.56070765,-33.99546855,49.92
140.56070754,-33.99549155,49.90
140.56070751,-33.99549759,49.87
140.56070726,-33.99554557,49.84
140.56070722,-33.99555242,50.00
140.56070715,-33.99556613,49.79
140.56070691,-33.99561267,55.33
140.56070657,-33.99567887,49.79
140.56070648,-33.99569699,49.71
140.56070638,-33.99571557,49.74
140.56070632,-33.99572883,49.62
140.56070623,-33.99574605,49.53
140.56070601,-33.99578799,49.48
140.56070591,-33.99580684,49.43
140.56070580,-33.99582984,49.48
140.56070574,-33.99583985,53.37
140.56070568,-33.99585211,49.41
140.56070562,-33.99586312,55.08
140.56070560,-33.99586717,51.50
140.56070557,-33.99587421,53.89
140.56070554,-33.99587917,49.55
140.56070548,-33.99589134,51.79
140.56070544,-33.99589829,49.32
140.56070536,-33.99591470,49.23
140.56070522,-33.99594257,49.47
140.56070517,-33.99595123,53.30
140.56070495,-33.99599316,49.23
140.56070491,-33.99600254,51.42
140.56070462,-33.99605882,52.55
140.56070458,-33.99606595,52.70
140.56070448,-33.99608480,49.06
140.56070436,-33.99610951,49.10
140.56070429,-33.99612312,49.10
140.56070420,-33.99614035,49.15
140.56070416,-33.99614802,49.19
140.56070412,-33.99615442,49.05
140.56070410,-33.99615920,49.07
140.56070409,-33.99616118,50.97
140.56070406,-33.99616677,49.22
140.56070397,-33.99618391,53.96
140.56070397,-33.99618481,54.05
140.56070394,-33.99618977,54.13
140.56070393,-33.99619185,54.25
140.56070386,-33.99620555,49.14
140.56070376,-33.99622576,49.00
140.56070373,-33.99623017,49.01
140.56070370,-33.99623622,51.76
140.56070361,-33.99625471,49.10
140.56070357,-33.99626201,48.95
140.56070345,-33.99628519,49.04
140.56070342,-33.99629195,48.92
140.56070341,-33.99629259,50.03
140.56070339,-33.99629754,48.96
140.56070337,-33.99630151,48.99
140.56070334,-33.99630728,48.89
140.56070331,-33.99631243,49.05
140.56070327,-33.99632117,48.97
140.56070325,-33.99632361,48.90
140.56070320,-33.99633389,48.98
140.56070320,-33.99633452,48.95
140.56070318,-33.99633786,50.29
140.56070308,-33.99635707,49.00
140.56070293,-33.99638719,52.90
140.56070290,-33.99639170,52.32
140.56070290,-33.99639287,49.03
140.56070284,-33.99640451,50.09
140.56070278,-33.99641632,48.94
140.56070274,-33.99642272,48.89
140.56070273,-33.99642507,48.91
140.56070267,-33.99643724,48.97
140.56070258,-33.99645537,48.93
140.56070250,-33.99647052,48.84
140.56070243,-33.99648432,48.75
140.56070238,-33.99649406,49.11
140.56070236,-33.99649731,48.96
140.56070217,-33.99653456,52.05
140.56070213,-33.99654177,48.84
140.56070207,-33.99655304,49.00
140.56070205,-33.99655782,49.07
140.56070201,-33.99656477,48.77
140.56070197,-33.99657379,51.84
140.56070184,-33.99659877,48.98
140.56070178,-33.99661067,48.69
140.56070176,-33.99661365,48.66
140.56070175,-33.99661545,48.64
140.56070172,-33.99662195,51.09
140.56070168,-33.99662979,48.72
140.56070150,-33.99666523,48.49
140.56070115,-33.99673333,48.37
140.56070088,-33.99678573,48.25
140.56070087,-33.99678654,48.23
140.56070074,-33.99681296,53.92
140.56070052,-33.99685436,48.07
140.56070052,-33.99685499,48.03
140.56070018,-33.99692137,47.74
140.56070016,-33.99692398,47.75
140.56070001,-33.99695347,47.62
140.56069981,-33.99699297,47.63
140.56069975,-33.99700506,47.66
140.56069970,-33.99701390,47.52
140.56069970,-33.99701489,47.59
140.56069948,-33.99705700,49.36
140.56069947,-33.99705782,49.25
140.56069938,-33.99707649,47.21
140.56069930,-33.99709191,47.14
140.56069926,-33.99709876,47.16
140.56069921,-33.99710868,53.50
140.56069920,-33.99711049,48.60
140.56069910,-33.99713078,51.69
140.56069906,-33.99713772,53.50
140.56069905,-33.99714034,47.04
140.56069904,-33.99714304,52.56
140.56069903,-33.99714413,52.42
140.56069902,-33.99714530,47.05
140.56069901,-33.99714782,47.07
140.56069901,-33.99714791,47.02
140.56069900,-33.99714981,51.74
140.56069899,-33.99715116,49.53
140.56069888,-33.99717262,51.00
140.56069872,-33.99720446,52.02
140.56069867,-33.99721465,51.50
140.56069854,-33.99723855,51.12
140.56069843,-33.99726155,46.93
140.56069840,-33.99726687,48.30
140.56069840,-33.99726750,46.99
140.56069835,-33.99727652,46.83
140.56069834,-33.99727878,52.33
140.56069829,-33.99728797,46.85
140.56069824,-33.99729771,46.85
140.56069821,-33.99730259,46.85
140.56069820,-33.99730619,51.68
140.56069820,-33.99730637,52.36
140.56069819,-33.99730764,52.33
140.56069810,-33.99732405,46.89
140.56069807,-33.99733081,50.81
140.56069801,-33.99734254,46.75
140.56069789,-33.99736589,46.64
140.56069778,-33.99738646,46.77
140.56069775,-33.99739214,46.95
140.56069774,-33.99739448,46.75
140.56069772,-33.99739899,46.88
140.56069770,-33.99740170,49.34
140.56069770,-33.99740296,49.06
140.56069768,-33.99740585,49.09
140.56069757,-33.99742876,46.70
140.56069756,-33.99743011,51.19
140.56069754,-33.99743389,46.70
140.56069752,-33.99743696,51.44
140.56069750,-33.99744066,49.91
140.56069748,-33.99744463,51.15
140.56069748,-33.99744526,51.13
140.56069737,-33.99746663,46.81
140.56069734,-33.99747232,46.88
140.56069721,-33.99749712,46.93
140.56069716,-33.99750677,51.16
140.56069713,-33.99751245,51.32
140.56069706,-33.99752643,52.12
140.56069706,-33.99752742,46.76
140.56069705,-33.99752823,52.14
140.56069705,-33.99752850,46.73
140.56069699,-33.99754014,51.46
140.56069697,-33.99754492,46.76
140.56069697,-33.99754510,50.40
140.56069683,-33.99757116,48.59
140.56069682,-33.99757441,46.63
140.56069663,-33.99760994,46.63
140.56069656,-33.99762446,46.68
140.56069653,-33.99763059,46.99
140.56069639,-33.99765747,46.70
140.56069634,-33.99766703,46.62
140.56069623,-33.99768750,47.20
140.56069623,-33.99768759,47.13
140.56069622,-33.99769111,46.73
140.56069620,-33.99769481,46.69
140.56069618,-33.99769832,46.71
140.56069596,-33.99774161,46.62
140.56069591,-33.99775000,46.62
140.56069585,-33.99776118,46.63
140.56069578,-33.99777480,46.62
140.56069576,-33.99777940,46.63
140.56069568,-33.99779428,46.69
140.56069568,-33.99779545,49.08
140.56069567,-33.99779627,46.71
140.56069561,-33.99780880,51.04
140.56069556,-33.99781809,46.71
140.56069552,-33.99782657,46.78
140.56069550,-33.99782954,46.77
140.56069546,-33.99783739,50.65
140.56069542,-33.99784614,46.85
140.56069522,-33.99788357,46.71
140.56069521,-33.99788663,46.81
140.56069461,-33.99800324,46.72
140.56069455,-33.99801497,46.72
140.56069452,-33.99802047,50.41
140.56069451,-33.99802236,46.78
140.56069449,-33.99802606,46.73
140.56069448,-33.99802723,46.73
140.56069440,-33.99804347,50.02
140.56069439,-33.99804563,50.85
140.56069438,-33.99804689,46.81
140.56069438,-33.99804770,46.82
140.56069436,-33.99805194,53.92
140.56069432,-33.99805880,54.01
140.56069431,-33.99806042,53.78
140.56069427,-33.99806899,53.99
140.56069425,-33.99807305,53.96
140.56069420,-33.99808333,46.88
140.56069417,-33.99808757,50.83
140.56069398,-33.99812518,46.72
140.56069397,-33.99812698,46.75
140.56069390,-33.99814141,49.72
140.56069364,-33.99819227,46.79
140.56069360,-33.99819832,46.77
140.56069356,-33.99820680,48.39
140.56069351,-33.99821635,46.75
140.56069323,-33.99827029,46.69
140.56069306,-33.99830429,46.72
140.56069288,-33.99833928,46.67
140.56069284,-33.99834650,46.62
140.56069276,-33.99836219,46.60
140.56069274,-33.99836643,46.58
140.56069266,-33.99838203,46.59
140.56069261,-33.99839195,46.81
140.56069251,-33.99841161,46.60
140.56069245,-33.99842225,46.61
140.56069238,-33.99843596,46.64
140.56069238,-33.99843605,50.54
140.56069235,-33.99844218,46.63
140.56069219,-33.99847276,47.56
140.56069219,-33.99847375,46.67
140.56069214,-33.99848204,47.62
140.56069209,-33.99849269,46.60
140.56069201,-33.99850712,46.64
140.56069193,-33.99852434,50.01
140.56069182,-33.99854500,46.58
140.56069180,-33.99854941,46.63
140.56069179,-33.99855004,48.01
140.56069175,-33.99855879,49.28
140.56069174,-33.99856114,46.58
140.56069174,-33.99856132,46.58
140.56069159,-33.99858964,49.75
140.56069158,-33.99859126,49.78
140.56069156,-33.99859631,46.56
140.56069152,-33.99860244,46.57
140.56069126,-33.99865385,46.49
140.56069121,-33.99866287,46.56
140.56069096,-33.99871229,47.45
140.56069089,-33.99872555,46.64
140.56069089,-33.99872627,46.58
140.56069078,-33.99874710,46.48
140.56069076,-33.99875026,51.49
140.56069070,-33.99876243,48.71
140.56069063,-33.99877596,48.14
140.56069062,-33.99877740,46.41
140.56069060,-33.99878219,47.36
140.56069059,-33.99878291,48.93
140.56069035,-33.99883044,46.46
140.56069019,-33.99886173,46.45
140.56069004,-33.99889023,48.78
140.56069002,-33.99889402,46.43
140.56068996,-33.99890529,46.38
140.56068982,-33.99893388,46.34
140.56068950,-33.99899521,46.39
140.56068949,-33.99899782,46.41
140.56068941,-33.99901333,52.26
140.56068939,-33.99901694,52.31
140.56068936,-33.99902307,52.14
140.56068924,-33.99904634,46.31
140.56068921,-33.99905166,46.31
140.56068902,-33.99908873,48.60
140.56068891,-33.99910965,46.33
140.56068886,-33.99912066,46.34
140.56068882,-33.99912688,47.60
140.56068881,-33.99913013,47.83
140.56068872,-33.99914807,46.38
140.56068850,-33.99918992,46.30
140.56068839,-33.99921057,51.20
140.56068836,-33.99921743,46.33
140.56068828,-33.99923195,46.32
140.56068827,-33.99923429,47.08
140.56068822,-33.99924448,50.83
140.56068817,-33.99925449,46.33
140.56068813,-33.99926171,48.54
140.56068805,-33.99927776,46.33
140.56068782,-33.99932159,46.34
140.56068780,-33.99932502,46.26
140.56068771,-33.99934351,49.46
140.56068766,-33.99935343,51.91
140.56068765,-33.99935478,51.93
140.56068764,-33.99935649,50.14
140.56068764,-33.99935685,46.29
140.56068763,-33.99935920,52.49
140.56068759,-33.99936687,46.30
140.56068757,-33.99937110,46.24
140.56068753,-33.99937832,52.45
140.56068751,-33.99938211,52.49
140.56068735,-33.99941385,51.17
140.56068734,-33.99941439,46.23
140.56068697,-33.99948727,46.24
140.56068686,-33.99950792,46.25
140.56068686,-33.99950846,46.24
140.56068672,-33.99953651,46.28
140.56068671,-33.99953696,52.80
140.56068670,-33.99953930,51.37
140.56068583,-33.99970912,46.15
140.56068570,-33.99973329,46.15
140.56068559,-33.99975575,48.97
140.56068553,-33.99976639,48.84
140.56068549,-33.99977460,46.21
140.56068546,-33.99977974,48.07
140.56068530,-33.99981140,46.35
140.56068529,-33.99981419,46.23
140.56068507,-33.99985631,46.25
140.56068502,-33.99986614,46.23
140.56068495,-33.99987858,46.18
140.56068451,-33.99996525,46.27
140.56068445,-33.99997725,50.54
140.56068437,-33.99999285,46.17
140.56068436,-33.99999501,50.29
140.56068432,-34.00000097,46.16
140.56068427,-34.00001233,46.14
140.56068424,-34.00001666,46.14
140.56068419,-34.00002721,46.15
140.56068373,-34.00011704,46.09
140.56068352,-34.00015735,45.97
140.56068342,-34.00017746,45.91
140.56068341,-34.00017909,45.89
140.56068336,-34.00018918,45.90
140.56068315,-34.00022878,45.94
140.56068314,-34.00023166,45.91
140.56068311,-34.00023780,45.94
140.56068309,-34.00024059,50.60
140.56068303,-34.00025204,45.92
140.56068292,-34.00027297,46.21
140.56068281,-34.00029479,45.85
140.56068264,-34.00032816,52.64
140.56068252,-34.00035125,45.85
140.56068242,-34.00037145,45.87
140.56068237,-34.00037966,45.86
140.56068234,-34.00038642,46.23
140.56068227,-34.00040049,45.82
140.56068221,-34.00041095,48.88
140.56068221,-34.00041177,45.93
140.56068221,-34.00041249,48.77
140.56068212,-34.00042872,45.95
140.56068192,-34.00046723,45.75
140.56068166,-34.00051927,45.74
140.56068156,-34.00053776,45.74
140.56068152,-34.00054524,45.74
140.56068149,-34.00055128,49.94
140.56068147,-34.00055534,45.77
140.56068106,-34.00063453,45.70
140.56068098,-34.00064986,47.82
140.56068091,-34.00066492,45.81
140.56068085,-34.00067538,47.64
140.56068083,-34.00067881,50.27
140.56068081,-34.00068350,50.65
140.56068071,-34.00070343,45.56
140.56068068,-34.00070965,45.55
140.56068040,-34.00076232,45.59
140.56068038,-34.00076764,45.56
140.56068015,-34.00081138,45.51
140.56068014,-34.00081436,47.94
140.56067997,-34.00084764,45.40
140.56067984,-34.00087181,47.09
140.56067981,-34.00087740,45.41
140.56067967,-34.00090572,45.35
140.56067960,-34.00091853,45.36
140.56067960,-34.00091952,50.75
140.56067954,-34.00093079,45.26
140.56067946,-34.00094603,45.22
140.56067945,-34.00094847,45.21
140.56067942,-34.00095306,45.24
140.56067927,-34.00098220,45.20
140.56067916,-34.00100384,45.19
140.56067894,-34.00104596,45.11
140.56067887,-34.00106102,45.09
140.56067886,-34.00106264,49.98
140.56067886,-34.00106273,45.08
140.56067883,-34.00106823,50.47
140.56067881,-34.00107292,49.31
140.56067873,-34.00108699,48.02
140.56067870,-34.00109294,49.30
140.56067869,-34.00109493,48.93
140.56067867,-34.00109980,45.03
140.56067865,-34.00110413,45.07
140.56067854,-34.00112379,47.74
140.56067851,-34.00113019,45.00
140.56067845,-34.00114255,46.80
140.56067831,-34.00116852,44.81
140.56067830,-34.00117213,44.81
140.56067821,-34.00118908,45.42
140.56067816,-34.00119756,44.80
140.56067816,-34.00119837,44.81
140.56067811,-34.00120739,49.71
140.56067808,-34.00121479,48.61
140.56067805,-34.00122011,51.93
140.56067802,-34.00122516,51.82
140.56067802,-34.00122651,44.71
140.56067801,-34.00122669,48.21
140.56067792,-34.00124428,44.65
140.56067789,-34.00125023,44.65
140.56067779,-34.00127052,44.54
140.56067770,-34.00128684,44.54
140.56067760,-34.00130705,47.51
140.56067750,-34.00132752,44.39
140.56067738,-34.00135052,44.37
140.56067733,-34.00135882,44.37
140.56067732,-34.00136188,46.37
140.56067730,-34.00136495,44.30
140.56067709,-34.00140580,47.20
140.56067706,-34.00141239,47.36
140.56067703,-34.00141870,44.19
140.56067700,-34.00142384,44.35
140.56067696,-34.00143214,44.15
140.56067695,-34.00143349,46.50
140.56067683,-34.00145757,44.14
140.56067680,-34.00146298,45.11
140.56067670,-34.00148102,46.73
140.56067670,-34.00148246,47.33
140.56067668,-34.00148607,44.11
140.56067653,-34.00151520,43.97
140.56067652,-34.00151619,45.49
140.56067651,-34.00151962,43.87
140.56067629,-34.00156255,43.79
140.56067627,-34.00156615,43.75
140.56067623,-34.00157382,43.75
140.56067598,-34.00162126,43.73
140.56067596,-34.00162487,43.80
140.56067595,-34.00162748,45.29
140.56067592,-34.00163442,46.34
140.56067574,-34.00166861,43.55
140.56067570,-34.00167672,43.52
140.56067566,-34.00168412,43.47
140.56067544,-34.00172714,43.37
140.56067521,-34.00177097,43.29
140.56067516,-34.00178179,47.28
140.56067493,-34.00182571,46.11
140.56067491,-34.00182878,43.24
140.56067485,-34.00184113,43.18
140.56067484,-34.00184375,43.28
140.56067474,-34.00186242,43.08
140.56067456,-34.00189777,45.15
140.56067442,-34.00192428,47.88
140.56067440,-34.00192825,47.64
140.56067430,-34.00194845,43.00
140.56067426,-34.00195603,45.56
140.56067419,-34.00196956,45.56
140.56067418,-34.00197172,45.90
140.56067415,-34.00197777,46.09
140.56067405,-34.00199616,42.77
140.56067401,-34.00200383,42.99
140.56067393,-34.00201979,42.79
140.56067364,-34.00207670,42.67
140.56067363,-34.00207751,42.65
140.56067354,-34.00209636,42.56
140.56067344,-34.00211431,42.99
140.56067342,-34.00211855,47.63
140.56067336,-34.00213144,46.44
140.56067335,-34.00213217,42.56
140.56067331,-34.00213947,42.53
140.56067313,-34.00217509,42.46
140.56067313,-34.00217572,42.44
140.56067298,-34.00220422,42.33
140.56067294,-34.00221135,42.26
140.56067293,-34.00221378,42.24
140.56067286,-34.00222857,42.28
140.56067278,-34.00224336,47.49
140.56067248,-34.00230235,42.24
140.56067237,-34.00232318,42.22
140.56067232,-34.00233211,45.30
140.56067226,-34.00234473,44.19
140.56067225,-34.00234663,43.65
140.56067215,-34.00236521,42.03
140.56067211,-34.00237323,42.06
140.56067209,-34.00237801,47.40
140.56067200,-34.00239406,47.55
140.56067183,-34.00242788,41.92
140.56067181,-34.00243257,46.34
140.56067178,-34.00243708,41.89
140.56067176,-34.00244168,45.95
140.56067164,-34.00246468,45.76
140.56067158,-34.00247686,46.11
140.56067153,-34.00248705,41.89
140.56067151,-34.00248975,41.90
140.56067151,-34.00248993,46.50
140.56067150,-34.00249219,41.87
140.56067148,-34.00249517,46.47
140.56067148,-34.00249525,41.87
140.56067148,-34.00249598,41.81
140.56067125,-34.00254089,41.83
140.56067119,-34.00255153,41.81
140.56067118,-34.00255496,44.65
140.56067117,-34.00255577,45.78
140.56067116,-34.00255785,45.80
140.56067115,-34.00256082,45.33
140.56067114,-34.00256190,45.47
140.56067110,-34.00257038,45.24
140.56067104,-34.00258174,41.71
140.56067101,-34.00258770,41.67
140.56067097,-34.00259437,41.59
140.56067092,-34.00260537,45.21
140.56067089,-34.00260979,41.58
140.56067085,-34.00261908,41.57
140.56067082,-34.00262305,41.57
140.56067067,-34.00265353,44.16
140.56067067,-34.00265380,41.46
140.56067062,-34.00266219,41.51
140.56067046,-34.00269366,41.48
140.56067041,-34.00270386,41.48
140.56067025,-34.00273488,41.49
140.56067008,-34.00276843,47.45
140.56067005,-34.00277285,41.41
140.56066988,-34.00280622,41.35
140.56066976,-34.00283066,41.20
140.56066975,-34.00283219,41.27
140.56066968,-34.00284572,41.20
140.56066966,-34.00284906,41.24
140.56066957,-34.00286719,44.64
140.56066956,-34.00286890,47.63
140.56066951,-34.00287918,41.16
140.56066936,-34.00290786,41.05
140.56066935,-34.00291029,46.08
140.56066926,-34.00292734,41.11
140.56066921,-34.00293636,41.08
140.56066916,-34.00294637,45.11
140.56066886,-34.00300382,41.01
140.56066881,-34.00301500,40.96
140.56066869,-34.00303791,41.05
140.56066863,-34.00304882,40.97
140.56066861,-34.00305252,40.91
140.56066860,-34.00305612,40.90
140.56066855,-34.00306496,40.90
140.56066854,-34.00306776,40.97
140.56066846,-34.00308264,40.89
140.56066832,-34.00310870,40.89
140.56066831,-34.00311168,40.85
140.56066827,-34.00311889,40.93
140.56066824,-34.00312602,43.14
140.56066820,-34.00313197,40.92
140.56066818,-34.00313702,41.01
140.56066812,-34.00314785,45.87
140.56066808,-34.00315677,44.31
140.56066796,-34.00318040,40.73
140.56066785,-34.00320079,40.75
140.56066762,-34.00324543,44.87
140.56066752,-34.00326427,40.62
140.56066741,-34.00328718,44.28
140.56066706,-34.00335338,40.52
140.56066675,-34.00341507,40.53
140.56066651,-34.00346016,40.47
140.56066646,-34.00347144,40.50
140.56066640,-34.00348289,40.49
140.56066637,-34.00348893,40.50
140.56066613,-34.00353528,40.54
140.56066601,-34.00355747,40.45
140.56066590,-34.00357984,40.46
140.56066555,-34.00364766,40.41
140.56066542,-34.00367183,40.48
140.56066512,-34.00373036,46.36
140.56066504,-34.00374713,40.53
140.56066500,-34.00375525,40.53
140.56066492,-34.00377040,40.56
140.56066490,-34.00377365,41.28
140.56066483,-34.00378664,40.49
140.56066461,-34.00383010,40.42
140.56066437,-34.00387664,40.47
140.56066431,-34.00388755,40.41
140.56066428,-34.00389486,45.81
140.56066414,-34.00392219,40.47
140.56066402,-34.00394419,40.55
140.56066400,-34.00394771,40.47
140.56066400,-34.00394879,40.42
140.56066311,-34.00412123,40.41
140.56066309,-34.00412502,40.43
140.56066275,-34.00419058,40.51
140.56066256,-34.00422810,40.45
140.56066226,-34.00428627,40.46
140.56066218,-34.00430115,40.54
140.56066185,-34.00436653,40.66
140.56066182,-34.00437131,40.58
140.56066180,-34.00437654,43.71
140.56066177,-34.00438078,40.65
140.56066173,-34.00438971,44.68
140.56066171,-34.00439269,44.72
140.56066161,-34.00441235,40.51
140.56066160,-34.00441533,40.52
140.56066156,-34.00442218,43.34
140.56066129,-34.00447548,40.46
140.56066119,-34.00449343,40.50
140.56066119,-34.00449451,40.45
140.56066110,-34.00451083,44.50
140.56066110,-34.00451210,43.17
140.56066103,-34.00452481,40.49
140.56066103,-34.00452544,43.58
140.56066085,-34.00456125,40.48
140.56066073,-34.00458307,40.42
140.56066064,-34.00460183,40.35
140.56066053,-34.00462339,40.37
140.56066044,-34.00463899,40.36
140.56066024,-34.00467822,40.30
140.56066024,-34.00467912,40.34
140.56066016,-34.00469364,40.34
140.56066012,-34.00470149,40.31
140.56065986,-34.00475289,40.31
140.56065983,-34.00475812,40.35
140.56065977,-34.00476985,40.36
140.56065971,-34.00478085,40.31
140.56065951,-34.00482080,40.44
140.56065948,-34.00482721,40.45
140.56065947,-34.00482793,40.39
140.56065915,-34.00489070,40.27
140.56065902,-34.00491595,40.40
140.56065896,-34.00492795,40.27
140.56065887,-34.00494535,40.35
140.56065886,-34.00494743,40.22
140.56065883,-34.00495356,40.21
140.56065881,-34.00495726,40.24
140.56065865,-34.00498765,43.22
140.56065864,-34.00498855,43.19
140.56065861,-34.00499604,40.32
140.56065801,-34.00511265,40.24
140.56065797,-34.00512013,40.23
140.56065796,-34.00512167,40.27
140.56065783,-34.00514701,40.31
140.56065740,-34.00523016,40.39
140.56065734,-34.00524224,40.37
140.56065722,-34.00526560,40.26
140.56065719,-34.00527110,40.26
140.56065698,-34.00531250,40.37
140.56065685,-34.00533640,40.25
140.56065684,-34.00533847,40.28
140.56065659,-34.00538817,43.46
140.56065648,-34.00540819,43.35
140.56065646,-34.00541369,40.49
140.56065632,-34.00543939,40.44
140.56065628,-34.00544877,40.44
140.56065598,-34.00550586,40.49
140.56065570,-34.00555979,46.68
140.56065567,-34.00556701,46.58
140.56065566,-34.00556818,40.45
140.56065558,-34.00558468,43.02
140.56065527,-34.00564484,40.48
140.56065517,-34.00566279,40.48
140.56065505,-34.00568732,40.63
140.56065495,-34.00570707,46.15
140.56065483,-34.00572862,41.03
140.56065482,-34.00573205,40.86
140.56065476,-34.00574251,46.58
140.56065468,-34.00575856,45.47
140.56065468,-34.00575874,41.11
140.56065467,-34.00576037,45.48
140.56065463,-34.00576875,40.97
140.56065452,-34.00578995,40.70
140.56065438,-34.00581619,40.64
140.56065436,-34.00582142,40.68
140.56065428,-34.00583531,40.68
140.56065426,-34.00584036,45.95
140.56065421,-34.00584929,40.69
140.56065414,-34.00586336,44.39
140.56065412,-34.00586805,40.78
140.56065387,-34.00591648,40.78
140.56065384,-34.00592252,40.79
140.56065376,-34.00593767,40.81
140.56065370,-34.00594832,43.61
140.56065367,-34.00595454,40.86
140.56065351,-34.00598665,40.87
140.56065348,-34.00599242,42.52
140.56065341,-34.00600504,45.21
140.56065340,-34.00600685,40.99
140.56065335,-34.00601650,44.90
140.56065327,-34.00603291,40.97
140.56065320,-34.00604509,40.93
140.56065319,-34.00604779,40.95
140.56065310,-34.00606601,41.04
140.56065302,-34.00608134,44.14
140.56065298,-34.00608901,44.32
140.56065294,-34.00609631,41.06
140.56065293,-34.00609776,47.53
140.56065288,-34.00610849,41.08
140.56065274,-34.00613482,42.95
140.56065274,-34.00613590,42.94
140.56065266,-34.00615015,41.01
140.56065248,-34.00618478,42.09
140.56065247,-34.00618776,43.41
140.56065245,-34.00619128,43.37
140.56065243,-34.00619498,43.25
140.56065239,-34.00620300,43.51
140.56065238,-34.00620462,41.00
140.56065237,-34.00620634,40.99
140.56065233,-34.00621581,41.02
140.56065228,-34.00622546,41.11
140.56065225,-34.00622961,41.12
140.56065224,-34.00623258,41.15
140.56065222,-34.00623691,41.22
140.56065207,-34.00626586,41.17
140.56065207,-34.00626604,41.18
140.56065206,-34.00626649,45.22
140.56065203,-34.00627317,41.21
140.56065200,-34.00627993,44.77
140.56065189,-34.00629968,41.13
140.56065189,-34.00629995,41.16
140.56065179,-34.00631925,41.13
140.56065179,-34.00631961,41.13
140.56065156,-34.00636498,41.20
140.56065122,-34.00642982,41.24
140.56065106,-34.00646084,44.67
140.56065102,-34.00646941,41.37
140.56065101,-34.00647113,44.48
140.56065101,-34.00647194,41.32
140.56065089,-34.00649502,41.32
140.56065068,-34.00653534,41.43
140.56065068,-34.00653561,41.39
140.56065067,-34.00653741,41.37
140.56065066,-34.00653985,41.37
140.56065064,-34.00654300,41.38
140.56065060,-34.00655049,41.35
140.56065056,-34.00655870,41.39
140.56065032,-34.00660613,41.42
140.56065021,-34.00662598,50.12
140.56065019,-34.00663103,41.41
140.56064996,-34.00667450,41.43
140.56064992,-34.00668252,41.49
140.56064959,-34.00674638,41.42
140.56064946,-34.00677253,41.48
140.56064941,-34.00678191,41.47
140.56064930,-34.00680310,41.58
140.56064911,-34.00684044,41.59
140.56064908,-34.00684612,41.60
140.56064891,-34.00687958,41.60
140.56064889,-34.00688202,41.58
140.56064884,-34.00689239,41.57
140.56064867,-34.00692476,41.60
140.56064861,-34.00693667,41.63
140.56064855,-34.00694875,41.65
140.56064854,-34.00695002,41.68
140.56064853,-34.00695299,41.66
140.56064850,-34.00695858,41.61
140.56064846,-34.00696589,41.58
140.56064837,-34.00698456,44.97
140.56064827,-34.00700260,41.51
140.56064813,-34.00703127,41.48
140.56064807,-34.00704264,41.53
140.56064789,-34.00707682,41.58
140.56064789,-34.00707781,46.04
140.56064785,-34.00708566,41.57
140.56064768,-34.00711794,41.54
140.56064767,-34.00712056,41.50
140.56064765,-34.00712335,41.54
140.56064761,-34.00713192,41.50
140.56064757,-34.00713850,41.60
140.56064752,-34.00714816,43.09
140.56064727,-34.00719722,41.57
140.56064708,-34.00723519,41.70
140.56064696,-34.00725719,41.63
140.56064696,-34.00725845,41.57
140.56064671,-34.00730544,41.58
140.56064671,-34.00730562,41.54
140.56064671,-34.00730697,41.59
140.56064651,-34.00734449,41.67
140.56064649,-34.00734855,41.68
140.56064647,-34.00735243,42.81
140.56064644,-34.00735955,41.66
140.56064643,-34.00736018,43.97
140.56064637,-34.00737245,41.64
140.56064631,-34.00738363,47.49
140.56064616,-34.00741312,41.53
140.56064615,-34.00741529,41.56
140.56064604,-34.00743666,41.53
140.56064603,-34.00743883,41.48
140.56064598,-34.00744803,41.47
140.56064588,-34.00746823,41.48
140.56064584,-34.00747589,41.52
140.56064577,-34.00748798,41.51
140.56064567,-34.00750836,48.91
140.56064565,-34.00751269,48.91
140.56064558,-34.00752559,46.20
140.56064552,-34.00753641,47.95
140.56064543,-34.00755526,41.49
140.56064542,-34.00755607,42.37
140.56064538,-34.00756382,41.52
140.56064537,-34.00756581,49.47
140.56064536,-34.00756887,41.46
140.56064508,-34.00762281,44.18
140.56064502,-34.00763507,44.52
140.56064480,-34.00767728,41.51
140.56064479,-34.00767917,46.10
140.56064470,-34.00769604,41.52
140.56064465,-34.00770713,41.51
140.56064460,-34.00771525,41.54
140.56064446,-34.00774366,48.03
140.56064445,-34.00774519,47.91
140.56064445,-34.00774528,41.55
140.56064431,-34.00777279,41.67
140.56064429,-34.00777576,41.66
140.56064424,-34.00778668,41.55
140.56064416,-34.00780092,45.02
140.56064415,-34.00780273,45.49
140.56064410,-34.00781211,45.76
140.56064399,-34.00783493,41.40
140.56064399,-34.00783520,41.41
140.56064386,-34.00785864,41.37
140.56064378,-34.00787488,41.49
140.56064370,-34.00788994,46.80
140.56064370,-34.00789075,46.33
140.56064367,-34.00789580,46.61
140.56064366,-34.00789788,46.52
140.56064365,-34.00789977,46.57
140.56064363,-34.00790347,44.71
140.56064362,-34.00790626,45.13
140.56064361,-34.00790906,45.38
140.56064359,-34.00791122,45.65
140.56064353,-34.00792358,44.94
140.56064321,-34.00798671,41.41
140.56064312,-34.00800267,41.32
140.56064274,-34.00807744,43.49
140.56064259,-34.00810648,41.40
140.56064253,-34.00811856,41.36
140.56064244,-34.00813543,41.50
140.56064226,-34.00817060,41.43
140.56064225,-34.00817240,41.42
140.56064222,-34.00817718,41.38
140.56064221,-34.00818025,41.39
140.56064209,-34.00820262,41.41
140.56064204,-34.00821317,41.41
140.56064172,-34.00827440,44.60
140.56064170,-34.00827954,45.09
140.56064161,-34.00829668,41.42
140.56064160,-34.00829848,41.40
140.56064158,-34.00830137,41.39
140.56064154,-34.00831066,41.35
140.56064152,-34.00831355,41.36
140.56064147,-34.00832283,41.45
140.56064135,-34.00834637,41.46
140.56064124,-34.00836865,41.58
140.56064117,-34.00838155,41.42
140.56064112,-34.00839111,41.39
140.56064108,-34.00839895,43.22
140.56064096,-34.00842294,43.66
140.56064087,-34.00843953,41.37
140.56064086,-34.00844287,41.41
140.56064084,-34.00844576,41.42
140.56064067,-34.00847831,41.67
140.56064065,-34.00848228,41.65
140.56064063,-34.00848770,41.49
140.56064046,-34.00851890,41.60
140.56064045,-34.00852179,41.61
140.56064044,-34.00852440,44.02
140.56064043,-34.00852467,41.65
140.56064042,-34.00852774,41.72
140.56064039,-34.00853342,41.75
140.56064017,-34.00857599,41.52
140.56064015,-34.00858077,43.79
140.56064009,-34.00859240,41.66
140.56064006,-34.00859781,41.61
140.56064002,-34.00860449,41.57
140.56063987,-34.00863434,41.56
140.56063981,-34.00864543,41.56
140.56063978,-34.00865228,44.98
140.56063970,-34.00866753,45.35
140.56063955,-34.00869575,43.75
140.56063955,-34.00869594,44.02
140.56063951,-34.00870486,44.31
140.56063947,-34.00871109,41.69
140.56063946,-34.00871388,41.71
140.56063946,-34.00871487,44.45
140.56063936,-34.00873336,41.70
140.56063912,-34.00877900,41.72
140.56063896,-34.00881011,41.78
140.56063886,-34.00883076,41.81
140.56063870,-34.00886098,41.82
140.56063865,-34.00887153,41.81
140.56063861,-34.00887910,45.07
140.56063844,-34.00891211,44.30
140.56063811,-34.00897542,42.08
140.56063808,-34.00898101,42.06
140.56063805,-34.00898742,42.05
140.56063803,-34.00899102,42.07
140.56063797,-34.00900410,42.20
140.56063792,-34.00901348,43.16
140.56063788,-34.00902097,42.92
140.56063787,-34.00902268,42.12
140.56063777,-34.00904126,42.08
140.56063741,-34.00911115,42.24
140.56063702,-34.00918790,42.43
140.56063700,-34.00919061,42.42
140.56063699,-34.00919331,42.43
140.56063697,-34.00919728,42.41
140.56063682,-34.00922614,42.49
140.56063679,-34.00923300,42.54
140.56063673,-34.00924445,42.65
140.56063672,-34.00924535,45.40
140.56063665,-34.00925969,45.13
140.56063655,-34.00927899,42.60
140.56063653,-34.00928368,46.18
140.56063651,-34.00928729,42.61
140.56063648,-34.00929252,47.08
140.56063645,-34.00929784,47.08
140.56063641,-34.00930578,47.35
140.56063641,-34.00930641,45.43
140.56063631,-34.00932526,42.72
140.56063629,-34.00932859,42.70
140.56063620,-34.00934717,42.69
140.56063620,-34.00934771,44.77
140.56063617,-34.00935186,42.72
140.56063611,-34.00936367,42.81
140.56063602,-34.00938189,42.77
140.56063601,-34.00938460,42.77
140.56063578,-34.00942771,42.82
140.56063576,-34.00943312,42.87
140.56063575,-34.00943375,42.86
140.56063558,-34.00946793,42.98
140.56063550,-34.00948344,42.98
140.56063543,-34.00949634,42.98
140.56063543,-34.00949715,47.19
140.56063539,-34.00950328,43.12
140.56063533,-34.00951609,47.96
140.56063532,-34.00951825,44.77
140.56063527,-34.00952745,44.21
140.56063517,-34.00954675,43.09
140.56063485,-34.00960961,43.25
140.56063465,-34.00964695,43.23
140.56063461,-34.00965633,43.20
140.56063459,-34.00965913,43.21
140.56063430,-34.00971657,43.30
140.56063427,-34.00972154,45.20
140.56063426,-34.00972334,45.15
140.56063420,-34.00973452,43.36
140.56063418,-34.00973876,43.36
140.56063412,-34.00975021,48.32
140.56063409,-34.00975662,43.36
140.56063399,-34.00977691,43.46
140.56063398,-34.00977709,43.42
140.56063395,-34.00978295,43.43
140.56063389,-34.00979558,47.56
140.56063380,-34.00981334,43.34
140.56063372,-34.00982877,46.25
140.56063367,-34.00983770,43.40
140.56063364,-34.00984392,46.87
140.56063360,-34.00985167,46.57
140.56063352,-34.00986637,47.48
140.56063345,-34.00988044,43.40
140.56063333,-34.00990407,43.33
140.56063326,-34.00991850,43.36
140.56063316,-34.00993780,46.75
140.56063306,-34.00995584,43.32
140.56063304,-34.00995954,46.47
140.56063280,-34.01000607,43.38
140.56063274,-34.01001915,43.39
140.56063272,-34.01002195,43.41
140.56063271,-34.01002483,43.42
140.56063267,-34.01003295,43.39
140.56063266,-34.01003376,43.41
140.56063262,-34.01004152,43.45
140.56063258,-34.01004918,43.44
140.56063254,-34.01005667,47.64
140.56063246,-34.01007209,43.43
140.56063245,-34.01007525,43.44
140.56063240,-34.01008499,43.43
140.56063232,-34.01009951,43.52
140.56063220,-34.01012368,44.20
140.56063220,-34.01012413,47.02
140.56063218,-34.01012701,47.00
140.56063208,-34.01014595,43.51
140.56063207,-34.01014884,43.51
140.56063206,-34.01015163,43.58
140.56063201,-34.01015966,45.33
140.56063201,-34.01016065,47.51
140.56063199,-34.01016372,43.96
140.56063198,-34.01016633,47.89
140.56063197,-34.01016724,43.53
140.56063197,-34.01016904,47.66
140.56063195,-34.01017184,47.70
140.56063177,-34.01020746,43.43
140.56063137,-34.01028520,47.11
140.56063136,-34.01028745,47.22
140.56063134,-34.01029079,47.26
140.56063131,-34.01029656,43.43
140.56063127,-34.01030315,46.42
140.56063123,-34.01031108,43.41
140.56063110,-34.01033769,43.35
140.56063108,-34.01034066,43.37
140.56063107,-34.01034364,43.40
140.56063105,-34.01034662,43.44
140.56063103,-34.01035095,43.41
140.56063102,-34.01035239,43.42
140.56063101,-34.01035455,43.44
140.56063098,-34.01035942,45.63
140.56063098,-34.01036051,45.79
140.56063094,-34.01036772,46.61
140.56063087,-34.01038161,43.24
140.56063087,-34.01038233,43.29
140.56063076,-34.01040244,44.28
140.56063073,-34.01040812,43.31
140.56063069,-34.01041642,43.55
140.56063063,-34.01042769,43.30
140.56063061,-34.01043166,43.29
140.56063047,-34.01045899,44.04
140.56063028,-34.01049669,43.24
140.56063016,-34.01051996,45.23
140.56063009,-34.01053258,46.81
140.56063009,-34.01053303,47.84
140.56063007,-34.01053718,47.67
140.56063001,-34.01054782,46.34
140.56062984,-34.01058227,46.24
140.56062981,-34.01058769,43.17
140.56062977,-34.01059472,43.22
140.56062974,-34.01060130,46.01
140.56062967,-34.01061429,43.28
140.56062965,-34.01061853,43.28
140.56062960,-34.01062773,43.29
140.56062958,-34.01063296,43.35
140.56062949,-34.01064928,47.55
140.56062945,-34.01065704,43.24
140.56062944,-34.01065965,43.29
140.56062923,-34.01070024,43.21
140.56062917,-34.01071214,45.47
140.56062911,-34.01072269,43.19
140.56062886,-34.01077157,46.39
140.56062885,-34.01077401,46.33
140.56062877,-34.01078934,43.27
140.56062874,-34.01079611,43.31
140.56062871,-34.01080206,43.22
140.56062869,-34.01080585,43.17
140.56062868,-34.01080756,46.67
140.56062863,-34.01081676,43.15
140.56062832,-34.01087601,43.15
140.56062818,-34.01090460,45.47
140.56062812,-34.01091605,43.25
140.56062777,-34.01098333,44.71
140.56062757,-34.01102220,45.98
140.56062716,-34.01110175,43.22
140.56062715,-34.01110454,43.21
140.56062715,-34.01110481,47.78
140.56062696,-34.01113990,43.18
140.56062689,-34.01115442,43.15
140.56062667,-34.01119762,43.23
140.56062651,-34.01122846,47.27
140.56062635,-34.01125984,43.20
140.56062627,-34.01127500,43.19
140.56062623,-34.01128203,43.20
140.56062621,-34.01128609,43.21
140.56062592,-34.01134372,43.19
140.56062583,-34.01136004,43.45
140.56062578,-34.01136933,43.47
140.56062574,-34.01137826,43.22
140.56062556,-34.01141352,43.30
140.56062541,-34.01144121,43.32
140.56062525,-34.01147223,43.22
140.56062499,-34.01152292,43.31
140.56062499,-34.01152328,43.23
140.56062497,-34.01152653,44.42
140.56062489,-34.01154276,43.42
140.56062486,-34.01154916,43.33
140.56062484,-34.01155151,43.29
140.56062470,-34.01157865,43.27
140.56062455,-34.01160814,43.46
140.56062453,-34.01161220,43.31
140.56062449,-34.01161996,43.32
140.56062433,-34.01165179,43.31
140.56062416,-34.01168399,43.51
140.56062415,-34.01168715,43.45
140.56062407,-34.01170203,46.29
140.56062395,-34.01172521,45.62
140.56062390,-34.01173495,46.50
140.56062381,-34.01175235,43.33
140.56062372,-34.01176985,43.33
140.56062365,-34.01178274,45.52
140.56062360,-34.01179375,43.37
140.56062357,-34.01179826,43.48
140.56062342,-34.01182892,43.37
140.56062338,-34.01183505,43.38
140.56062330,-34.01185074,43.37
140.56062311,-34.01188817,43.43
140.56062302,-34.01190513,43.44
140.56062297,-34.01191622,43.47
140.56062292,-34.01192425,43.48
140.56062284,-34.01194138,44.97
140.56062278,-34.01195148,43.59
140.56062276,-34.01195644,43.55
140.56062254,-34.01199820,45.90
140.56062248,-34.01201020,43.61
140.56062227,-34.01205186,45.16
140.56062225,-34.01205484,43.57
140.56062224,-34.01205637,46.29
140.56062219,-34.01206764,43.60
140.56062218,-34.01206972,48.50
140.56062217,-34.01207161,43.94
140.56062214,-34.01207630,44.03
140.56062208,-34.01208785,43.75
140.56062205,-34.01209416,46.52
140.56062205,-34.01209497,43.75
140.56062168,-34.01216513,43.77
140.56062161,-34.01217875,43.82
140.56062143,-34.01221438,47.26
140.56062143,-34.01221465,43.90
140.56062126,-34.01224666,47.42
140.56062120,-34.01225893,48.62
140.56062119,-34.01226100,43.98
140.56062117,-34.01226551,48.61
140.56062112,-34.01227390,44.00
140.56062109,-34.01228075,47.90
140.56062103,-34.01229113,44.12
140.56062100,-34.01229789,44.09
140.56062080,-34.01233703,44.24
140.56062078,-34.01234001,48.41
140.56062065,-34.01236508,48.08
140.56062065,-34.01236526,48.21
140.56062065,-34.01236607,44.23
140.56062063,-34.01237022,47.75
140.56062059,-34.01237671,44.27
140.56062055,-34.01238492,44.29
140.56062040,-34.01241378,44.20
140.56062039,-34.01241657,44.20
140.56062002,-34.01248818,45.91
140.56061974,-34.01254166,44.43
140.56061968,-34.01255411,44.44
140.56061964,-34.01256132,44.42
140.56061961,-34.01256845,44.63
140.56061959,-34.01257070,45.27
140.56061956,-34.01257774,45.24
140.56061951,-34.01258649,44.53
140.56061948,-34.01259343,44.91
140.56061945,-34.01259794,44.57
140.56061938,-34.01261228,49.93
140.56061925,-34.01263780,50.03
140.56061886,-34.01271320,44.87
140.56061874,-34.01273629,44.81
140.56061865,-34.01275369,44.85
140.56061844,-34.01279391,44.91
140.56061844,-34.01279418,44.98
140.56061842,-34.01279779,44.88
140.56061836,-34.01281024,44.91
140.56061825,-34.01283134,48.77
140.56061823,-34.01283603,50.48
140.56061821,-34.01284018,45.02
140.56061802,-34.01287598,45.08
140.56061800,-34.01288094,45.13
140.56061794,-34.01289104,45.14
140.56061778,-34.01292306,45.26
140.56061766,-34.01294624,48.63
140.56061766,-34.01294687,49.09
140.56061758,-34.01296130,45.28
140.56061726,-34.01302353,45.53
140.56061723,-34.01303002,51.46
140.56061722,-34.01303083,54.25
140.56061715,-34.01304580,54.11
140.56061673,-34.01312751,45.62
140.56061652,-34.01316783,45.84
140.56061640,-34.01319155,45.85
140.56061620,-34.01323006,51.03
140.56061597,-34.01327470,46.28
140.56061590,-34.01328868,46.26
140.56061579,-34.01330996,52.29
140.56061574,-34.01331925,52.26
140.56061574,-34.01331952,46.30
140.56061567,-34.01333169,46.35
140.56061548,-34.01336957,46.44
140.56061512,-34.01343920,46.66
140.56061510,-34.01344262,46.66
140.56061508,-34.01344659,50.13
140.56061501,-34.01346012,46.72
140.56061501,-34.01346075,52.66
140.56061498,-34.01346652,46.81
140.56061482,-34.01349692,47.01
140.56061454,-34.01355130,51.76
140.56061454,-34.01355175,47.07
140.56061451,-34.01355797,47.10
140.56061446,-34.01356726,51.10
140.56061433,-34.01359260,47.25
140.56061409,-34.01363896,47.49
140.56061400,-34.01365691,47.44
140.56061393,-34.01366998,49.77
140.56061382,-34.01369073,47.50
140.56061382,-34.01369118,47.57
140.56061378,-34.01370002,47.57
140.56061368,-34.01371877,47.57
140.56061355,-34.01374340,47.73
140.56061345,-34.01376333,51.22
140.56061338,-34.01377658,52.29
140.56061335,-34.01378344,48.07
140.56061331,-34.01379029,49.01
140.56061328,-34.01379742,48.29
140.56061313,-34.01382655,48.19
140.56061311,-34.01382862,48.14
140.56061311,-34.01382943,51.36
140.56061276,-34.01389788,48.34
140.56061267,-34.01391565,48.38
140.56061243,-34.01396138,48.59
140.56061233,-34.01398176,48.67
140.56061217,-34.01401143,48.73
140.56061198,-34.01404940,48.87
140.56061183,-34.01407799,53.19
140.56061183,-34.01407880,53.05
140.56061182,-34.01407952,48.89
140.56061181,-34.01408178,48.88
140.56061180,-34.01408448,53.06
140.56061175,-34.01409305,48.97
140.56061175,-34.01409431,53.99
140.56061173,-34.01409783,49.00
140.56061162,-34.01411893,49.90
140.56061160,-34.01412173,49.17
140.56061158,-34.01412642,49.16
140.56061152,-34.01413724,49.12
140.56061143,-34.01415483,52.74
140.56061142,-34.01415681,49.21
140.56061139,-34.01416303,49.27
140.56061137,-34.01416790,49.23
140.56061127,-34.01418603,49.32
140.56061100,-34.01423933,49.43
140.56061098,-34.01424240,51.86
140.56061084,-34.01426927,53.73
140.56061084,-34.01427017,53.62
140.56061083,-34.01427207,52.58
140.56061077,-34.01428343,49.46
140.56061076,-34.01428614,49.49
140.56061073,-34.01429155,49.73
140.56061065,-34.01430787,53.02
140.56061064,-34.01430877,49.50
140.56061062,-34.01431211,53.41
140.56061061,-34.01431437,53.28
140.56061050,-34.01433574,50.71
140.56061036,-34.01436379,49.80
140.56061030,-34.01437488,49.77
140.56061007,-34.01441979,50.75
140.56060998,-34.01443747,49.62
140.56060990,-34.01445298,49.64
140.56060985,-34.01446218,49.61
140.56060983,-34.01446633,49.79
140.56060975,-34.01448175,49.75
140.56060973,-34.01448644,54.88
140.56060969,-34.01449357,52.96
140.56060968,-34.01449609,49.81
140.56060963,-34.01450475,54.63
140.56060962,-34.01450745,53.08
140.56060961,-34.01450845,49.72
140.56060956,-34.01451765,49.75
140.56060956,-34.01451882,54.68
140.56060955,-34.01452026,49.76
140.56060940,-34.01454930,49.67
140.56060914,-34.01460008,49.62
140.56060912,-34.01460395,52.95
140.56060902,-34.01462316,50.37
140.56060901,-34.01462614,49.76
140.56060893,-34.01464093,53.81
140.56060888,-34.01465157,53.04
140.56060884,-34.01465752,49.51
140.56060870,-34.01468584,49.52
140.56060864,-34.01469630,49.58
140.56060864,-34.01469658,51.68
140.56060861,-34.01470361,51.79
140.56060861,-34.01470388,51.25
140.56060860,-34.01470559,49.56
140.56060855,-34.01471470,49.58
140.56060854,-34.01471579,52.94
140.56060854,-34.01471597,49.51
140.56060852,-34.01472138,54.01
140.56060847,-34.01472940,49.45
140.56060847,-34.01473058,49.46
140.56060843,-34.01473815,52.54
140.56060839,-34.01474582,53.85
140.56060837,-34.01475042,53.64
140.56060819,-34.01478397,49.35
140.56060808,-34.01480642,49.34
140.56060805,-34.01481111,49.40
140.56060788,-34.01484502,49.44
140.56060762,-34.01489553,49.28
140.56060757,-34.01490482,49.40
140.56060755,-34.01490878,49.39
140.56060746,-34.01492556,53.71
140.56060696,-34.01502278,51.81
140.56060695,-34.01502567,49.22
140.56060686,-34.01504190,49.40
140.56060684,-34.01504740,49.30
140.56060676,-34.01506273,52.00
140.56060667,-34.01507942,49.29
140.56060663,-34.01508798,49.30
140.56060654,-34.01510386,49.87
140.56060654,-34.01510521,50.22
140.56060652,-34.01510846,49.33
140.56060650,-34.01511206,49.25
140.56060649,-34.01511441,49.40
140.56060647,-34.01511874,49.21
140.56060647,-34.01511919,50.23
140.56060632,-34.01514661,49.27
140.56060589,-34.01523192,49.51
140.56060586,-34.01523652,50.37
140.56060586,-34.01523697,50.46
140.56060567,-34.01527278,49.63
140.56060553,-34.01530182,49.75
140.56060550,-34.01530678,49.77
140.56060536,-34.01533320,49.82
140.56060525,-34.01535430,49.75
140.56060502,-34.01540039,49.68
140.56060500,-34.01540382,49.71
140.56060499,-34.01540499,49.70
140.56060456,-34.01548904,52.33
140.56060453,-34.01549508,49.56
140.56060428,-34.01554261,49.51
140.56060427,-34.01554514,49.50
140.56060421,-34.01555704,49.53
140.56060414,-34.01557084,49.59
140.56060412,-34.01557481,49.50
140.56060409,-34.01557977,49.62
140.56060404,-34.01558942,49.54
140.56060398,-34.01560268,49.49
140.56060394,-34.01561007,49.44
140.56060392,-34.01561422,49.46
140.56060384,-34.01562964,49.62
140.56060379,-34.01563785,49.48
140.56060376,-34.01564434,49.52
140.56060361,-34.01567392,50.74
140.56060358,-34.01567952,52.29
140.56060350,-34.01569413,49.64
140.56060345,-34.01570396,52.84
140.56060333,-34.01572704,52.11
140.56060331,-34.01573182,53.25
140.56060316,-34.01576150,49.87
140.56060308,-34.01577656,49.87
140.56060304,-34.01578377,50.02
140.56060302,-34.01578837,49.99
140.56060297,-34.01579703,49.98
140.56060290,-34.01581146,50.12
140.56060288,-34.01581543,50.19
140.56060277,-34.01583743,50.07
140.56060274,-34.01584149,50.11
140.56060270,-34.01584988,50.18
140.56060256,-34.01587684,50.40
140.56060255,-34.01587919,50.44
140.56060251,-34.01588785,53.86
140.56060248,-34.01589263,54.24
140.56060239,-34.01591021,50.56
140.56060234,-34.01592013,50.60
140.56060234,-34.01592076,54.21
140.56060232,-34.01592428,50.59
140.56060232,-34.01592437,50.64
140.56060211,-34.01596559,50.83
140.56060208,-34.01596974,50.78
140.56060204,-34.01597812,50.95
140.56060193,-34.01599887,50.82
140.56060193,-34.01599986,50.84
140.56060180,-34.01602520,51.18
140.56060176,-34.01603260,51.14
140.56060168,-34.01604802,51.12
140.56060167,-34.01605081,51.13
140.56060163,-34.01605848,54.64
140.56060160,-34.01606353,52.24
140.56060158,-34.01606678,55.46
140.56060154,-34.01607625,54.17
140.56060152,-34.01607922,54.49
140.56060151,-34.01608021,52.09
140.56060146,-34.01609022,54.97
140.56060143,-34.01609762,55.29
140.56060137,-34.01610745,51.28
140.56060124,-34.01613378,53.15
140.56060120,-34.01614037,51.51
140.56060110,-34.01616021,51.46
140.56060101,-34.01617816,51.56
140.56060095,-34.01619024,51.63
140.56060093,-34.01619394,51.62
140.56060084,-34.01621026,51.80
140.56060072,-34.01623443,53.92
140.56060046,-34.01628494,56.00
140.56060037,-34.01630234,54.57
140.56060036,-34.01630433,52.09
140.56059992,-34.01638910,55.98
140.56059963,-34.01644511,52.63
140.56059962,-34.01644745,52.62
140.56059947,-34.01647703,52.52
140.56059941,-34.01648858,52.51
140.56059934,-34.01650183,52.56
140.56059929,-34.01651275,52.63
140.56059927,-34.01651681,52.64
140.56059913,-34.01654332,52.63
140.56059906,-34.01655712,52.66
140.56059893,-34.01658093,54.70
140.56059890,-34.01658841,55.02
140.56059879,-34.01660889,52.63
140.56059864,-34.01663793,52.63
140.56059855,-34.01665560,52.64
140.56059843,-34.01667977,52.61
140.56059833,-34.01669745,52.63
140.56059826,-34.01671098,52.55
140.56059810,-34.01674308,52.70
140.56059809,-34.01674453,54.04
140.56059807,-34.01674840,52.68
140.56059799,-34.01676392,53.01
140.56059770,-34.01681983,52.62
140.56059766,-34.01682930,52.40
140.56059761,-34.01683796,52.37
140.56059760,-34.01684076,55.91
140.56059760,-34.01684093,52.34
140.56059753,-34.01685392,52.38
140.56059750,-34.01686024,52.34
140.56059746,-34.01686628,52.46
140.56059745,-34.01686907,52.51
140.56059737,-34.01688504,52.26
140.56059737,-34.01688531,55.90
140.56059735,-34.01688801,52.23
140.56059733,-34.01689189,54.67
140.56059731,-34.01689721,52.28
140.56059723,-34.01691227,52.18
140.56059721,-34.01691516,52.21
140.56059716,-34.01692499,52.17
140.56059712,-34.01693284,52.13
140.56059707,-34.01694276,52.20
140.56059705,-34.01694654,56.84
140.56059703,-34.01695114,57.43
140.56059697,-34.01696188,57.25
140.56059697,-34.01696314,52.10
140.56059679,-34.01699768,56.03
140.56059678,-34.01699939,56.04
140.56059678,-34.01699975,54.65
140.56059676,-34.01700327,51.97
140.56059675,-34.01700562,56.09
140.56059674,-34.01700706,52.09
140.56059673,-34.01700805,51.97
140.56059664,-34.01702645,56.05
140.56059656,-34.01704232,51.92
140.56059649,-34.01705603,51.94
140.56059646,-34.01706162,54.64
140.56059639,-34.01707407,51.85
140.56059638,-34.01707704,51.86
140.56059635,-34.01708263,52.26
140.56059629,-34.01709508,51.79
140.56059615,-34.01712141,51.80
140.56059605,-34.01714153,51.74
140.56059599,-34.01715181,51.79
140.56059595,-34.01716101,51.72
140.56059571,-34.01720700,51.68
140.56059557,-34.01723415,52.72
140.56059557,-34.01723433,55.84
140.56059556,-34.01723676,55.67
140.56059553,-34.01724208,56.09
140.56059544,-34.01725859,51.59
140.56059544,-34.01725985,54.23
140.56059535,-34.01727717,54.85
140.56059527,-34.01729286,55.75
140.56059525,-34.01729565,55.91
140.56059524,-34.01729863,51.58
140.56059524,-34.01729872,51.57
140.56059522,-34.01730116,56.13
140.56059518,-34.01731045,52.61
140.56059515,-34.01731522,51.53
140.56059507,-34.01733065,51.45
140.56059499,-34.01734634,51.45
140.56059476,-34.01739170,51.47
140.56059456,-34.01743048,51.47
140.56059454,-34.01743319,51.50
140.56059451,-34.01743923,56.00
140.56059447,-34.01744789,54.82
140.56059435,-34.01747143,51.44
140.56059404,-34.01753104,51.25
140.56059401,-34.01753609,51.26
140.56059401,-34.01753672,54.84
140.56059396,-34.01754556,54.01
140.56059396,-34.01754700,51.28
140.56059383,-34.01757135,51.25
140.56059381,-34.01757487,51.23
140.56059365,-34.01760653,51.25
140.56059364,-34.01760941,51.23
140.56059346,-34.01764413,51.25
140.56059336,-34.01766253,51.29
140.56059324,-34.01768625,51.30
140.56059317,-34.01769897,55.29
140.56059317,-34.01770041,51.33
140.56059315,-34.01770276,55.27
140.56059313,-34.01770781,51.31
140.56059311,-34.01771159,55.96
140.56059288,-34.01775660,54.00
140.56059284,-34.01776300,51.36
140.56059249,-34.01783235,51.23
140.56059243,-34.01784245,51.26
140.56059229,-34.01787068,51.32
140.56059227,-34.01787528,54.92
140.56059209,-34.01791018,51.41
140.56059203,-34.01792010,54.89
140.56059184,-34.01795852,51.56
140.56059173,-34.01797999,51.69
140.56059165,-34.01799496,54.29
140.56059165,-34.01799505,51.62
140.56059152,-34.01802084,51.75
140.56059150,-34.01802373,51.72
140.56059131,-34.01806116,54.56
140.56059121,-34.01807964,55.51
140.56059121,-34.01808064,55.45
140.56059114,-34.01809471,52.01
140.56059092,-34.01813664,56.89
140.56059090,-34.01814016,52.24
140.56059088,-34.01814413,52.24
140.56059085,-34.01814972,52.33
140.56059067,-34.01818570,54.17
140.56059059,-34.01820140,52.47
140.56059048,-34.01822169,52.54
140.56059037,-34.01824297,52.58
140.56059024,-34.01826922,52.82
140.56059016,-34.01828383,52.80
140.56059008,-34.01829943,52.93
140.56059006,-34.01830403,53.01
140.56058992,-34.01833036,53.06
140.56058987,-34.01834028,53.13
140.56058964,-34.01838402,53.27
140.56058958,-34.01839620,53.37
140.56058949,-34.01841487,53.63
140.56058925,-34.01845996,53.63
140.56058908,-34.01849450,55.86
140.56058873,-34.01856214,53.99
140.56058846,-34.01861382,54.22
140.56058827,-34.01865097,54.56
140.56058825,-34.01865440,58.58
140.56058823,-34.01865810,54.35
140.56058821,-34.01866171,54.42
140.56058820,-34.01866360,54.97
140.56058814,-34.01867614,54.63
140.56058783,-34.01873638,54.82
140.56058773,-34.01875523,55.04
140.56058760,-34.01878066,54.87
140.56058727,-34.01884578,55.07
140.56058724,-34.01885083,55.15
140.56058720,-34.01885831,55.16
140.56058715,-34.01886904,55.23
140.56058712,-34.01887355,55.19
140.56058706,-34.01888510,55.26
140.56058693,-34.01891035,55.33
140.56058686,-34.01892451,55.37
140.56058686,-34.01892496,56.35
140.56058650,-34.01899521,55.46
140.56058600,-34.01909090,55.61
140.56058596,-34.01909974,55.67
140.56058573,-34.01914384,55.77
140.56058555,-34.01917784,55.83
140.56058547,-34.01919453,55.81
140.56058546,-34.01919552,58.08
140.56058538,-34.01921175,57.18
140.56058524,-34.01923872,56.03
140.56058499,-34.01928652,57.01
140.56058493,-34.01929860,56.17
140.56058486,-34.01931267,56.41
140.56058480,-34.01932340,60.37
140.56058464,-34.01935578,56.40
140.56058462,-34.01935894,56.37
140.56058458,-34.01936714,56.48
140.56058410,-34.01945994,56.98
140.56058399,-34.01948132,57.74
140.56058386,-34.01950675,56.81
140.56058370,-34.01953814,56.64
140.56058356,-34.01956420,56.84
140.56058336,-34.01960424,59.37
140.56058315,-34.01964492,60.68
140.56058300,-34.01967423,60.15
140.56058296,-34.01968189,56.50
140.56058291,-34.01969019,56.49
140.56058271,-34.01973005,56.43
140.56058262,-34.01974629,56.43
140.56058247,-34.01977632,56.27
140.56058240,-34.01979066,56.29
140.56058233,-34.01980292,56.27
140.56058232,-34.01980464,59.52
140.56058229,-34.01981095,58.65
140.56058229,-34.01981203,56.20
140.56058223,-34.01982258,56.26
140.56058221,-34.01982664,57.69
140.56058221,-34.01982727,57.72
140.56058211,-34.01984648,56.17
140.56058199,-34.01986894,55.98
140.56058176,-34.01991448,55.90
140.56058173,-34.01991908,57.67
140.56058172,-34.01992125,57.61
140.56058170,-34.01992666,55.85
140.56058169,-34.01992702,56.83
140.56058154,-34.01995687,55.86
140.56058146,-34.01997256,57.86
140.56058146,-34.01997310,55.99
140.56058145,-34.01997500,57.71
140.56058144,-34.01997626,57.40
140.56058143,-34.01997734,57.43
140.56058143,-34.01997743,60.06
140.56058140,-34.01998321,57.88
140.56058137,-34.01999069,59.52
140.56058130,-34.02000296,55.53
140.56058126,-34.02001134,55.54
140.56058119,-34.02002478,58.22
140.56058116,-34.02003001,59.94
140.56058107,-34.02004859,55.56
140.56058102,-34.02005725,57.70
140.56058079,-34.02010261,55.30
140.56058076,-34.02010793,55.24
140.56058068,-34.02012317,55.27
140.56058060,-34.02013959,55.19
140.56058058,-34.02014302,55.18
140.56058057,-34.02014500,55.17
140.56058051,-34.02015763,55.19
140.56058037,-34.02018378,55.07
140.56058012,-34.02023203,55.07
140.56058011,-34.02023356,58.70
140.56058011,-34.02023428,55.01
140.56058004,-34.02024754,54.86
140.56058001,-34.02025295,60.41
140.56058000,-34.02025593,59.96
140.56057995,-34.02026585,54.86
140.56057979,-34.02029579,54.76
140.56057979,-34.02029705,54.72
140.56057966,-34.02032195,55.88
140.56057962,-34.02032898,55.67
140.56057960,-34.02033367,54.65
140.56057957,-34.02033863,56.13
140.56057928,-34.02039536,54.56
140.56057926,-34.02039923,54.57
140.56057915,-34.02042115,54.80
140.56057910,-34.02043107,54.56
140.56057902,-34.02044523,58.12
140.56057902,-34.02044658,57.85
140.56057896,-34.02045650,57.45
140.56057887,-34.02047517,54.84
140.56057886,-34.02047652,57.56
140.56057883,-34.02048338,54.97
140.56057877,-34.02049474,57.18
140.56057874,-34.02050051,54.74
140.56057865,-34.02051702,56.54
140.56057864,-34.02051864,54.89
140.56057864,-34.02052053,54.88
140.56057860,-34.02052748,54.72
140.56057856,-34.02053605,54.90
140.56057850,-34.02054606,56.55
140.56057847,-34.02055228,54.85
140.56057842,-34.02056247,55.00
140.56057840,-34.02056689,57.97
140.56057834,-34.02057753,58.50
140.56057833,-34.02057898,57.18
140.56057833,-34.02057988,57.72
140.56057828,-34.02058854,54.99
140.56057825,-34.02059503,58.05
140.56057820,-34.02060432,58.28
140.56057809,-34.02062596,55.07
140.56057808,-34.02062786,55.11
140.56057808,-34.02062813,55.03
140.56057794,-34.02065536,57.43
140.56057765,-34.02071209,55.34
140.56057754,-34.02073265,55.38
140.56057747,-34.02074600,55.38
140.56057741,-34.02075818,55.49
140.56057732,-34.02077612,55.52
140.56057721,-34.02079732,58.45
140.56057709,-34.02081950,55.58
140.56057709,-34.02081995,55.66
140.56057706,-34.02082654,55.57
140.56057700,-34.02083835,55.59
140.56057688,-34.02086189,58.42
140.56057680,-34.02087731,55.73
140.56057677,-34.02088290,55.67
140.56057667,-34.02090175,55.75
140.56057660,-34.02091618,55.96
140.56057654,-34.02092682,55.82
140.56057649,-34.02093729,55.85
140.56057648,-34.02093918,58.40
140.56057642,-34.02095090,55.85
140.56057634,-34.02096669,55.99
140.56057614,-34.02100520,55.96
140.56057614,-34.02100547,55.94
140.56057612,-34.02100889,55.94
140.56057551,-34.02112650,56.41
140.56057500,-34.02122606,56.19
140.56057495,-34.02123598,56.13
140.56057493,-34.02123914,56.16
140.56057493,-34.02124040,56.20
140.56057491,-34.02124347,56.41
140.56057486,-34.02125330,56.21
140.56057484,-34.02125718,56.23
140.56057477,-34.02126989,59.85
140.56057476,-34.02127170,56.23
140.56057469,-34.02128649,58.79
140.56057461,-34.02130245,56.40
140.56057440,-34.02134285,56.35
140.56057434,-34.02135440,56.40
140.56057432,-34.02135782,56.38
140.56057397,-34.02142546,56.46
140.56057393,-34.02143349,56.45
140.56057391,-34.02143710,56.61
140.56057382,-34.02145541,56.45
140.56057380,-34.02145964,56.48
140.56057378,-34.02146343,56.41
140.56057374,-34.02147056,56.41
140.56057371,-34.02147651,56.41
140.56057369,-34.02148093,56.40
140.56057352,-34.02151231,56.43
140.56057351,-34.02151511,56.43
140.56057347,-34.02152187,56.42
140.56057346,-34.02152395,59.22
140.56057326,-34.02156264,56.57
140.56057316,-34.02158320,56.43
140.56057312,-34.02159032,56.35
140.56057304,-34.02160656,59.11
140.56057286,-34.02164101,56.49
140.56057255,-34.02170206,58.16
140.56057235,-34.02173967,55.94
140.56057211,-34.02178594,58.65
140.56057209,-34.02179099,55.86
140.56057198,-34.02181155,55.92
140.56057166,-34.02187405,55.57
140.56057147,-34.02191103,55.36
140.56057147,-34.02191157,58.20
140.56057146,-34.02191247,55.41
140.56057136,-34.02193231,55.24
140.56057125,-34.02195359,55.18
140.56057092,-34.02201772,55.03
140.56057088,-34.02202493,57.78
140.56057085,-34.02203142,55.06
140.56057078,-34.02204387,54.78
140.56057070,-34.02206092,54.79
140.56057066,-34.02206840,57.33
140.56057054,-34.02209068,54.61
140.56057053,-34.02209356,54.64
140.56057039,-34.02212017,56.69
140.56057038,-34.02212242,57.35
140.56057035,-34.02212747,54.51
140.56057033,-34.02213279,54.47
140.56057030,-34.02213848,54.45
140.56057021,-34.02215570,54.41
140.56057020,-34.02215678,54.38
140.56056996,-34.02220314,54.16
140.56056995,-34.02220675,54.14
140.56056986,-34.02222307,54.17
140.56056976,-34.02224318,54.18
140.56056964,-34.02226600,54.00
140.56056958,-34.02227790,53.82
140.56056954,-34.02228521,53.81
140.56056946,-34.02230027,53.94
140.56056940,-34.02231172,53.80
140.56056936,-34.02232020,53.75
140.56056918,-34.02235438,53.64
140.56056915,-34.02236060,53.63
140.56056913,-34.02236457,53.64
140.56056910,-34.02237098,56.22
140.56056901,-34.02238874,53.64
140.56056894,-34.02240200,56.90
140.56056886,-34.02241697,55.78
140.56056886,-34.02241805,53.38
140.56056884,-34.02242121,53.36
140.56056883,-34.02242247,53.39
140.56056879,-34.02242996,53.33
140.56056871,-34.02244619,53.35
140.56056857,-34.02247352,53.46
140.56056855,-34.02247785,55.36
140.56056854,-34.02247848,53.40
140.56056854,-34.02248010,53.28
140.56056853,-34.02248200,53.23
140.56056848,-34.02249174,53.28
140.56056842,-34.02250184,53.19
140.56056821,-34.02254287,53.27
140.56056787,-34.02260889,52.91
140.56056780,-34.02262233,52.88
140.56056751,-34.02267941,53.00
140.56056735,-34.02270963,52.73
140.56056735,-34.02271080,52.75
140.56056734,-34.02271233,52.75
140.56056725,-34.02273055,52.69
140.56056704,-34.02277131,52.73
140.56056700,-34.02277889,54.60
140.56056694,-34.02278908,52.71
140.56056683,-34.02281190,52.66
140.56056674,-34.02282786,52.76
140.56056655,-34.02286637,52.54
140.56056653,-34.02286844,52.56
140.56056645,-34.02288468,52.55
140.56056645,-34.02288504,52.57
140.56056641,-34.02289315,52.50
140.56056640,-34.02289532,55.16
140.56056626,-34.02292084,52.52
140.56056607,-34.02295890,52.49
140.56056583,-34.02300562,52.67
140.56056580,-34.02301112,52.56
140.56056571,-34.02302816,52.60
140.56056565,-34.02304097,52.73
140.56056556,-34.02305847,52.60
140.56056551,-34.02306775,52.76
140.56056543,-34.02308345,56.46
140.56056541,-34.02308742,52.68
140.56056538,-34.02309346,55.65
140.56056522,-34.02312340,52.72
140.56056515,-34.02313693,52.81
140.56056513,-34.02314072,52.83
140.56056511,-34.02314550,56.08
140.56056502,-34.02316308,52.80
140.56056501,-34.02316443,52.77
140.56056498,-34.02317084,52.86
140.56056492,-34.02318157,52.81
140.56056491,-34.02318464,52.81
140.56056484,-34.02319744,52.88
140.56056479,-34.02320691,52.92
140.56056476,-34.02321295,53.14
140.56056466,-34.02323207,53.09
140.56056453,-34.02325841,54.71
140.56056448,-34.02326689,53.28
140.56056426,-34.02331045,53.50
140.56056413,-34.02333507,53.61
140.56056410,-34.02334057,53.68
140.56056395,-34.02336988,53.83
140.56056388,-34.02338359,53.93
140.56056383,-34.02339378,54.17
140.56056378,-34.02340253,56.11
140.56056372,-34.02341551,55.29
140.56056368,-34.02342237,54.25
140.56056351,-34.02345447,54.56
140.56056348,-34.02346169,54.58
140.56056323,-34.02351012,55.00
140.56056302,-34.02355115,55.47
140.56056290,-34.02357370,55.96
140.56056273,-34.02360671,55.94
140.56056261,-34.02363052,56.21
140.56056258,-34.02363629,56.26
140.56056251,-34.02364937,56.11
140.56056236,-34.02367750,55.99
140.56056229,-34.02369130,55.73
140.56056228,-34.02369338,55.68
140.56056219,-34.02371069,55.72
140.56056162,-34.02382126,54.16
140.56056160,-34.02382586,54.28
140.56056138,-34.02386951,53.55
140.56056125,-34.02389467,53.78
140.56056104,-34.02393462,54.96
140.56056078,-34.02398459,54.84
140.56056075,-34.02399036,55.13
140.56056057,-34.02402544,51.99
140.56056057,-34.02402589,54.71
140.56056049,-34.02404150,51.95
140.56056046,-34.02404700,52.03
140.56056035,-34.02406936,52.42
140.56056030,-34.02407730,56.01
140.56056026,-34.02408587,51.48
140.56056026,-34.02408632,51.47
140.56056023,-34.02409119,51.47
140.56056022,-34.02409272,55.94
140.56056021,-34.02409480,54.47
140.56056020,-34.02409777,51.45
140.56056017,-34.02410291,51.32
140.56056013,-34.02411157,51.26
140.56055996,-34.02414413,54.30
140.56055994,-34.02414737,54.28
140.56055989,-34.02415765,50.97
140.56055975,-34.02418444,50.65
140.56055967,-34.02420085,50.60
140.56055964,-34.02420663,50.50
140.56055961,-34.02421132,50.57
140.56055932,-34.02426795,50.14
140.56055924,-34.02428319,49.99
140.56055916,-34.02429961,52.91
140.56055911,-34.02430809,53.66
140.56055911,-34.02430908,53.33
140.56055860,-34.02440837,49.46
140.56055832,-34.02446194,49.40
140.56055828,-34.02447024,49.22
140.56055827,-34.02447231,49.30
140.56055818,-34.02448873,49.28
140.56055806,-34.02451290,49.11
140.56055803,-34.02451921,49.11
140.56055799,-34.02452706,49.16
140.56055795,-34.02453490,49.14
140.56055791,-34.02454275,49.10
140.56055788,-34.02454834,49.09
140.56055784,-34.02455610,49.11
140.56055770,-34.02458216,49.04
140.56055755,-34.02461165,49.01
140.56055743,-34.02463510,54.08
140.56055739,-34.02464286,49.04
140.56055735,-34.02464980,51.23
140.56055716,-34.02468750,49.08
140.56055673,-34.02477074,48.57
140.56055666,-34.02478427,48.67
140.56055649,-34.02481656,48.56
140.56055637,-34.02484054,48.63
140.56055632,-34.02485056,49.77
140.56055608,-34.02489709,48.52
140.56055597,-34.02491838,53.39
140.56055591,-34.02492893,48.65
140.56055482,-34.02516188,48.98
140.56055517,-34.02517784,51.93
140.56055538,-34.02518001,52.48
140.56056328,-34.02518040,52.06
140.56057108,-34.02518052,49.06
140.56060932,-34.02518065,49.04
140.56067106,-34.02518087,49.37
140.56067539,-34.02518089,49.02
140.56074514,-34.02518114,48.97
140.56078457,-34.02518128,49.93
140.56079334,-34.02518131,48.90
140.56081414,-34.02518138,48.91
140.56083115,-34.02518144,48.86
140.56083396,-34.02518145,48.86
140.56087631,-34.02518161,48.97
140.56090816,-34.02518172,50.12
140.56091249,-34.02518173,49.12
140.56093860,-34.02518183,49.16
140.56097098,-34.02518194,52.99
140.56097618,-34.02518196,50.00
140.56100380,-34.02518206,49.67
140.56100478,-34.02518206,49.06
140.56100997,-34.02518208,49.06
140.56105168,-34.02518223,48.93
140.56107930,-34.02518233,48.95
140.56115122,-34.02518259,49.03
140.56116736,-34.02518264,51.57
140.56117732,-34.02518268,49.01
140.56120126,-34.02518277,49.00
140.56120408,-34.02518278,53.41
140.56121263,-34.02518281,49.06
140.56126928,-34.02518301,49.09
140.56129170,-34.02518309,52.75
140.56132755,-34.02518322,49.13
140.56133568,-34.02518324,51.27
140.56133969,-34.02518326,51.37
140.56137749,-34.02518339,49.10
140.56139049,-34.02518344,49.17
140.56139937,-34.02518347,49.18
140.56143327,-34.02518359,49.19
140.56146880,-34.02518372,49.30
140.56148082,-34.02518376,49.24
140.56151245,-34.02518388,49.19
140.56153920,-34.02518397,51.12
140.56155642,-34.02518403,49.32
140.56156617,-34.02518407,50.59
140.56159347,-34.02518416,49.42
140.56161838,-34.02518425,49.36
140.56166604,-34.02518442,52.54
140.56167113,-34.02518444,49.39
140.56171229,-34.02518459,52.24
140.56171272,-34.02518459,49.44
140.56171283,-34.02518459,52.46
140.56175453,-34.02518474,49.38
140.56175789,-34.02518475,49.45
140.56180901,-34.02518493,49.46
140.56184768,-34.02518507,49.48
140.56189599,-34.02518524,52.19
140.56190087,-34.02518526,51.90
140.56193444,-34.02518538,54.40
140.56194073,-34.02518540,49.66
140.56194278,-34.02518541,49.64
140.56196369,-34.02518548,49.64
140.56198319,-34.02518555,52.86
140.56198979,-34.02518558,53.95
140.56199521,-34.02518560,53.63
140.56201590,-34.02518567,49.66
140.56207168,-34.02518587,49.68
140.56212335,-34.02518605,53.93
140.56212659,-34.02518606,54.03
140.56213840,-34.02518611,49.82
140.56215324,-34.02518616,51.99
140.56217685,-34.02518624,53.56
140.56230412,-34.02518670,50.05
140.56231528,-34.02518674,50.03
140.56237431,-34.02518695,50.02
140.56244071,-34.02518718,50.10
140.56247277,-34.02518730,50.24
140.56253917,-34.02518753,55.84
140.56255173,-34.02518758,50.30
140.56259863,-34.02518774,50.30
140.56261087,-34.02518779,50.31
140.56262733,-34.02518785,50.27
140.56263427,-34.02518787,50.31
140.56264001,-34.02518789,50.29
140.56264986,-34.02518793,50.32
140.56266860,-34.02518799,50.35
140.56269384,-34.02518808,50.32
140.56270630,-34.02518813,55.83
140.56271475,-34.02518816,50.35
140.56272157,-34.02518818,50.42
140.56275331,-34.02518829,50.49
140.56276089,-34.02518832,50.52
140.56282685,-34.02518856,50.48
140.56283844,-34.02518860,50.48
140.56284830,-34.02518863,50.62
140.56287050,-34.02518871,53.48
140.56292336,-34.02518890,56.43
140.56293094,-34.02518893,50.67
140.56299257,-34.02518914,50.71
140.56301673,-34.02518923,50.69
140.56303027,-34.02518928,50.70
140.56306298,-34.02518939,58.45
140.56310024,-34.02518953,50.77
140.56310630,-34.02518955,51.07
140.56313252,-34.02518964,50.77
140.56318147,-34.02518982,50.78
140.56320790,-34.02518991,50.78
140.56321245,-34.02518993,50.76
140.56328871,-34.02519020,54.57
140.56331145,-34.02519028,55.68
140.56332358,-34.02519032,51.03
140.56333387,-34.02519036,56.10
140.56335099,-34.02519042,50.90
140.56344988,-34.02519077,52.11
140.56349440,-34.02519093,50.82
140.56349786,-34.02519094,50.81
140.56350111,-34.02519095,50.80
140.56351162,-34.02519099,50.88
140.56351703,-34.02519101,50.90
140.56353588,-34.02519107,50.83
140.56355906,-34.02519116,50.87
140.56361051,-34.02519134,50.72
140.56361863,-34.02519137,53.96
140.56362167,-34.02519138,50.82
140.56362871,-34.02519140,50.70
140.56363217,-34.02519142,50.81
140.56363456,-34.02519142,52.84
140.56363532,-34.02519143,50.73
140.56364366,-34.02519146,50.73
140.56365698,-34.02519150,54.97
140.56366164,-34.02519152,50.74
140.56370854,-34.02519169,52.77
140.56370940,-34.02519169,53.64
140.56371200,-34.02519170,54.01
140.56374677,-34.02519182,50.48
140.56375013,-34.02519183,50.49
140.56378295,-34.02519195,54.62
140.56378306,-34.02519195,54.64
140.56380667,-34.02519203,55.35
140.56389343,-34.02519234,50.17
140.56393340,-34.02519248,50.19
140.56393621,-34.02519249,50.19
140.56394261,-34.02519252,50.24
140.56397109,-34.02519262,52.03
140.56402926,-34.02519282,53.77
140.56405688,-34.02519292,49.94
140.56407562,-34.02519299,52.97
140.56408027,-34.02519300,53.74
140.56410789,-34.02519310,49.87
140.56410822,-34.02519310,49.89
140.56420592,-34.02519345,49.75
140.56421361,-34.02519348,55.47
140.56422249,-34.02519351,49.67
140.56422563,-34.02519352,49.68
140.56432019,-34.02519385,49.53
140.56432366,-34.02519387,49.48
140.56432669,-34.02519388,49.48
140.56432983,-34.02519389,49.53
140.56434868,-34.02519396,49.49
140.56435431,-34.02519398,49.45
140.56436243,-34.02519400,54.31
140.56437511,-34.02519405,53.39
140.56441908,-34.02519421,55.04
140.56442580,-34.02519423,51.79
140.56443316,-34.02519425,49.49
140.56448212,-34.02519443,49.32
140.56451050,-34.02519453,49.29
140.56451321,-34.02519454,52.91
140.56451364,-34.02519454,49.30
140.56456195,-34.02519471,49.21
140.56465781,-34.02519505,50.06
140.56469247,-34.02519517,49.00
140.56469561,-34.02519518,48.99
140.56481292,-34.02519560,48.82
140.56483490,-34.02519568,48.75
140.56483805,-34.02519569,48.78
140.56483891,-34.02519569,48.87
140.56484108,-34.02519570,48.91
140.56487357,-34.02519581,53.24
140.56488029,-34.02519584,53.39
140.56491506,-34.02519596,48.77
140.56493358,-34.02519603,48.73
140.56493672,-34.02519604,48.74
140.56507547,-34.02519653,54.58
140.56511208,-34.02519666,48.36
140.56512281,-34.02519670,48.31
140.56512595,-34.02519671,48.34
140.56512746,-34.02519671,48.35
140.56516852,-34.02519686,48.32
140.56518617,-34.02519692,49.44
140.56532936,-34.02519743,48.11
140.56533250,-34.02519744,48.14
140.56533954,-34.02519746,49.07
140.56534453,-34.02519748,48.17
140.56535612,-34.02519752,49.60
140.56536305,-34.02519755,54.60
140.56539024,-34.02519764,54.61
140.56542934,-34.02519778,48.10
140.56548956,-34.02519799,48.07
140.56549097,-34.02519800,48.07
140.56549541,-34.02519801,50.90
140.56552108,-34.02519810,47.97
140.56556408,-34.02519826,47.86
140.56560199,-34.02519839,47.79
140.56560557,-34.02519840,47.80
140.56560936,-34.02519842,47.83
140.56561033,-34.02519842,47.79
140.56562658,-34.02519848,47.83
140.56565702,-34.02519858,47.85
140.56565962,-34.02519859,47.98
140.56567673,-34.02519865,53.75
140.56568496,-34.02519868,47.84
140.56569666,-34.02519872,51.88
140.56571388,-34.02519878,53.05
140.56571616,-34.02519879,50.39
140.56571789,-34.02519880,51.81
140.56574453,-34.02519889,47.76
140.56578862,-34.02519905,47.63
140.56579209,-34.02519906,47.65
140.56579555,-34.02519907,47.65
140.56579869,-34.02519908,47.75
140.56581819,-34.02519915,51.85
140.56588372,-34.02519938,47.63
140.56589943,-34.02519944,55.85
140.56590462,-34.02519946,54.65
140.56590571,-34.02519946,47.60
140.56590885,-34.02519947,52.29
140.56595857,-34.02519965,54.17
140.56597026,-34.02519969,47.56
140.56599680,-34.02519978,47.61
140.56600124,-34.02519980,52.54
140.56602204,-34.02519987,50.76
140.56605681,-34.02520000,47.39
140.56606699,-34.02520003,47.36
140.56607186,-34.02520005,47.32
140.56610793,-34.02520018,56.39
140.56612450,-34.02520023,53.16
140.56615386,-34.02520034,47.32
140.56621744,-34.02520056,47.23
140.56622025,-34.02520057,47.24
140.56623152,-34.02520061,47.24
140.56627170,-34.02520075,47.20
140.56630604,-34.02520087,47.23
140.56642010,-34.02520128,51.32
140.56646624,-34.02520144,47.37
140.56648693,-34.02520151,47.37
140.56649418,-34.02520154,47.39
140.56654531,-34.02520172,47.54
140.56654942,-34.02520173,47.49
140.56660098,-34.02520191,47.48
140.56663380,-34.02520203,47.53
140.56665991,-34.02520212,47.59
140.56667431,-34.02520217,47.57
140.56670139,-34.02520227,47.54
140.56672750,-34.02520236,47.56
140.56675317,-34.02520245,48.48
140.56675923,-34.02520247,47.93
140.56679194,-34.02520259,47.62
140.56682606,-34.02520271,47.59
140.56683852,-34.02520275,47.57
140.56688065,-34.02520290,47.60
140.56693124,-34.02520308,47.58
140.56693968,-34.02520311,52.92
140.56695550,-34.02520316,47.63
140.56698583,-34.02520327,53.76
140.56701193,-34.02520336,47.90
140.56702081,-34.02520339,50.30
140.56703576,-34.02520345,49.82
140.56716899,-34.02520391,47.61
140.56719628,-34.02520401,47.61
140.56722834,-34.02520412,47.70
140.56724123,-34.02520417,47.73
140.56724979,-34.02520420,51.08
140.56729312,-34.02520435,50.28
140.56730373,-34.02520439,47.70
140.56730406,-34.02520439,47.76
140.56735031,-34.02520455,47.73
140.56735323,-34.02520456,47.78
140.56735995,-34.02520459,47.69
140.56740186,-34.02520473,47.73
140.56742970,-34.02520483,47.78
140.56746545,-34.02520496,47.79
140.56749599,-34.02520507,47.86
140.56752816,-34.02520518,55.61
140.56753921,-34.02520522,50.01
140.56762142,-34.02520551,47.91
140.56765651,-34.02520563,56.12
140.56769247,-34.02520576,48.03
140.56769453,-34.02520576,55.50
140.56770861,-34.02520581,53.13
140.56777371,-34.02520604,48.11
140.56779927,-34.02520613,53.14
140.56782744,-34.02520623,48.10
140.56784986,-34.02520631,48.13
140.56786643,-34.02520637,48.15
140.56787867,-34.02520641,48.18
140.56788365,-34.02520643,52.66
140.56789600,-34.02520647,52.69
140.56790185,-34.02520649,48.18
140.56790802,-34.02520651,51.39
140.56791322,-34.02520653,48.21
140.56792124,-34.02520656,48.20
140.56793976,-34.02520662,48.24
140.56799857,-34.02520683,48.27
140.56802381,-34.02520692,48.28
140.56805511,-34.02520703,48.34
140.56807169,-34.02520709,50.34
140.56807234,-34.02520709,48.41
140.56810169,-34.02520719,50.04
140.56812833,-34.02520729,48.50
140.56816148,-34.02520740,48.53
140.56816419,-34.02520741,53.82
140.56816689,-34.02520742,48.47
140.56819300,-34.02520751,53.16
140.56819506,-34.02520752,53.09
140.56819896,-34.02520754,53.15
140.56821748,-34.02520760,53.90
140.56822235,-34.02520762,53.82
140.56824586,-34.02520770,48.63
140.56832005,-34.02520796,48.89
140.56832828,-34.02520799,53.52
140.56833045,-34.02520800,48.73
140.56834843,-34.02520806,48.76
140.56841743,-34.02520830,52.60
140.56845523,-34.02520843,48.84
140.56846682,-34.02520848,48.87
140.56848014,-34.02520852,50.05
140.56849271,-34.02520857,49.01
140.56850809,-34.02520862,53.28
140.56853722,-34.02520872,48.93
140.56861185,-34.02520898,49.01
140.56864576,-34.02520910,49.05
140.56867446,-34.02520920,49.08
140.56871508,-34.02520935,49.04
140.56873934,-34.02520943,49.12
140.56875537,-34.02520949,49.13
140.56876133,-34.02520951,49.15
140.56882892,-34.02520975,49.24
140.56891828,-34.02521006,49.39
140.56906353,-34.02521057,49.54
140.56906775,-34.02521058,50.23
140.56909635,-34.02521068,54.48
140.56910306,-34.02521071,54.55
140.56919600,-34.02521103,49.58
140.56938901,-34.02521171,54.32
140.56939378,-34.02521172,51.35
140.56942649,-34.02521184,49.75
140.56944274,-34.02521190,52.27
140.56945227,-34.02521193,53.55
140.56946538,-34.02521198,49.75
140.56951693,-34.02521216,49.81
140.56955105,-34.02521228,49.83
140.56959026,-34.02521241,49.91
140.56961691,-34.02521251,53.87
140.56964908,-34.02521262,49.93
140.56968656,-34.02521275,49.91
140.56975934,-34.02521300,50.01
140.56982423,-34.02521323,50.02
140.56984242,-34.02521330,50.09
140.56984394,-34.02521330,50.08
140.56984448,-34.02521330,50.11
140.56995052,-34.02521367,50.22
140.56997273,-34.02521375,50.22
140.56999894,-34.02521384,50.24
140.57000338,-34.02521386,50.32
140.57001367,-34.02521389,54.25
140.57001594,-34.02521390,50.36
140.57004161,-34.02521399,52.82
140.57007508,-34.02521411,53.62
140.57013141,-34.02521431,50.25
140.57014072,-34.02521434,50.26
140.57016163,-34.02521441,50.27
140.57016401,-34.02521442,52.70
140.57018134,-34.02521448,50.29
140.57021449,-34.02521460,50.39
140.57022737,-34.02521464,50.39
140.57025185,-34.02521473,50.41
140.57025586,-34.02521474,54.38
140.57026442,-34.02521477,50.47
140.57030081,-34.02521490,50.57
140.57033179,-34.02521501,50.56
140.57033905,-34.02521503,50.63
140.57035096,-34.02521507,53.89
140.57038725,-34.02521520,53.58
140.57038757,-34.02521520,50.67
140.57041129,-34.02521528,50.76
140.57045982,-34.02521545,50.67
140.57051636,-34.02521565,50.82
140.57052914,-34.02521570,50.76
140.57053737,-34.02521572,50.78
140.57054734,-34.02521576,55.33
140.57058536,-34.02521589,50.99
140.57064525,-34.02521610,50.86
140.57064731,-34.02521611,50.84
140.57079570,-34.02521663,51.04
140.57084596,-34.02521680,54.42
140.57088571,-34.02521694,51.26
140.57088636,-34.02521694,53.29
140.57089048,-34.02521696,53.51
140.57090564,-34.02521701,51.30
140.57105815,-34.02521754,54.50
140.57106043,-34.02521755,54.45
140.57113896,-34.02521782,51.41
140.57120026,-34.02521804,51.57
140.57120459,-34.02521805,55.02
140.57121445,-34.02521809,55.35
140.57128388,-34.02521833,51.87
140.57140162,-34.02521874,52.83
140.57141754,-34.02521879,51.84
140.57148946,-34.02521905,52.11
140.57150896,-34.02521911,51.98
140.57156702,-34.02521932,51.97
140.57159518,-34.02521941,52.00
140.57161511,-34.02521948,52.82
140.57170382,-34.02521979,55.82
140.57170978,-34.02521981,52.39
140.57173501,-34.02521990,52.27
140.57174780,-34.02521995,52.32
140.57179729,-34.02522012,52.26
140.57180325,-34.02522014,52.29
140.57180509,-34.02522014,52.36
140.57181008,-34.02522016,55.56
140.57181127,-34.02522017,56.34
140.57181246,-34.02522017,56.26
140.57183867,-34.02522026,52.35
140.57185968,-34.02522033,52.36
140.57186250,-34.02522034,56.09
140.57191698,-34.02522053,52.25
140.57192825,-34.02522057,55.43
140.57194244,-34.02522062,55.45
140.57199746,-34.02522081,52.38
140.57202812,-34.02522092,55.20
140.57203050,-34.02522093,52.39
140.57203180,-34.02522093,55.59
140.57203191,-34.02522093,55.48
140.57210697,-34.02522120,52.48
140.57218441,-34.02522146,54.96
140.57218680,-34.02522147,52.51
140.57218777,-34.02522148,55.42
140.57218907,-34.02522148,52.60
140.57220922,-34.02522155,52.49
140.57223706,-34.02522165,55.55
140.57226002,-34.02522173,52.78
140.57226955,-34.02522176,52.67
140.57228536,-34.02522182,52.59
140.57229739,-34.02522186,52.50
140.57234245,-34.02522201,52.53
140.57237787,-34.02522214,52.45
140.57243202,-34.02522233,52.53
140.57246983,-34.02522246,52.54
140.57261789,-34.02522297,52.82
140.57268223,-34.02522320,52.64
140.57269339,-34.02522323,53.92
140.57278156,-34.02522354,54.29
140.57283171,-34.02522371,52.66
140.57284460,-34.02522376,52.71
140.57287709,-34.02522387,52.74
140.57299050,-34.02522427,52.80
140.57304552,-34.02522446,54.71
140.57305678,-34.02522450,52.88
140.57307238,-34.02522455,52.84
140.57338671,-34.02522564,55.14
140.57341585,-34.02522574,52.79
140.57357367,-34.02522629,53.13
140.57364764,-34.02522655,52.74
140.57365122,-34.02522656,52.76
140.57370624,-34.02522675,52.79
140.57374968,-34.02522690,52.73
140.57375238,-34.02522691,52.72
140.57375520,-34.02522692,52.75
140.57376073,-34.02522694,52.79
140.57376614,-34.02522696,52.74
140.57376885,-34.02522697,52.72
140.57380459,-34.02522709,52.76
140.57380741,-34.02522710,52.78
140.57381283,-34.02522712,52.77
140.57381348,-34.02522712,53.71
140.57381553,-34.02522713,52.78
140.57381835,-34.02522714,52.77
140.57390608,-34.02522744,52.97
140.57391150,-34.02522746,52.96
140.57393392,-34.02522754,52.71
140.57397162,-34.02522767,52.95
140.57397443,-34.02522768,52.96
140.57398017,-34.02522770,52.60
140.57399512,-34.02522775,52.62
140.57403422,-34.02522789,52.58
140.57404993,-34.02522794,52.57
140.57405751,-34.02522797,52.58
140.57410885,-34.02522814,52.60
140.57417037,-34.02522836,52.61
140.57428822,-34.02522877,53.38
140.57432906,-34.02522891,52.71
140.57438961,-34.02522912,52.52
140.57444268,-34.02522930,54.95
140.57446001,-34.02522936,52.55
140.57446283,-34.02522937,52.52
140.57446391,-34.02522937,55.47
140.57447691,-34.02522942,55.06
140.57453670,-34.02522963,53.66
140.57454959,-34.02522967,53.55
140.57455175,-34.02522968,52.55
140.57455912,-34.02522970,53.70
140.57456183,-34.02522971,53.69
140.57464924,-34.02523001,52.44
140.57468032,-34.02523012,52.64
140.57477033,-34.02523043,52.32
140.57482871,-34.02523064,52.38
140.57485449,-34.02523072,53.66
140.57486749,-34.02523077,54.36
140.57493259,-34.02523099,52.46
140.57495339,-34.02523107,52.46
140.57496346,-34.02523110,52.44
140.57498523,-34.02523118,52.40
140.57501762,-34.02523129,52.42
140.57506224,-34.02523144,52.57
140.57509896,-34.02523157,52.51
140.57513990,-34.02523171,52.56
140.57514240,-34.02523172,52.52
140.57517879,-34.02523185,52.44
140.57517901,-34.02523185,52.44
140.57519666,-34.02523191,52.45
140.57522699,-34.02523201,54.00
140.57528992,-34.02523223,52.45
140.57534560,-34.02523242,52.47
140.57535231,-34.02523244,52.42
140.57540181,-34.02523262,52.37
140.57542521,-34.02523270,53.86
140.57542597,-34.02523270,52.43
140.57544806,-34.02523278,52.84
140.57547936,-34.02523288,52.45
140.57554825,-34.02523312,52.45
140.57555995,-34.02523316,52.51
140.57556363,-34.02523317,52.53
140.57557057,-34.02523320,52.53
140.57557836,-34.02523323,52.52
140.57561703,-34.02523336,52.62
140.57563415,-34.02523342,52.53
140.57570098,-34.02523365,52.45
140.57570683,-34.02523367,52.46
140.57574138,-34.02523379,52.60
140.57575828,-34.02523385,52.68
140.57576055,-34.02523385,55.18
140.57576759,-34.02523388,52.70
140.57579185,-34.02523396,55.21
140.57579435,-34.02523397,52.82
140.57580897,-34.02523402,52.79
140.57583583,-34.02523411,52.75
140.57586648,-34.02523422,52.86
140.57587038,-34.02523423,53.83
140.57591024,-34.02523437,52.75
140.57591230,-34.02523438,52.79
140.57598249,-34.02523462,52.76
140.57599310,-34.02523466,52.80
140.57601173,-34.02523472,52.90
140.57605658,-34.02523487,52.88
140.57605928,-34.02523488,52.93
140.57608095,-34.02523496,52.96
140.57608431,-34.02523497,55.64
140.57608810,-34.02523498,52.92
140.57609969,-34.02523502,53.02
140.57610337,-34.02523504,52.98
140.57610803,-34.02523505,55.64
140.57614529,-34.02523518,53.00
140.57618851,-34.02523533,52.90
140.57619305,-34.02523535,53.03
140.57619771,-34.02523536,53.13
140.57621699,-34.02523543,52.98
140.57626151,-34.02523558,53.00
140.57632022,-34.02523578,53.08
140.57632173,-34.02523579,53.05
140.57632585,-34.02523580,53.28
140.57632661,-34.02523581,53.28
140.57633408,-34.02523583,53.05
140.57642745,-34.02523615,53.10
140.57648107,-34.02523634,53.21
140.57648334,-34.02523635,54.55
140.57651713,-34.02523646,53.34
140.57653327,-34.02523652,53.37
140.57653533,-34.02523652,53.39
140.57653782,-34.02523653,53.37
140.57653945,-34.02523654,53.35
140.57654464,-34.02523656,54.48
140.57656393,-34.02523662,56.21
140.57658071,-34.02523668,56.66
140.57660530,-34.02523677,55.13
140.57660574,-34.02523677,53.36
140.57660898,-34.02523678,54.76
140.57664559,-34.02523690,53.31
140.57665274,-34.02523693,53.25
140.57665664,-34.02523694,53.25
140.57668881,-34.02523705,53.26
140.57672792,-34.02523719,53.58
140.57681121,-34.02523747,53.37
140.57683082,-34.02523754,53.26
140.57685800,-34.02523763,53.36
140.57686201,-34.02523765,53.43
140.57693036,-34.02523788,56.44
140.57700304,-34.02523813,53.72
140.57701181,-34.02523816,56.16
140.57701376,-34.02523817,55.07
140.57704788,-34.02523829,53.81
140.57707691,-34.02523839,53.88
140.57712132,-34.02523854,53.86
140.57716908,-34.02523870,53.84
140.57717786,-34.02523873,53.84
140.57719205,-34.02523878,53.87
140.57720277,-34.02523882,53.93
140.57721479,-34.02523886,53.96
140.57729007,-34.02523912,54.12
140.57730913,-34.02523919,54.17
140.57736752,-34.02523939,55.69
140.57740554,-34.02523952,54.23
140.57749371,-34.02523982,54.35
140.57757483,-34.02524010,54.43
140.57758772,-34.02524014,54.48
140.57765282,-34.02524037,54.53
140.57765618,-34.02524038,54.52
140.57779168,-34.02524084,54.62
140.57779515,-34.02524086,54.64
140.57794690,-34.02524138,54.60
140.57799455,-34.02524154,54.54
140.57799791,-34.02524155,54.57
140.57800084,-34.02524156,54.57
140.57804687,-34.02524172,54.67
140.57818151,-34.02524218,54.95
140.57822408,-34.02524233,54.82
140.57827737,-34.02524251,54.86
140.57834582,-34.02524275,54.84
140.57841330,-34.02524298,55.03
140.57851588,-34.02524333,54.99
140.57857318,-34.02524352,54.96
140.57858866,-34.02524358,54.95
140.57861044,-34.02524365,54.94
140.57861390,-34.02524366,55.00
140.57864521,-34.02524377,54.96
140.57866048,-34.02524382,54.97
140.57869633,-34.02524395,55.03
140.57885718,-34.02524450,55.16
140.57889314,-34.02524462,55.18
140.57892856,-34.02524474,55.20
140.57894632,-34.02524480,55.95
140.57895575,-34.02524483,56.61
140.57897275,-34.02524489,56.64
140.57899236,-34.02524496,55.22
140.57904521,-34.02524514,55.24
140.57911204,-34.02524537,55.19
140.57912493,-34.02524541,55.28
140.57916663,-34.02524556,55.32
140.57919805,-34.02524566,55.18
140.57924224,-34.02524582,55.15
140.57928578,-34.02524596,55.14
140.57929228,-34.02524599,55.12
140.57936215,-34.02524623,55.79
140.57937373,-34.02524627,55.09
140.57943645,-34.02524648,55.08
140.57949743,-34.02524669,55.13
140.57952007,-34.02524677,56.07
140.57953448,-34.02524682,55.07
140.57964160,-34.02524718,54.95
140.57969142,-34.02524735,54.89
140.57971276,-34.02524742,54.82
140.57974482,-34.02524753,54.67
140.57981739,-34.02524778,54.80
140.57984512,-34.02524788,54.74
140.57987675,-34.02524798,54.70
140.57993979,-34.02524820,54.45
140.57997250,-34.02524831,54.36
140.58003348,-34.02524852,54.33
140.58010822,-34.02524878,57.96
140.58014656,-34.02524891,54.15
140.58019671,-34.02524908,54.17
140.58026972,-34.02524933,55.93
140.58029593,-34.02524942,53.87
140.58030232,-34.02524944,55.10
140.58036612,-34.02524966,53.86
140.58042689,-34.02524986,53.90
140.58042797,-34.02524987,56.01
140.58044032,-34.02524991,55.23
140.58046544,-34.02524999,53.76
140.58049870,-34.02525011,55.11
140.58051440,-34.02525016,53.87
140.58051462,-34.02525016,54.10
140.58054722,-34.02525027,53.65
140.58056683,-34.02525034,53.69
140.58058069,-34.02525039,53.64
140.58059423,-34.02525043,53.65
140.58060355,-34.02525047,53.57
140.58062521,-34.02525054,53.53
140.58065792,-34.02525065,53.54
140.58069572,-34.02525078,53.51
140.58073136,-34.02525090,53.56
140.58073591,-34.02525092,55.11
140.58074782,-34.02525096,53.37
140.58075833,-34.02525099,53.37
140.58077707,-34.02525106,53.34
140.58080447,-34.02525115,53.38
140.58095720,-34.02525167,52.98
140.58096272,-34.02525169,54.04
140.58099749,-34.02525181,52.97
140.58103042,-34.02525192,52.84
140.58104927,-34.02525198,52.82
140.58108198,-34.02525210,52.79
140.58108209,-34.02525210,52.76
140.58112108,-34.02525223,52.66
140.58112270,-34.02525224,52.72
140.58120481,-34.02525251,52.57
140.58120957,-34.02525253,52.50
140.58122138,-34.02525257,52.49
140.58124174,-34.02525264,52.54
140.58125127,-34.02525267,52.41
140.58129167,-34.02525281,54.24
140.58131063,-34.02525288,54.47
140.58132287,-34.02525292,53.62
140.58132460,-34.02525292,53.34
140.58137789,-34.02525310,52.16
140.58144180,-34.02525332,52.83
140.58145317,-34.02525336,51.99
140.58149238,-34.02525349,52.00
140.58149607,-34.02525351,51.99
140.58154210,-34.02525366,51.78
140.58156874,-34.02525375,51.92
140.58157037,-34.02525376,53.25
140.58157817,-34.02525379,51.75
140.58159528,-34.02525384,51.70
140.58161218,-34.02525390,51.70
140.58162160,-34.02525393,51.58
140.58168919,-34.02525416,51.45
140.58169526,-34.02525418,51.46
140.58172450,-34.02525428,51.40
140.58175570,-34.02525439,51.43
140.58176761,-34.02525443,51.75
140.58177216,-34.02525445,51.48
140.58178191,-34.02525448,51.31
140.58182231,-34.02525462,54.50
140.58186640,-34.02525477,51.23
140.58187192,-34.02525478,54.17
140.58188059,-34.02525481,51.10
140.58190539,-34.02525490,50.94
140.58195327,-34.02525506,50.97
140.58204414,-34.02525537,50.78
140.58205465,-34.02525541,50.79
140.58205541,-34.02525541,52.39
140.58210935,-34.02525559,50.59
140.58211401,-34.02525561,52.48
140.58211476,-34.02525561,52.01
140.58211942,-34.02525563,50.75
140.58211985,-34.02525563,52.39
140.58213491,-34.02525568,50.52
140.58214791,-34.02525572,50.54
140.58218647,-34.02525585,50.51
140.58225243,-34.02525608,50.71
140.58225720,-34.02525609,50.41
140.58232295,-34.02525632,52.11
140.58238588,-34.02525653,50.19
140.58239238,-34.02525655,51.64
140.58241859,-34.02525664,49.93
140.58255918,-34.02525712,49.74
140.58260597,-34.02525728,52.81
140.58268125,-34.02525753,49.43
140.58272349,-34.02525768,49.49
140.58275848,-34.02525780,49.41
140.58277386,-34.02525785,49.36
140.58280939,-34.02525797,49.20
140.58283192,-34.02525805,49.41
140.58286452,-34.02525816,49.17
140.58289604,-34.02525826,51.16
140.58290005,-34.02525828,49.14
140.58290612,-34.02525830,49.07
140.58291749,-34.02525834,49.05
140.58297046,-34.02525852,50.12
140.58298064,-34.02525855,50.74
140.58299764,-34.02525861,51.83
140.58300003,-34.02525862,51.60
140.58301757,-34.02525867,48.91
140.58304140,-34.02525876,49.04
140.58305234,-34.02525879,48.86
140.58314062,-34.02525909,48.76
140.58314387,-34.02525910,48.91
140.58316477,-34.02525917,48.75
140.58318958,-34.02525926,48.64
140.58319694,-34.02525928,48.60
140.58325554,-34.02525948,48.58
140.58326020,-34.02525950,48.56
140.58328024,-34.02525957,48.48
140.58328359,-34.02525958,49.95
140.58332259,-34.02525971,48.34
140.58343112,-34.02526008,52.17
140.58346459,-34.02526019,48.33
140.58347510,-34.02526023,48.33
140.58358504,-34.02526060,48.22
140.58362804,-34.02526074,48.05
140.58366985,-34.02526088,48.84
140.58369584,-34.02526097,47.99
140.58376722,-34.02526121,47.97
140.58383405,-34.02526144,47.97
140.58387500,-34.02526158,47.98
140.58391226,-34.02526171,51.10
140.58392482,-34.02526175,51.44
140.58394995,-34.02526183,47.94
140.58401126,-34.02526204,52.66
140.58402003,-34.02526207,48.07
140.58409694,-34.02526233,47.80
140.58412098,-34.02526241,47.83
140.58419875,-34.02526267,47.88
140.58421468,-34.02526273,51.13
140.58422334,-34.02526276,47.74
140.58422670,-34.02526277,47.72
140.58424067,-34.02526282,47.63
140.58426688,-34.02526290,47.62
140.58430458,-34.02526303,47.61
140.58436567,-34.02526324,47.66
140.58437249,-34.02526326,47.63
140.58437314,-34.02526326,47.60
140.58442058,-34.02526342,52.94
140.58444387,-34.02526350,47.48
140.58449770,-34.02526368,47.35
140.58454070,-34.02526383,47.36
140.58460883,-34.02526406,47.30
140.58467188,-34.02526427,47.26
140.58475636,-34.02526456,47.18
140.58476416,-34.02526458,47.21
140.58478972,-34.02526467,47.18
140.58482417,-34.02526479,47.15
140.58489381,-34.02526502,47.14
140.58493194,-34.02526515,47.10
140.58493681,-34.02526517,47.11
140.58499336,-34.02526536,47.03
140.58503538,-34.02526550,47.01
140.58517402,-34.02526597,50.33
140.58520836,-34.02526608,46.87
140.58521172,-34.02526610,46.90
140.58521497,-34.02526611,46.89
140.58521822,-34.02526612,46.87
140.58522147,-34.02526613,46.87
140.58552280,-34.02526714,46.70
140.58572557,-34.02526783,46.86
140.58575611,-34.02526793,50.88
140.58576608,-34.02526796,46.82
140.58576922,-34.02526797,46.83
140.58577236,-34.02526798,46.85
140.58577528,-34.02526799,48.42
140.58577539,-34.02526800,46.83
140.58577853,-34.02526801,46.81
140.58578168,-34.02526802,46.84
140.58578482,-34.02526803,46.85
140.58578709,-34.02526803,46.87
140.58579857,-34.02526807,50.88
140.58585815,-34.02526827,46.67
140.58599040,-34.02526872,46.67
140.58600015,-34.02526875,50.46
140.58603730,-34.02526888,46.67
140.58628859,-34.02526972,46.43
140.58630072,-34.02526976,46.49
140.58637156,-34.02527000,46.58
140.58647890,-34.02527036,46.66
140.58648064,-34.02527037,46.70
140.58650512,-34.02527045,46.69
140.58650826,-34.02527046,46.71
140.58651140,-34.02527047,46.70
140.58651454,-34.02527048,46.69
140.58651768,-34.02527049,46.73
140.58652082,-34.02527050,46.71
140.58654963,-34.02527060,46.71
140.58656609,-34.02527066,46.77
140.58661538,-34.02527082,46.79
140.58675586,-34.02527129,54.38
140.58679410,-34.02527142,47.09
140.58680504,-34.02527146,53.23
140.58683959,-34.02527158,47.02
140.58684089,-34.02527158,47.02
140.58689538,-34.02527176,47.03
140.58689700,-34.02527177,47.08
140.58693383,-34.02527189,47.11
140.58711731,-34.02527251,47.31
140.58713053,-34.02527255,47.32
140.58713324,-34.02527256,47.29
140.58714862,-34.02527261,47.34
140.58717310,-34.02527270,47.33
140.58720830,-34.02527281,47.40
140.58721144,-34.02527282,47.41
140.58724892,-34.02527295,47.46
140.58726863,-34.02527302,47.54
140.58727654,-34.02527304,47.53
140.58730611,-34.02527314,51.26
140.58731304,-34.02527316,51.24
140.58731618,-34.02527318,51.34
140.58732950,-34.02527322,47.58
140.58736590,-34.02527334,47.58
140.58739049,-34.02527342,47.68
140.58739958,-34.02527346,47.70
140.58743630,-34.02527358,47.69
140.58746284,-34.02527367,47.72
140.58751895,-34.02527386,48.05
140.58753194,-34.02527390,48.97
140.58753964,-34.02527392,48.11
140.58754397,-34.02527394,48.13
140.58755274,-34.02527397,47.83
140.58756487,-34.02527401,48.31
140.58758491,-34.02527408,47.85
140.58759217,-34.02527410,47.86
140.58764275,-34.02527427,47.92
140.58769864,-34.02527446,47.95
140.58773070,-34.02527457,47.99
140.58775898,-34.02527466,47.98
140.58777750,-34.02527472,48.04
140.58782559,-34.02527488,48.13
140.58782635,-34.02527489,48.10
140.58788885,-34.02527510,48.22
140.58791278,-34.02527518,48.24
140.58791582,-34.02527519,48.21
140.58795113,-34.02527530,48.44
140.58799954,-34.02527547,50.93
140.58800626,-34.02527549,48.39
140.58800962,-34.02527550,48.39
140.58803150,-34.02527557,48.62
140.58805901,-34.02527567,48.47
140.58806042,-34.02527567,48.46
140.58806768,-34.02527569,48.49
140.58807471,-34.02527572,48.50
140.58808598,-34.02527576,48.55
140.58818400,-34.02527608,48.64
140.58818563,-34.02527609,48.62
140.58818866,-34.02527610,48.77
140.58818910,-34.02527610,48.93
140.58822473,-34.02527622,48.78
140.58823589,-34.02527626,48.71
140.58826351,-34.02527635,48.76
140.58830077,-34.02527648,48.88
140.58834539,-34.02527662,52.39
140.58837572,-34.02527673,49.13
140.58838450,-34.02527676,49.15
140.58839165,-34.02527678,49.13
140.58843952,-34.02527694,49.11
140.58848285,-34.02527708,51.81
140.58850299,-34.02527715,49.27
140.58850548,-34.02527716,52.01
140.58859604,-34.02527746,49.38
140.58860059,-34.02527748,51.62
140.58861618,-34.02527753,50.63
140.58862171,-34.02527755,49.41
140.58862669,-34.02527757,53.01
140.58863124,-34.02527758,52.91
140.58863720,-34.02527760,50.81
140.58864164,-34.02527762,50.70
140.58864348,-34.02527762,49.46
140.58866569,-34.02527770,49.40
140.58867218,-34.02527772,52.06
140.58868886,-34.02527777,50.83
140.58869449,-34.02527779,51.21
140.58869764,-34.02527780,52.99
140.58873457,-34.02527793,49.57
140.58874324,-34.02527796,49.56
140.58878494,-34.02527810,49.66
140.58881711,-34.02527820,49.70
140.58887072,-34.02527838,53.67
140.58892911,-34.02527858,49.89
140.58893387,-34.02527859,49.92
140.58895315,-34.02527866,49.93
140.58899572,-34.02527880,52.62
140.58905529,-34.02527900,50.07
140.58906364,-34.02527903,50.12
140.58908107,-34.02527909,53.67
140.58908356,-34.02527909,50.31
140.58910588,-34.02527917,50.26
140.58915516,-34.02527933,50.52
140.58921398,-34.02527953,50.40
140.58921495,-34.02527953,53.73
140.58923196,-34.02527959,50.43
140.58926099,-34.02527969,53.90
140.58928232,-34.02527976,52.28
140.58928590,-34.02527977,50.56
140.58932511,-34.02527990,50.65
140.58937981,-34.02528008,54.35
140.58938392,-34.02528010,50.83
140.58940039,-34.02528015,53.91
140.58945487,-34.02528033,50.92
140.58946007,-34.02528035,50.97
140.58950220,-34.02528049,51.12
140.58952549,-34.02528057,51.17
140.58953340,-34.02528060,51.14
140.58957759,-34.02528074,54.04
140.58958951,-34.02528078,51.31
140.58960402,-34.02528083,51.29
140.58962980,-34.02528092,53.83
140.58963348,-34.02528093,51.43
140.58967421,-34.02528107,51.52
140.58971234,-34.02528119,51.55
140.58973801,-34.02528128,51.62
140.58976260,-34.02528136,51.73
140.58978437,-34.02528143,51.70
140.58981253,-34.02528153,51.85
140.58983484,-34.02528160,54.90
140.58986972,-34.02528172,51.93
140.58989106,-34.02528179,53.52
140.58994576,-34.02528197,52.10
140.58999006,-34.02528212,52.22
140.58999320,-34.02528213,52.20
140.59000490,-34.02528217,56.79
140.59001335,-34.02528220,52.29
140.59002450,-34.02528223,53.47
140.59006296,-34.02528236,56.26
140.59010000,-34.02528249,52.40
140.59011148,-34.02528252,52.40
140.59013780,-34.02528261,55.20
140.59015264,-34.02528266,54.36
140.59015600,-34.02528267,52.59
140.59019629,-34.02528281,52.63
140.59021005,-34.02528285,52.64
140.59026724,-34.02528304,52.79
140.59028099,-34.02528309,52.93
140.59032648,-34.02528324,53.02
140.59034858,-34.02528331,52.94
140.59041000,-34.02528352,53.13
140.59041693,-34.02528354,53.11
140.59044011,-34.02528362,55.11
140.59044823,-34.02528365,53.37
140.59046145,-34.02528369,53.31
140.59046459,-34.02528370,53.23
140.59052676,-34.02528391,57.20
140.59056424,-34.02528403,56.91
140.59056965,-34.02528405,53.43
140.59057756,-34.02528408,53.41
140.59061666,-34.02528421,53.46
140.59065436,-34.02528433,57.29
140.59066671,-34.02528437,53.54
140.59067266,-34.02528439,57.19
140.59067309,-34.02528439,53.55
140.59068057,-34.02528442,56.68
140.59069649,-34.02528447,53.58
140.59072530,-34.02528457,53.65
140.59074188,-34.02528462,53.61
140.59076484,-34.02528470,53.70
140.59079322,-34.02528479,53.73
140.59081380,-34.02528486,53.69
140.59085268,-34.02528499,53.68
140.59088702,-34.02528511,53.77
140.59093045,-34.02528525,54.12
140.59095558,-34.02528533,53.93
140.59096696,-34.02528537,53.87
140.59097302,-34.02528539,55.55
140.59098071,-34.02528542,53.90
140.59104191,-34.02528562,53.93
140.59106097,-34.02528569,53.92
140.59112250,-34.02528589,56.24
140.59113983,-34.02528595,54.34
140.59115402,-34.02528599,54.05
140.59115705,-34.02528600,54.11
140.59116994,-34.02528605,54.13
140.59121132,-34.02528618,54.28
140.59123417,-34.02528626,59.27
140.59123688,-34.02528627,59.12
140.59128865,-34.02528644,54.30
140.59129461,-34.02528646,54.53
140.59130782,-34.02528651,54.38
140.59131205,-34.02528652,56.39
140.59131422,-34.02528653,55.57
140.59133913,-34.02528661,54.50
140.59135169,-34.02528665,54.35
140.59135505,-34.02528666,54.33
140.59138570,-34.02528676,54.50
140.59138581,-34.02528676,54.46
140.59142979,-34.02528691,54.44
140.59143098,-34.02528691,54.49
140.59143867,-34.02528694,54.52
140.59148763,-34.02528710,54.56
140.59154417,-34.02528729,58.25
140.59156518,-34.02528736,58.56
140.59156887,-34.02528737,54.70
140.59157677,-34.02528740,56.49
140.59161338,-34.02528752,54.64
140.59165032,-34.02528764,54.70
140.59165996,-34.02528768,54.67
140.59169852,-34.02528780,54.69
140.59170957,-34.02528784,57.53
140.59178301,-34.02528808,54.72
140.59179546,-34.02528813,54.74
140.59181972,-34.02528821,54.80
140.59183164,-34.02528825,54.77
140.59192609,-34.02528856,56.29
140.59197678,-34.02528873,54.80
140.59205120,-34.02528897,54.79
140.59209149,-34.02528911,54.67
140.59212008,-34.02528920,54.60
140.59215085,-34.02528930,57.25
140.59217164,-34.02528937,55.74
140.59220988,-34.02528950,56.87
140.59221291,-34.02528951,56.39
140.59223825,-34.02528959,56.76
140.59224779,-34.02528963,54.43
140.59225884,-34.02528966,54.42
140.59228429,-34.02528975,54.45
140.59233715,-34.02528992,54.40
140.59244568,-34.02529028,54.21
140.59247958,-34.02529039,54.39
140.59252843,-34.02529056,54.20
140.59254024,-34.02529060,54.22
140.59256342,-34.02529067,55.92
140.59257924,-34.02529072,54.11
140.59258248,-34.02529074,54.12
140.59258551,-34.02529075,54.18
140.59259169,-34.02529077,54.20
140.59259451,-34.02529078,54.22
140.59259483,-34.02529078,54.25
140.59264693,-34.02529095,57.18
140.59265852,-34.02529099,57.23
140.59266968,-34.02529102,54.05
140.59267271,-34.02529103,54.08
140.59269546,-34.02529111,54.04
140.59271127,-34.02529116,58.06
140.59276239,-34.02529133,53.92
140.59276575,-34.02529134,54.08
140.59279673,-34.02529144,53.81
140.59280605,-34.02529148,53.96
140.59280897,-34.02529149,54.05
140.59281450,-34.02529150,54.09
140.59285294,-34.02529163,53.80
140.59287689,-34.02529171,53.81
140.59290537,-34.02529180,57.56
140.59293570,-34.02529191,53.69
140.59293884,-34.02529192,53.68
140.59294848,-34.02529195,54.54
140.59306297,-34.02529233,53.60
140.59306925,-34.02529235,53.57
140.59308214,-34.02529239,53.57
140.59313099,-34.02529255,53.61
140.59314843,-34.02529261,53.51
140.59316674,-34.02529267,53.55
140.59321494,-34.02529283,53.54
140.59321743,-34.02529284,53.56
140.59322794,-34.02529287,53.53
140.59326476,-34.02529299,53.59
140.59331037,-34.02529314,53.68
140.59331437,-34.02529316,53.95
140.59333517,-34.02529323,55.52
140.59333571,-34.02529323,55.30
140.59337785,-34.02529337,53.57
140.59338543,-34.02529339,55.04
140.59340677,-34.02529346,56.37
140.59342659,-34.02529353,58.04
140.59343644,-34.02529356,53.56
140.59343969,-34.02529357,53.55
140.59344597,-34.02529359,53.51
140.59345323,-34.02529362,53.57
140.59347706,-34.02529370,53.74
140.59354627,-34.02529392,53.64
140.59357151,-34.02529401,53.98
140.59361885,-34.02529416,53.61
140.59364528,-34.02529425,56.34
140.59366759,-34.02529433,53.72
140.59367084,-34.02529434,53.74
140.59367409,-34.02529435,53.79
140.59367701,-34.02529436,58.25
140.59367712,-34.02529436,53.89
140.59368557,-34.02529438,53.73
140.59370420,-34.02529445,57.43
140.59370680,-34.02529446,55.41
140.59371752,-34.02529449,56.26
140.59373583,-34.02529455,53.69
140.59373962,-34.02529456,53.71
140.59375706,-34.02529462,55.49
140.59383819,-34.02529489,53.73
140.59384165,-34.02529490,53.69
140.59384371,-34.02529491,53.72
140.59384512,-34.02529491,53.70
140.59390253,-34.02529510,53.69
140.59393697,-34.02529522,53.76
140.59394650,-34.02529525,53.72
140.59398257,-34.02529537,53.72
140.59398614,-34.02529538,53.73
140.59402146,-34.02529549,55.55
140.59403240,-34.02529553,56.18
140.59403922,-34.02529555,53.82
140.59409815,-34.02529575,53.81
140.59411244,-34.02529579,53.80
140.59414190,-34.02529589,53.96
140.59421599,-34.02529614,53.88
140.59423040,-34.02529618,53.91
140.59424523,-34.02529623,53.87
140.59431326,-34.02529646,53.90
140.59435550,-34.02529660,53.87
140.59436568,-34.02529663,54.77
140.59439417,-34.02529672,53.94
140.59446458,-34.02529696,53.95
140.59454863,-34.02529723,55.36
140.59461665,-34.02529746,54.07
140.59468597,-34.02529769,54.02
140.59474988,-34.02529790,54.11
140.59479321,-34.02529804,54.12
140.59479927,-34.02529806,54.11
140.59486155,-34.02529826,54.25
140.59491030,-34.02529843,54.12
140.59494160,-34.02529853,54.13
140.59497312,-34.02529863,54.15
140.59506746,-34.02529894,54.19
140.59507678,-34.02529897,54.27
140.59521531,-34.02529943,54.32
140.59526243,-34.02529958,54.23
140.59533403,-34.02529982,54.35
140.59535082,-34.02529988,54.54
140.59543866,-34.02530016,54.36
140.59552564,-34.02530045,54.55
140.59555586,-34.02530055,54.59
140.59555759,-34.02530056,54.56
140.59556972,-34.02530060,54.59
140.59557665,-34.02530062,57.01
140.59560492,-34.02530071,54.63
140.59568194,-34.02530096,54.78
140.59573198,-34.02530113,54.72
140.59575201,-34.02530120,54.94
140.59576870,-34.02530125,54.78
140.59577303,-34.02530126,54.97
140.59585177,-34.02530152,54.87
140.59591113,-34.02530172,55.00
140.59594298,-34.02530182,55.07
140.59594655,-34.02530183,55.08
140.59599085,-34.02530198,55.09
140.59608985,-34.02530231,55.27
140.59611336,-34.02530238,55.33
140.59619037,-34.02530264,55.50
140.59622438,-34.02530275,55.61
140.59623402,-34.02530278,56.05
140.59626067,-34.02530287,55.76
140.59635122,-34.02530316,57.75
140.59638935,-34.02530329,58.07
140.59645683,-34.02530351,55.64
140.59648846,-34.02530361,55.62
140.59656211,-34.02530386,56.14
140.59657013,-34.02530388,56.00
140.59659558,-34.02530397,55.90
140.59668180,-34.02530425,55.87
140.59674018,-34.02530444,55.66
140.59679076,-34.02530461,55.53
140.59682976,-34.02530473,55.52
140.59686940,-34.02530486,55.49
140.59689680,-34.02530495,55.42
140.59690785,-34.02530499,55.38
140.59693168,-34.02530507,55.41
140.59698790,-34.02530525,55.42
140.59702483,-34.02530537,55.45
140.59704000,-34.02530542,58.22
140.59706491,-34.02530550,55.45
140.59706740,-34.02530551,55.49
140.59706805,-34.02530551,57.39
140.59707975,-34.02530555,55.44
140.59708755,-34.02530558,56.98
140.59711668,-34.02530567,55.43
140.59714442,-34.02530576,55.40
140.59715535,-34.02530580,55.40
140.59719695,-34.02530594,55.53
140.59719998,-34.02530595,59.35
140.59721352,-34.02530599,55.63
140.59722922,-34.02530604,55.46
140.59724146,-34.02530608,57.45
140.59726248,-34.02530615,55.34
140.59727840,-34.02530620,55.24
140.59728642,-34.02530623,55.22
140.59732162,-34.02530634,55.20
140.59736180,-34.02530648,55.13
140.59738802,-34.02530656,55.06
140.59740296,-34.02530661,55.03
140.59743773,-34.02530672,55.11
140.59745149,-34.02530677,54.86
140.59748788,-34.02530689,54.81
140.59749395,-34.02530691,54.75
140.59752308,-34.02530700,54.70
140.59754886,-34.02530709,54.41
140.59755168,-34.02530710,54.44
140.59760042,-34.02530726,58.06
140.59761645,-34.02530731,58.30
140.59762685,-34.02530734,58.27
140.59763227,-34.02530736,54.15
140.59765826,-34.02530745,54.00
140.59771101,-34.02530762,56.09
140.59772217,-34.02530766,53.75
140.59775846,-34.02530777,53.67
140.59776701,-34.02530780,53.66
140.59783644,-34.02530803,53.45
140.59783752,-34.02530803,53.43
140.59785767,-34.02530810,53.41
140.59788421,-34.02530819,53.38
140.59791530,-34.02530829,53.44
140.59792201,-34.02530831,54.09
140.59792483,-34.02530832,57.39
140.59794595,-34.02530839,55.18
140.59794660,-34.02530839,53.39
140.59796306,-34.02530844,53.38
140.59798386,-34.02530851,53.26
140.59800228,-34.02530857,53.31
140.59803282,-34.02530867,53.28
140.59805253,-34.02530874,53.36
140.59807408,-34.02530881,55.84
140.59808589,-34.02530884,56.43
140.59808719,-34.02530885,56.33
140.59811937,-34.02530895,53.36
140.59814785,-34.02530905,53.11
140.59815273,-34.02530906,56.64
140.59816258,-34.02530910,53.15
140.59819063,-34.02530919,53.15
140.59822172,-34.02530929,53.12
140.59822389,-34.02530930,53.11
140.59824122,-34.02530935,57.59
140.59824133,-34.02530935,53.09
140.59826007,-34.02530941,53.12
140.59827675,-34.02530947,56.96
140.59828628,-34.02530950,53.13
140.59831834,-34.02530960,54.25
140.59831899,-34.02530961,55.17
140.59834758,-34.02530970,56.88
140.59835083,-34.02530971,53.00
140.59837564,-34.02530979,53.04
140.59837824,-34.02530980,53.04
140.59841246,-34.02530991,55.47
140.59844897,-34.02531003,52.97
140.59845027,-34.02531004,55.50
140.59847800,-34.02531013,56.39
140.59848861,-34.02531016,56.48
140.59848958,-34.02531016,56.64
140.59852923,-34.02531029,56.69
140.59854916,-34.02531036,52.87
140.59856292,-34.02531040,52.77
140.59856974,-34.02531043,52.74
140.59858252,-34.02531047,54.81
140.59859877,-34.02531052,52.66
140.59859985,-34.02531052,52.75
140.59862466,-34.02531060,52.58
140.59862650,-34.02531061,53.61
140.59864556,-34.02531067,55.75
140.59866083,-34.02531072,52.55
140.59869040,-34.02531082,52.54
140.59870936,-34.02531088,52.56
140.59870990,-34.02531088,55.13
140.59880197,-34.02531118,52.57
140.59880446,-34.02531119,52.54
140.59886295,-34.02531138,53.06
140.59887692,-34.02531143,55.95
140.59890844,-34.02531153,56.30
140.59896802,-34.02531172,52.61
140.59896867,-34.02531173,52.56
140.59896932,-34.02531173,56.42
140.59899109,-34.02531180,52.49
140.59901059,-34.02531186,52.55
140.59903062,-34.02531193,55.84
140.59907666,-34.02531208,52.47
140.59913688,-34.02531228,52.46
140.59917089,-34.02531239,55.43
140.59919895,-34.02531248,54.53
140.59921075,-34.02531252,54.07
140.59921563,-34.02531253,55.88
140.59922256,-34.02531255,54.26
140.59924325,-34.02531262,53.57
140.59924725,-34.02531264,54.91
140.59928841,-34.02531277,52.29
140.59937095,-34.02531304,52.22
140.59942305,-34.02531321,52.08
140.59946096,-34.02531333,52.22
140.59946973,-34.02531336,55.68
140.59947840,-34.02531339,55.67
140.59947916,-34.02531339,52.21
140.59952042,-34.02531352,52.16
140.59953115,-34.02531356,52.15
140.59954350,-34.02531360,55.86
140.59954642,-34.02531361,52.16
140.59954805,-34.02531361,52.11
140.59955065,-34.02531362,52.07
140.59955119,-34.02531363,56.00
140.59955411,-34.02531363,52.08
140.59955498,-34.02531364,52.05
140.59955606,-34.02531364,52.03
140.59956278,-34.02531366,52.04
140.59957978,-34.02531372,52.17
140.59959181,-34.02531376,55.29
140.59959798,-34.02531378,52.09
140.59960697,-34.02531381,53.75
140.59960903,-34.02531381,52.09
140.59961304,-34.02531383,53.38
140.59961607,-34.02531384,53.87
140.59964206,-34.02531392,54.75
140.59966210,-34.02531399,51.92
140.59966611,-34.02531400,51.91
140.59967835,-34.02531404,51.93
140.59969915,-34.02531411,51.89
140.59974811,-34.02531427,51.93
140.59976121,-34.02531431,51.92
140.59979977,-34.02531443,51.80
140.59980129,-34.02531444,51.79
140.59989867,-34.02531476,51.65
140.59990191,-34.02531477,51.65
140.59993560,-34.02531488,53.98
140.59996496,-34.02531497,55.06
140.60000157,-34.02531509,55.56
140.60000774,-34.02531511,51.84
140.60003374,-34.02531520,51.67
140.60011801,-34.02531547,51.70
140.60012764,-34.02531550,55.00
140.60013404,-34.02531552,55.03
140.60014129,-34.02531555,51.76
140.60016014,-34.02531561,51.71
140.60021202,-34.02531578,51.78
140.60022209,-34.02531581,51.73
140.60022535,-34.02531582,51.74
140.60023813,-34.02531586,51.89
140.60025351,-34.02531591,51.86
140.60026001,-34.02531593,51.78
140.60027766,-34.02531599,51.75
140.60029543,-34.02531605,54.82
140.60030528,-34.02531608,55.93
140.60031351,-34.02531611,51.75
140.60032641,-34.02531615,56.18
140.60032954,-34.02531616,51.80
140.60033280,-34.02531617,51.82
140.60048184,-34.02531665,51.76
140.60062514,-34.02531712,56.38
140.60063586,-34.02531715,51.85
140.60063716,-34.02531716,51.81
140.60064019,-34.02531717,51.82
140.60071818,-34.02531742,56.00
140.60071905,-34.02531742,51.86
140.60081437,-34.02531773,51.90
140.60083213,-34.02531779,52.02
140.60083657,-34.02531780,52.23
140.60088239,-34.02531795,51.94
140.60088737,-34.02531797,51.94
140.60092041,-34.02531808,51.93
140.60100294,-34.02531834,51.97
140.60100598,-34.02531835,51.96
140.60107681,-34.02531858,52.11
140.60108017,-34.02531859,52.15
140.60119672,-34.02531897,56.66
140.60119964,-34.02531898,56.75
140.60120279,-34.02531899,56.72
140.60121373,-34.02531903,55.45
140.60122889,-34.02531908,52.34
140.60124481,-34.02531913,54.29
140.60125987,-34.02531918,52.30
140.60126312,-34.02531919,52.33
140.60126626,-34.02531920,52.35
140.60135616,-34.02531949,52.31
140.60135627,-34.02531949,52.27
140.60138476,-34.02531958,52.29
140.60146253,-34.02531983,52.28
140.60153434,-34.02532007,52.27
140.60163995,-34.02532041,52.31
140.60164850,-34.02532044,52.31
140.60171003,-34.02532064,52.38
140.60171328,-34.02532065,52.38
140.60181694,-34.02532098,52.46
140.60182614,-34.02532101,52.49
140.60191865,-34.02532131,58.96
140.60195450,-34.02532143,52.60
140.60199793,-34.02532157,52.59
140.60205848,-34.02532176,58.51
140.60206823,-34.02532180,52.58
140.60207007,-34.02532180,58.83
140.60214719,-34.02532205,55.21
140.60216788,-34.02532212,52.76
140.60220525,-34.02532224,52.70
140.60222041,-34.02532229,55.07
140.60223493,-34.02532234,54.61
140.60231010,-34.02532258,52.53
140.60235223,-34.02532271,52.47
140.60236653,-34.02532276,52.51
140.60238960,-34.02532284,53.07
140.60243499,-34.02532298,52.54
140.60244376,-34.02532301,52.54
140.60247279,-34.02532310,52.50
140.60248481,-34.02532314,52.54
140.60258251,-34.02532346,52.51
140.60265032,-34.02532368,52.44
140.60268303,-34.02532378,52.44
140.60269993,-34.02532384,52.74
140.60271228,-34.02532388,52.47
140.60275441,-34.02532401,52.47
140.60280077,-34.02532416,52.42
140.60284182,-34.02532430,52.35
140.60288905,-34.02532445,52.40
140.60290335,-34.02532450,52.35
140.60290638,-34.02532450,52.37
140.60295912,-34.02532468,52.34
140.60303723,-34.02532493,52.35
140.60304892,-34.02532497,52.34
140.60306853,-34.02532503,52.39
140.60307362,-34.02532504,52.41
140.60310731,-34.02532515,52.23
140.60315637,-34.02532531,52.22
140.60322212,-34.02532552,52.41
140.60325743,-34.02532564,52.17
140.60332329,-34.02532585,59.91
140.60337084,-34.02532600,55.54
140.60338914,-34.02532606,57.40
140.60340279,-34.02532611,57.05
140.60343301,-34.02532620,52.22
140.60344416,-34.02532624,52.19
140.60355768,-34.02532661,52.21
140.60356169,-34.02532662,52.17
140.60357176,-34.02532665,52.14
140.60359786,-34.02532674,55.96
140.60362365,-34.02532682,52.07
140.60364076,-34.02532687,54.60
140.60364412,-34.02532688,52.08
140.60364607,-34.02532689,54.23
140.60369567,-34.02532705,51.98
140.60371506,-34.02532711,52.06
140.60375536,-34.02532724,51.99
140.60377789,-34.02532732,51.93
140.60385901,-34.02532758,51.95
140.60386313,-34.02532759,51.95
140.60388880,-34.02532767,51.96
140.60391632,-34.02532776,52.02
140.60395130,-34.02532787,52.00
140.60395152,-34.02532788,57.69
140.60395249,-34.02532788,56.56
140.60396560,-34.02532792,52.08
140.60398813,-34.02532799,54.88
140.60400719,-34.02532805,52.10
140.60400914,-34.02532806,52.11
140.60403286,-34.02532814,55.26
140.60404283,-34.02532817,52.09
140.60405734,-34.02532822,52.15
140.60411139,-34.02532839,53.32
140.60414042,-34.02532848,51.88
140.60414909,-34.02532851,51.90
140.60423975,-34.02532880,51.92
140.60430148,-34.02532900,51.95
140.60433474,-34.02532911,51.87
140.60436236,-34.02532920,51.90
140.60444273,-34.02532946,56.71
140.60446418,-34.02532953,51.87
140.60448562,-34.02532959,58.33
140.60449440,-34.02532962,57.91
140.60454368,-34.02532978,51.71
140.60455148,-34.02532981,51.79
140.60463326,-34.02533007,51.67
140.60463402,-34.02533007,58.64
140.60465860,-34.02533015,51.68
140.60471384,-34.02533033,57.73
140.60473464,-34.02533039,51.60
140.60476811,-34.02533050,51.55
140.60476898,-34.02533051,51.53
140.60477883,-34.02533054,59.41
140.60479389,-34.02533059,59.60
140.60481154,-34.02533064,58.59
140.60481165,-34.02533064,51.48
140.60482833,-34.02533070,51.53
140.60483895,-34.02533073,51.47
140.60486191,-34.02533080,51.39
140.60486224,-34.02533080,57.06
140.60492560,-34.02533101,51.35
140.60493102,-34.02533103,51.43
140.60494347,-34.02533107,55.18
140.60494564,-34.02533107,53.62
140.60498950,-34.02533121,51.45
140.60504648,-34.02533140,51.25
140.60508623,-34.02533152,51.34
140.60513021,-34.02533167,51.20
140.60529528,-34.02533220,51.34
140.60530893,-34.02533224,51.21
140.60531478,-34.02533226,53.82
140.60531781,-34.02533227,51.33
140.60538594,-34.02533249,51.09
140.60543458,-34.02533264,54.82
140.60543718,-34.02533265,50.97
140.60551896,-34.02533291,51.02
140.60556022,-34.02533305,50.85
140.60556618,-34.02533306,50.82
140.60561092,-34.02533321,50.75
140.60562846,-34.02533326,50.74
140.60564514,-34.02533332,50.69
140.60571837,-34.02533355,50.52
140.60576245,-34.02533369,50.50
140.60579646,-34.02533380,50.43
140.60580112,-34.02533382,50.46
140.60585983,-34.02533401,50.49
140.60587716,-34.02533406,50.25
140.60588744,-34.02533409,50.28
140.60594410,-34.02533428,53.17
140.60594734,-34.02533429,53.14
140.60594984,-34.02533429,50.28
140.60600822,-34.02533448,50.20
140.60605154,-34.02533462,50.14
140.60605934,-34.02533465,50.07
140.60606866,-34.02533468,50.10
140.60608632,-34.02533473,50.09
140.60610051,-34.02533478,50.06
140.60613939,-34.02533490,50.08
140.60614480,-34.02533492,55.25
140.60615444,-34.02533495,54.99
140.60615921,-34.02533497,51.18
140.60616257,-34.02533498,51.35
140.60616874,-34.02533500,51.15
140.60619019,-34.02533506,53.40
140.60619831,-34.02533509,52.64
140.60620925,-34.02533513,50.00
140.60622464,-34.02533517,50.00
140.60624359,-34.02533524,55.86
140.60624402,-34.02533524,50.03
140.60624575,-34.02533524,50.04
140.60633382,-34.02533552,56.94
140.60636631,-34.02533563,56.84
140.60636924,-34.02533564,56.90
140.60636978,-34.02533564,49.85
140.60638591,-34.02533569,49.87
140.60638700,-34.02533569,49.87
140.60639729,-34.02533573,53.05
140.60640628,-34.02533576,55.53
140.60641375,-34.02533578,49.88
140.60642198,-34.02533581,54.38
140.60642512,-34.02533582,54.63
140.60642534,-34.02533582,54.52
140.60648005,-34.02533599,49.79
140.60653171,-34.02533616,54.22
140.60656485,-34.02533626,49.82
140.60657547,-34.02533630,55.44
140.60657731,-34.02533630,55.33
140.60658641,-34.02533633,49.77
140.60663699,-34.02533649,49.61
140.60667587,-34.02533662,49.56
140.60668433,-34.02533665,49.61
140.60668660,-34.02533665,49.62
140.60671704,-34.02533675,51.56
140.60673318,-34.02533680,49.56
140.60674314,-34.02533683,53.99
140.60675831,-34.02533688,54.03
140.60676025,-34.02533689,49.54
140.60676567,-34.02533691,49.54
140.60684268,-34.02533715,49.44
140.60688904,-34.02533730,52.70
140.60689001,-34.02533730,50.55
140.60689738,-34.02533733,49.33
140.60692934,-34.02533743,49.32
140.60693399,-34.02533744,49.36
140.60703029,-34.02533775,49.35
140.60703267,-34.02533776,49.35
140.60704090,-34.02533779,49.23
140.60708000,-34.02533791,53.08
140.60710177,-34.02533798,53.50
140.60710253,-34.02533798,49.24
140.60710968,-34.02533801,49.20
140.60712127,-34.02533804,51.03
140.60715084,-34.02533814,49.15
140.60718323,-34.02533824,52.55
140.60719276,-34.02533827,49.02
140.60722959,-34.02533839,48.93
140.60726826,-34.02533851,48.88
140.60727389,-34.02533853,48.88
140.60732122,-34.02533868,49.03
140.60735393,-34.02533879,51.79
140.60736260,-34.02533881,48.84
140.60743268,-34.02533904,48.67
140.60745467,-34.02533911,48.65
140.60747363,-34.02533917,48.63
140.60750893,-34.02533928,48.66
140.60751575,-34.02533930,51.24
140.60753374,-34.02533936,50.06
140.60755259,-34.02533942,52.06
140.60755356,-34.02533942,48.50
140.60760555,-34.02533959,48.38
140.60763090,-34.02533967,48.37
140.60767596,-34.02533981,48.34
140.60775914,-34.02534008,48.27
140.60776229,-34.02534009,48.36
140.60780702,-34.02534023,51.27
140.60783215,-34.02534031,48.03
140.60783572,-34.02534032,48.04
140.60783908,-34.02534033,48.02
140.60784266,-34.02534035,48.04
140.60784439,-34.02534035,48.02
140.60784590,-34.02534036,48.01
140.60785305,-34.02534038,48.04
140.60785641,-34.02534039,48.01
140.60785977,-34.02534040,48.02
140.60786692,-34.02534042,49.47
140.60788555,-34.02534048,47.96
140.60798400,-34.02534080,47.82
140.60800870,-34.02534087,47.69
140.60805041,-34.02534101,47.65
140.60806958,-34.02534107,47.62
140.60808008,-34.02534110,47.64
140.60811702,-34.02534122,49.17
140.60815645,-34.02534135,49.58
140.60820519,-34.02534150,47.44
140.60826855,-34.02534170,47.36
140.60839279,-34.02534210,50.69
140.60845919,-34.02534231,50.98
140.60846103,-34.02534232,47.15
140.60848237,-34.02534238,47.00
140.60848551,-34.02534239,47.01
140.60848854,-34.02534240,47.00
140.60849180,-34.02534241,47.00
140.60849494,-34.02534242,46.99
140.60849797,-34.02534243,46.98
140.60850111,-34.02534244,46.97
140.60850425,-34.02534245,46.98
140.60850739,-34.02534246,47.02
140.60851064,-34.02534247,47.00
140.60851367,-34.02534248,46.98
140.60872900,-34.02534317,47.87
140.60874395,-34.02534322,47.88
140.60876864,-34.02534329,46.79
140.60878641,-34.02534335,50.75
140.60901377,-34.02534407,46.79
140.60901723,-34.02534409,46.78
140.60902753,-34.02534412,46.73
140.60915598,-34.02534453,46.65
140.60916043,-34.02534454,46.63
140.60919509,-34.02534465,46.61
140.60921588,-34.02534472,46.60
140.60928759,-34.02534494,46.57
140.60929073,-34.02534495,46.56
140.60929376,-34.02534496,46.56
140.60929680,-34.02534497,46.58
140.60929983,-34.02534498,46.58
140.60930286,-34.02534499,46.56
140.60930589,-34.02534500,46.56
140.60930893,-34.02534501,46.57
140.60931207,-34.02534502,46.57
140.60947205,-34.02534553,46.41
140.60949328,-34.02534560,46.42
140.60952502,-34.02534570,46.39
140.60952751,-34.02534571,46.38
140.60961232,-34.02534598,50.15
140.60963442,-34.02534605,48.51
140.60975367,-34.02534642,46.27
140.60987834,-34.02534682,49.36
140.60988138,-34.02534683,49.36
140.61008262,-34.02534747,46.06
140.61009097,-34.02534749,46.17
140.61010949,-34.02534755,46.08
140.61018791,-34.02534780,50.09
140.61020004,-34.02534784,51.75
140.61020102,-34.02534784,51.70
140.61021402,-34.02534788,52.53
140.61021889,-34.02534790,52.85
140.61023871,-34.02534796,47.81
140.61024023,-34.02534797,48.81
140.61030825,-34.02534818,52.41
140.61031042,-34.02534819,52.08
140.61034920,-34.02534831,46.02
140.61036663,-34.02534837,45.97
140.61043704,-34.02534859,45.94
140.61044224,-34.02534861,47.04
140.61046531,-34.02534868,46.48
140.61046867,-34.02534869,46.53
140.61047917,-34.02534872,46.54
140.61047971,-34.02534873,46.06
140.61053496,-34.02534890,45.98
140.61057341,-34.02534902,45.93
140.61057861,-34.02534904,45.89
140.61065323,-34.02534928,45.86
140.61069212,-34.02534940,45.89
140.61069526,-34.02534941,45.91
140.61069840,-34.02534942,45.90
140.61070144,-34.02534943,45.91
140.61070772,-34.02534945,45.93
140.61071086,-34.02534946,45.95
140.61071389,-34.02534947,45.94
140.61071703,-34.02534948,45.97
140.61072028,-34.02534949,45.93
140.61072971,-34.02534952,45.93
140.61073902,-34.02534955,45.95
140.61075169,-34.02534959,45.91
140.61075809,-34.02534961,45.89
140.61077076,-34.02534965,45.87
140.61077704,-34.02534967,45.85
140.61077845,-34.02534967,45.93
140.61081192,-34.02534978,45.83
140.61082091,-34.02534981,45.80
140.61083423,-34.02534985,45.69
140.61083737,-34.02534986,45.63
140.61084062,-34.02534987,45.60
140.61084387,-34.02534988,45.58
140.61084712,-34.02534989,45.58
140.61089185,-34.02535003,45.74
140.61089327,-34.02535004,50.01
140.61089738,-34.02535005,45.91
140.61091233,-34.02535010,46.91
140.61092684,-34.02535014,47.74
140.61096898,-34.02535028,48.17
140.61099259,-34.02535035,45.71
140.61100288,-34.02535038,45.69
140.61108162,-34.02535063,45.63
140.61111628,-34.02535074,45.59
140.61122677,-34.02535109,45.60
140.61127866,-34.02535125,45.50
140.61129317,-34.02535130,45.48
140.61135426,-34.02535149,45.56
140.61135761,-34.02535150,47.45
140.61135881,-34.02535151,48.35
140.61136184,-34.02535152,48.85
140.61137462,-34.02535156,48.14
140.61144373,-34.02535178,45.41
140.61152030,-34.02535202,45.44
140.61152778,-34.02535204,45.47
140.61153200,-34.02535205,51.45
140.61155009,-34.02535211,52.23
140.61155464,-34.02535213,52.19
140.61160241,-34.02535228,45.90
140.61164541,-34.02535241,45.43
140.61170856,-34.02535261,45.40
140.61174691,-34.02535273,45.41
140.61175632,-34.02535276,45.38
140.61181016,-34.02535293,45.41
140.61181027,-34.02535293,45.44
140.61184883,-34.02535306,45.44
140.61189995,-34.02535322,45.42
140.61191544,-34.02535327,45.46
140.61192974,-34.02535331,45.53
140.61193504,-34.02535333,45.43
140.61194166,-34.02535335,52.39
140.61194609,-34.02535336,52.29
140.61195281,-34.02535338,52.04
140.61195325,-34.02535338,45.46
140.61197230,-34.02535345,45.59
140.61199050,-34.02535350,45.46
140.61202668,-34.02535362,45.39
140.61203351,-34.02535364,52.06
140.61204293,-34.02535367,45.37
140.61204943,-34.02535369,45.35
140.61211713,-34.02535390,45.54
140.61218840,-34.02535413,45.43
140.61219381,-34.02535414,45.33
140.61229433,-34.02535446,45.34
140.61238055,-34.02535473,51.09
140.61238868,-34.02535476,51.67
140.61238900,-34.02535476,45.48
140.61239441,-34.02535478,51.96
140.61239973,-34.02535479,52.35
140.61242041,-34.02535486,45.42
140.61252526,-34.02535519,45.23
140.61258408,-34.02535537,45.21
140.61264863,-34.02535558,45.25
140.61265351,-34.02535559,45.29
140.61267636,-34.02535566,50.42
140.61271557,-34.02535579,51.81
140.61271817,-34.02535580,45.33
140.61274373,-34.02535588,45.18
140.61279237,-34.02535603,45.15
140.61280298,-34.02535606,45.20
140.61281382,-34.02535610,45.84
140.61282681,-34.02535614,45.12
140.61283407,-34.02535616,50.44
140.61286050,-34.02535624,45.19
140.61291184,-34.02535641,45.12
140.61292755,-34.02535646,49.82
140.61296112,-34.02535656,45.15
140.61301940,-34.02535674,45.17
140.61302233,-34.02535675,51.49
140.61302752,-34.02535677,51.85
140.61304908,-34.02535684,45.04
140.61308125,-34.02535694,45.04
140.61308720,-34.02535696,45.02
140.61309381,-34.02535698,50.17
140.61311807,-34.02535705,44.98
140.61313746,-34.02535712,44.98
140.61315328,-34.02535717,44.98
140.61324838,-34.02535746,44.95
140.61325726,-34.02535749,50.92
140.61326668,-34.02535752,45.03
140.61331423,-34.02535767,44.84
140.61338248,-34.02535789,44.78
140.61343695,-34.02535806,50.30
140.61345439,-34.02535811,44.66
140.61345894,-34.02535813,44.64
140.61354939,-34.02535841,44.47
140.61364102,-34.02535870,44.56
140.61366539,-34.02535878,44.74
140.61367915,-34.02535882,44.48
140.61376775,-34.02535910,44.24
140.61379602,-34.02535919,44.53
140.61388344,-34.02535946,44.20
140.61388690,-34.02535947,49.94
140.61394387,-34.02535965,48.01
140.61395102,-34.02535967,48.16
140.61402695,-34.02535991,43.89
140.61406974,-34.02536005,43.78
140.61410093,-34.02536014,43.71
140.61411458,-34.02536019,43.67
140.61414534,-34.02536028,49.04
140.61424488,-34.02536059,43.55
140.61430619,-34.02536079,43.44
140.61439599,-34.02536107,43.36
140.61441072,-34.02536111,43.31
140.61448513,-34.02536135,43.22
140.61448600,-34.02536135,43.20
140.61454081,-34.02536152,43.13
140.61455293,-34.02536156,44.37
140.61457471,-34.02536163,43.09
140.61462670,-34.02536179,43.09
140.61469688,-34.02536201,42.94
140.61470750,-34.02536195,42.95
140.61471075,-34.02536187,50.06
140.61471229,-34.02535755,49.16
140.61471266,-34.02527683,42.89
140.61471299,-34.02520342,42.95
140.61471365,-34.02505624,42.97
140.61471373,-34.02503892,42.92
140.61471386,-34.02500916,42.97
140.61471404,-34.02497155,43.79
140.61471411,-34.02495523,43.00
140.61471414,-34.02494819,48.17
140.61471427,-34.02491996,47.44
140.61471428,-34.02491726,42.87
140.61471442,-34.02488705,42.84
140.61471449,-34.02487090,42.83
140.61471465,-34.02483456,42.77
140.61471492,-34.02477585,42.75
140.61471499,-34.02476097,42.73
140.61471509,-34.02473779,42.71
140.61471527,-34.02469783,42.87
140.61471572,-34.02459836,43.78
140.61471577,-34.02458826,45.57
140.61471581,-34.02457996,42.51
140.61471624,-34.02448319,47.49
140.61471643,-34.02444116,42.33
140.61471677,-34.02436568,42.27
140.61471679,-34.02436144,47.77
140.61471682,-34.02435594,45.66
140.61471682,-34.02435576,48.06
140.61471696,-34.02432329,42.30
140.61471717,-34.02427747,45.07
140.61471742,-34.02422192,42.17
140.61471753,-34.02419829,42.24
140.61471768,-34.02416573,42.26
140.61471774,-34.02415320,42.26
140.61471783,-34.02413128,42.32
140.61471788,-34.02412064,42.32
140.61471805,-34.02408366,42.19
140.61471809,-34.02407383,46.64
140.61471828,-34.02403153,42.26
140.61471829,-34.02402910,42.33
140.61471833,-34.02402215,42.34
140.61471835,-34.02401792,45.90
140.61471837,-34.02401151,42.29
140.61471863,-34.02395560,45.98
140.61471867,-34.02394667,45.91
140.61471880,-34.02391700,42.42
140.61471881,-34.02391429,42.47
140.61471886,-34.02390437,42.47
140.61471911,-34.02384963,42.59
140.61471934,-34.02379777,42.67
140.61471935,-34.02379606,42.72
140.61471943,-34.02377838,44.83
140.61471949,-34.02376422,42.80
140.61471973,-34.02371074,42.92
140.61471977,-34.02370226,46.27
140.61471980,-34.02369694,42.83
140.61471987,-34.02367990,47.11
140.61471988,-34.02367737,47.09
140.61471992,-34.02366880,42.96
140.61471995,-34.02366276,42.95
140.61472006,-34.02363931,43.05
140.61472031,-34.02358240,43.01
140.61472033,-34.02357844,43.03
140.61472040,-34.02356337,43.00
140.61472071,-34.02349456,45.57
140.61472079,-34.02347797,43.18
140.61472143,-34.02333385,43.14
140.61472157,-34.02330454,43.01
140.61472163,-34.02329092,43.04
140.61472164,-34.02328821,48.08
140.61472165,-34.02328650,48.16
140.61472175,-34.02326377,43.12
140.61472175,-34.02326332,45.72
140.61472176,-34.02326152,45.19
140.61472180,-34.02325331,44.11
140.61472181,-34.02325097,43.07
140.61472187,-34.02323708,45.31
140.61472188,-34.02323654,43.03
140.61472193,-34.02322436,42.96
140.61472193,-34.02322409,42.97
140.61472195,-34.02322075,46.04
140.61472198,-34.02321336,42.98
140.61472205,-34.02319704,42.91
140.61472219,-34.02316655,42.82
140.61472233,-34.02313544,42.93
140.61472243,-34.02311524,42.71
140.61472259,-34.02307853,42.67
140.61472269,-34.02305661,42.65
140.61472273,-34.02304787,44.49
140.61472278,-34.02303569,44.05
140.61472287,-34.02301783,42.53
140.61472301,-34.02298447,45.86
140.61472306,-34.02297518,42.38
140.61472322,-34.02293901,42.25
140.61472335,-34.02291096,42.22
140.61472390,-34.02278894,43.46
140.61472396,-34.02277613,41.89
140.61472411,-34.02274123,41.87
140.61472425,-34.02270994,41.74
140.61472444,-34.02266800,41.79
140.61472453,-34.02264852,41.72
140.61472454,-34.02264663,44.98
140.61472456,-34.02264139,41.67
140.61472458,-34.02263869,41.78
140.61472459,-34.02263652,41.82
140.61472518,-34.02250494,41.44
140.61472531,-34.02247662,42.00
140.61472539,-34.02245841,41.40
140.61472543,-34.02245020,41.42
140.61472552,-34.02242946,41.37
140.61472563,-34.02240501,41.81
140.61472567,-34.02239627,43.59
140.61472583,-34.02236209,41.32
140.61472586,-34.02235550,44.94
140.61472586,-34.02235379,42.40
140.61472595,-34.02233485,41.33
140.61472595,-34.02233449,45.53
140.61472601,-34.02232078,41.23
140.61472608,-34.02230518,41.33
140.61472630,-34.02225810,41.21
140.61472650,-34.02221274,41.12
140.61472658,-34.02219470,41.09
140.61472662,-34.02218613,45.72
140.61472663,-34.02218523,41.10
140.61472665,-34.02218018,41.09
140.61472678,-34.02215123,43.13
140.61472681,-34.02214474,43.36
140.61472690,-34.02212462,41.05
140.61472732,-34.02203182,40.99
140.61472741,-34.02201198,41.18
140.61472754,-34.02198177,40.96
140.61472758,-34.02197428,40.91
140.61472770,-34.02194641,40.99
140.61472773,-34.02194218,44.81
140.61472786,-34.02191332,45.98
140.61472796,-34.02189059,41.09
140.61472801,-34.02187995,41.38
140.61472802,-34.02187571,47.62
140.61472821,-34.02183413,40.88
140.61472849,-34.02177217,44.81
140.61472856,-34.02175693,40.95
140.61472858,-34.02175206,40.96
140.61472874,-34.02171653,44.59
140.61472877,-34.02171193,41.02
140.61472883,-34.02169696,42.85
140.61472891,-34.02167901,43.41
140.61472895,-34.02167162,41.03
140.61472901,-34.02165800,41.06
140.61472902,-34.02165628,42.51
140.61472903,-34.02165331,41.15
140.61472905,-34.02164970,42.65
140.61472907,-34.02164528,41.16
140.61472908,-34.02164230,42.66
140.61472920,-34.02161651,41.12
140.61472939,-34.02157430,45.38
140.61472948,-34.02155239,42.64
140.61472975,-34.02149395,41.47
140.61472978,-34.02148836,44.84
140.61472981,-34.02148024,41.50
140.61472982,-34.02147780,41.55
140.61472986,-34.02146861,41.54
140.61472988,-34.02146455,41.57
140.61473003,-34.02143343,41.70
140.61473003,-34.02143262,45.05
140.61473004,-34.02142973,45.13
140.61473005,-34.02142847,41.69
140.61473010,-34.02141675,41.77
140.61473011,-34.02141458,43.39
140.61473022,-34.02139132,41.95
140.61473024,-34.02138437,41.96
140.61473025,-34.02138293,41.94
140.61473037,-34.02135731,42.05
140.61473052,-34.02132286,42.29
140.61473062,-34.02130023,42.40
140.61473070,-34.02128345,42.47
140.61473071,-34.02128120,42.49
140.61473080,-34.02126054,42.67
140.61473087,-34.02124539,45.95
140.61473090,-34.02123899,46.00
140.61473093,-34.02123177,42.78
140.61473128,-34.02115539,43.40
140.61473132,-34.02114592,43.47
140.61473148,-34.02111192,43.64
140.61473152,-34.02110254,46.62
140.61473175,-34.02105149,46.60
140.61473176,-34.02104842,44.29
140.61473182,-34.02103580,47.10
140.61473195,-34.02100739,44.40
140.61473233,-34.02092288,44.91
140.61473250,-34.02088519,48.09
140.61473254,-34.02087662,46.13
140.61473260,-34.02086354,48.76
140.61473261,-34.02086201,48.52
140.61473274,-34.02083134,45.00
140.61473275,-34.02082927,45.01
140.61473325,-34.02071870,44.86
140.61473326,-34.02071753,44.89
140.61473330,-34.02070797,44.81
140.61473339,-34.02068795,47.71
140.61473347,-34.02067036,46.01
140.61473350,-34.02066414,45.76
140.61473371,-34.02061814,44.54
140.61473375,-34.02060804,44.43
140.61473377,-34.02060552,44.41
140.61473391,-34.02057386,44.41
140.61473406,-34.02054040,44.40
140.61473439,-34.02046717,44.13
140.61473454,-34.02043416,49.16
140.61473466,-34.02040792,48.88
140.61473472,-34.02039322,47.93
140.61473477,-34.02038203,43.91
140.61473482,-34.02037184,49.36
140.61473487,-34.02036012,49.26
140.61473491,-34.02035191,44.07
140.61473494,-34.02034434,48.15
140.61473498,-34.02033649,43.89
140.61473505,-34.02032071,49.12
140.61473512,-34.02030547,47.28
140.61473514,-34.02030168,43.92
140.61473517,-34.02029563,43.90
140.61473526,-34.02027480,43.91
140.61473529,-34.02026831,46.54
140.61473531,-34.02026335,43.86
140.61473534,-34.02025658,50.18
140.61473535,-34.02025505,43.79
140.61473553,-34.02021411,43.66
140.61473557,-34.02020554,43.68
140.61473565,-34.02018732,43.64
140.61473566,-34.02018579,46.83
140.61473571,-34.02017478,43.62
140.61473572,-34.02017352,43.60
140.61473572,-34.02017136,49.24
140.61473580,-34.02015422,46.31
140.61473590,-34.02013375,47.79
140.61473606,-34.02009804,52.27
140.61473611,-34.02008640,48.46
140.61473613,-34.02008081,43.66
140.61473618,-34.02007197,43.62
140.61473632,-34.02004041,51.54
140.61473644,-34.02001245,44.06
140.61473658,-34.01998251,43.56
140.61473659,-34.01998151,45.01
140.61473665,-34.01996609,43.57
140.61473670,-34.01995671,43.55
140.61473673,-34.01994995,48.50
140.61473687,-34.01991829,46.86
140.61473690,-34.01991207,43.58
140.61473715,-34.01985643,47.67
140.61473723,-34.01983848,43.55
140.61473738,-34.01980655,43.64
140.61473740,-34.01979970,43.51
140.61473742,-34.01979546,43.70
140.61473748,-34.01978401,46.90
140.61473748,-34.01978211,43.51
140.61473769,-34.01973702,43.54
140.61473818,-34.01962852,43.56
140.61473847,-34.01956404,43.61
140.61473848,-34.01956196,46.89
140.61473853,-34.01955114,46.60
140.61473855,-34.01954600,46.51
140.61473857,-34.01954230,46.25
140.61473872,-34.01950948,43.74
140.61473920,-34.01940206,44.18
140.61473922,-34.01939900,45.00
140.61473932,-34.01937663,44.27
140.61473946,-34.01934335,44.54
140.61473960,-34.01931485,44.58
140.61473966,-34.01930069,44.61
140.61473977,-34.01927634,44.74
140.61473996,-34.01923396,44.91
140.61473998,-34.01923080,45.03
140.61473998,-34.01922890,44.99
140.61474002,-34.01921971,45.01
140.61474006,-34.01921285,45.12
140.61474009,-34.01920410,45.23
140.61474053,-34.01910832,45.50
140.61474087,-34.01903230,45.61
140.61474093,-34.01901949,45.62
140.61474099,-34.01900569,45.52
140.61474115,-34.01897196,47.17
140.61474123,-34.01895266,48.97
140.61474125,-34.01894860,48.34
140.61474132,-34.01893219,45.34
140.61474135,-34.01892750,45.50
140.61474135,-34.01892714,46.98
140.61474149,-34.01889485,45.07
140.61474155,-34.01888105,47.26
140.61474156,-34.01888069,45.10
140.61474156,-34.01887988,48.37
140.61474157,-34.01887853,48.42
140.61474160,-34.01887213,44.93
140.61474161,-34.01886843,48.06
140.61474163,-34.01886563,44.96
140.61474169,-34.01885192,47.26
140.61474192,-34.01879916,44.67
140.61474197,-34.01878969,44.67
140.61474206,-34.01876976,50.19
140.61474207,-34.01876688,44.69
140.61474207,-34.01876679,45.46
140.61474212,-34.01875687,51.10
140.61474217,-34.01874469,44.42
140.61474220,-34.01873955,44.28
140.61474243,-34.01868751,44.07
140.61474254,-34.01866379,43.97
140.61474265,-34.01863755,44.14
140.61474266,-34.01863511,44.06
140.61474279,-34.01860806,43.87
140.61474296,-34.01856910,48.40
140.61474334,-34.01848703,44.88
140.61474342,-34.01846683,43.77
140.61474350,-34.01845104,43.66
140.61474373,-34.01840009,43.39
140.61474395,-34.01835193,43.70
140.61474438,-34.01825633,43.58
140.61474440,-34.01825029,43.42
140.61474447,-34.01823622,47.88
140.61474447,-34.01823604,43.71
140.61474448,-34.01823405,48.05
140.61474453,-34.01822269,43.41
140.61474453,-34.01822233,43.38
140.61474477,-34.01816867,43.34
140.61474495,-34.01812953,43.33
140.61474498,-34.01812303,45.58
140.61474499,-34.01812123,43.28
140.61474502,-34.01811528,43.25
140.61474519,-34.01807713,43.20
140.61474522,-34.01806892,43.25
140.61474525,-34.01806432,44.03
140.61474526,-34.01806071,43.18
140.61474531,-34.01804980,43.34
140.61474543,-34.01802365,43.33
140.61474563,-34.01797783,42.98
140.61474583,-34.01793481,42.97
140.61474603,-34.01789044,42.88
140.61474605,-34.01788701,42.76
140.61474612,-34.01787096,48.40
140.61474613,-34.01786771,42.76
140.61474628,-34.01783435,42.91
140.61474633,-34.01782515,45.70
140.61474637,-34.01781495,47.19
140.61474659,-34.01776607,42.51
140.61474669,-34.01774443,42.50
140.61474669,-34.01774425,42.60
140.61474680,-34.01772035,42.47
140.61474685,-34.01770898,45.22
140.61474715,-34.01764243,42.12
140.61474720,-34.01763151,42.20
140.61474736,-34.01759526,42.14
140.61474759,-34.01754620,42.20
140.61474761,-34.01754133,41.93
140.61474791,-34.01747396,43.67
140.61474799,-34.01745664,41.71
140.61474811,-34.01742977,41.70
140.61474819,-34.01741272,46.82
140.61474835,-34.01737809,41.69
140.61474842,-34.01736023,41.69
140.61474847,-34.01734959,43.19
140.61474854,-34.01733597,44.55
140.61474858,-34.01732686,41.54
140.61474860,-34.01732091,41.52
140.61474871,-34.01729764,41.44
140.61474898,-34.01723731,41.44
140.61474925,-34.01717806,41.39
140.61474927,-34.01717418,41.39
140.61474928,-34.01716967,48.33
140.61474937,-34.01715064,41.43
140.61474963,-34.01709454,41.48
140.61474984,-34.01704719,44.25
140.61474986,-34.01704214,41.64
140.61474999,-34.01701473,46.11
140.61475006,-34.01699759,41.83
140.61475016,-34.01697540,42.28
140.61475020,-34.01696630,42.11
140.61475021,-34.01696566,41.96
140.61475036,-34.01693139,42.23
140.61475045,-34.01691218,42.29
140.61475057,-34.01688675,42.51
140.61475066,-34.01686520,42.70
140.61475091,-34.01681136,43.03
140.61475101,-34.01678718,43.08
140.61475116,-34.01675454,43.44
140.61475144,-34.01669375,48.25
140.61475144,-34.01669249,48.20
140.61475150,-34.01667986,47.67
140.61475174,-34.01662593,44.46
140.61475183,-34.01660717,44.55
140.61475191,-34.01658814,44.72
140.61475200,-34.01656812,44.77
140.61475202,-34.01656388,44.80
140.61475240,-34.01647992,44.97
140.61475244,-34.01647279,44.90
140.61475263,-34.01642959,44.84
140.61475280,-34.01639181,44.65
140.61475282,-34.01638685,44.65
140.61475311,-34.01632272,44.55
140.61475315,-34.01631370,44.37
140.61475323,-34.01629576,44.29
140.61475337,-34.01626518,44.18
140.61475338,-34.01626383,47.26
140.61475346,-34.01624444,44.23
140.61475347,-34.01624354,44.39
140.61475354,-34.01622757,44.24
140.61475363,-34.01620755,43.89
140.61475414,-34.01609464,43.90
140.61475435,-34.01604792,48.99
140.61475441,-34.01603539,43.33
140.61475469,-34.01597397,43.51
140.61475476,-34.01595746,43.12
140.61475480,-34.01594872,43.09
140.61475498,-34.01590967,43.05
140.61475507,-34.01588892,43.01
140.61475514,-34.01587314,42.95
140.61475525,-34.01585023,47.14
140.61475525,-34.01585014,42.90
140.61475556,-34.01578061,47.49
140.61475561,-34.01577060,48.24
140.61475583,-34.01572145,42.54
140.61475590,-34.01570584,43.79
140.61475604,-34.01567392,42.47
140.61475634,-34.01560826,42.43
140.61475649,-34.01557444,42.43
140.61475651,-34.01557101,42.45
140.61475652,-34.01556768,42.43
140.61475662,-34.01554684,42.39
140.61475670,-34.01552917,42.43
140.61475674,-34.01552033,44.16
140.61475687,-34.01549201,42.40
140.61475703,-34.01545630,42.39
140.61475722,-34.01541265,42.36
140.61475731,-34.01539470,42.41
140.61475741,-34.01537233,42.36
140.61475747,-34.01535763,42.36
140.61475748,-34.01535538,42.35
140.61475759,-34.01533076,42.34
140.61475760,-34.01532814,42.38
140.61475764,-34.01531975,42.34
140.61475780,-34.01528413,42.35
140.61475791,-34.01526050,43.15
140.61475798,-34.01524535,42.40
140.61475802,-34.01523534,47.86
140.61475816,-34.01520585,42.48
140.61475818,-34.01520143,48.40
140.61475823,-34.01519052,48.48
140.61475853,-34.01512423,42.44
140.61475857,-34.01511512,42.49
140.61475894,-34.01503332,42.74
140.61475903,-34.01501240,42.67
140.61475906,-34.01500572,43.86
140.61475922,-34.01496938,44.07
140.61475927,-34.01496027,44.17
140.61475946,-34.01491752,43.49
140.61475957,-34.01489245,44.59
140.61475957,-34.01489227,46.88
140.61475960,-34.01488613,42.83
140.61475962,-34.01488307,46.86
140.61475962,-34.01488135,46.49
140.61475970,-34.01486539,43.02
140.61475975,-34.01485258,42.90
140.61475981,-34.01484086,42.89
140.61475986,-34.01482823,42.96
140.61475993,-34.01481317,43.07
140.61476001,-34.01479487,43.13
140.61476021,-34.01475158,42.84
140.61476031,-34.01472876,42.83
140.61476068,-34.01464777,47.93
140.61476068,-34.01464759,42.90
140.61476090,-34.01459925,42.96
140.61476100,-34.01457553,45.56
140.61476106,-34.01456426,43.05
140.61476110,-34.01455488,43.12
140.61476116,-34.01454027,42.98
140.61476125,-34.01452196,43.00
140.61476138,-34.01449148,43.13
140.61476153,-34.01445955,43.03
140.61476156,-34.01445170,43.08
140.61476163,-34.01443619,43.12
140.61476169,-34.01442402,44.38
140.61476177,-34.01440598,43.02
140.61476195,-34.01436549,48.17
140.61476196,-34.01436350,43.16
140.61476229,-34.01428991,42.98
140.61476243,-34.01425960,42.96
140.61476255,-34.01423417,42.98
140.61476266,-34.01420955,42.98
140.61476275,-34.01418962,42.93
140.61476277,-34.01418493,42.98
140.61476287,-34.01416202,43.00
140.61476290,-34.01415562,42.95
140.61476296,-34.01414227,43.04
140.61476298,-34.01413848,42.99
140.61476314,-34.01410232,47.08
140.61476314,-34.01410178,42.90
140.61476330,-34.01406796,42.93
140.61476363,-34.01399346,42.80
140.61476365,-34.01398877,42.84
140.61476368,-34.01398436,42.81
140.61476375,-34.01396857,45.30
140.61476388,-34.01393818,42.81
140.61476389,-34.01393746,45.28
140.61476398,-34.01391708,42.84
140.61476412,-34.01388488,49.07
140.61476423,-34.01386224,42.67
140.61476423,-34.01386035,47.77
140.61476426,-34.01385503,42.65
140.61476430,-34.01384556,42.60
140.61476458,-34.01378468,42.62
140.61476460,-34.01378017,49.22
140.61476460,-34.01377846,45.66
140.61476466,-34.01376619,42.64
140.61476477,-34.01374229,42.63
140.61476494,-34.01370396,42.57
140.61476503,-34.01368412,42.55
140.61476504,-34.01368313,42.51
140.61476506,-34.01367745,42.53
140.61476522,-34.01364246,42.54
140.61476526,-34.01363290,42.51
140.61476534,-34.01361567,48.68
140.61476536,-34.01361260,42.56
140.61476537,-34.01360909,48.87
140.61476540,-34.01360277,48.63
140.61476557,-34.01356535,42.45
140.61476621,-34.01342357,42.35
140.61476628,-34.01340797,42.39
140.61476642,-34.01337668,42.41
140.61476645,-34.01336937,42.37
140.61476663,-34.01333086,42.22
140.61476679,-34.01329460,42.17
140.61476688,-34.01327368,45.10
140.61476739,-34.01316266,41.90
140.61476756,-34.01312289,41.82
140.61476771,-34.01309078,41.79
140.61476786,-34.01305732,43.27
140.61476791,-34.01304659,41.76
140.61476812,-34.01299906,42.83
140.61476814,-34.01299645,41.81
140.61476846,-34.01292493,41.66
140.61476897,-34.01281193,41.71
140.61476898,-34.01280886,41.76
140.61476900,-34.01280498,42.97
140.61476919,-34.01276449,41.60
140.61476936,-34.01272498,41.59
140.61476985,-34.01261757,41.58
140.61476995,-34.01259503,41.68
140.61477025,-34.01252793,41.75
140.61477060,-34.01245154,41.61
140.61477079,-34.01240816,41.66
140.61477098,-34.01236676,41.59
140.61477134,-34.01228740,41.60
140.61477145,-34.01226323,41.61
140.61477159,-34.01223121,41.62
140.61477163,-34.01222246,41.63
140.61477192,-34.01215861,43.54
140.61477207,-34.01212551,41.65
140.61477209,-34.01212001,41.65
140.61477228,-34.01207879,41.72
140.61477235,-34.01206319,41.72
140.61477237,-34.01205977,41.70
140.61477258,-34.01201224,41.79
140.61477274,-34.01197652,41.82
140.61477282,-34.01196020,41.81
140.61477287,-34.01194856,41.82
140.61477295,-34.01193107,41.85
140.61477308,-34.01190266,41.95
140.61477322,-34.01187146,41.91
140.61477329,-34.01185450,41.90
140.61477339,-34.01183304,41.90
140.61477357,-34.01179380,41.96
140.61477392,-34.01171669,42.03
140.61477412,-34.01167169,44.92
140.61477415,-34.01166412,43.02
140.61477431,-34.01162975,42.14
140.61477469,-34.01154624,42.29
140.61477469,-34.01154462,42.32
140.61477476,-34.01152920,42.35
140.61477499,-34.01147986,45.26
140.61477516,-34.01144153,46.64
140.61477519,-34.01143387,42.65
140.61477539,-34.01139076,42.68
140.61477549,-34.01136767,42.75
140.61477556,-34.01135333,42.74
140.61477574,-34.01131374,42.87
140.61477638,-34.01117233,43.13
140.61477640,-34.01116538,43.21
140.61477661,-34.01112146,43.22
140.61477667,-34.01110802,43.59
140.61477692,-34.01105102,43.43
140.61477695,-34.01104597,43.44
140.61477698,-34.01103831,43.44
140.61477712,-34.01100773,43.47
140.61477724,-34.01098158,43.55
140.61477737,-34.01095128,43.64
140.61477744,-34.01093522,49.04
140.61477753,-34.01091782,43.81
140.61477757,-34.01090817,44.60
140.61477767,-34.01088589,47.65
140.61477781,-34.01085586,49.55
140.61477798,-34.01081762,43.96
140.61477798,-34.01081573,48.58
140.61477815,-34.01077875,43.99
140.61477819,-34.01076955,44.11
140.61477820,-34.01076811,50.77
140.61477827,-34.01075341,51.71
140.61477829,-34.01074917,51.55
140.61477841,-34.01072139,44.17
140.61477843,-34.01071661,44.18
140.61477857,-34.01068604,52.06
140.61477877,-34.01064103,44.36
140.61477886,-34.01062200,49.39
140.61477898,-34.01059522,44.35
140.61477899,-34.01059323,44.34
140.61477903,-34.01058521,46.23
140.61477911,-34.01056762,44.41
140.61477917,-34.01055328,47.99
140.61477919,-34.01054958,50.06
140.61477925,-34.01053624,44.43
140.61477928,-34.01052812,48.28
140.61477931,-34.01052244,50.99
140.61477943,-34.01049484,44.64
140.61477945,-34.01049186,50.67
140.61477950,-34.01048041,44.46
140.61477954,-34.01047184,46.64
140.61477961,-34.01045642,51.55
140.61477961,-34.01045624,44.43
140.61477968,-34.01044163,45.19
140.61477969,-34.01043739,49.45
140.61477974,-34.01042846,48.62
140.61477975,-34.01042549,44.34
140.61477982,-34.01041006,44.38
140.61478001,-34.01036768,44.33
140.61478003,-34.01036281,47.74
140.61478022,-34.01032060,44.19
140.61478036,-34.01028930,44.28
140.61478044,-34.01027307,44.37
140.61478053,-34.01025314,47.06
140.61478058,-34.01023997,44.15
140.61478065,-34.01022617,44.33
140.61478074,-34.01020498,44.09
140.61478083,-34.01018640,46.10
140.61478088,-34.01017531,43.95
140.61478091,-34.01016927,43.94
140.61478110,-34.01012598,44.12
140.61478116,-34.01011281,43.84
140.61478130,-34.01008223,43.88
140.61478131,-34.01008016,43.86
140.61478131,-34.01007809,43.95
140.61478141,-34.01005752,44.07
140.61478147,-34.01004472,46.85
140.61478153,-34.01003164,43.75
140.61478161,-34.01001360,43.68
140.61478165,-34.01000386,48.55
140.61478173,-34.00998718,49.06
140.61478173,-34.00998591,43.66
140.61478178,-34.00997627,49.18
140.61478185,-34.00995967,43.60
140.61478186,-34.00995904,45.73
140.61478214,-34.00989501,47.10
140.61478216,-34.00989239,46.28
140.61478219,-34.00988500,43.69
140.61478219,-34.00988491,46.22
140.61478219,-34.00988436,45.28
140.61478231,-34.00985920,45.34
140.61478233,-34.00985424,45.04
140.61478234,-34.00985235,45.30
140.61478244,-34.00983043,45.46
140.61478254,-34.00980753,43.40
140.61478257,-34.00980004,43.39
140.61478263,-34.00978660,43.43
140.61478279,-34.00975197,43.32
140.61478283,-34.00974214,43.30
140.61478313,-34.00967721,46.27
140.61478314,-34.00967441,46.04
140.61478332,-34.00963563,43.16
140.61478332,-34.00963419,43.14
140.61478334,-34.00963013,43.17
140.61478355,-34.00958260,46.08
140.61478362,-34.00956709,46.36
140.61478364,-34.00956456,43.16
140.61478369,-34.00955284,47.88
140.61478370,-34.00955085,43.17
140.61478377,-34.00953480,48.75
140.61478381,-34.00952668,47.25
140.61478381,-34.00952560,46.19
140.61478383,-34.00952100,43.31
140.61478398,-34.00948790,43.11
140.61478419,-34.00944227,43.10
140.61478424,-34.00943136,44.99
140.61478424,-34.00942982,44.28
140.61478425,-34.00942847,44.78
140.61478452,-34.00936904,46.80
140.61478467,-34.00933630,42.97
140.61478477,-34.00931294,42.95
140.61478483,-34.00930058,42.89
140.61478483,-34.00930040,42.94
140.61478492,-34.00927921,43.05
140.61478534,-34.00918776,42.90
140.61478565,-34.00911922,42.67
140.61478594,-34.00905356,42.42
140.61478622,-34.00899214,42.37
140.61478644,-34.00894344,42.09
140.61478660,-34.00890665,41.86
140.61478671,-34.00888401,41.78
140.61478678,-34.00886805,41.71
140.61478705,-34.00880879,41.68
140.61478712,-34.00879301,44.36
140.61478718,-34.00878002,44.23
140.61478732,-34.00874774,43.48
140.61478745,-34.00871978,41.23
140.61478760,-34.00868659,45.98
140.61478762,-34.00868289,41.23
140.61478764,-34.00867766,41.35
140.61478770,-34.00866423,41.13
140.61478771,-34.00866296,41.00
140.61478783,-34.00863573,41.01
140.61478788,-34.00862553,42.94
140.61478793,-34.00861246,42.80
140.61478797,-34.00860524,40.93
140.61478798,-34.00860200,42.12
140.61478819,-34.00855618,40.70
140.61478829,-34.00853418,40.67
140.61478838,-34.00851325,40.73
140.61478849,-34.00848926,47.95
140.61478851,-34.00848466,40.48
140.61478859,-34.00846852,45.15
140.61478860,-34.00846554,40.52
140.61478869,-34.00844615,46.72
140.61478872,-34.00843840,46.12
140.61478884,-34.00841170,40.24
140.61478910,-34.00835362,40.03
140.61478925,-34.00832169,39.83
140.61478944,-34.00828039,39.77
140.61478944,-34.00827867,39.82
140.61478963,-34.00823809,39.74
140.61478964,-34.00823575,43.97
140.61479010,-34.00813239,39.70
140.61479039,-34.00806926,45.16
140.61479046,-34.00805330,39.80
140.61479061,-34.00802047,42.45
140.61479065,-34.00801190,39.79
140.61479065,-34.00801163,39.75
140.61479065,-34.00801136,46.17
140.61479089,-34.00795752,45.84
140.61479106,-34.00791991,39.79
140.61479134,-34.00785849,39.85
140.61479153,-34.00781746,39.91
140.61479162,-34.00779771,40.03
140.61479179,-34.00775938,40.06
140.61479191,-34.00773115,44.96
140.61479202,-34.00770824,42.96
140.61479215,-34.00767956,40.33
140.61479219,-34.00767045,40.45
140.61479253,-34.00759542,40.60
140.61479280,-34.00753562,40.88
140.61479284,-34.00752489,41.91
140.61479290,-34.00751389,43.70
140.61479305,-34.00748034,40.93
140.61479306,-34.00747628,41.03
140.61479335,-34.00741189,44.45
140.61479343,-34.00739475,41.32
140.61479345,-34.00739160,41.09
140.61479348,-34.00738501,44.37
140.61479373,-34.00732982,44.37
140.61479388,-34.00729537,40.92
140.61479402,-34.00726515,40.62
140.61479405,-34.00725875,40.56
140.61479413,-34.00724044,40.76
140.61479425,-34.00721402,40.44
140.61479429,-34.00720518,40.69
140.61479448,-34.00716225,43.65
140.61479460,-34.00713574,40.59
140.61479491,-34.00706782,40.09
140.61479493,-34.00706340,40.34
140.61479509,-34.00702859,40.16
140.61479514,-34.00701678,41.81
140.61479519,-34.00700605,43.15
140.61479521,-34.00700199,43.32
140.61479530,-34.00698125,39.97
140.61479541,-34.00695671,39.89
140.61479542,-34.00695527,44.64
140.61479545,-34.00694733,44.62
140.61479549,-34.00693895,39.90
140.61479553,-34.00693020,39.87
140.61479557,-34.00692091,39.92
140.61479571,-34.00689160,39.67
140.61479595,-34.00683667,39.56
140.61479597,-34.00683252,39.57
140.61479642,-34.00673242,39.33
140.61479660,-34.00669346,39.37
140.61479663,-34.00668760,39.25
140.61479663,-34.00668615,39.29
140.61479670,-34.00667037,39.15
140.61479678,-34.00665404,39.16
140.61479691,-34.00662609,42.98
140.61479691,-34.00662438,39.24
140.61479695,-34.00661490,41.17
140.61479696,-34.00661229,41.34
140.61479698,-34.00660985,41.62
140.61479714,-34.00657378,39.05
140.61479729,-34.00654023,38.90
140.61479738,-34.00652066,38.91
140.61479744,-34.00650803,38.96
140.61479752,-34.00648936,38.94
140.61479781,-34.00642650,38.81
140.61479785,-34.00641595,39.03
140.61479789,-34.00640784,38.77
140.61479790,-34.00640477,38.77
140.61479822,-34.00633397,38.80
140.61479826,-34.00632486,38.66
140.61479828,-34.00632180,38.65
140.61479835,-34.00630457,44.16
140.61479838,-34.00629916,38.96
140.61479841,-34.00629194,44.41
140.61479852,-34.00626895,38.71
140.61479857,-34.00625794,38.65
140.61479866,-34.00623702,38.62
140.61479873,-34.00622070,38.67
140.61479874,-34.00621970,38.61
140.61479875,-34.00621745,38.73
140.61479920,-34.00611824,38.61
140.61479923,-34.00610986,42.23
140.61479937,-34.00607992,38.89
140.61479938,-34.00607883,38.72
140.61479942,-34.00606819,38.74
140.61479957,-34.00603554,42.13
140.61479957,-34.00603518,39.79
140.61479958,-34.00603284,43.69
140.61479960,-34.00602833,41.28
140.61479967,-34.00601390,41.37
140.61479968,-34.00601047,38.64
140.61479969,-34.00600957,38.57
140.61479973,-34.00600037,38.59
140.61479979,-34.00598675,38.57
140.61479989,-34.00596429,38.55
140.61479991,-34.00596096,38.63
140.61479995,-34.00595122,38.53
140.61480008,-34.00592245,38.79
140.61480013,-34.00591054,38.65
140.61480024,-34.00588610,38.60
140.61480029,-34.00587699,38.64
140.61480035,-34.00586329,38.64
140.61480038,-34.00585715,38.57
140.61480053,-34.00582405,38.62
140.61480060,-34.00580674,38.76
140.61480069,-34.00578708,38.63
140.61480074,-34.00577662,38.58
140.61480088,-34.00574577,38.58
140.61480088,-34.00574478,43.18
140.61480088,-34.00574442,38.59
140.61480097,-34.00572566,38.57
140.61480099,-34.00572070,38.64
140.61480106,-34.00570474,39.58
140.61480110,-34.00569581,38.69
140.61480116,-34.00568318,38.68
140.61480127,-34.00565802,38.89
140.61480143,-34.00562375,38.78
140.61480177,-34.00554871,38.97
140.61480214,-34.00546583,43.08
140.61480217,-34.00546105,41.26
140.61480229,-34.00543364,42.91
140.61480240,-34.00540856,40.99
140.61480253,-34.00538051,43.91
140.61480254,-34.00537844,39.84
140.61480257,-34.00537041,39.87
140.61480265,-34.00535454,39.90
140.61480269,-34.00534327,40.31
140.61480298,-34.00528050,40.46
140.61480306,-34.00526345,40.62
140.61480314,-34.00524460,40.76
140.61480320,-34.00523098,40.87
140.61480323,-34.00522422,44.99
140.61480327,-34.00521682,40.93
140.61480343,-34.00518129,43.88
140.61480398,-34.00505846,41.85
140.61480416,-34.00501850,41.89
140.61480424,-34.00500164,42.00
140.61480424,-34.00500047,41.91
140.61480430,-34.00498793,41.86
140.61480442,-34.00496096,41.80
140.61480443,-34.00495817,42.02
140.61480473,-34.00489341,41.53
140.61480487,-34.00486284,41.43
140.61480511,-34.00480828,41.57
140.61480526,-34.00477545,41.06
140.61480534,-34.00475696,41.17
140.61480535,-34.00475480,41.01
140.61480537,-34.00475065,40.97
140.61480548,-34.00472711,41.03
140.61480553,-34.00471610,40.83
140.61480559,-34.00470249,40.80
140.61480584,-34.00464738,40.76
140.61480586,-34.00464296,40.75
140.61480611,-34.00458795,40.48
140.61480619,-34.00456865,40.39
140.61480629,-34.00454719,40.36
140.61480634,-34.00453663,40.46
140.61480658,-34.00448324,40.32
140.61480661,-34.00447720,40.70
140.61480668,-34.00446088,46.36
140.61480671,-34.00445519,42.77
140.61480676,-34.00444329,40.27
140.61480677,-34.00444158,45.29
140.61480690,-34.00441172,44.82
140.61480703,-34.00438232,40.27
140.61480716,-34.00435319,40.23
140.61480721,-34.00434435,40.46
140.61480729,-34.00432623,40.23
140.61480765,-34.00424668,45.17
140.61480770,-34.00423559,40.23
140.61480784,-34.00420357,42.65
140.61480787,-34.00419699,40.06
140.61480794,-34.00418166,40.10
140.61480846,-34.00406613,39.92
140.61480860,-34.00403492,39.87
140.61480870,-34.00401337,39.93
140.61480901,-34.00394492,45.11
140.61480909,-34.00392652,40.08
140.61480910,-34.00392507,41.15
140.61480912,-34.00392030,40.13
140.61480921,-34.00389946,41.21
140.61480942,-34.00385329,40.31
140.61480985,-34.00375823,45.64
140.61480988,-34.00375192,40.59
140.61480997,-34.00373270,40.55
140.61481010,-34.00370222,43.00
140.61481012,-34.00369789,43.16
140.61481015,-34.00369185,40.67
140.61481019,-34.00368419,43.30
140.61481049,-34.00361682,42.73
140.61481064,-34.00358245,41.27
140.61481074,-34.00356081,41.17
140.61481085,-34.00353808,41.54
140.61481099,-34.00350516,41.51
140.61481117,-34.00346737,44.58
140.61481143,-34.00340758,42.02
140.61481161,-34.00336961,42.27
140.61481174,-34.00333904,42.62
140.61481187,-34.00331189,45.09
140.61481187,-34.00331099,42.90
140.61481199,-34.00328529,43.13
140.61481201,-34.00328051,43.07
140.61481225,-34.00322612,43.60
140.61481229,-34.00321891,44.95
140.61481235,-34.00320565,47.85
140.61481261,-34.00314811,47.00
140.61481298,-34.00306478,45.03
140.61481302,-34.00305648,45.04
140.61481307,-34.00304593,45.18
140.61481308,-34.00304332,45.14
140.61481321,-34.00301446,45.18
140.61481327,-34.00299993,46.36
140.61481329,-34.00299714,46.42
140.61481331,-34.00299272,46.51
140.61481343,-34.00296584,49.17
140.61481343,-34.00296503,49.60
140.61481368,-34.00290984,44.21
140.61481375,-34.00289514,44.02
140.61481399,-34.00284048,43.45
140.61481405,-34.00282768,43.28
140.61481420,-34.00279458,43.30
140.61481437,-34.00275634,42.98
140.61481445,-34.00273983,42.88
140.61481463,-34.00269916,42.44
140.61481479,-34.00266354,42.20
140.61481489,-34.00264180,42.07
140.61481496,-34.00262584,42.05
140.61481500,-34.00261808,44.44
140.61481516,-34.00258345,42.02
140.61481517,-34.00257939,46.21
140.61481524,-34.00256523,41.82
140.61481544,-34.00251969,41.58
140.61481547,-34.00251328,45.64
140.61481560,-34.00248533,41.49
140.61481568,-34.00246819,42.97
140.61481569,-34.00246422,41.57
140.61481578,-34.00244483,45.13
140.61481591,-34.00241624,41.34
140.61481599,-34.00239848,41.32
140.61481611,-34.00237241,41.27
140.61481636,-34.00231587,41.27
140.61481650,-34.00228647,41.35
140.61481657,-34.00227032,41.29
140.61481662,-34.00225968,43.78
140.61481663,-34.00225625,43.92
140.61481666,-34.00225093,44.81
140.61481677,-34.00222523,44.18
140.61481696,-34.00218275,44.95
140.61481727,-34.00211484,42.83
140.61481729,-34.00211078,42.88
140.61481739,-34.00208715,41.17
140.61481742,-34.00208147,41.20
140.61481746,-34.00207344,42.41
140.61481746,-34.00207209,43.64
140.61481754,-34.00205541,41.10
140.61481758,-34.00204720,41.10
140.61481764,-34.00203241,41.26
140.61481767,-34.00202709,41.17
140.61481773,-34.00201320,41.21
140.61481775,-34.00200806,41.10
140.61481829,-34.00188856,44.09
140.61481836,-34.00187458,41.21
140.61481843,-34.00185735,43.40
140.61481852,-34.00183914,44.80
140.61481878,-34.00178006,42.15
140.61481879,-34.00177745,41.18
140.61481884,-34.00176807,41.22
140.61481894,-34.00174408,43.55
140.61481899,-34.00173443,41.35
140.61481909,-34.00171161,44.81
140.61481912,-34.00170512,44.99
140.61481917,-34.00169466,46.54
140.61481920,-34.00168726,45.53
140.61481923,-34.00168158,41.51
140.61481931,-34.00166300,47.15
140.61481938,-34.00164650,41.37
140.61481941,-34.00164082,41.31
140.61481948,-34.00162431,41.33
140.61481953,-34.00161358,47.38
140.61481957,-34.00160519,48.84
140.61481957,-34.00160456,41.39
140.61481958,-34.00160348,48.99
140.61481964,-34.00158959,41.44
140.61481965,-34.00158761,41.44
140.61481966,-34.00158490,42.57
140.61481966,-34.00158454,45.16
140.61481969,-34.00157877,49.08
140.61481969,-34.00157859,41.47
140.61481971,-34.00157372,41.42
140.61481977,-34.00156037,47.64
140.61481983,-34.00154801,49.31
140.61481985,-34.00154332,47.01
140.61481986,-34.00153981,41.42
140.61482026,-34.00145223,41.60
140.61482030,-34.00144295,41.56
140.61482046,-34.00140831,41.53
140.61482055,-34.00138910,41.52
140.61482081,-34.00133084,41.57
140.61482083,-34.00132561,41.59
140.61482096,-34.00129774,41.67
140.61482105,-34.00127790,45.49
140.61482112,-34.00126293,43.37
140.61482115,-34.00125626,41.82
140.61482126,-34.00123046,44.86
140.61482152,-34.00117383,42.00
140.61482162,-34.00115263,48.36
140.61482167,-34.00114010,45.86
140.61482179,-34.00111439,49.35
140.61482186,-34.00109681,42.10
140.61482202,-34.00106127,42.18
140.61482207,-34.00105162,42.20
140.61482224,-34.00101384,42.31
140.61482244,-34.00096874,45.83
140.61482246,-34.00096405,45.07
140.61482254,-34.00094845,42.37
140.61482274,-34.00090299,42.46
140.61482277,-34.00089713,42.57
140.61482302,-34.00084013,42.59
140.61482393,-34.00063920,42.90
140.61482404,-34.00061620,43.11
140.61482405,-34.00061304,46.77
140.61482411,-34.00059861,43.06
140.61482422,-34.00057426,43.13
140.61482426,-34.00056579,43.21
140.61482435,-34.00054748,43.25
140.61482442,-34.00053169,47.02
140.61482452,-34.00050753,43.42
140.61482457,-34.00049679,47.33
140.61482474,-34.00045972,43.42
140.61482479,-34.00044863,47.47
140.61482485,-34.00043528,47.20
140.61482486,-34.00043312,47.19
140.61482500,-34.00040209,43.58
140.61482512,-34.00037468,46.88
140.61482514,-34.00037170,43.73
140.61482515,-34.00036963,46.58
140.61482535,-34.00032426,46.89
140.61482539,-34.00031714,43.89
140.61482540,-34.00031425,48.11
140.61482541,-34.00031146,47.50
140.61482552,-34.00028855,48.13
140.61482582,-34.00022109,44.13
140.61482604,-34.00017212,45.67
140.61482607,-34.00016644,44.37
140.61482613,-34.00015282,46.47
140.61482617,-34.00014380,47.16
140.61482622,-34.00013298,46.88
140.61482626,-34.00012315,44.62
140.61482629,-34.00011710,44.54
140.61482645,-34.00008040,44.69
140.61482647,-34.00007589,45.48
140.61482649,-34.00007273,44.77
140.61482654,-34.00006128,44.83
140.61482659,-34.00004982,44.90
140.61482662,-34.00004288,45.01
140.61482673,-34.00001943,45.07
140.61482673,-34.00001817,45.02
140.61482679,-34.00000581,45.35
140.61482680,-34.00000239,46.16
140.61482684,-33.99999490,48.27
140.61482686,-33.99998904,45.14
140.61482698,-33.99996397,45.26
140.61482714,-33.99992843,47.03
140.61482714,-33.99992816,48.25
140.61482716,-33.99992437,47.31
140.61482719,-33.99991698,45.43
140.61482724,-33.99990679,47.88
140.61482756,-33.99983590,45.90
140.61482758,-33.99983202,45.91
140.61482764,-33.99981822,45.98
140.61482765,-33.99981507,48.70
140.61482776,-33.99979171,46.03
140.61482795,-33.99974887,46.47
140.61482798,-33.99974256,50.34
140.61482799,-33.99974021,50.05
140.61482802,-33.99973471,46.75
140.61482810,-33.99971622,46.79
140.61482841,-33.99964606,47.35
140.61482844,-33.99963956,49.98
140.61482851,-33.99962576,49.59
140.61482853,-33.99962098,49.01
140.61482855,-33.99961566,47.60
140.61482856,-33.99961305,47.64
140.61482857,-33.99961133,47.74
140.61482857,-33.99961079,49.91
140.61482874,-33.99957409,48.02
140.61482892,-33.99953440,48.38
140.61482893,-33.99953179,48.41
140.61482897,-33.99952196,48.42
140.61482908,-33.99949797,50.10
140.61482944,-33.99941842,48.20
140.61482961,-33.99938154,51.91
140.61482961,-33.99938127,47.92
140.61482976,-33.99934817,47.42
140.61482996,-33.99930406,46.90
140.61483004,-33.99928594,46.68
140.61483006,-33.99928179,46.60
140.61483006,-33.99928071,46.60
140.61483013,-33.99926610,46.52
140.61483022,-33.99924517,46.25
140.61483022,-33.99924491,46.28
140.61483031,-33.99922624,46.14
140.61483034,-33.99922028,46.04
140.61483037,-33.99921307,46.01
140.61483044,-33.99919665,45.96
140.61483063,-33.99915445,45.36
140.61483074,-33.99913136,45.15
140.61483083,-33.99911089,44.98
140.61483089,-33.99909772,44.96
140.61483092,-33.99908951,44.74
140.61483097,-33.99907977,47.52
140.61483109,-33.99905290,47.56
140.61483117,-33.99903441,45.04
140.61483119,-33.99903026,45.27
140.61483120,-33.99902818,47.89
140.61483141,-33.99898210,43.78
140.61483164,-33.99893249,43.42
140.61483171,-33.99891464,43.34
140.61483191,-33.99887099,43.05
140.61483195,-33.99886368,42.95
140.61483205,-33.99884123,42.76
140.61483206,-33.99883753,42.76
140.61483208,-33.99883320,42.77
140.61483219,-33.99880885,42.70
140.61483219,-33.99880804,42.72
140.61483223,-33.99880091,42.72
140.61483227,-33.99879090,42.65
140.61483228,-33.99878874,42.64
140.61483235,-33.99877359,45.81
140.61483238,-33.99876781,42.52
140.61483239,-33.99876448,45.89
140.61483252,-33.99873652,42.37
140.61483259,-33.99871956,45.95
140.61483260,-33.99871722,44.43
140.61483271,-33.99869422,42.06
140.61483283,-33.99866789,41.98
140.61483289,-33.99865436,46.02
140.61483297,-33.99863677,45.00
140.61483298,-33.99863406,44.84
140.61483308,-33.99861179,42.77
140.61483309,-33.99861080,41.94
140.61483311,-33.99860593,41.92
140.61483319,-33.99858906,41.95
140.61483328,-33.99856760,41.94
140.61483361,-33.99849427,41.61
140.61483369,-33.99847696,41.54
140.61483401,-33.99840526,41.47
140.61483409,-33.99838713,41.41
140.61483449,-33.99830028,41.37
140.61483455,-33.99828612,41.30
140.61483465,-33.99826331,41.24
140.61483519,-33.99814516,41.02
140.61483525,-33.99813028,41.02
140.61483537,-33.99810485,41.01
140.61483585,-33.99799933,40.89
140.61483585,-33.99799743,40.89
140.61483599,-33.99796758,40.91
140.61483612,-33.99793926,40.88
140.61483656,-33.99784042,40.79
140.61483667,-33.99781742,41.72
140.61483676,-33.99779596,40.83
140.61483707,-33.99772805,40.92
140.61483710,-33.99772191,40.76
140.61483712,-33.99771812,44.81
140.61483747,-33.99764011,40.80
140.61483772,-33.99758474,42.05
140.61483790,-33.99754334,45.24
140.61483800,-33.99752107,45.40
140.61483813,-33.99749365,40.68
140.61483852,-33.99740608,40.77
140.61483892,-33.99731851,40.83
140.61483918,-33.99726142,44.59
140.61483919,-33.99725916,42.86
140.61483921,-33.99725348,44.87
140.61483925,-33.99724590,44.52
140.61483935,-33.99722345,45.60
140.61483938,-33.99721677,45.68
140.61483938,-33.99721506,41.00
140.61483953,-33.99718368,45.27
140.61483955,-33.99717799,45.28
140.61483957,-33.99717430,44.96
140.61483959,-33.99716888,41.05
140.61483981,-33.99712154,45.29
140.61483982,-33.99711757,44.93
140.61483985,-33.99711207,45.27
140.61484008,-33.99706084,44.34
140.61484013,-33.99704911,43.99
140.61484018,-33.99703865,41.14
140.61484041,-33.99698914,44.59
140.61484065,-33.99693368,45.83
140.61484077,-33.99690770,41.57
140.61484083,-33.99689607,41.67
140.61484089,-33.99688065,41.65
140.61484094,-33.99687090,41.61
140.61484104,-33.99684872,41.62
140.61484117,-33.99681896,41.72
140.61484118,-33.99681752,41.74
140.61484139,-33.99677017,41.98
140.61484152,-33.99674239,42.95
140.61484169,-33.99670532,42.31
140.61484170,-33.99670235,44.85
140.61484172,-33.99669838,42.33
140.61484187,-33.99666510,42.53
140.61484192,-33.99665419,42.60
140.61484201,-33.99663407,42.86
140.61484204,-33.99662677,45.29
140.61484204,-33.99662659,42.95
140.61484208,-33.99661721,43.08
140.61484210,-33.99661405,45.20
140.61484211,-33.99661198,45.12
140.61484226,-33.99657825,43.25
140.61484239,-33.99654930,46.54
140.61484256,-33.99651205,43.76
140.61484258,-33.99650808,44.00
140.61484283,-33.99645081,44.25
140.61484310,-33.99639210,45.51
140.61484315,-33.99638020,45.00
140.61484325,-33.99635954,44.91
140.61484335,-33.99633573,45.23
140.61484339,-33.99632708,45.20
140.61484419,-33.99614941,45.58
140.61484441,-33.99610152,45.28
140.61484448,-33.99608691,45.17
140.61484451,-33.99608023,45.14
140.61484489,-33.99599537,44.37
140.61484492,-33.99598761,47.67
140.61484494,-33.99598509,48.09
140.61484498,-33.99597616,48.09
140.61484501,-33.99596930,44.17
140.61484502,-33.99596615,44.16
140.61484511,-33.99594721,46.64
140.61484537,-33.99588804,43.55
140.61484538,-33.99588678,46.88
140.61484580,-33.99579299,43.34
140.61484587,-33.99577829,45.28
140.61484595,-33.99576043,42.84
140.61484631,-33.99567953,42.33
140.61484635,-33.99567259,42.54
140.61484635,-33.99567232,44.13
140.61484643,-33.99565536,42.25
140.61484667,-33.99560107,42.08
140.61484669,-33.99559656,44.31
140.61484669,-33.99559593,42.09
140.61484673,-33.99558664,44.51
140.61484675,-33.99558285,42.19
140.61484679,-33.99557338,42.09
140.61484685,-33.99556112,42.04
140.61484691,-33.99554687,42.01
140.61484692,-33.99554642,42.02
140.61484706,-33.99551566,41.98
140.61484708,-33.99550980,42.01
140.61484714,-33.99549537,42.03
140.61484722,-33.99547950,45.17
140.61484729,-33.99546281,42.14
140.61484734,-33.99545253,45.31
140.61484741,-33.99543639,42.13
140.61484742,-33.99543576,45.68
140.61484763,-33.99538922,42.28
140.61484771,-33.99537073,45.62
140.61484772,-33.99536830,45.30
140.61484773,-33.99536532,45.33
140.61484774,-33.99536397,42.42
140.61484781,-33.99534764,44.71
140.61484786,-33.99533637,42.15
140.61484849,-33.99519694,42.26
140.61484864,-33.99516484,47.22
140.61484865,-33.99516303,42.33
140.61484882,-33.99512308,42.31
140.61484909,-33.99506545,42.24
140.61484920,-33.99503938,42.73
140.61484934,-33.99500899,42.25
140.61484935,-33.99500601,42.22
140.61484938,-33.99500051,42.21
140.61484961,-33.99494902,42.15
140.61484961,-33.99494848,45.83
140.61484966,-33.99493810,42.22
140.61484990,-33.99488543,42.03
140.61485004,-33.99485432,41.97
140.61485052,-33.99474808,45.23
140.61485080,-33.99468675,44.87
140.61485081,-33.99468450,44.89
140.61485091,-33.99466150,41.70
140.61485103,-33.99463571,41.61
140.61485129,-33.99457645,41.40
140.61485135,-33.99456265,41.38
140.61485141,-33.99454958,41.37
140.61485157,-33.99451449,41.33
140.61485190,-33.99444207,41.37
140.61485206,-33.99440618,44.01
140.61485214,-33.99438895,41.20
140.61485242,-33.99432699,41.14
140.61485251,-33.99430670,42.72
140.61485303,-33.99419018,41.13
140.61485309,-33.99417737,41.13
140.61485313,-33.99416836,42.97
140.61485317,-33.99415952,41.27
140.61485334,-33.99412335,41.46
140.61485335,-33.99412011,42.88
140.61485338,-33.99411451,41.27
140.61485340,-33.99410892,41.25
140.61485351,-33.99408376,44.99
140.61485358,-33.99406870,41.30
140.61485369,-33.99404525,41.23
140.61485369,-33.99404435,42.92
140.61485379,-33.99402369,41.22
140.61485401,-33.99397355,41.24
140.61485409,-33.99395632,41.30
140.61485423,-33.99392584,45.83
140.61485435,-33.99389779,41.36
140.61485474,-33.99381302,41.66
140.61485495,-33.99376612,41.55
140.61485505,-33.99374366,41.56
140.61485509,-33.99373582,41.63
140.61485518,-33.99371489,41.60
140.61485541,-33.99366322,41.75
140.61485549,-33.99364536,41.83
140.61485585,-33.99356626,44.77
140.61485593,-33.99354904,41.98
140.61485599,-33.99353452,42.06
140.61485610,-33.99351071,42.03
140.61485619,-33.99349240,42.06
140.61485620,-33.99348961,42.15
140.61485623,-33.99348149,43.08
140.61485625,-33.99347833,42.97
140.61485625,-33.99347743,42.17
140.61485632,-33.99346210,45.16
140.61485649,-33.99342512,42.30
140.61485659,-33.99340320,42.30
140.61485670,-33.99337795,42.38
140.61485694,-33.99332555,43.57
140.61485709,-33.99329246,42.62
140.61485712,-33.99328452,42.66
140.61485733,-33.99323970,42.86
140.61485744,-33.99321364,42.94
140.61485780,-33.99313337,43.25
140.61485784,-33.99312597,46.81
140.61485799,-33.99309161,43.47
140.61485815,-33.99305770,43.61
140.61485820,-33.99304607,43.67
140.61485845,-33.99298916,43.91
140.61485877,-33.99291881,44.20
140.61485879,-33.99291385,44.27
140.61485883,-33.99290700,44.29
140.61485883,-33.99290546,44.32
140.61485896,-33.99287769,46.77
140.61485901,-33.99286605,47.62
140.61485902,-33.99286353,44.63
140.61485915,-33.99283413,44.85
140.61485930,-33.99280202,45.83
140.61485933,-33.99279634,45.08
140.61485942,-33.99277532,45.23
140.61485949,-33.99276062,45.43
140.61485980,-33.99269001,49.04
140.61485984,-33.99268117,46.09
140.61485985,-33.99267954,49.36
140.61485990,-33.99266800,48.75
140.61485996,-33.99265519,46.52
140.61486000,-33.99264662,46.32
140.61486000,-33.99264537,46.33
140.61486010,-33.99262336,46.58
140.61486020,-33.99260315,46.73
140.61486023,-33.99259603,46.82
140.61486029,-33.99258322,50.65
140.61486036,-33.99256699,47.15
140.61486042,-33.99255292,49.33
140.61486044,-33.99254931,47.33
140.61486062,-33.99250837,47.73
140.61486076,-33.99247789,48.13
140.61486078,-33.99247464,52.06
140.61486097,-33.99243216,48.65
140.61486098,-33.99242937,48.68
140.61486102,-33.99241908,48.78
140.61486113,-33.99239654,49.18
140.61486155,-33.99230283,50.43
140.61486175,-33.99225909,50.88
140.61486189,-33.99222816,51.03
140.61486195,-33.99221526,50.75
140.61486211,-33.99217928,50.83
140.61486233,-33.99212976,50.03
140.61486240,-33.99211542,49.95
140.61486247,-33.99210036,49.70
140.61486253,-33.99208611,49.59
140.61486282,-33.99202226,48.91
140.61486285,-33.99201559,48.84
140.61486291,-33.99200179,52.11
140.61486303,-33.99197599,48.59
140.61486310,-33.99195994,52.21
140.61486322,-33.99193324,48.20
140.61486323,-33.99193171,48.22
140.61486360,-33.99184901,47.56
140.61486360,-33.99184847,50.52
140.61486379,-33.99180707,47.26
140.61486386,-33.99179138,47.17
140.61486399,-33.99176117,46.97
140.61486408,-33.99174313,46.90
140.61486417,-33.99172329,46.76
140.61486427,-33.99169993,46.62
140.61486447,-33.99165475,46.37
140.61486452,-33.99164573,46.36
140.61486468,-33.99160893,46.11
140.61486478,-33.99158675,46.11
140.61486482,-33.99157800,46.05
140.61486495,-33.99154905,47.46
140.61486501,-33.99153579,46.99
140.61486502,-33.99153435,45.98
140.61486521,-33.99149232,48.81
140.61486528,-33.99147581,45.64
140.61486535,-33.99145967,45.59
140.61486541,-33.99144650,45.57
140.61486559,-33.99140746,45.56
140.61486583,-33.99135316,45.25
140.61486601,-33.99131456,45.15
140.61486612,-33.99128967,48.11
140.61486614,-33.99128489,48.12
140.61486622,-33.99126757,44.98
140.61486634,-33.99124232,44.89
140.61486642,-33.99122365,44.86
140.61486692,-33.99111227,44.97
140.61486698,-33.99109955,44.56
140.61486712,-33.99106943,44.49
140.61486715,-33.99106095,48.86
140.61486720,-33.99105148,44.62
140.61486720,-33.99105049,44.44
140.61486750,-33.99098529,44.11
140.61486763,-33.99095462,44.05
140.61486778,-33.99092306,43.96
140.61486783,-33.99091025,43.98
140.61486810,-33.99085217,43.88
140.61486811,-33.99084956,43.86
140.61486814,-33.99084279,47.48
140.61486815,-33.99083990,47.58
140.61486818,-33.99083440,47.22
140.61486820,-33.99083034,43.75
140.61486826,-33.99081592,43.59
140.61486836,-33.99079283,43.61
140.61486840,-33.99078354,43.62
140.61486843,-33.99077849,46.17
140.61486849,-33.99076514,46.58
140.61486867,-33.99072401,43.57
140.61486873,-33.99071202,43.46
140.61486875,-33.99070589,43.44
140.61486914,-33.99062120,43.24
140.61486923,-33.99060109,43.23
140.61486930,-33.99058648,43.14
140.61486937,-33.99057024,43.12
140.61486939,-33.99056456,43.12
140.61486943,-33.99055753,43.09
140.61486953,-33.99053516,43.07
140.61486967,-33.99050368,45.40
140.61486973,-33.99049061,42.95
140.61486976,-33.99048321,42.90
140.61486984,-33.99046707,42.92
140.61486989,-33.99045345,45.40
140.61487011,-33.99040656,42.91
140.61487018,-33.99039059,42.83
140.61487043,-33.99033558,42.70
140.61487046,-33.99032746,44.48
140.61487059,-33.99029869,42.74
140.61487062,-33.99029346,42.69
140.61487079,-33.99025648,42.72
140.61487083,-33.99024674,42.68
140.61487102,-33.99020472,42.71
140.61487105,-33.99019822,42.72
140.61487138,-33.99012427,42.64
140.61487174,-33.99004535,42.70
140.61487182,-33.99002741,42.72
140.61487212,-33.98996157,42.87
140.61487216,-33.98995147,46.22
140.61487227,-33.98992658,45.30
140.61487240,-33.98989799,43.95
140.61487242,-33.98989411,43.00
140.61487244,-33.98989023,43.03
140.61487269,-33.98983431,43.03
140.61487270,-33.98983197,43.04
140.61487289,-33.98978850,43.11
140.61487348,-33.98965818,43.22
140.61487352,-33.98964934,45.78
140.61487353,-33.98964699,45.86
140.61487357,-33.98963834,43.30
140.61487357,-33.98963816,46.18
140.61487361,-33.98962950,43.29
140.61487371,-33.98960695,43.37
140.61487372,-33.98960659,43.34
140.61487383,-33.98958134,43.36
140.61487397,-33.98955122,43.45
140.61487400,-33.98954283,43.47
140.61487402,-33.98953859,43.49
140.61487407,-33.98952741,43.48
140.61487425,-33.98948854,43.45
140.61487426,-33.98948601,43.43
140.61487428,-33.98948114,43.46
140.61487439,-33.98945670,43.49
140.61487439,-33.98945643,44.77
140.61487444,-33.98944543,45.09
140.61487450,-33.98943289,43.48
140.61487453,-33.98942676,45.23
140.61487457,-33.98941720,43.53
140.61487474,-33.98937923,43.62
140.61487483,-33.98936020,46.37
140.61487491,-33.98934117,43.69
140.61487499,-33.98932295,43.62
140.61487524,-33.98926848,46.07
140.61487540,-33.98923196,44.12
140.61487551,-33.98920842,43.85
140.61487556,-33.98919831,45.66
140.61487562,-33.98918325,44.04
140.61487567,-33.98917334,44.40
140.61487571,-33.98916332,46.27
140.61487572,-33.98916269,43.96
140.61487574,-33.98915782,46.16
140.61487578,-33.98914988,45.36
140.61487587,-33.98912815,44.02
140.61487609,-33.98907954,43.99
140.61487631,-33.98903147,44.30
140.61487657,-33.98897465,44.27
140.61487667,-33.98895084,44.28
140.61487673,-33.98893939,48.58
140.61487687,-33.98890719,44.38
140.61487705,-33.98886832,44.49
140.61487708,-33.98886011,44.47
140.61487711,-33.98885407,44.47
140.61487717,-33.98883955,47.77
140.61487724,-33.98882629,44.70
140.61487745,-33.98877858,44.56
140.61487756,-33.98875496,47.65
140.61487761,-33.98874314,45.63
140.61487764,-33.98873637,44.79
140.61487773,-33.98871680,44.78
140.61487777,-33.98870896,44.79
140.61487810,-33.98863537,47.39
140.61487816,-33.98862175,45.32
140.61487818,-33.98861778,47.62
140.61487821,-33.98861120,48.50
140.61487822,-33.98860885,45.17
140.61487823,-33.98860569,45.29
140.61487823,-33.98860506,45.12
140.61487834,-33.98858107,45.25
140.61487848,-33.98855014,45.28
140.61487849,-33.98854933,47.67
140.61487850,-33.98854572,45.29
140.61487868,-33.98850568,48.08
140.61487871,-33.98849927,45.39
140.61487880,-33.98847961,45.48
140.61487892,-33.98845346,48.39
140.61487901,-33.98843344,45.56
140.61487901,-33.98843271,48.99
140.61487908,-33.98841738,45.63
140.61487923,-33.98838510,47.34
140.61487924,-33.98838239,45.70
140.61487925,-33.98838031,48.44
140.61487925,-33.98837951,45.71
140.61487928,-33.98837382,45.76
140.61487930,-33.98836904,45.95
140.61487933,-33.98836192,45.97
140.61487941,-33.98834379,45.92
140.61487959,-33.98830456,48.49
140.61487968,-33.98828318,46.46
140.61487972,-33.98827534,46.00
140.61487976,-33.98826596,46.03
140.61488023,-33.98816351,46.54
140.61488026,-33.98815593,46.37
140.61488049,-33.98810398,46.40
140.61488092,-33.98800992,46.69
140.61488146,-33.98788960,46.87
140.61488157,-33.98786508,47.13
140.61488170,-33.98783766,50.38
140.61488174,-33.98782864,50.01
140.61488177,-33.98782133,47.38
140.61488189,-33.98779428,47.30
140.61488196,-33.98777850,50.30
140.61488223,-33.98772015,47.47
140.61488228,-33.98770860,47.48
140.61488251,-33.98765728,47.68
140.61488261,-33.98763519,47.49
140.61488261,-33.98763411,47.49
140.61488266,-33.98762401,48.74
140.61488275,-33.98760425,47.60
140.61488286,-33.98757900,47.56
140.61488302,-33.98754374,47.67
140.61488315,-33.98751650,47.64
140.61488348,-33.98744138,47.53
140.61488355,-33.98742632,47.61
140.61488365,-33.98740494,47.59
140.61488376,-33.98737924,47.62
140.61488385,-33.98736066,47.58
140.61488386,-33.98735786,47.59
140.61488387,-33.98735507,47.60
140.61488390,-33.98734966,51.12
140.61488390,-33.98734912,51.07
140.61488392,-33.98734415,47.76
140.61488395,-33.98733865,47.87
140.61488396,-33.98733577,47.86
140.61488416,-33.98729148,47.64
140.61488440,-33.98723728,47.67
140.61488445,-33.98722619,50.22
140.61488454,-33.98720689,50.38
140.61488492,-33.98712401,47.57
140.61488504,-33.98709632,50.38
140.61488509,-33.98708559,47.51
140.61488529,-33.98704112,47.54
140.61488556,-33.98698025,47.31
140.61488558,-33.98697718,47.30
140.61488559,-33.98697430,47.29
140.61488560,-33.98697132,47.30
140.61488567,-33.98695671,47.39
140.61488582,-33.98692325,47.36
140.61488586,-33.98691486,47.48
140.61488591,-33.98690404,47.32
140.61488603,-33.98687608,47.42
140.61488608,-33.98686517,47.15
140.61488667,-33.98673403,48.97
140.61488668,-33.98673196,46.71
140.61488704,-33.98665242,47.60
140.61488705,-33.98664971,49.52
140.61488707,-33.98664628,49.52
140.61488708,-33.98664394,46.28
140.61488709,-33.98664078,46.27
140.61488711,-33.98663772,46.31
140.61488712,-33.98663546,46.34
140.61488712,-33.98663429,46.27
140.61488714,-33.98663131,46.32
140.61488714,-33.98662996,49.63
140.61488716,-33.98662680,49.62
140.61488724,-33.98660850,46.10
140.61488726,-33.98660443,46.07
140.61488736,-33.98658225,45.89
140.61488745,-33.98656151,49.28
140.61488760,-33.98652796,48.95
140.61488766,-33.98651515,45.58
140.61488769,-33.98650766,48.94
140.61488785,-33.98647402,45.37
140.61488799,-33.98644246,45.08
140.61488803,-33.98643299,45.26
140.61488836,-33.98635903,48.37
140.61488862,-33.98630267,44.38
140.61488870,-33.98628517,47.95
140.61488876,-33.98627237,44.48
140.61488877,-33.98626912,47.26
140.61488888,-33.98624630,45.91
140.61488890,-33.98624035,44.23
140.61488904,-33.98620897,44.06
140.61488919,-33.98617569,43.78
140.61488925,-33.98616360,43.73
140.61488951,-33.98610543,43.59
140.61488958,-33.98609046,46.85
140.61488961,-33.98608388,43.59
140.61488965,-33.98607486,46.71
140.61488969,-33.98606476,43.45
140.61489038,-33.98591189,44.17
140.61489087,-33.98580402,42.97
140.61489135,-33.98569670,43.21
140.61489136,-33.98569580,43.08
140.61489143,-33.98567866,43.19
140.61489150,-33.98566415,44.54
140.61489153,-33.98565630,43.49
140.61489158,-33.98564629,43.28
140.61489158,-33.98564556,46.24
140.61489186,-33.98558442,46.35
140.61489194,-33.98556719,46.90
140.61489196,-33.98556169,46.73
140.61489200,-33.98555285,43.63
140.61489209,-33.98553319,43.68
140.61489235,-33.98547619,44.02
140.61489243,-33.98545788,46.98
140.61489248,-33.98544661,44.06
140.61489262,-33.98541595,47.16
140.61489319,-33.98529005,44.18
140.61489323,-33.98528049,44.11
140.61489324,-33.98527823,44.07
140.61489334,-33.98525605,44.10
140.61489345,-33.98523151,44.21
140.61489350,-33.98522096,44.01
140.61489369,-33.98517858,43.97
140.61489377,-33.98515973,44.01
140.61489379,-33.98515639,46.09
140.61489391,-33.98513041,44.00
140.61489400,-33.98510976,43.86
140.61489414,-33.98507892,45.75
140.61489446,-33.98500767,43.78
140.61489479,-33.98493308,43.60
140.61489493,-33.98490387,43.61
140.61489502,-33.98488348,43.59
140.61489514,-33.98485705,43.77
140.61489535,-33.98481025,43.51
140.61489535,-33.98480989,43.49
140.61489584,-33.98470212,45.80
140.61489591,-33.98468570,43.53
140.61489609,-33.98464557,43.26
140.61489623,-33.98461463,45.52
140.61489628,-33.98460273,43.23
140.61489631,-33.98459794,44.28
140.61489652,-33.98455204,43.12
140.61489661,-33.98453112,43.10
140.61489680,-33.98448963,43.12
140.61489682,-33.98448413,43.28
140.61489690,-33.98446582,42.96
140.61489724,-33.98439151,42.78
140.61489754,-33.98432378,42.63
140.61489760,-33.98431214,42.70
140.61489763,-33.98430421,42.63
140.61489770,-33.98428869,42.57
140.61489776,-33.98427535,42.49
140.61489780,-33.98426787,42.52
140.61489823,-33.98417118,42.54
140.61489847,-33.98411860,44.30
140.61489870,-33.98406846,41.94
140.61489883,-33.98403825,42.07
140.61489899,-33.98400416,41.76
140.61489908,-33.98398341,41.80
140.61489914,-33.98396988,44.11
140.61489915,-33.98396717,41.73
140.61489921,-33.98395401,41.74
140.61489925,-33.98394652,43.90
140.61489925,-33.98394634,41.74
140.61489934,-33.98392677,41.70
140.61489944,-33.98390422,41.69
140.61489944,-33.98390360,41.68
140.61489950,-33.98389115,41.64
140.61489954,-33.98388186,45.09
140.61489954,-33.98388168,44.42
140.61489957,-33.98387356,45.22
140.61489973,-33.98383902,41.43
140.61489975,-33.98383542,41.41
140.61489979,-33.98382468,41.45
140.61489981,-33.98382251,45.01
140.61489988,-33.98380691,43.47
140.61489992,-33.98379799,41.42
140.61489996,-33.98378807,44.46
140.61490004,-33.98377147,41.39
140.61490009,-33.98375867,44.85
140.61490014,-33.98374883,43.47
140.61490029,-33.98371628,41.10
140.61490030,-33.98371249,41.12
140.61490052,-33.98366307,40.99
140.61490067,-33.98363159,40.89
140.61490068,-33.98362871,40.98
140.61490072,-33.98362041,43.53
140.61490076,-33.98361040,43.64
140.61490077,-33.98360814,41.28
140.61490084,-33.98359380,40.97
140.61490087,-33.98358649,40.83
140.61490099,-33.98356061,40.87
140.61490108,-33.98354077,45.16
140.61490124,-33.98350478,40.83
140.61490129,-33.98349333,44.26
140.61490142,-33.98346438,40.75
140.61490147,-33.98345311,40.65
140.61490148,-33.98345104,40.66
140.61490149,-33.98344860,40.62
140.61490151,-33.98344445,40.72
140.61490152,-33.98344292,40.59
140.61490155,-33.98343589,40.58
140.61490160,-33.98342524,40.58
140.61490166,-33.98341162,40.59
140.61490168,-33.98340739,40.57
140.61490175,-33.98339178,40.63
140.61490177,-33.98338691,40.61
140.61490184,-33.98337041,40.65
140.61490188,-33.98336292,44.43
140.61490190,-33.98335814,40.71
140.61490206,-33.98332243,43.73
140.61490210,-33.98331431,44.51
140.61490219,-33.98329483,40.51
140.61490223,-33.98328437,40.47
140.61490236,-33.98325632,40.54
140.61490236,-33.98325479,40.61
140.61490242,-33.98324261,40.62
140.61490252,-33.98321926,40.51
140.61490261,-33.98320004,40.49
140.61490262,-33.98319923,40.47
140.61490267,-33.98318715,44.14
140.61490268,-33.98318480,40.54
140.61490273,-33.98317506,40.55
140.61490275,-33.98316992,40.59
140.61490278,-33.98316334,42.32
140.61490282,-33.98315531,40.66
140.61490283,-33.98315134,42.40
140.61490285,-33.98314792,40.84
140.61490287,-33.98314241,40.59
140.61490290,-33.98313700,43.48
140.61490294,-33.98312780,44.45
140.61490301,-33.98311139,44.22
140.61490302,-33.98310959,44.40
140.61490308,-33.98309570,40.63
140.61490309,-33.98309425,40.62
140.61490309,-33.98309335,44.33
140.61490314,-33.98308424,40.49
140.61490317,-33.98307550,40.62
140.61490327,-33.98305322,40.53
140.61490330,-33.98304772,40.53
140.61490330,-33.98304763,40.54
140.61490336,-33.98303374,43.34
140.61490341,-33.98302337,40.62
140.61490341,-33.98302220,43.86
140.61490344,-33.98301723,40.68
140.61490347,-33.98300858,41.88
140.61490350,-33.98300217,40.57
140.61490357,-33.98298792,40.55
140.61490367,-33.98296547,40.56
140.61490372,-33.98295518,40.56
140.61490373,-33.98295194,40.55
140.61490377,-33.98294274,40.56
140.61490380,-33.98293579,40.59
140.61490393,-33.98290711,44.03
140.61490396,-33.98290252,40.72
140.61490396,-33.98290035,43.72
140.61490405,-33.98288150,44.22
140.61490412,-33.98286707,40.62
140.61490422,-33.98284434,40.59
140.61490429,-33.98282901,40.65
140.61490445,-33.98279176,40.64
140.61490445,-33.98279141,40.63
140.61490452,-33.98277770,40.69
140.61490493,-33.98268688,40.52
140.61490499,-33.98267308,40.53
140.61490524,-33.98261662,40.53
140.61490572,-33.98251101,41.76
140.61490600,-33.98244869,40.43
140.61490614,-33.98241803,40.81
140.61490629,-33.98238547,43.40
140.61490630,-33.98238259,40.35
140.61490630,-33.98238186,43.58
140.61490639,-33.98236166,43.46
140.61490652,-33.98233325,40.48
140.61490668,-33.98229790,42.40
140.61490684,-33.98226317,40.22
140.61490688,-33.98225416,40.22
140.61490689,-33.98225217,42.71
140.61490705,-33.98221529,40.46
140.61490725,-33.98217200,40.87
140.61490734,-33.98215143,40.19
140.61490758,-33.98209777,42.86
140.61490763,-33.98208803,40.10
140.61490769,-33.98207406,40.17
140.61490770,-33.98207198,40.16
140.61490778,-33.98205394,40.12
140.61490812,-33.98197800,40.09
140.61490822,-33.98195555,40.25
140.61490830,-33.98193976,45.40
140.61490832,-33.98193535,40.08
140.61490836,-33.98192605,40.13
140.61490837,-33.98192371,40.10
140.61490841,-33.98191533,44.11
140.61490850,-33.98189368,40.22
140.61490851,-33.98189323,43.69
140.61490859,-33.98187375,40.13
140.61490879,-33.98183109,40.11
140.61490881,-33.98182568,40.09
140.61490887,-33.98181359,40.14
140.61490924,-33.98173053,42.59
140.61490939,-33.98169761,41.86
140.61490971,-33.98162600,40.19
140.61491008,-33.98154429,40.29
140.61491047,-33.98145753,40.44
140.61491049,-33.98145311,40.46
140.61491050,-33.98145167,40.41
140.61491053,-33.98144472,40.46
140.61491058,-33.98143391,40.52
140.61491068,-33.98141055,40.54
140.61491074,-33.98139774,40.51
140.61491093,-33.98135580,40.55
140.61491104,-33.98133217,44.44
140.61491112,-33.98131431,43.64
140.61491135,-33.98126147,41.10
140.61491136,-33.98126056,41.02
140.61491140,-33.98125199,40.78
140.61491140,-33.98125173,40.77
140.61491141,-33.98124866,40.73
140.61491158,-33.98121033,41.17
140.61491168,-33.98118914,40.87
140.61491169,-33.98118796,41.06
140.61491182,-33.98115946,40.93
140.61491190,-33.98113944,40.99
140.61491191,-33.98113881,45.09
140.61491192,-33.98113511,41.00
140.61491197,-33.98112483,44.57
140.61491204,-33.98111040,44.97
140.61491221,-33.98107270,41.09
140.61491258,-33.98099036,41.23
140.61491263,-33.98097927,41.20
140.61491269,-33.98096628,41.28
140.61491274,-33.98095339,41.44
     </coordinates>
    </LineString>
   </MultiGeometry>
  </Placemark>
 </Document>
</kml>
