<kml>
 <Document>
  <Style id="yellow">
   <LineStyle>
   <color>ff00ffff</color>
   <width>1</width>
   </LineStyle>
  </Style>
  <Style id="red">
   <LineStyle>
   <color>ffff0000</color>
   <width>2</width>
   </LineStyle>
  </Style>
  <Style id="green">
   <LineStyle>
   <color>ff00ff00</color>
   <width>1</width>
   </LineStyle>
  </Style>
  <Placemark>
  <styleUrl>#yellow</styleUrl>
   <MultiGeometry>
    <LineString>
     <coordinates>
120.67935687,-30.16930408,451.38
120.67927209,-30.16930258,451.34
120.67914196,-30.16930028,451.37
120.67908270,-30.16929923,451.34
120.67905478,-30.16929874,451.37
120.67904658,-30.16929859,451.36
120.67902428,-30.16929820,451.25
120.67894447,-30.16929679,451.23
120.67893669,-30.16929665,451.22
120.67891884,-30.16929633,451.97
120.67879991,-30.16929423,452.03
120.67879597,-30.16929416,451.40
120.67877501,-30.16929378,451.24
120.67877096,-30.16929371,451.14
120.67874543,-30.16929326,456.35
120.67868763,-30.16929224,451.99
120.67865152,-30.16929160,456.33
120.67860036,-30.16929070,451.09
120.67858168,-30.16929036,451.10
120.67844314,-30.16928791,451.03
120.67843577,-30.16928778,452.32
120.67842031,-30.16928751,451.05
120.67839623,-30.16928708,451.05
120.67835919,-30.16928642,451.20
120.67831871,-30.16928571,450.95
120.67803707,-30.16928072,450.88
120.67799691,-30.16928001,456.41
120.67797886,-30.16927969,450.84
120.67789106,-30.16927814,450.86
120.67787882,-30.16927792,450.87
120.67782807,-30.16927702,451.22
120.67779029,-30.16927635,450.93
120.67777629,-30.16927610,457.05
120.67776726,-30.16927594,456.24
120.67775522,-30.16927573,451.98
120.67760060,-30.16927299,451.84
120.67759458,-30.16927288,452.69
120.67755338,-30.16927215,450.92
120.67750076,-30.16927122,450.91
120.67746455,-30.16927058,450.86
120.67742729,-30.16926992,451.03
120.67738038,-30.16926909,454.62
120.67737623,-30.16926902,450.89
120.67736783,-30.16926887,450.89
120.67734448,-30.16926846,450.92
120.67731356,-30.16926791,450.89
120.67730391,-30.16926774,450.88
120.67726281,-30.16926701,450.97
120.67720532,-30.16926599,454.71
120.67717574,-30.16926547,456.52
120.67714565,-30.16926494,451.03
120.67707487,-30.16926368,457.29
120.67707436,-30.16926367,454.46
120.67707311,-30.16926365,451.00
120.67706097,-30.16926343,454.23
120.67705599,-30.16926334,454.56
120.67704333,-30.16926312,450.98
120.67703731,-30.16926302,450.97
120.67698324,-30.16926206,450.90
120.67689908,-30.16926057,451.44
120.67689659,-30.16926052,452.69
120.67686380,-30.16925994,451.05
120.67678638,-30.16925857,451.58
120.67678254,-30.16925850,451.59
120.67674591,-30.16925785,450.90
120.67655299,-30.16925443,450.89
120.67653473,-30.16925411,452.67
120.67651294,-30.16925373,450.83
120.67637990,-30.16925137,450.83
120.67636828,-30.16925116,450.82
120.67633798,-30.16925063,450.73
120.67628069,-30.16924961,453.98
120.67627447,-30.16924950,450.79
120.67625776,-30.16924920,453.79
120.67618429,-30.16924790,450.70
120.67616675,-30.16924759,450.73
120.67615336,-30.16924736,450.68
120.67612690,-30.16924689,451.68
120.67612306,-30.16924682,450.65
120.67610562,-30.16924651,450.60
120.67592693,-30.16924334,451.14
120.67591582,-30.16924315,453.39
120.67591313,-30.16924310,453.42
120.67590960,-30.16924303,453.31
120.67588365,-30.16924258,450.49
120.67586653,-30.16924227,450.46
120.67582211,-30.16924148,452.85
120.67570443,-30.16923940,451.80
120.67569468,-30.16923923,450.74
120.67562422,-30.16923798,450.26
120.67562235,-30.16923794,450.26
120.67554462,-30.16923657,451.20
120.67551826,-30.16923610,450.05
120.67541024,-30.16923418,449.98
120.67536313,-30.16923335,450.44
120.67535939,-30.16923328,451.14
120.67534921,-30.16923310,449.90
120.67518006,-30.16923010,451.69
120.67516159,-30.16922978,451.72
120.67515370,-30.16922963,452.16
120.67504537,-30.16922772,449.89
120.67498165,-30.16922659,449.51
120.67492862,-30.16922564,453.82
120.67489344,-30.16922502,449.34
120.67486999,-30.16922461,451.49
120.67486075,-30.16922444,449.33
120.67482786,-30.16922386,449.25
120.67481561,-30.16922364,449.29
120.67480430,-30.16922344,449.32
120.67480057,-30.16922338,452.13
120.67473114,-30.16922214,451.61
120.67470053,-30.16922160,451.89
120.67469856,-30.16922157,452.10
120.67468008,-30.16922124,449.16
120.67465393,-30.16922078,449.14
120.67458139,-30.16921949,449.02
120.67457652,-30.16921940,449.09
120.67455835,-30.16921908,449.03
120.67451716,-30.16921835,448.99
120.67451010,-30.16921822,449.08
120.67450792,-30.16921819,449.80
120.67450252,-30.16921809,449.87
120.67446247,-30.16921738,450.87
120.67443466,-30.16921689,449.06
120.67441681,-30.16921657,448.91
120.67440830,-30.16921642,451.92
120.67436326,-30.16921562,451.41
120.67431967,-30.16921485,451.08
120.67429799,-30.16921446,448.79
120.67415280,-30.16921189,448.59
120.67408432,-30.16921067,450.97
120.67403980,-30.16920988,448.56
120.67395377,-30.16920836,450.84
120.67389514,-30.16920732,448.39
120.67382851,-30.16920614,449.33
120.67382073,-30.16920600,448.30
120.67380589,-30.16920573,449.76
120.67380236,-30.16920567,450.02
120.67375525,-30.16920483,448.29
120.67363311,-30.16920267,448.06
120.67357759,-30.16920168,448.05
120.67352529,-30.16920076,448.11
120.67351595,-30.16920059,448.00
120.67347817,-30.16919992,448.93
120.67345814,-30.16919956,447.91
120.67341425,-30.16919879,447.81
120.67339785,-30.16919849,447.79
120.67329812,-30.16919673,447.91
120.67329200,-30.16919662,448.36
120.67328214,-30.16919644,449.04
120.67318988,-30.16919481,447.64
120.67316509,-30.16919437,447.55
120.67313842,-30.16919389,447.50
120.67311911,-30.16919355,447.42
120.67310832,-30.16919336,448.79
120.67310563,-30.16919331,448.83
120.67308757,-30.16919299,447.43
120.67308529,-30.16919295,448.89
120.67308342,-30.16919292,448.28
120.67293741,-30.16919032,447.22
120.67290244,-30.16918971,451.06
120.67284121,-30.16918862,447.21
120.67264788,-30.16918519,448.44
120.67250581,-30.16918267,446.74
120.67246077,-30.16918187,446.72
120.67241833,-30.16918111,448.25
120.67241729,-30.16918109,449.25
120.67241532,-30.16918106,446.58
120.67237475,-30.16918034,446.53
120.67234517,-30.16917982,446.46
120.67230895,-30.16917917,446.39
120.67226744,-30.16917843,446.41
120.67221244,-30.16917746,446.30
120.67218577,-30.16917698,450.44
120.67217373,-30.16917677,449.09
120.67217249,-30.16917675,450.36
120.67215879,-30.16917651,448.30
120.67215132,-30.16917637,446.32
120.67215007,-30.16917635,447.85
120.67214810,-30.16917632,446.28
120.67214572,-30.16917627,448.67
120.67212393,-30.16917589,446.25
120.67206923,-30.16917492,446.19
120.67205948,-30.16917475,446.24
120.67204599,-30.16917450,446.19
120.67201953,-30.16917403,446.22
120.67194792,-30.16917276,448.55
120.67191160,-30.16917212,447.47
120.67184986,-30.16917102,445.94
120.67181675,-30.16917044,452.16
120.67178085,-30.16916980,451.24
120.67177120,-30.16916963,452.05
120.67172855,-30.16916887,445.74
120.67170333,-30.16916842,445.69
120.67169617,-30.16916829,447.22
120.67166213,-30.16916769,448.07
120.67166151,-30.16916768,447.40
120.67160537,-30.16916668,446.93
120.67154652,-30.16916564,452.66
120.67152816,-30.16916531,445.53
120.67152172,-30.16916520,451.58
120.67148063,-30.16916447,445.41
120.67143528,-30.16916366,445.34
120.67141899,-30.16916337,447.99
120.67139585,-30.16916296,445.37
120.67126115,-30.16916057,445.30
120.67126001,-30.16916055,446.42
120.67124444,-30.16916027,451.89
120.67123168,-30.16916005,445.33
120.67118135,-30.16915915,445.17
120.67112386,-30.16915813,445.12
120.67105319,-30.16915688,444.99
120.67089555,-30.16915408,444.89
120.67087688,-30.16915375,444.88
120.67086598,-30.16915355,444.83
120.67082042,-30.16915274,444.86
120.67076552,-30.16915177,444.73
120.67070866,-30.16915076,446.12
120.67064618,-30.16914965,445.77
120.67062989,-30.16914936,446.94
120.67060146,-30.16914886,447.78
120.67054708,-30.16914789,452.03
120.67051782,-30.16914737,451.15
120.67047029,-30.16914652,444.49
120.67041654,-30.16914557,444.44
120.67038250,-30.16914496,444.46
120.67037814,-30.16914489,444.45
120.67030342,-30.16914356,444.37
120.67027312,-30.16914302,446.27
120.67026015,-30.16914279,446.25
120.67025569,-30.16914271,446.25
120.67017817,-30.16914133,444.23
120.67016011,-30.16914101,445.81
120.67014693,-30.16914078,444.23
120.67013313,-30.16914053,447.69
120.67012535,-30.16914039,447.52
120.67012172,-30.16914033,447.42
120.67010605,-30.16914005,446.53
120.67008259,-30.16913963,444.21
120.67006433,-30.16913931,445.64
120.66991282,-30.16913662,444.38
120.66987816,-30.16913600,444.30
120.66977522,-30.16913417,444.42
120.66971700,-30.16913314,444.52
120.66963066,-30.16913161,444.53
120.66960233,-30.16913110,444.54
120.66958251,-30.16913075,444.51
120.66956746,-30.16913048,446.13
120.66954639,-30.16913011,446.50
120.66950177,-30.16912932,444.61
120.66941688,-30.16912781,446.56
120.66939198,-30.16912736,444.69
120.66920809,-30.16912410,444.88
120.66904424,-30.16912118,453.27
120.66903137,-30.16912095,453.52
120.66901113,-30.16912059,455.73
120.66899899,-30.16912038,444.82
120.66899121,-30.16912024,453.59
120.66898975,-30.16912022,454.79
120.66896910,-30.16911985,444.81
120.66892552,-30.16911907,444.78
120.66881614,-30.16911713,444.88
120.66879559,-30.16911676,445.29
120.66876581,-30.16911623,444.85
120.66876218,-30.16911617,444.86
120.66871444,-30.16911532,444.85
120.66865062,-30.16911419,444.90
120.66864948,-30.16911417,444.88
120.66855266,-30.16911244,444.91
120.66849143,-30.16911136,444.94
120.66845438,-30.16911070,445.00
120.66835829,-30.16910899,445.02
120.66832934,-30.16910847,445.04
120.66825192,-30.16910710,451.54
120.66824487,-30.16910697,445.18
120.66822443,-30.16910661,445.17
120.66821581,-30.16910645,447.91
120.66819973,-30.16910617,445.07
120.66819838,-30.16910614,445.96
120.66819506,-30.16910608,445.09
120.66815915,-30.16910545,445.10
120.66811723,-30.16910470,445.08
120.66806503,-30.16910378,445.14
120.66805299,-30.16910356,445.30
120.66782708,-30.16909954,445.31
120.66778214,-30.16909874,445.51
120.66774883,-30.16909815,445.34
120.66774613,-30.16909810,445.32
120.66774219,-30.16909803,445.33
120.66757916,-30.16909513,445.34
120.66757864,-30.16909513,454.26
120.66757356,-30.16909503,445.78
120.66756225,-30.16909483,445.56
120.66753869,-30.16909441,448.85
120.66753039,-30.16909426,445.53
120.66752447,-30.16909416,454.17
120.66751254,-30.16909395,445.62
120.66748971,-30.16909354,445.56
120.66748047,-30.16909338,445.57
120.66747311,-30.16909325,445.62
120.66741852,-30.16909228,445.61
120.66741375,-30.16909219,445.61
120.66740960,-30.16909212,445.60
120.66733062,-30.16909071,445.57
120.66732606,-30.16909063,445.56
120.66732201,-30.16909056,445.57
120.66726981,-30.16908963,445.55
120.66720817,-30.16908854,445.56
120.66714612,-30.16908743,445.63
120.66708095,-30.16908627,445.65
120.66695455,-30.16908402,445.71
120.66681197,-30.16908149,445.88
120.66679329,-30.16908115,445.84
120.66675468,-30.16908047,447.42
120.66670186,-30.16907953,445.78
120.66670051,-30.16907950,445.83
120.66667914,-30.16907912,445.86
120.66661615,-30.16907800,445.99
120.66659487,-30.16907762,445.89
120.66656706,-30.16907713,445.88
120.66653531,-30.16907656,445.93
120.66643641,-30.16907480,446.11
120.66634924,-30.16907325,450.93
120.66627016,-30.16907185,446.31
120.66626560,-30.16907176,446.36
120.66625190,-30.16907152,446.40
120.66620417,-30.16907067,446.50
120.66620302,-30.16907065,447.48
120.66616307,-30.16906994,446.59
120.66613921,-30.16906951,446.62
120.66610963,-30.16906899,446.69
120.66608348,-30.16906852,446.73
120.66603284,-30.16906762,448.95
120.66602464,-30.16906748,449.49
120.66597296,-30.16906656,448.05
120.66593394,-30.16906586,447.14
120.66591962,-30.16906561,447.11
120.66586649,-30.16906466,448.31
120.66585352,-30.16906443,447.24
120.66578326,-30.16906318,449.97
120.66577309,-30.16906300,447.44
120.66574767,-30.16906254,447.38
120.66574424,-30.16906248,449.42
120.66574030,-30.16906241,449.35
120.66573729,-30.16906236,450.19
120.66573356,-30.16906229,448.69
120.66572930,-30.16906222,448.36
120.66572473,-30.16906214,447.45
120.66572255,-30.16906210,449.90
120.66566195,-30.16906102,447.47
120.66550650,-30.16905825,449.34
120.66546271,-30.16905747,448.08
120.66543998,-30.16905707,447.78
120.66543718,-30.16905702,452.70
120.66542099,-30.16905673,447.76
120.66523129,-30.16905335,447.96
120.66522372,-30.16905322,447.91
120.66521718,-30.16905310,447.98
120.66515689,-30.16905203,447.91
120.66512960,-30.16905154,448.01
120.66504513,-30.16905004,448.06
120.66500714,-30.16904936,448.02
120.66499013,-30.16904906,449.98
120.66498961,-30.16904905,448.01
120.66497363,-30.16904876,450.57
120.66496159,-30.16904855,449.81
120.66495132,-30.16904837,449.71
120.66492444,-30.16904789,449.39
120.66489330,-30.16904733,448.77
120.66486861,-30.16904689,448.07
120.66485978,-30.16904674,448.13
120.66484692,-30.16904651,448.31
120.66478465,-30.16904540,448.17
120.66477708,-30.16904527,448.11
120.66477220,-30.16904518,448.12
120.66471025,-30.16904407,448.29
120.66458676,-30.16904188,448.31
120.66458385,-30.16904182,448.39
120.66453913,-30.16904103,450.20
120.66446566,-30.16903972,448.46
120.66446306,-30.16903967,448.39
120.66441740,-30.16903886,451.08
120.66440713,-30.16903868,450.62
120.66431020,-30.16903695,450.25
120.66430377,-30.16903684,448.55
120.66429350,-30.16903665,452.73
120.66424472,-30.16903579,449.52
120.66420467,-30.16903507,452.68
120.66418941,-30.16903480,451.61
120.66417561,-30.16903455,448.39
120.66417135,-30.16903448,448.48
120.66412300,-30.16903362,452.64
120.66408554,-30.16903295,448.35
120.66405555,-30.16903241,448.37
120.66402525,-30.16903187,448.37
120.66397647,-30.16903101,448.36
120.66396298,-30.16903077,448.31
120.66394856,-30.16903051,448.36
120.66393786,-30.16903032,448.60
120.66391939,-30.16902999,448.31
120.66391400,-30.16902989,448.33
120.66391182,-30.16902985,451.02
120.66390725,-30.16902977,448.26
120.66381593,-30.16902814,448.21
120.66378584,-30.16902761,448.18
120.66373354,-30.16902668,448.19
120.66369950,-30.16902607,448.09
120.66366494,-30.16902545,448.06
120.66359645,-30.16902424,448.25
120.66359209,-30.16902416,448.11
120.66357746,-30.16902390,448.67
120.66349953,-30.16902251,449.85
120.66347660,-30.16902210,447.96
120.66346570,-30.16902191,447.90
120.66342865,-30.16902125,450.69
120.66337915,-30.16902037,447.78
120.66326324,-30.16901830,448.83
120.66326116,-30.16901826,452.95
120.66325380,-30.16901813,448.81
120.66324964,-30.16901806,452.02
120.66324280,-30.16901793,451.57
120.66318790,-30.16901696,447.53
120.66318261,-30.16901686,450.85
120.66309191,-30.16901525,447.38
120.66308236,-30.16901508,447.32
120.66298575,-30.16901336,448.21
120.66297859,-30.16901323,448.86
120.66294030,-30.16901254,450.07
120.66285396,-30.16901100,450.00
120.66283684,-30.16901070,446.95
120.66282117,-30.16901042,446.94
120.66281826,-30.16901037,446.95
120.66281411,-30.16901030,446.88
120.66267516,-30.16900782,446.63
120.66267101,-30.16900774,446.62
120.66265606,-30.16900748,446.59
120.66264465,-30.16900728,446.65
120.66261352,-30.16900672,446.51
120.66261113,-30.16900668,448.38
120.66254046,-30.16900542,446.39
120.66241998,-30.16900327,449.69
120.66237256,-30.16900243,449.26
120.66230386,-30.16900120,446.14
120.66227304,-30.16900065,448.84
120.66225311,-30.16900029,449.63
120.66224367,-30.16900013,452.09
120.66223018,-30.16899989,453.15
120.66219261,-30.16899922,446.08
120.66217155,-30.16899884,445.98
120.66216896,-30.16899880,445.91
120.66205906,-30.16899684,445.73
120.66204318,-30.16899655,445.77
120.66203478,-30.16899640,445.84
120.66199316,-30.16899566,451.98
120.66195290,-30.16899494,451.77
120.66191762,-30.16899432,450.90
120.66191367,-30.16899424,450.92
120.66191201,-30.16899421,445.70
120.66188431,-30.16899372,450.99
120.66187870,-30.16899362,449.97
120.66187787,-30.16899361,450.81
120.66187507,-30.16899356,448.32
120.66183730,-30.16899288,445.49
120.66182920,-30.16899274,445.50
120.66177980,-30.16899186,448.75
120.66177897,-30.16899184,445.48
120.66176497,-30.16899159,445.51
120.66172003,-30.16899079,445.44
120.66166649,-30.16898984,445.34
120.66164044,-30.16898937,445.37
120.66158492,-30.16898838,445.32
120.66157994,-30.16898830,445.28
120.66157444,-30.16898819,446.90
120.66154839,-30.16898773,446.45
120.66152899,-30.16898739,446.33
120.66145749,-30.16898611,447.08
120.66142428,-30.16898552,448.08
120.66138454,-30.16898481,446.64
120.66132051,-30.16898367,444.97
120.66126219,-30.16898263,444.88
120.66124766,-30.16898237,444.87
120.66110985,-30.16897991,444.94
120.66107228,-30.16897924,444.94
120.66094713,-30.16897701,444.82
120.66089691,-30.16897611,444.76
120.66079469,-30.16897429,444.81
120.66076792,-30.16897381,444.74
120.66070773,-30.16897274,444.72
120.66069798,-30.16897256,444.74
120.66063343,-30.16897141,444.70
120.66051980,-30.16896939,444.63
120.66050309,-30.16896909,444.63
120.66043740,-30.16896791,444.65
120.66042536,-30.16896770,454.90
120.66040046,-30.16896725,454.62
120.66039060,-30.16896708,452.83
120.66038105,-30.16896691,456.11
120.66037991,-30.16896689,444.67
120.66037690,-30.16896684,444.67
120.66032232,-30.16896586,444.56
120.66031132,-30.16896566,444.60
120.66030800,-30.16896561,446.07
120.66029710,-30.16896541,447.41
120.66029440,-30.16896536,444.60
120.66025103,-30.16896459,450.82
120.66023692,-30.16896434,451.65
120.66023058,-30.16896423,451.38
120.66021709,-30.16896398,451.64
120.66011540,-30.16896217,444.46
120.66009163,-30.16896174,444.37
120.66007534,-30.16896145,444.31
120.66004929,-30.16896099,444.29
120.66003725,-30.16896078,444.27
120.66002542,-30.16896056,444.28
120.66001629,-30.16896040,444.27
120.65999979,-30.16896011,444.31
120.65994905,-30.16895920,444.28
120.65993441,-30.16895894,444.21
120.65989498,-30.16895824,444.27
120.65978540,-30.16895628,444.16
120.65973247,-30.16895534,444.10
120.65972500,-30.16895520,444.10
120.65967623,-30.16895433,453.98
120.65948083,-30.16895084,443.94
120.65942894,-30.16894992,443.94
120.65926114,-30.16894693,444.14
120.65920707,-30.16894596,444.18
120.65919556,-30.16894575,444.15
120.65908317,-30.16894375,444.25
120.65903906,-30.16894296,444.33
120.65900669,-30.16894238,445.23
120.65898500,-30.16894200,444.38
120.65896725,-30.16894168,444.36
120.65895605,-30.16894148,444.37
120.65895096,-30.16894139,459.06
120.65893592,-30.16894112,444.36
120.65892627,-30.16894095,444.43
120.65892191,-30.16894087,444.45
120.65880682,-30.16893882,444.88
120.65878721,-30.16893847,444.57
120.65874809,-30.16893777,444.49
120.65873699,-30.16893757,444.49
120.65848430,-30.16893306,444.72
120.65844456,-30.16893234,444.68
120.65841550,-30.16893183,446.09
120.65837897,-30.16893118,444.71
120.65832303,-30.16893018,444.78
120.65828962,-30.16892958,444.82
120.65828122,-30.16892943,444.76
120.65825818,-30.16892902,444.89
120.65806734,-30.16892561,444.96
120.65805354,-30.16892536,444.91
120.65798505,-30.16892414,451.66
120.65797768,-30.16892401,454.64
120.65794271,-30.16892339,445.10
120.65793628,-30.16892327,445.09
120.65791978,-30.16892298,456.14
120.65791801,-30.16892294,450.56
120.65786602,-30.16892201,445.08
120.65782918,-30.16892136,445.28
120.65771794,-30.16891937,445.03
120.65764831,-30.16891813,445.11
120.65764530,-30.16891807,445.12
120.65760005,-30.16891726,445.19
120.65759321,-30.16891714,445.19
120.65755315,-30.16891643,445.20
120.65749753,-30.16891543,445.17
120.65749400,-30.16891537,445.11
120.65747117,-30.16891496,445.17
120.65746069,-30.16891478,445.22
120.65744990,-30.16891458,445.21
120.65742644,-30.16891416,445.26
120.65740123,-30.16891371,445.16
120.65735411,-30.16891287,445.11
120.65732537,-30.16891236,445.15
120.65730555,-30.16891200,445.09
120.65729694,-30.16891185,445.09
120.65716701,-30.16890953,445.13
120.65710714,-30.16890846,445.17
120.65709852,-30.16890831,445.14
120.65706469,-30.16890770,445.16
120.65700679,-30.16890667,445.22
120.65695106,-30.16890567,445.25
120.65693508,-30.16890538,445.25
120.65692356,-30.16890518,445.25
120.65692128,-30.16890514,445.19
120.65690208,-30.16890480,445.23
120.65685580,-30.16890397,445.25
120.65677403,-30.16890251,445.22
120.65673355,-30.16890178,445.24
120.65670336,-30.16890125,445.27
120.65666434,-30.16890055,445.28
120.65666091,-30.16890049,445.29
120.65662407,-30.16889983,445.35
120.65655600,-30.16889861,445.31
120.65654915,-30.16889849,445.31
120.65651335,-30.16889785,445.37
120.65650910,-30.16889777,445.38
120.65647319,-30.16889713,447.80
120.65646997,-30.16889707,445.58
120.65644154,-30.16889657,445.40
120.65643811,-30.16889650,445.37
120.65634378,-30.16889482,445.38
120.65634015,-30.16889475,445.36
120.65611912,-30.16889080,447.95
120.65607087,-30.16888994,445.52
120.65603652,-30.16888933,445.58
120.65598307,-30.16888837,445.54
120.65597892,-30.16888830,445.54
120.65590089,-30.16888690,445.54
120.65584547,-30.16888591,445.54
120.65579992,-30.16888510,445.55
120.65575052,-30.16888421,445.55
120.65573402,-30.16888392,445.65
120.65571036,-30.16888350,445.96
120.65566003,-30.16888260,445.65
120.65560659,-30.16888164,445.63
120.65560493,-30.16888161,445.68
120.65537341,-30.16887747,451.76
120.65536874,-30.16887739,445.79
120.65530191,-30.16887619,445.78
120.65522294,-30.16887478,445.84
120.65515165,-30.16887351,445.88
120.65489482,-30.16886891,446.12
120.65480765,-30.16886736,451.52
120.65480713,-30.16886735,448.06
120.65466257,-30.16886476,449.93
120.65463030,-30.16886418,450.88
120.65460965,-30.16886381,450.45
120.65444745,-30.16886091,448.64
120.65443012,-30.16886060,448.95
120.65442452,-30.16886050,446.53
120.65436651,-30.16885947,446.54
120.65409784,-30.16885466,446.75
120.65402520,-30.16885336,446.79
120.65397643,-30.16885249,446.95
120.65391147,-30.16885133,446.98
120.65386156,-30.16885043,451.58
120.65380614,-30.16884944,447.46
120.65379659,-30.16884927,449.08
120.65375301,-30.16884849,447.04
120.65367819,-30.16884715,447.18
120.65366636,-30.16884694,447.19
120.65331634,-30.16884068,451.30
120.65324951,-30.16883948,447.68
120.65320499,-30.16883868,451.55
120.65316711,-30.16883801,447.78
120.65316338,-30.16883794,447.90
120.65315840,-30.16883785,447.91
120.65307704,-30.16883640,447.95
120.65296227,-30.16883434,448.10
120.65287987,-30.16883287,448.09
120.65278056,-30.16883109,448.23
120.65275369,-30.16883061,448.27
120.65273864,-30.16883034,450.29
120.65272899,-30.16883017,448.36
120.65268592,-30.16882940,451.49
120.65265936,-30.16882892,452.26
120.65255393,-30.16882703,449.10
120.65246904,-30.16882551,448.57
120.65235364,-30.16882345,448.69
120.65230145,-30.16882251,451.60
120.65208436,-30.16881863,450.53
120.65202552,-30.16881757,449.12
120.65192413,-30.16881576,449.31
120.65185243,-30.16881447,453.13
120.65181383,-30.16881378,454.94
120.65180812,-30.16881368,449.47
120.65177014,-30.16881300,453.86
120.65176246,-30.16881286,453.05
120.65176235,-30.16881286,449.49
120.65163523,-30.16881058,452.12
120.65156290,-30.16880929,453.37
120.65146598,-30.16880755,449.78
120.65144419,-30.16880716,449.98
120.65142281,-30.16880678,453.18
120.65141980,-30.16880672,451.87
120.65141513,-30.16880664,452.51
120.65132039,-30.16880495,449.87
120.65131655,-30.16880488,449.88
120.65125698,-30.16880381,450.09
120.65124474,-30.16880359,450.10
120.65123851,-30.16880348,451.13
120.65119379,-30.16880268,450.06
120.65104737,-30.16880006,450.29
120.65099880,-30.16879918,451.98
120.65088714,-30.16879718,452.75
120.65081502,-30.16879589,452.74
120.65059710,-30.16879199,450.92
120.65059129,-30.16879189,451.80
120.65055217,-30.16879119,452.25
120.65042857,-30.16878897,452.82
120.65042318,-30.16878887,454.18
120.65040408,-30.16878853,452.27
120.65039360,-30.16878834,451.07
120.65007492,-30.16878263,455.15
120.65001453,-30.16878155,452.52
120.64995766,-30.16878053,451.17
120.64984548,-30.16877852,451.42
120.64984175,-30.16877845,451.27
120.64979401,-30.16877760,451.38
120.64972137,-30.16877630,451.35
120.64968723,-30.16877569,454.15
120.64964468,-30.16877492,451.53
120.64963649,-30.16877478,451.39
120.64948031,-30.16877197,458.65
120.64946505,-30.16877170,451.55
120.64936294,-30.16876987,457.37
120.64932050,-30.16876911,451.69
120.64917626,-30.16876652,451.83
120.64910455,-30.16876524,451.84
120.64905246,-30.16876431,451.91
120.64897588,-30.16876293,452.01
120.64868749,-30.16875776,452.30
120.64835698,-30.16875184,452.67
120.64817881,-30.16874864,452.86
120.64792841,-30.16874415,459.02
120.64792177,-30.16874403,460.62
120.64791958,-30.16874399,458.78
120.64790921,-30.16874381,461.22
120.64789696,-30.16874359,453.26
120.64782391,-30.16874228,462.37
120.64736710,-30.16873408,453.89
120.64734345,-30.16873366,456.13
120.64733172,-30.16873345,455.73
120.64730567,-30.16873298,454.00
120.64727226,-30.16873238,454.09
120.64712345,-30.16872971,455.81
120.64705527,-30.16872849,454.41
120.64684368,-30.16872469,454.60
120.64683071,-30.16872446,454.67
120.64680965,-30.16872408,454.62
120.64663697,-30.16872098,454.73
120.64659474,-30.16872022,454.73
120.64653807,-30.16871921,455.92
120.64651078,-30.16871872,454.78
120.64650227,-30.16871857,454.75
120.64636675,-30.16871613,454.77
120.64635409,-30.16871591,457.57
120.64623247,-30.16871372,456.69
120.64618007,-30.16871278,454.83
120.64612206,-30.16871174,454.82
120.64584053,-30.16870669,454.79
120.64577774,-30.16870556,455.01
120.64577577,-30.16870552,460.51
120.64576155,-30.16870527,454.81
120.64575439,-30.16870514,454.79
120.64570012,-30.16870417,454.81
120.64559272,-30.16870224,454.79
120.64535757,-30.16869802,456.17
120.64535290,-30.16869793,457.07
120.64530538,-30.16869708,457.30
120.64529770,-30.16869694,456.63
120.64528784,-30.16869676,454.79
120.64524882,-30.16869606,458.88
120.64524436,-30.16869598,454.87
120.64524031,-30.16869591,454.90
120.64523377,-30.16869579,457.31
120.64512149,-30.16869378,454.88
120.64510873,-30.16869355,454.91
120.64509887,-30.16869337,456.72
120.64505062,-30.16869250,454.93
120.64488261,-30.16868949,455.02
120.64466168,-30.16868552,455.07
120.64464508,-30.16868522,455.13
120.64459060,-30.16868424,455.26
120.64455345,-30.16868357,455.30
120.64454525,-30.16868343,455.28
120.64445767,-30.16868185,455.24
120.64416254,-30.16867655,455.46
120.64407382,-30.16867496,455.88
120.64406552,-30.16867481,456.70
120.64404725,-30.16867448,457.87
120.64394525,-30.16867265,455.76
120.64383401,-30.16867065,457.54
120.64380256,-30.16867008,455.76
120.64376510,-30.16866941,455.88
120.64374383,-30.16866903,455.82
120.64339049,-30.16866268,456.98
120.64338426,-30.16866257,456.50
120.64327375,-30.16866058,456.27
120.64317143,-30.16865874,456.79
120.64316458,-30.16865862,456.41
120.64302760,-30.16865616,456.55
120.64290245,-30.16865391,456.69
120.64273870,-30.16865097,456.87
120.64273030,-30.16865081,457.64
120.64266710,-30.16864968,457.50
120.64244856,-30.16864575,457.31
120.64239678,-30.16864482,457.39
120.64237063,-30.16864435,457.43
120.64215769,-30.16864052,466.08
120.64204624,-30.16863852,458.23
120.64201967,-30.16863804,461.30
120.64201614,-30.16863798,460.73
120.64200380,-30.16863775,458.30
120.64190335,-30.16863595,458.53
120.64187180,-30.16863538,458.52
120.64182417,-30.16863452,458.68
120.64181514,-30.16863436,458.65
120.64172393,-30.16863272,458.80
120.64170805,-30.16863244,458.83
120.64166218,-30.16863161,463.36
120.64164381,-30.16863128,462.48
120.64163946,-30.16863120,462.31
120.64152116,-30.16862907,462.05
120.64133862,-30.16862579,466.18
120.64132036,-30.16862546,459.12
120.64131631,-30.16862539,459.13
120.64117809,-30.16862290,459.20
120.64110649,-30.16862161,459.26
120.64108989,-30.16862132,459.28
120.64103105,-30.16862026,459.35
120.64102700,-30.16862019,459.53
120.64100303,-30.16861976,459.37
120.64069327,-30.16861418,465.62
120.64067584,-30.16861387,470.25
120.64065260,-30.16861345,468.83
120.64051707,-30.16861101,460.65
120.64048905,-30.16861051,461.95
120.64029510,-30.16860702,460.97
120.64016103,-30.16860461,461.08
120.64009120,-30.16860335,461.20
120.63996003,-30.16860099,461.48
120.63987629,-30.16859948,461.51
120.63966345,-30.16859565,464.71
120.63962786,-30.16859501,469.03
120.63962589,-30.16859498,460.57
120.63955574,-30.16859371,460.29
120.63950053,-30.16859272,460.09
120.63942841,-30.16859142,459.88
120.63942488,-30.16859136,459.87
120.63936563,-30.16859029,464.05
120.63935826,-30.16859016,459.84
120.63931935,-30.16858946,459.79
120.63930098,-30.16858913,468.17
120.63925553,-30.16858831,459.66
120.63918372,-30.16858701,459.53
120.63903232,-30.16858429,468.00
120.63902952,-30.16858424,459.31
120.63895719,-30.16858294,459.39
120.63892346,-30.16858233,467.66
120.63890458,-30.16858199,459.25
120.63883318,-30.16858070,459.11
120.63881191,-30.16858032,459.38
120.63872038,-30.16857867,459.26
120.63863228,-30.16857709,459.13
120.63857365,-30.16857603,459.35
120.63856566,-30.16857589,459.37
120.63854657,-30.16857554,459.43
120.63852633,-30.16857518,459.54
120.63837265,-30.16857241,460.81
120.63836808,-30.16857233,460.86
120.63832657,-30.16857158,459.80
120.63829461,-30.16857101,459.81
120.63814653,-30.16856834,459.90
120.63808375,-30.16856721,460.04
120.63806373,-30.16856685,460.06
120.63779164,-30.16856195,460.25
120.63777223,-30.16856160,460.24
120.63757279,-30.16855801,460.49
120.63755660,-30.16855771,460.48
120.63749952,-30.16855668,460.45
120.63735445,-30.16855407,467.04
120.63733526,-30.16855373,465.43
120.63729966,-30.16855308,465.68
120.63724715,-30.16855214,466.07
120.63707355,-30.16854901,460.75
120.63704563,-30.16854851,467.05
120.63704013,-30.16854841,460.75
120.63703660,-30.16854834,460.76
120.63703214,-30.16854826,460.80
120.63701979,-30.16854804,467.15
120.63700848,-30.16854784,466.55
120.63692152,-30.16854627,460.97
120.63684826,-30.16854495,464.86
120.63678040,-30.16854373,467.77
120.63673453,-30.16854290,465.80
120.63669676,-30.16854222,466.14
120.63665981,-30.16854155,466.51
120.63657970,-30.16854011,461.44
120.63648465,-30.16853840,461.86
120.63647790,-30.16853828,470.37
120.63647054,-30.16853814,470.52
120.63641170,-30.16853708,461.78
120.63619202,-30.16853312,467.54
120.63615923,-30.16853253,462.61
120.63593581,-30.16852850,462.93
120.63592387,-30.16852829,462.93
120.63579945,-30.16852605,463.57
120.63573657,-30.16852491,468.25
120.63557666,-30.16852203,465.21
120.63553536,-30.16852129,465.36
120.63546656,-30.16852004,465.26
120.63540450,-30.16851892,465.10
120.63539195,-30.16851870,465.18
120.63523152,-30.16851581,465.41
120.63521938,-30.16851559,465.41
120.63515992,-30.16851451,465.39
120.63515597,-30.16851444,465.41
120.63477804,-30.16850763,466.16
120.63472481,-30.16850667,466.17
120.63454757,-30.16850347,466.37
120.63453553,-30.16850325,466.37
120.63447752,-30.16850221,467.23
120.63441754,-30.16850112,466.41
120.63435103,-30.16849992,467.50
120.63433588,-30.16849965,466.52
120.63432882,-30.16849953,466.50
120.63432436,-30.16849944,466.53
120.63424695,-30.16849805,466.62
120.63415501,-30.16849639,466.78
120.63405155,-30.16849452,466.97
120.63403889,-30.16849429,471.00
120.63393564,-30.16849243,466.95
120.63392484,-30.16849224,466.93
120.63384619,-30.16849082,466.83
120.63352720,-30.16848506,466.77
120.63344843,-30.16848364,466.91
120.63344034,-30.16848349,473.26
120.63326590,-30.16848034,467.88
120.63325075,-30.16848007,467.01
120.63321765,-30.16847947,467.06
120.63317635,-30.16847873,467.10
120.63316359,-30.16847850,467.08
120.63310921,-30.16847752,467.15
120.63309230,-30.16847721,467.13
120.63301042,-30.16847573,467.27
120.63297597,-30.16847511,467.31
120.63295895,-30.16847480,467.33
120.63272070,-30.16847051,472.81
120.63251295,-30.16846675,471.54
120.63247414,-30.16846605,468.49
120.63246667,-30.16846592,468.53
120.63245349,-30.16846568,468.53
120.63242433,-30.16846515,468.50
120.63240368,-30.16846478,468.48
120.63215255,-30.16846025,468.71
120.63211468,-30.16845956,468.69
120.63206840,-30.16845873,468.97
120.63194854,-30.16845656,468.87
120.63185681,-30.16845491,470.22
120.63180804,-30.16845403,468.79
120.63177753,-30.16845347,470.03
120.63158877,-30.16845007,470.80
120.63157435,-30.16844980,468.91
120.63150389,-30.16844853,468.88
120.63149994,-30.16844846,468.89
120.63135259,-30.16844580,469.01
120.63134253,-30.16844562,470.30
120.63125878,-30.16844410,469.11
120.63110344,-30.16844130,469.30
120.63103578,-30.16844008,469.25
120.63102260,-30.16843984,477.33
120.63100019,-30.16843943,474.69
120.63098504,-30.16843916,469.27
120.63094716,-30.16843848,469.27
120.63091354,-30.16843787,469.24
120.63088801,-30.16843741,469.27
120.63086311,-30.16843696,469.24
120.63082098,-30.16843620,473.48
120.63074969,-30.16843491,469.45
120.63073776,-30.16843469,469.47
120.63061769,-30.16843252,469.54
120.63051320,-30.16843064,475.07
120.63049867,-30.16843037,473.32
120.63049275,-30.16843027,475.31
120.63047283,-30.16842991,470.87
120.63022492,-30.16842543,469.89
120.63018155,-30.16842464,469.94
120.63004789,-30.16842223,470.00
120.63002413,-30.16842180,470.05
120.63001956,-30.16842172,470.03
120.62999902,-30.16842134,470.03
120.62998262,-30.16842105,470.21
120.62987460,-30.16841910,470.14
120.62986650,-30.16841895,470.14
120.62980621,-30.16841786,470.18
120.62945423,-30.16841150,469.84
120.62941542,-30.16841080,471.05
120.62930895,-30.16840887,476.73
120.62916865,-30.16840633,469.85
120.62901300,-30.16840352,469.97
120.62899089,-30.16840312,471.39
120.62875637,-30.16839888,470.40
120.62875139,-30.16839879,477.51
120.62874028,-30.16839895,470.47
120.62873951,-30.16840499,477.60
120.62873826,-30.16843590,478.31
120.62873792,-30.16844996,477.07
120.62873744,-30.16847007,471.88
120.62873658,-30.16850596,470.05
120.62873377,-30.16862327,469.71
120.62873326,-30.16864463,469.89
120.62873148,-30.16871884,469.36
120.62873100,-30.16873886,469.26
120.62873052,-30.16875888,476.72
120.62873037,-30.16876500,479.90
120.62872992,-30.16878385,484.10
120.62872989,-30.16878520,479.65
120.62872973,-30.16879188,484.49
120.62872964,-30.16879566,470.63
120.62872947,-30.16880251,469.15
120.62872925,-30.16881207,469.10
120.62872890,-30.16882632,469.02
120.62872819,-30.16885599,468.87
120.62872743,-30.16888800,468.79
120.62872688,-30.16891098,469.96
120.62872537,-30.16897401,468.63
120.62872403,-30.16903001,480.69
120.62872399,-30.16903154,480.91
120.62872383,-30.16903812,478.52
120.62872380,-30.16903929,468.48
120.62872262,-30.16908861,474.67
120.62872220,-30.16910620,475.95
120.62872131,-30.16914352,468.26
120.62872079,-30.16916498,479.38
120.62871839,-30.16926543,480.30
120.62871696,-30.16932521,470.82
120.62871565,-30.16937976,467.95
120.62871521,-30.16939797,468.90
120.62871510,-30.16940275,469.40
120.62871506,-30.16940428,469.62
120.62871418,-30.16944107,468.04
120.62871217,-30.16952493,473.57
120.62871003,-30.16961428,467.70
120.62870998,-30.16961654,468.90
120.62870875,-30.16966766,467.51
120.62870871,-30.16966937,467.56
120.62870801,-30.16969850,468.18
120.62870784,-30.16970598,472.22
120.62870768,-30.16971257,468.11
120.62870673,-30.16975196,467.70
120.62870611,-30.16977802,467.66
120.62870521,-30.16981553,467.60
120.62870443,-30.16984799,467.51
120.62870313,-30.16990254,476.02
120.62870281,-30.16991598,474.59
120.62870274,-30.16991887,470.36
120.62870253,-30.16992734,471.38
120.62870199,-30.16995006,467.49
120.62870184,-30.16995610,468.89
120.62870179,-30.16995854,468.58
120.62870089,-30.16999577,467.03
120.62870066,-30.17000569,467.16
120.62869989,-30.17003770,467.14
120.62869940,-30.17005799,467.27
120.62869894,-30.17007729,467.31
120.62869853,-30.17009469,467.63
120.62869819,-30.17010848,474.91
120.62869758,-30.17013409,474.69
120.62869731,-30.17014554,467.41
120.62869570,-30.17021245,468.39
120.62869566,-30.17021425,467.43
120.62869550,-30.17022101,467.27
120.62869491,-30.17024580,467.42
120.62869488,-30.17024689,467.38
120.62869383,-30.17029062,476.81
120.62869221,-30.17035851,467.44
120.62869194,-30.17036942,467.50
120.62869166,-30.17038142,468.22
120.62869133,-30.17039503,467.57
120.62869110,-30.17040477,467.59
120.62868841,-30.17051712,467.73
120.62868809,-30.17053037,467.73
120.62868796,-30.17053587,468.52
120.62868728,-30.17056436,467.88
120.62868554,-30.17063668,467.93
120.62868533,-30.17064542,469.39
120.62868523,-30.17064984,474.54
120.62868459,-30.17067662,468.11
120.62868448,-30.17068113,468.09
120.62868430,-30.17068870,469.21
120.62868192,-30.17078780,468.26
120.62868174,-30.17079555,468.31
120.62868119,-30.17081836,468.37
120.62868050,-30.17084704,468.42
120.62867858,-30.17092746,468.61
120.62867785,-30.17095794,468.70
120.62867716,-30.17098661,468.84
120.62867510,-30.17107254,471.03
120.62867283,-30.17116739,469.11
120.62867264,-30.17117524,470.47
120.62867256,-30.17117867,470.94
120.62867117,-30.17123691,469.22
120.62867066,-30.17125792,470.29
120.62867024,-30.17127569,469.28
120.62867001,-30.17128533,469.31
120.62866926,-30.17131635,469.38
120.62866925,-30.17131671,470.67
120.62866894,-30.17132969,471.69
120.62866880,-30.17133565,469.42
120.62866798,-30.17136973,470.31
120.62866740,-30.17139425,469.33
120.62866725,-30.17140057,470.48
120.62866717,-30.17140372,471.12
120.62866716,-30.17140399,471.21
120.62866662,-30.17142662,469.38
120.62866617,-30.17144547,469.52
120.62866595,-30.17145449,471.25
120.62866381,-30.17154402,469.67
120.62866318,-30.17157044,469.64
120.62866256,-30.17159632,471.03
120.62866209,-30.17161570,469.73
120.62866183,-30.17162652,469.75
120.62866163,-30.17163509,471.26
120.62866136,-30.17164609,471.68
120.62865995,-30.17170515,469.94
120.62865957,-30.17172102,469.98
120.62865786,-30.17179243,470.16
120.62865638,-30.17185419,470.18
120.62865436,-30.17193859,477.69
120.62865412,-30.17194851,479.76
120.62865362,-30.17196951,470.87
120.62865322,-30.17198611,478.43
120.62865291,-30.17199909,471.09
120.62865262,-30.17201117,471.21
120.62865258,-30.17201279,476.64
120.62865249,-30.17201658,477.48
120.62865246,-30.17201766,471.36
120.62865193,-30.17203975,477.33
120.62865173,-30.17204814,471.52
120.62865145,-30.17205986,471.64
120.62864975,-30.17213100,472.27
120.62864933,-30.17214840,472.41
120.62864839,-30.17218781,472.65
120.62864762,-30.17221990,472.92
120.62864737,-30.17223018,472.92
120.62864688,-30.17225083,477.20
120.62864609,-30.17228392,480.60
120.62864604,-30.17228591,480.08
120.62864593,-30.17229024,472.65
120.62864523,-30.17231945,472.52
120.62864448,-30.17235101,472.36
120.62864416,-30.17236435,472.32
120.62864350,-30.17239185,472.22
120.62864313,-30.17240736,479.39
120.62864301,-30.17241241,479.29
120.62864252,-30.17243261,477.96
120.62864234,-30.17244018,472.09
120.62864211,-30.17245001,472.07
120.62864202,-30.17245371,472.11
120.62864173,-30.17246579,472.08
120.62864145,-30.17247751,472.10
120.62864095,-30.17249834,474.38
120.62863992,-30.17254135,472.19
120.62863922,-30.17257065,472.29
120.62863422,-30.17277939,479.41
120.62863299,-30.17283078,480.86
120.62863217,-30.17286487,474.77
120.62863072,-30.17292519,473.50
120.62863055,-30.17293231,480.61
120.62862879,-30.17300606,473.65
120.62862675,-30.17309118,473.78
120.62862595,-30.17312454,473.81
120.62862517,-30.17315682,473.87
120.62862243,-30.17327134,474.11
120.62862155,-30.17330812,473.93
120.62862081,-30.17333923,475.54
120.62862048,-30.17335293,473.91
120.62862040,-30.17335618,474.95
120.62861819,-30.17344823,473.81
120.62861771,-30.17346834,473.77
120.62861680,-30.17350622,475.21
120.62861645,-30.17352109,473.66
120.62861495,-30.17358349,474.45
120.62861490,-30.17358574,473.60
120.62861298,-30.17366581,473.33
120.62861190,-30.17371098,473.24
120.62861178,-30.17371595,473.20
120.62861150,-30.17372784,473.15
120.62861067,-30.17376247,473.07
120.62861059,-30.17376554,473.03
120.62860950,-30.17381097,472.88
120.62860905,-30.17382991,472.82
120.62860900,-30.17383216,474.00
120.62860874,-30.17384281,472.79
120.62860829,-30.17386165,472.79
120.62860795,-30.17387589,472.67
120.62860642,-30.17393982,472.46
120.62860632,-30.17394397,472.94
120.62860624,-30.17394722,474.04
120.62860586,-30.17396308,474.33
120.62860441,-30.17402350,472.19
120.62860412,-30.17403567,472.16
120.62860405,-30.17403846,473.07
120.62860263,-30.17409797,475.95
120.62860172,-30.17413585,471.89
120.62860140,-30.17414928,476.50
120.62860136,-30.17415072,471.86
120.62860126,-30.17415514,473.35
120.62860102,-30.17416506,471.85
120.62860097,-30.17416722,472.56
120.62860057,-30.17418381,471.73
120.62859971,-30.17421997,473.00
120.62859856,-30.17426785,472.39
120.62859709,-30.17432898,471.29
120.62859547,-30.17439670,471.87
120.62859366,-30.17447226,470.74
120.62859325,-30.17448939,472.14
120.62859252,-30.17451986,470.60
120.62859243,-30.17452356,470.62
120.62859216,-30.17453492,472.29
120.62859199,-30.17454204,473.01
120.62859145,-30.17456440,470.49
120.62859023,-30.17461535,470.42
120.62858783,-30.17471571,470.31
120.62858776,-30.17471877,470.39
120.62858742,-30.17473283,470.19
120.62858704,-30.17474844,470.18
120.62858553,-30.17481155,469.97
120.62858514,-30.17482814,469.88
120.62858510,-30.17482958,469.88
120.62858404,-30.17487368,469.74
120.62858169,-30.17497186,476.32
120.62858152,-30.17497899,469.46
120.62857995,-30.17504472,475.26
120.62857993,-30.17504544,469.23
120.62857957,-30.17506041,469.15
120.62857903,-30.17508313,469.03
120.62857768,-30.17513913,468.82
120.62857751,-30.17514661,472.02
120.62857722,-30.17515869,468.74
120.62857701,-30.17516744,468.69
120.62857679,-30.17517645,468.69
120.62857643,-30.17519169,468.62
120.62857607,-30.17520639,468.53
120.62857591,-30.17521306,468.51
120.62857560,-30.17522595,468.60
120.62857516,-30.17524461,468.44
120.62857493,-30.17525409,468.37
120.62857278,-30.17534371,467.99
120.62857164,-30.17539132,467.72
120.62857060,-30.17543469,467.57
120.62856968,-30.17547337,467.53
120.62856810,-30.17553928,469.11
120.62856792,-30.17554667,467.40
120.62856723,-30.17557553,467.30
120.62856618,-30.17561926,467.20
120.62856609,-30.17562287,472.51
120.62856609,-30.17562323,467.23
120.62856590,-30.17563107,472.65
120.62856524,-30.17565839,471.43
120.62856498,-30.17566948,475.26
120.62856399,-30.17571060,466.97
120.62856355,-30.17572908,466.94
120.62856326,-30.17574125,474.83
120.62856308,-30.17574865,468.13
120.62856223,-30.17578417,470.27
120.62856209,-30.17579003,469.88
120.62856098,-30.17583647,466.95
120.62856060,-30.17585207,466.98
120.62855921,-30.17591004,467.06
120.62855889,-30.17592375,467.04
120.62855684,-30.17600932,467.21
120.62855675,-30.17601283,467.22
120.62855572,-30.17605602,467.44
120.62855438,-30.17611193,467.40
120.62855423,-30.17611815,467.38
120.62855418,-30.17612031,467.39
120.62855383,-30.17613474,468.34
120.62855307,-30.17616648,467.48
120.62855185,-30.17621742,467.50
120.62855180,-30.17621968,467.58
120.62855173,-30.17622247,468.79
120.62855107,-30.17625015,467.51
120.62854981,-30.17630235,467.50
120.62854962,-30.17631056,467.52
120.62854811,-30.17637332,467.53
120.62854806,-30.17637557,467.53
120.62854711,-30.17641516,467.50
120.62854603,-30.17646024,467.48
120.62854548,-30.17648332,467.45
120.62854507,-30.17650045,468.50
120.62854502,-30.17650253,468.69
120.62854476,-30.17651325,469.20
120.62854277,-30.17659630,467.32
120.62854188,-30.17663354,476.68
120.62854078,-30.17667961,472.22
120.62854072,-30.17668195,467.35
120.62854058,-30.17668782,467.26
120.62854003,-30.17671054,467.16
120.62853849,-30.17677519,467.05
120.62853652,-30.17685715,466.74
120.62853609,-30.17687527,466.67
120.62853576,-30.17688907,466.62
120.62853543,-30.17690268,466.56
120.62853318,-30.17699673,466.15
120.62853308,-30.17700097,466.12
120.62853144,-30.17706940,465.80
120.62853111,-30.17708292,465.75
120.62852925,-30.17716074,465.42
120.62852914,-30.17716543,465.39
120.62852845,-30.17719383,465.27
120.62852781,-30.17722070,465.18
120.62852760,-30.17722945,471.18
120.62852743,-30.17723648,469.93
120.62852739,-30.17723846,470.04
120.62852714,-30.17724883,470.58
120.62852709,-30.17725072,470.76
120.62852699,-30.17725496,470.92
120.62852689,-30.17725902,471.16
120.62852664,-30.17726957,465.02
120.62852648,-30.17727633,472.53
120.62852555,-30.17731492,474.72
120.62852543,-30.17731988,464.84
120.62852444,-30.17736154,464.67
120.62852407,-30.17737669,464.72
120.62852210,-30.17745901,464.28
120.62852209,-30.17745955,464.26
120.62852151,-30.17748363,471.39
120.62852146,-30.17748588,471.74
120.62852134,-30.17749057,471.68
120.62852114,-30.17749922,472.06
120.62852084,-30.17751167,467.39
120.62851969,-30.17755963,464.02
120.62851906,-30.17758578,463.97
120.62851811,-30.17762546,463.85
120.62851729,-30.17765999,463.69
120.62851482,-30.17776296,463.48
120.62851474,-30.17776629,463.50
120.62851387,-30.17780245,467.31
120.62851336,-30.17782391,463.41
120.62851295,-30.17784095,471.91
120.62851286,-30.17784447,463.30
120.62851200,-30.17788044,463.27
120.62851166,-30.17789478,463.20
120.62851096,-30.17792399,463.18
120.62851010,-30.17795997,463.11
120.62850954,-30.17798314,463.07
120.62850840,-30.17803066,473.17
120.62850788,-30.17805266,462.88
120.62850662,-30.17810505,462.81
120.62850569,-30.17814400,462.75
120.62850537,-30.17815726,462.76
120.62850516,-30.17816600,462.71
120.62850488,-30.17817790,462.63
120.62850416,-30.17820784,462.62
120.62850377,-30.17822398,462.60
120.62850236,-30.17828295,462.48
120.62850091,-30.17834345,462.26
120.62850047,-30.17836175,462.26
120.62849982,-30.17838880,462.18
120.62849797,-30.17846616,462.10
120.62849730,-30.17849420,462.01
120.62849726,-30.17849583,462.28
120.62849600,-30.17854830,461.99
120.62849585,-30.17855471,461.94
120.62849475,-30.17860042,461.88
120.62849352,-30.17865172,461.89
120.62849327,-30.17866210,461.82
120.62849264,-30.17868842,461.84
120.62849150,-30.17873603,461.78
120.62849109,-30.17875316,461.75
120.62849050,-30.17877796,461.71
120.62849009,-30.17879473,461.69
120.62849008,-30.17879545,461.66
120.62848755,-30.17890112,461.60
120.62848746,-30.17890455,467.20
120.62848725,-30.17891330,469.07
120.62848716,-30.17891736,468.73
120.62848607,-30.17896289,461.68
120.62848565,-30.17898020,461.43
120.62848352,-30.17906892,461.31
120.62848305,-30.17908858,461.38
120.62848207,-30.17912960,461.30
120.62848176,-30.17914259,461.25
120.62848105,-30.17917234,461.21
120.62848006,-30.17921346,461.22
120.62848001,-30.17921562,461.43
120.62847946,-30.17923861,461.22
120.62847797,-30.17930065,461.18
120.62847682,-30.17934862,461.01
120.62847554,-30.17940191,460.98
120.62847505,-30.17942273,460.92
120.62847279,-30.17951705,460.82
120.62847276,-30.17951831,460.79
120.62847040,-30.17961650,460.76
120.62846856,-30.17969323,460.73
120.62846566,-30.17981442,460.31
120.62846443,-30.17986554,460.29
120.62846270,-30.17993812,460.18
120.62846187,-30.17997275,471.06
120.62846132,-30.17999565,472.29
120.62846117,-30.18000187,471.86
120.62845865,-30.18010683,478.34
120.62845839,-30.18011764,478.39
120.62845821,-30.18012513,460.20
120.62845748,-30.18015569,460.26
120.62845676,-30.18018599,460.10
120.62845515,-30.18025307,459.97
120.62845496,-30.18026092,459.97
120.62845438,-30.18028509,459.95
120.62845422,-30.18029194,459.87
120.62845142,-30.18040870,459.98
120.62845106,-30.18042367,460.01
120.62845020,-30.18045937,459.91
120.62844953,-30.18048769,459.97
120.62844923,-30.18049995,459.95
120.62844692,-30.18059652,460.02
120.62844658,-30.18061076,459.96
120.62844630,-30.18062212,459.97
120.62844618,-30.18062735,459.93
120.62844555,-30.18065341,459.91
120.62844541,-30.18065954,459.91
120.62844519,-30.18066865,459.99
120.62844481,-30.18068434,459.91
120.62844359,-30.18073546,459.83
120.62844339,-30.18074376,459.81
120.62844277,-30.18076964,459.80
120.62844076,-30.18085349,459.78
120.62844056,-30.18086196,459.78
120.62843998,-30.18088604,459.74
120.62843802,-30.18096791,460.09
120.62843766,-30.18098297,459.87
120.62843719,-30.18100226,459.91
120.62843578,-30.18106132,460.02
120.62843435,-30.18112101,460.08
120.62843384,-30.18114229,460.16
120.62843239,-30.18120252,460.23
120.62843204,-30.18121722,460.25
120.62843184,-30.18122552,460.31
120.62843094,-30.18126312,460.31
120.62842900,-30.18134417,460.35
120.62842889,-30.18134868,460.41
120.62842801,-30.18138538,460.43
120.62842715,-30.18142118,460.51
120.62842625,-30.18145886,461.49
120.62842622,-30.18146031,460.49
120.62842494,-30.18151369,460.54
120.62842474,-30.18152171,460.52
120.62842436,-30.18153767,460.53
120.62842399,-30.18155300,460.57
120.62842391,-30.18155669,460.54
120.62842328,-30.18158284,460.55
120.62842261,-30.18161061,460.56
120.62842174,-30.18164722,460.59
120.62842167,-30.18165011,460.71
120.62841999,-30.18172016,460.60
120.62841840,-30.18178626,460.62
120.62841744,-30.18182647,460.62
120.62841726,-30.18183414,474.22
120.62841663,-30.18186010,460.80
120.62841497,-30.18192944,460.59
120.62841440,-30.18195343,460.56
120.62841402,-30.18196911,460.59
120.62841363,-30.18198534,460.61
120.62841226,-30.18204278,460.66
120.62841062,-30.18211095,460.52
120.62840909,-30.18217505,460.49
120.62840562,-30.18231959,460.38
120.62840457,-30.18236341,460.40
120.62840377,-30.18239677,460.35
120.62840363,-30.18240254,460.33
120.62840233,-30.18245682,460.36
120.62840221,-30.18246196,472.49
120.62840204,-30.18246908,473.03
120.62840195,-30.18247287,465.08
120.62840190,-30.18247485,465.31
120.62840178,-30.18247981,460.27
120.62840119,-30.18250461,460.26
120.62840117,-30.18250515,473.63
120.62840107,-30.18250939,474.32
120.62840101,-30.18251182,473.84
120.62839944,-30.18257737,460.11
120.62839896,-30.18259766,460.10
120.62839525,-30.18275248,459.88
120.62839518,-30.18275527,460.75
120.62839274,-30.18285725,459.92
120.62839245,-30.18286915,459.83
120.62839208,-30.18288466,459.74
120.62839166,-30.18290215,459.77
120.62839119,-30.18292163,459.71
120.62839060,-30.18294642,467.61
120.62838888,-30.18301811,459.60
120.62838837,-30.18303920,463.44
120.62838797,-30.18305624,459.61
120.62838548,-30.18316003,459.50
120.62838493,-30.18318311,459.65
120.62838469,-30.18319285,469.78
120.62838217,-30.18329798,459.20
120.62838126,-30.18333603,460.42
120.62837946,-30.18341096,459.22
120.62837869,-30.18344315,459.17
120.62837648,-30.18353566,459.08
120.62837529,-30.18358516,459.25
120.62837491,-30.18360112,459.01
120.62837471,-30.18360941,459.08
120.62837406,-30.18363637,459.79
120.62837108,-30.18376098,458.82
120.62837070,-30.18377649,459.38
120.62837051,-30.18378443,459.73
120.62837036,-30.18379065,466.80
120.62837011,-30.18380111,458.86
120.62836961,-30.18382230,462.86
120.62836958,-30.18382356,458.85
120.62836913,-30.18384231,466.06
120.62836892,-30.18385106,458.77
120.62836862,-30.18386359,469.89
120.62836859,-30.18386485,470.80
120.62836834,-30.18387495,458.77
120.62836762,-30.18390507,458.70
120.62836724,-30.18392103,458.67
120.62836456,-30.18403292,458.52
120.62836404,-30.18405447,460.93
120.62836398,-30.18405700,461.06
120.62836314,-30.18409207,458.53
120.62836140,-30.18416457,465.38
120.62836127,-30.18416997,469.79
120.62836096,-30.18418296,458.33
120.62836031,-30.18421028,458.45
120.62835981,-30.18423102,458.27
120.62835953,-30.18424265,464.70
120.62835928,-30.18425329,458.24
120.62835904,-30.18426312,465.51
120.62835851,-30.18428539,466.32
120.62835845,-30.18428764,466.46
120.62835781,-30.18431442,458.39
120.62835362,-30.18448935,457.94
120.62835192,-30.18456012,457.87
120.62835176,-30.18456670,458.05
120.62835013,-30.18463487,457.91
120.62834784,-30.18473027,457.81
120.62834779,-30.18473252,457.84
120.62834727,-30.18475416,458.82
120.62834543,-30.18483098,457.70
120.62834434,-30.18487652,468.97
120.62834427,-30.18487931,459.66
120.62834363,-30.18490582,470.93
120.62834307,-30.18492926,457.68
120.62834174,-30.18498481,457.52
120.62834087,-30.18502096,457.32
120.62834082,-30.18502331,457.36
120.62833918,-30.18509156,457.44
120.62833901,-30.18509869,457.43
120.62833729,-30.18517046,457.42
120.62833666,-30.18519670,457.42
120.62833501,-30.18526540,457.30
120.62833480,-30.18527424,457.35
120.62833279,-30.18535818,457.42
120.62833095,-30.18543500,457.21
120.62833047,-30.18545511,457.30
120.62832949,-30.18549605,456.64
120.62832943,-30.18549821,456.65
120.62832652,-30.18561975,457.26
120.62832389,-30.18572940,457.07
120.62832273,-30.18577782,457.18
120.62832161,-30.18582443,457.10
120.62832026,-30.18588078,456.97
120.62831954,-30.18591117,456.95
120.62831948,-30.18591334,456.95
120.62831855,-30.18595220,457.10
120.62831778,-30.18598448,457.19
120.62831643,-30.18604092,457.13
120.62831536,-30.18608555,457.13
120.62831479,-30.18610908,456.85
120.62831382,-30.18614957,456.90
120.62831165,-30.18623992,457.15
120.62831142,-30.18624984,457.19
120.62830960,-30.18632575,457.20
120.62830947,-30.18633098,457.21
120.62830942,-30.18633333,457.21
120.62830830,-30.18638003,457.22
120.62830668,-30.18644757,457.32
120.62830640,-30.18645929,457.36
120.62830626,-30.18646479,467.63
120.62830572,-30.18648733,462.64
120.62830395,-30.18656127,457.37
120.62830390,-30.18656361,457.40
120.62830187,-30.18664819,457.51
120.62830153,-30.18666207,457.47
120.62830152,-30.18666279,457.45
120.62830117,-30.18667740,457.50
120.62830090,-30.18668849,457.90
120.62829967,-30.18673998,457.66
120.62829935,-30.18675341,457.61
120.62829817,-30.18680237,457.55
120.62829598,-30.18689380,457.58
120.62829589,-30.18689759,457.55
120.62829568,-30.18690615,457.59
120.62829536,-30.18691968,457.58
120.62829192,-30.18706295,465.50
120.62829188,-30.18706502,457.64
120.62829160,-30.18707648,457.66
120.62829154,-30.18707882,457.66
120.62829144,-30.18708333,465.67
120.62829126,-30.18709063,457.64
120.62829042,-30.18712553,457.62
120.62828936,-30.18717007,457.62
120.62828830,-30.18721416,457.64
120.62828792,-30.18723003,457.63
120.62828706,-30.18726591,464.18
120.62828687,-30.18727376,457.70
120.62828649,-30.18728972,466.13
120.62828564,-30.18732524,466.23
120.62828533,-30.18733823,466.26
120.62828490,-30.18735617,457.70
120.62828457,-30.18736988,457.73
120.62828424,-30.18738367,465.07
120.62828376,-30.18740369,466.47
120.62828284,-30.18744183,457.66
120.62828276,-30.18744525,457.69
120.62828257,-30.18745319,457.67
120.62828186,-30.18748294,458.45
120.62828127,-30.18750756,457.66
120.62828072,-30.18753037,457.67
120.62827970,-30.18757275,457.70
120.62827932,-30.18758880,457.66
120.62827550,-30.18774821,457.70
120.62827511,-30.18776435,457.73
120.62827499,-30.18776940,459.25
120.62827487,-30.18777427,460.05
120.62827461,-30.18778536,457.70
120.62827409,-30.18780700,457.78
120.62827356,-30.18782900,457.81
120.62827327,-30.18784090,457.74
120.62827296,-30.18785416,457.74
120.62827237,-30.18787850,470.29
120.62827202,-30.18789329,471.08
120.62827154,-30.18791313,457.68
120.62827126,-30.18792503,457.70
120.62827079,-30.18794441,457.69
120.62826868,-30.18803251,457.66
120.62826771,-30.18807290,463.48
120.62826726,-30.18809165,463.69
120.62826724,-30.18809274,457.76
120.62826710,-30.18809851,460.34
120.62826695,-30.18810464,457.73
120.62826611,-30.18813989,457.71
120.62826549,-30.18816559,457.65
120.62826458,-30.18820373,462.31
120.62826447,-30.18820833,462.19
120.62826431,-30.18821482,457.67
120.62826418,-30.18822014,466.33
120.62826366,-30.18824196,457.64
120.62826362,-30.18824367,465.06
120.62826355,-30.18824638,457.74
120.62826330,-30.18825684,464.57
120.62826314,-30.18826360,464.42
120.62826282,-30.18827703,457.68
120.62826252,-30.18828948,457.65
120.62826131,-30.18833988,457.64
120.62826130,-30.18834051,457.62
120.62826124,-30.18834286,457.60
120.62826054,-30.18837216,457.61
120.62826006,-30.18839200,459.85
120.62825996,-30.18839650,459.72
120.62825900,-30.18843636,457.64
120.62825856,-30.18845466,457.65
120.62825853,-30.18845574,457.70
120.62825851,-30.18845683,457.61
120.62825764,-30.18849307,461.76
120.62825628,-30.18854961,457.59
120.62825464,-30.18861822,457.47
120.62825458,-30.18862057,457.50
120.62825417,-30.18863770,458.34
120.62825374,-30.18865591,457.54
120.62825336,-30.18867160,458.24
120.62825317,-30.18867972,461.89
120.62825208,-30.18872489,457.57
120.62825204,-30.18872678,463.24
120.62825092,-30.18877340,466.13
120.62825082,-30.18877736,457.50
120.62825051,-30.18879062,471.23
120.62825030,-30.18879928,470.88
120.62825028,-30.18880009,465.26
120.62824967,-30.18882551,469.92
120.62824962,-30.18882768,469.92
120.62824952,-30.18883164,457.52
120.62824946,-30.18883426,469.65
120.62824791,-30.18889909,457.42
120.62824440,-30.18904534,457.43
120.62824379,-30.18907077,457.41
120.62824355,-30.18908059,457.42
120.62824333,-30.18908979,457.42
120.62824207,-30.18914245,457.42
120.62824122,-30.18917806,457.52
120.62824089,-30.18919177,457.47
120.62824083,-30.18919411,457.47
120.62823855,-30.18928915,457.39
120.62823749,-30.18933369,457.40
120.62823714,-30.18934811,457.35
120.62823668,-30.18936714,457.36
120.62823658,-30.18937147,457.37
120.62823650,-30.18937499,457.40
120.62823439,-30.18946263,457.37
120.62823342,-30.18950338,457.31
120.62823325,-30.18951023,457.91
120.62823202,-30.18956172,458.94
120.62823089,-30.18960870,457.30
120.62822933,-30.18967380,457.31
120.62822804,-30.18972781,468.73
120.62822682,-30.18977866,457.26
120.62822569,-30.18982581,457.15
120.62822326,-30.18992707,459.78
120.62822322,-30.18992852,458.01
120.62822286,-30.18994375,473.95
120.62822263,-30.18995313,457.23
120.62822257,-30.18995593,474.57
120.62822116,-30.19001471,457.22
120.62822056,-30.19003960,457.13
120.62821852,-30.19012454,457.31
120.62821780,-30.19015474,470.23
120.62821719,-30.19018026,457.14
120.62821664,-30.19020298,457.18
120.62821593,-30.19023273,457.17
120.62821534,-30.19025735,457.11
120.62821439,-30.19029720,457.06
120.62821398,-30.19031424,457.74
120.62821109,-30.19043471,457.06
120.62820991,-30.19048375,457.06
120.62820970,-30.19049241,456.99
120.62820758,-30.19058095,457.81
120.62820722,-30.19059610,456.97
120.62820700,-30.19060503,464.54
120.62820670,-30.19061792,462.98
120.62820577,-30.19065642,456.98
120.62820575,-30.19065723,456.92
120.62820547,-30.19066914,457.99
120.62820516,-30.19068194,457.25
120.62820501,-30.19068816,463.57
120.62820486,-30.19069438,462.39
120.62820468,-30.19070214,456.91
120.62820436,-30.19071530,462.93
120.62820271,-30.19078410,456.91
120.62820026,-30.19088635,456.92
120.62819977,-30.19090682,456.77
120.62819842,-30.19096308,456.69
120.62819673,-30.19103350,460.32
120.62819659,-30.19103954,456.95
120.62819625,-30.19105342,458.94
120.62819492,-30.19110888,456.60
120.62819427,-30.19113620,456.54
120.62819304,-30.19118750,456.54
120.62819255,-30.19120797,456.51
120.62819115,-30.19126640,456.56
120.62819061,-30.19128858,456.56
120.62819012,-30.19130904,456.64
120.62818772,-30.19140940,456.64
120.62818740,-30.19142247,456.66
120.62818641,-30.19146386,456.81
120.62818610,-30.19147666,466.28
120.62818579,-30.19148974,468.08
120.62818525,-30.19151219,456.62
120.62818415,-30.19155799,466.02
120.62818409,-30.19156079,456.56
120.62818406,-30.19156187,467.37
120.62818406,-30.19156205,467.26
120.62818396,-30.19156611,456.51
120.62818315,-30.19160001,456.49
120.62817983,-30.19173851,456.51
120.62817811,-30.19181028,456.51
120.62817762,-30.19183038,456.49
120.62817671,-30.19186843,456.49
120.62817578,-30.19190739,462.18
120.62817568,-30.19191126,456.54
120.62817533,-30.19192614,461.60
120.62817476,-30.19194994,456.47
120.62817364,-30.19199638,457.29
120.62817281,-30.19203118,456.46
120.62817273,-30.19203443,457.50
120.62817186,-30.19207076,456.51
120.62816818,-30.19222405,456.53
120.62816568,-30.19232846,456.55
120.62816483,-30.19236407,456.54
120.62816446,-30.19237913,456.59
120.62816134,-30.19250951,456.78
120.62816121,-30.19251501,458.33
120.62816083,-30.19253079,457.35
120.62816072,-30.19253521,460.13
120.62816015,-30.19255919,459.40
120.62816001,-30.19256478,456.65
120.62815867,-30.19262060,456.68
120.62815639,-30.19271572,456.76
120.62815381,-30.19282347,456.66
120.62815329,-30.19284520,456.71
120.62815208,-30.19289551,456.80
120.62815142,-30.19292328,456.83
120.62815090,-30.19294492,456.84
120.62815049,-30.19296178,456.82
120.62815044,-30.19296404,456.80
120.62814959,-30.19299929,456.83
120.62814907,-30.19302111,456.85
120.62814901,-30.19302346,456.83
120.62814826,-30.19305493,456.87
120.62814754,-30.19308504,456.85
120.62814742,-30.19309000,457.26
120.62814504,-30.19318918,456.84
120.62814494,-30.19319351,456.86
120.62814348,-30.19325419,456.82
120.62814305,-30.19327222,456.90
120.62814186,-30.19332173,456.85
120.62814129,-30.19334571,456.82
120.62814081,-30.19336573,456.86
120.62814055,-30.19337628,456.83
120.62814024,-30.19338935,456.85
120.62813884,-30.19344778,457.00
120.62813770,-30.19349529,456.87
120.62813674,-30.19353551,456.89
120.62813627,-30.19355481,456.88
120.62813607,-30.19356337,456.91
120.62813365,-30.19366436,456.91
120.62813265,-30.19370583,463.01
120.62813238,-30.19371701,470.60
120.62813195,-30.19373496,456.93
120.62813166,-30.19374704,468.28
120.62813080,-30.19378311,457.10
120.62813063,-30.19379023,458.12
120.62813060,-30.19379140,477.29
120.62813029,-30.19380420,473.40
120.62813009,-30.19381268,466.87
120.62812899,-30.19385857,457.01
120.62812894,-30.19386056,457.13
120.62812779,-30.19390843,457.03
120.62812678,-30.19395081,457.06
120.62812625,-30.19397290,457.10
120.62812613,-30.19397777,457.09
120.62812569,-30.19399626,470.17
120.62812564,-30.19399815,470.29
120.62812558,-30.19400067,470.16
120.62812513,-30.19401961,468.00
120.62812476,-30.19403476,465.56
120.62812356,-30.19408507,457.26
120.62812353,-30.19408624,457.21
120.62812332,-30.19409499,470.29
120.62812312,-30.19410319,465.73
120.62812302,-30.19410725,457.20
120.62812253,-30.19412781,457.22
120.62812235,-30.19413547,463.80
120.62812115,-30.19418561,457.28
120.62812066,-30.19420580,457.24
120.62812020,-30.19422510,457.27
120.62811971,-30.19424557,457.30
120.62811953,-30.19425314,465.75
120.62811947,-30.19425530,465.83
120.62811790,-30.19432094,466.06
120.62811694,-30.19436089,457.32
120.62811558,-30.19441751,457.40
120.62811534,-30.19442788,457.37
120.62811389,-30.19448802,457.41
120.62810912,-30.19468693,457.43
120.62810873,-30.19470343,457.45
120.62810752,-30.19475374,457.55
120.62810653,-30.19479504,457.52
120.62810633,-30.19480351,457.53
120.62810543,-30.19484075,457.54
120.62810324,-30.19493227,465.68
120.62810287,-30.19494769,470.26
120.62810281,-30.19495012,474.05
120.62810279,-30.19495120,470.78
120.62810218,-30.19497663,457.52
120.62810174,-30.19499493,457.52
120.62810173,-30.19499511,457.50
120.62810040,-30.19505084,457.49
120.62809991,-30.19507094,457.49
120.62809868,-30.19512243,457.47
120.62809817,-30.19514380,457.49
120.62809722,-30.19518311,457.49
120.62809660,-30.19520899,457.47
120.62809503,-30.19527454,457.50
120.62809456,-30.19529429,457.44
120.62809322,-30.19535001,457.39
120.62809257,-30.19537733,457.38
120.62809113,-30.19543729,457.36
120.62808999,-30.19548453,457.29
120.62808952,-30.19550446,457.28
120.62808795,-30.19556965,457.25
120.62808710,-30.19560536,457.26
120.62808597,-30.19565233,457.19
120.62808553,-30.19567064,457.17
120.62808551,-30.19567163,457.20
120.62808511,-30.19568840,457.15
120.62808494,-30.19569543,469.76
120.62808449,-30.19571392,457.16
120.62808436,-30.19571933,457.16
120.62808431,-30.19572158,466.53
120.62808427,-30.19572329,466.54
120.62808402,-30.19573375,469.39
120.62808250,-30.19579723,457.10
120.62808192,-30.19582121,457.13
120.62808166,-30.19583203,457.07
120.62808136,-30.19584457,457.05
120.62808026,-30.19589046,456.97
120.62807996,-30.19590299,456.97
120.62807948,-30.19592274,457.04
120.62807744,-30.19600804,456.98
120.62807731,-30.19601345,469.10
120.62807684,-30.19603319,469.69
120.62807663,-30.19604158,469.65
120.62807630,-30.19605537,469.34
120.62807623,-30.19605862,457.05
120.62807609,-30.19606421,465.09
120.62807586,-30.19607386,464.56
120.62807543,-30.19609171,457.00
120.62807534,-30.19609550,456.96
120.62807502,-30.19610902,457.05
120.62807451,-30.19613030,456.91
120.62807393,-30.19615438,456.84
120.62807343,-30.19617502,456.82
120.62807301,-30.19619279,456.81
120.62807272,-30.19620496,456.80
120.62807106,-30.19627421,456.75
120.62806986,-30.19632398,456.78
120.62806730,-30.19643091,456.86
120.62806693,-30.19644642,456.89
120.62806373,-30.19657978,456.68
120.62806285,-30.19661630,456.84
120.62806011,-30.19673072,466.40
120.62805717,-30.19685307,464.51
120.62805661,-30.19687633,456.70
120.62805634,-30.19688761,456.69
120.62805408,-30.19698183,456.68
120.62805385,-30.19699166,456.65
120.62805176,-30.19707876,456.62
120.62805170,-30.19708110,456.61
120.62805097,-30.19711149,463.78
120.62805090,-30.19711464,463.83
120.62805051,-30.19713078,464.97
120.62805015,-30.19714584,456.56
120.62804784,-30.19724205,456.51
120.62804779,-30.19724430,456.51
120.62804564,-30.19733392,456.54
120.62804502,-30.19735953,456.53
120.62804447,-30.19738261,457.50
120.62804435,-30.19738775,456.65
120.62804416,-30.19739560,456.53
120.62804410,-30.19739803,456.64
120.62804374,-30.19741291,457.57
120.62804369,-30.19741516,456.49
120.62804274,-30.19745493,456.42
120.62804170,-30.19749803,459.01
120.62804058,-30.19754500,456.39
120.62803861,-30.19762714,456.30
120.62803690,-30.19769819,456.27
120.62803550,-30.19775644,456.21
120.62803443,-30.19780107,462.84
120.62803363,-30.19783453,461.38
120.62803343,-30.19784291,456.21
120.62803341,-30.19784363,462.82
120.62803318,-30.19785355,462.54
120.62803218,-30.19789485,468.93
120.62803214,-30.19789692,468.94
120.62803204,-30.19790098,456.16
120.62803131,-30.19793118,456.15
120.62803126,-30.19793335,456.14
120.62803121,-30.19793551,456.12
120.62802967,-30.19799989,456.12
120.62802847,-30.19804957,456.02
120.62802842,-30.19805164,456.01
120.62802643,-30.19813469,455.96
120.62802575,-30.19816327,457.96
120.62802570,-30.19816525,458.09
120.62802568,-30.19816616,455.96
120.62802560,-30.19816922,458.43
120.62802461,-30.19821070,456.97
120.62802460,-30.19821124,455.98
120.62802392,-30.19823928,456.51
120.62802317,-30.19827075,455.93
120.62802288,-30.19828274,456.77
120.62802281,-30.19828554,461.01
120.62802274,-30.19828869,455.95
120.62802272,-30.19828950,461.27
120.62802188,-30.19832458,455.93
120.62802089,-30.19836578,466.44
120.62802020,-30.19839454,468.46
120.62802008,-30.19839968,455.88
120.62801966,-30.19841718,468.22
120.62801874,-30.19845523,467.44
120.62801829,-30.19847407,465.51
120.62801815,-30.19848002,455.80
120.62801694,-30.19853024,464.66
120.62801672,-30.19853971,465.38
120.62801667,-30.19854170,465.49
120.62801665,-30.19854269,455.75
120.62801659,-30.19854503,455.76
120.62801622,-30.19856054,465.61
120.62801543,-30.19859354,464.66
120.62801522,-30.19860193,455.68
120.62801497,-30.19861257,455.85
120.62801360,-30.19866973,455.67
120.62801320,-30.19868614,455.66
120.62801128,-30.19876657,455.63
120.62801113,-30.19877270,455.65
120.62801035,-30.19880534,455.59
120.62800983,-30.19882698,455.58
120.62800882,-30.19886882,455.56
120.62800793,-30.19890605,455.54
120.62800537,-30.19901263,455.62
120.62800496,-30.19902985,455.47
120.62800438,-30.19905411,455.48
120.62800342,-30.19909387,455.47
120.62800215,-30.19914698,455.41
120.62800187,-30.19915888,455.40
120.62800151,-30.19917367,455.46
120.62799999,-30.19923723,455.36
120.62799902,-30.19927745,459.70
120.62799882,-30.19928601,455.34
120.62799858,-30.19929593,459.04
120.62799851,-30.19929882,455.36
120.62799850,-30.19929936,460.24
120.62799818,-30.19931243,455.36
120.62799721,-30.19935310,462.15
120.62799694,-30.19936428,455.28
120.62799560,-30.19942018,455.24
120.62799523,-30.19943569,455.25
120.62799490,-30.19944930,455.27
120.62799468,-30.19945823,455.22
120.62799440,-30.19947022,455.26
120.62799417,-30.19947978,465.87
120.62799349,-30.19950782,468.35
120.62799346,-30.19950908,468.35
120.62799335,-30.19951395,455.24
120.62799287,-30.19953406,455.23
120.62799239,-30.19955381,455.20
120.62799238,-30.19955417,468.77
120.62799211,-30.19956562,455.21
120.62799181,-30.19957824,455.21
120.62799124,-30.19960186,455.19
120.62798974,-30.19966453,455.14
120.62798937,-30.19967986,455.16
120.62798881,-30.19970321,455.12
120.62798849,-30.19971646,463.65
120.62798816,-30.19973017,464.11
120.62798798,-30.19973792,455.08
120.62798764,-30.19975199,466.19
120.62798732,-30.19976524,455.10
120.62798688,-30.19978346,466.16
120.62798672,-30.19979031,464.59
120.62798639,-30.19980384,455.13
120.62798639,-30.19980402,455.14
120.62798610,-30.19981628,466.83
120.62798583,-30.19982746,455.12
120.62798565,-30.19983503,455.07
120.62798523,-30.19985243,455.14
120.62798486,-30.19986776,455.46
120.62798399,-30.19990419,455.11
120.62798398,-30.19990437,469.07
120.62798339,-30.19992899,455.05
120.62798265,-30.19995982,455.07
120.62798224,-30.19997686,455.02
120.62798010,-30.20006631,454.97
120.62797967,-30.20008407,454.98
120.62797713,-30.20018984,455.03
120.62797566,-30.20025124,455.04
120.62797523,-30.20026909,455.06
120.62797420,-30.20031228,455.03
120.62797335,-30.20034745,455.01
120.62797251,-30.20038261,465.24
120.62797147,-30.20042607,455.12
120.62797089,-30.20044996,465.94
120.62797088,-30.20045059,471.78
120.62797078,-30.20045492,471.60
120.62796892,-30.20053228,455.11
120.62796877,-30.20053851,467.53
120.62796850,-30.20054996,468.97
120.62796842,-30.20055311,455.10
120.62796840,-30.20055374,469.12
120.62796827,-30.20055951,455.07
120.62796797,-30.20057178,461.81
120.62796781,-30.20057836,455.07
120.62796747,-30.20059288,455.07
120.62796745,-30.20059360,455.06
120.62796713,-30.20060694,455.04
120.62796569,-30.20066681,455.08
120.62796531,-30.20068259,455.09
120.62796531,-30.20068268,464.11
120.62796525,-30.20068521,461.40
120.62796512,-30.20069080,466.82
120.62796468,-30.20070901,469.24
120.62796414,-30.20073146,455.11
120.62796333,-30.20076518,467.54
120.62796303,-30.20077772,464.61
120.62796211,-30.20081595,464.33
120.62796153,-30.20084029,455.07
120.62796089,-30.20086698,455.07
120.62796083,-30.20086941,455.12
120.62796048,-30.20088429,455.09
120.62795963,-30.20091973,456.07
120.62795961,-30.20092036,464.55
120.62795950,-30.20092505,455.44
120.62795925,-30.20093542,455.21
120.62795884,-30.20095237,456.71
120.62795882,-30.20095345,455.78
120.62795869,-30.20095868,462.96
120.62795688,-30.20103415,455.13
120.62795621,-30.20106201,455.17
120.62795449,-30.20113387,455.14
120.62795417,-30.20114722,455.14
120.62795350,-30.20117499,455.14
120.62794976,-30.20133106,455.24
120.62794836,-30.20138949,455.25
120.62794673,-30.20145729,455.27
120.62794512,-30.20152447,455.30
120.62794511,-30.20152483,455.29
120.62794406,-30.20156856,455.74
120.62794334,-30.20159840,465.75
120.62794256,-30.20163095,460.56
120.62794235,-30.20163997,455.41
120.62794080,-30.20170435,458.88
120.62794059,-30.20171310,455.63
120.62794016,-30.20173122,457.52
120.62794007,-30.20173473,455.38
120.62793938,-30.20176368,455.37
120.62793834,-30.20180714,455.37
120.62793750,-30.20184185,455.40
120.62793598,-30.20190533,456.15
120.62793559,-30.20192165,457.18
120.62793431,-30.20197512,455.46
120.62793424,-30.20197791,455.43
120.62793340,-30.20201272,455.43
120.62793246,-30.20205212,459.60
120.62793168,-30.20208440,457.13
120.62793128,-30.20210144,455.50
120.62793121,-30.20210432,455.47
120.62793086,-30.20211857,456.95
120.62792981,-30.20216275,455.49
120.62792921,-30.20218773,455.48
120.62792888,-30.20220134,456.95
120.62792709,-30.20227573,455.45
120.62792549,-30.20234245,456.06
120.62792364,-30.20241954,461.06
120.62792362,-30.20242054,455.72
120.62792343,-30.20242847,459.26
120.62792123,-30.20252035,457.68
120.62792003,-30.20257012,458.48
120.62791968,-30.20258473,455.73
120.62791959,-30.20258860,455.66
120.62791880,-30.20262160,455.54
120.62791863,-30.20262873,455.55
120.62791808,-30.20265154,456.85
120.62791768,-30.20266813,455.57
120.62791624,-30.20272818,457.03
120.62791594,-30.20274062,455.84
120.62791525,-30.20276930,455.63
120.62791426,-30.20281068,455.59
120.62791316,-30.20285658,457.32
120.62791243,-30.20288696,455.54
120.62791225,-30.20289436,458.12
120.62791149,-30.20292627,455.73
120.62791115,-30.20294052,457.37
120.62791095,-30.20294864,455.66
120.62791033,-30.20297460,455.69
120.62791014,-30.20298236,455.73
120.62790941,-30.20301265,459.33
120.62790933,-30.20301635,460.30
120.62790863,-30.20304556,456.60
120.62790829,-30.20305954,458.26
120.62790803,-30.20307045,458.45
120.62790772,-30.20308316,455.67
120.62790764,-30.20308650,456.47
120.62790574,-30.20316602,455.79
120.62790447,-30.20321886,457.76
120.62790415,-30.20323203,460.94
120.62790396,-30.20323996,455.79
120.62790243,-30.20330380,458.50
120.62790216,-30.20331516,455.99
120.62790179,-30.20333031,460.06
120.62790138,-30.20334753,459.89
120.62790130,-30.20335068,456.64
120.62790100,-30.20336322,460.57
120.62790029,-30.20339306,455.84
120.62789975,-30.20341551,456.18
120.62789970,-30.20341768,456.66
120.62789670,-30.20354274,455.97
120.62789550,-30.20359260,455.96
120.62789438,-30.20363939,455.93
120.62789404,-30.20365355,459.40
120.62789286,-30.20370251,460.06
120.62789253,-30.20371658,459.58
120.62789221,-30.20372992,456.03
120.62789157,-30.20375652,455.99
120.62789044,-30.20380368,457.35
120.62789009,-30.20381801,462.59
120.62788994,-30.20382423,462.40
120.62788988,-30.20382685,456.09
120.62788966,-30.20383605,462.10
120.62788912,-30.20385868,456.86
120.62788871,-30.20387554,456.07
120.62788838,-30.20388924,456.99
120.62788803,-30.20390394,456.10
120.62788650,-30.20396787,456.11
120.62788621,-30.20397986,459.28
120.62788603,-30.20398725,456.14
120.62788557,-30.20400646,460.62
120.62788551,-30.20400907,456.23
120.62788482,-30.20403775,456.21
120.62788473,-30.20404162,456.92
120.62788412,-30.20406696,456.26
120.62788367,-30.20408554,456.20
120.62788183,-30.20416254,456.32
120.62788179,-30.20416389,460.37
120.62788124,-30.20418697,457.56
120.62788065,-30.20421168,456.36
120.62788023,-30.20422926,458.79
120.62787828,-30.20431032,456.33
120.62787802,-30.20432132,456.32
120.62787698,-30.20436469,456.35
120.62787657,-30.20438173,456.49
120.62787475,-30.20445747,456.41
120.62787402,-30.20448776,456.43
120.62787088,-30.20461868,456.59
120.62786829,-30.20472652,456.56
120.62786782,-30.20474636,456.56
120.62786704,-30.20477873,456.62
120.62786696,-30.20478224,456.59
120.62786655,-30.20479938,459.01
120.62786625,-30.20481155,456.60
120.62786622,-30.20481281,457.70
120.62786594,-30.20482453,456.59
120.62786530,-30.20485122,456.63
120.62786465,-30.20487827,457.96
120.62786443,-30.20488756,456.75
120.62786410,-30.20490126,458.89
120.62786369,-30.20491839,456.74
120.62786273,-30.20495852,459.87
120.62786222,-30.20497971,459.38
120.62786210,-30.20498485,457.28
120.62786188,-30.20499377,456.84
120.62786184,-30.20499531,458.29
120.62786176,-30.20499882,457.11
120.62786060,-30.20504724,456.73
120.62785994,-30.20507474,456.76
120.62785931,-30.20510080,456.76
120.62785890,-30.20511811,456.81
120.62785851,-30.20513434,456.79
120.62785823,-30.20514588,456.80
120.62785649,-30.20521829,456.89
120.62785591,-30.20524281,456.88
120.62785578,-30.20524786,456.91
120.62785489,-30.20528501,457.00
120.62785425,-30.20531197,456.94
120.62785380,-30.20533072,456.99
120.62785319,-30.20535597,457.10
120.62785264,-30.20537878,457.00
120.62785087,-30.20545254,457.27
120.62784887,-30.20553594,457.20
120.62784756,-30.20559058,457.30
120.62784755,-30.20559121,457.27
120.62784637,-30.20564017,457.49
120.62784476,-30.20570725,457.55
120.62784416,-30.20573214,457.51
120.62784358,-30.20575649,457.56
120.62784310,-30.20577668,457.62
120.62784242,-30.20580481,457.58
120.62784218,-30.20581491,457.60
120.62784177,-30.20583195,457.68
120.62784080,-30.20587253,458.47
120.62784036,-30.20589065,457.78
120.62784035,-30.20589092,460.28
120.62784032,-30.20589218,460.37
120.62784004,-30.20590400,457.74
120.62783975,-30.20591599,457.76
120.62783966,-30.20592005,460.47
120.62783910,-30.20594331,457.96
120.62783868,-30.20596053,460.25
120.62783841,-30.20597207,457.95
120.62783778,-30.20599822,457.97
120.62783588,-30.20607747,460.16
120.62783548,-30.20609425,461.09
120.62783545,-30.20609515,462.27
120.62783530,-30.20610155,460.82
120.62783497,-30.20611534,458.28
120.62783462,-30.20613004,458.27
120.62783385,-30.20616214,458.35
120.62783112,-30.20627575,460.80
120.62783034,-30.20630830,459.76
120.62782940,-30.20634734,458.73
120.62782898,-30.20636492,458.74
120.62782867,-30.20637791,458.76
120.62782853,-30.20638377,458.78
120.62782759,-30.20642290,458.82
120.62782752,-30.20642560,458.82
120.62782618,-30.20648151,458.91
120.62782593,-30.20649224,458.92
120.62782564,-30.20650396,458.93
120.62782476,-30.20654066,460.13
120.62782454,-30.20654994,459.06
120.62782384,-30.20657934,459.12
120.62782304,-30.20661243,460.95
120.62782052,-30.20671747,459.33
120.62781977,-30.20674876,459.59
120.62781975,-30.20674966,462.20
120.62781974,-30.20675011,463.55
120.62781973,-30.20675047,464.72
120.62781905,-30.20677869,461.50
120.62781904,-30.20677923,463.81
120.62781715,-30.20685786,465.17
120.62781639,-30.20688942,460.44
120.62781578,-30.20691493,459.78
120.62781568,-30.20691917,459.79
120.62781480,-30.20695587,459.96
120.62781473,-30.20695884,467.04
120.62781451,-30.20696813,459.84
120.62781441,-30.20697219,464.51
120.62781437,-30.20697372,461.41
120.62781421,-30.20698048,466.83
120.62781249,-30.20705226,460.27
120.62781216,-30.20706605,462.12
120.62781150,-30.20709328,461.05
120.62781113,-30.20710861,465.21
120.62781080,-30.20712258,462.32
120.62781080,-30.20712268,460.11
120.62781078,-30.20712322,465.81
120.62781054,-30.20713331,462.84
120.62781028,-30.20714422,465.70
120.62780980,-30.20716415,464.17
120.62780965,-30.20717064,460.20
120.62780956,-30.20717434,464.53
120.62780922,-30.20718832,464.83
120.62780893,-30.20720031,460.26
120.62780879,-30.20720635,461.63
120.62780870,-30.20720996,460.25
120.62780825,-30.20722880,460.32
120.62780807,-30.20723619,462.24
120.62780735,-30.20726631,460.33
120.62780713,-30.20727569,460.37
120.62780712,-30.20727578,461.67
120.62780712,-30.20727596,464.29
120.62780711,-30.20727623,465.47
120.62780645,-30.20730364,460.39
120.62780644,-30.20730409,465.28
120.62780505,-30.20736197,462.71
120.62780471,-30.20737649,460.57
120.62780463,-30.20737965,460.58
120.62780298,-30.20744862,460.66
120.62780269,-30.20746053,463.83
120.62780268,-30.20746098,460.65
120.62780194,-30.20749190,460.74
120.62780098,-30.20753194,460.84
120.62780010,-30.20756845,461.02
120.62779957,-30.20759072,461.54
120.62779932,-30.20760082,464.27
120.62779932,-30.20760091,460.90
120.62779925,-30.20760380,464.87
120.62779910,-30.20760993,466.22
120.62779805,-30.20765393,461.02
120.62779681,-30.20770569,463.74
120.62779563,-30.20775492,467.27
120.62779535,-30.20776619,462.39
120.62779342,-30.20784689,461.33
120.62779091,-30.20795148,461.56
120.62778986,-30.20799530,461.54
120.62778862,-30.20804678,465.51
120.62778819,-30.20806455,461.63
120.62778701,-30.20811396,461.61
120.62778633,-30.20814236,465.16
120.62778620,-30.20814759,466.54
120.62778580,-30.20816445,466.66
120.62778524,-30.20818762,464.37
120.62778472,-30.20820953,461.92
120.62778466,-30.20821188,461.81
120.62778379,-30.20824821,461.66
120.62778366,-30.20825344,462.91
120.62778153,-30.20834217,461.88
120.62778022,-30.20839690,467.91
120.62777979,-30.20841484,462.07
120.62777922,-30.20843837,462.19
120.62777816,-30.20848282,462.12
120.62777729,-30.20851898,462.18
120.62777610,-30.20856866,463.29
120.62777548,-30.20859454,462.34
120.62777400,-30.20865585,462.34
120.62777270,-30.20871013,462.41
120.62777247,-30.20871969,462.46
120.62777156,-30.20875765,462.50
120.62776926,-30.20885358,462.72
120.62776917,-30.20885737,462.74
120.62776831,-30.20889326,468.35
120.62776689,-30.20895250,463.94
120.62776593,-30.20899244,463.04
120.62776552,-30.20900921,463.04
120.62776263,-30.20912976,463.30
120.62776056,-30.20921623,463.45
120.62775860,-30.20929756,469.19
120.62775801,-30.20932218,463.63
120.62775540,-30.20943091,464.50
120.62775506,-30.20944507,464.85
120.62775482,-30.20945508,467.27
120.62775411,-30.20948474,464.00
120.62775300,-30.20953118,464.02
120.62775208,-30.20956959,464.07
120.62775158,-30.20959006,464.16
120.62775009,-30.20965236,465.25
120.62774985,-30.20966228,464.27
120.62774947,-30.20967824,464.30
120.62774924,-30.20968753,464.30
120.62774855,-30.20971665,466.42
120.62774775,-30.20975001,464.44
120.62774742,-30.20976372,465.76
120.62774638,-30.20980691,464.66
120.62774632,-30.20980925,464.68
120.62774596,-30.20982458,471.79
120.62774480,-30.20987255,464.70
120.62774460,-30.20988111,474.26
120.62774314,-30.20994197,464.84
120.62774202,-30.20998850,464.91
120.62774139,-30.21001492,464.95
120.62773998,-30.21007343,465.03
120.62773861,-30.21013069,465.12
120.62773720,-30.21018921,465.46
120.62773590,-30.21024376,465.29
120.62773533,-30.21026729,465.25
120.62773229,-30.21039379,466.97
120.62773174,-30.21041670,467.25
120.62773080,-30.21045592,467.39
120.62772958,-30.21050704,465.50
120.62772842,-30.21055519,465.52
120.62772821,-30.21056376,465.55
120.62772665,-30.21062895,469.86
120.62772576,-30.21066618,465.76
120.62772540,-30.21068106,465.72
120.62772517,-30.21069062,465.69
120.62772465,-30.21071235,465.69
120.62772416,-30.21073273,465.70
120.62772373,-30.21075067,466.62
120.62772255,-30.21079963,465.83
120.62772243,-30.21080486,465.84
120.62772225,-30.21081216,467.17
120.62772201,-30.21082244,468.85
120.62772094,-30.21086671,467.05
120.62771774,-30.21100016,465.97
120.62771644,-30.21105417,465.96
120.62771625,-30.21106237,467.44
120.62771612,-30.21106769,468.32
120.62771547,-30.21109456,466.01
120.62771543,-30.21109663,466.02
120.62771434,-30.21114199,466.09
120.62771305,-30.21119564,466.20
120.62771235,-30.21122485,466.17
120.62771164,-30.21125415,466.21
120.62771054,-30.21130005,466.21
120.62771039,-30.21130654,466.21
120.62770936,-30.21134937,466.21
120.62770919,-30.21135649,466.21
120.62770856,-30.21138273,466.82
120.62770852,-30.21138426,467.10
120.62770739,-30.21143124,466.33
120.62770715,-30.21144134,468.06
120.62770613,-30.21148408,466.31
120.62770433,-30.21155891,469.87
120.62770360,-30.21158930,466.24
120.62770239,-30.21163970,466.26
120.62770037,-30.21172392,467.51
120.62769981,-30.21174700,466.16
120.62769924,-30.21177080,467.15
120.62769845,-30.21180371,466.15
120.62769772,-30.21183437,467.16
120.62769756,-30.21184104,468.31
120.62769705,-30.21186214,466.14
120.62769580,-30.21191407,468.73
120.62769297,-30.21203219,467.16
120.62769293,-30.21203390,467.37
120.62769243,-30.21205482,468.21
120.62769176,-30.21208277,465.98
120.62769153,-30.21209215,468.25
120.62768815,-30.21223317,465.70
120.62768772,-30.21225084,465.70
120.62768696,-30.21228267,465.68
120.62768688,-30.21228574,467.90
120.62768661,-30.21229710,467.81
120.62768628,-30.21231071,468.30
120.62768273,-30.21245886,465.45
120.62768230,-30.21247680,465.43
120.62768139,-30.21251458,465.41
120.62768046,-30.21255353,465.31
120.62767992,-30.21257580,465.29
120.62767836,-30.21264081,465.23
120.62767798,-30.21265677,469.63
120.62767744,-30.21267931,465.20
120.62767710,-30.21269347,465.10
120.62767678,-30.21270654,465.09
120.62767587,-30.21274468,465.02
120.62767509,-30.21277696,465.93
120.62767470,-30.21279337,470.52
120.62767441,-30.21280527,469.68
120.62767437,-30.21280698,468.73
120.62767360,-30.21283899,464.76
120.62767351,-30.21284296,464.80
120.62767311,-30.21285955,464.74
120.62767233,-30.21289201,464.69
120.62767186,-30.21291158,467.40
120.62767122,-30.21293827,464.57
120.62767076,-30.21295747,468.14
120.62766992,-30.21299255,464.39
120.62766944,-30.21301247,464.35
120.62766878,-30.21303979,464.25
120.62766878,-30.21304006,468.32
120.62766857,-30.21304863,464.22
120.62766850,-30.21305169,467.44
120.62766841,-30.21305548,468.41
120.62766831,-30.21305972,464.22
120.62766795,-30.21307442,469.71
120.62766792,-30.21307568,468.79
120.62766787,-30.21307793,464.16
120.62766784,-30.21307919,469.66
120.62766749,-30.21309353,464.12
120.62766719,-30.21310606,468.03
120.62766623,-30.21314637,463.99
120.62766506,-30.21319479,463.96
120.62766458,-30.21321507,463.85
120.62766443,-30.21322111,463.93
120.62766436,-30.21322427,466.56
120.62766413,-30.21323374,464.84
120.62766343,-30.21326295,463.69
120.62766225,-30.21331191,463.60
120.62766174,-30.21333319,463.48
120.62766012,-30.21340054,465.89
120.62766006,-30.21340325,463.38
120.62765947,-30.21342759,468.13
120.62765939,-30.21343093,465.32
120.62765919,-30.21343950,463.34
120.62765883,-30.21345455,463.30
120.62765856,-30.21346573,466.27
120.62765838,-30.21347304,464.37
120.62765840,-30.21348089,465.55
120.62766328,-30.21348124,467.37
120.62767282,-30.21348169,463.17
120.62768767,-30.21348196,463.16
120.62780540,-30.21348409,463.10
120.62782574,-30.21348446,464.94
120.62783301,-30.21348459,467.23
120.62783602,-30.21348464,463.07
120.62789042,-30.21348563,463.08
120.62790340,-30.21348586,463.98
120.62791118,-30.21348600,464.44
120.62793506,-30.21348644,463.77
120.62796745,-30.21348702,464.94
120.62801604,-30.21348790,462.87
120.62805300,-30.21348857,462.83
120.62810947,-30.21348959,462.73
120.62814072,-30.21349016,470.73
120.62816772,-30.21349065,462.66
120.62822751,-30.21349173,468.22
120.62823167,-30.21349181,462.51
120.62824392,-30.21349203,462.52
120.62826271,-30.21349237,462.47
120.62827205,-30.21349254,472.06
120.62828617,-30.21349279,462.45
120.62828669,-30.21349280,470.36
120.62835272,-30.21349400,462.42
120.62836279,-30.21349418,462.35
120.62836756,-30.21349427,470.71
120.62844283,-30.21349563,468.46
120.62844719,-30.21349571,462.20
120.62845695,-30.21349588,462.19
120.62846733,-30.21349607,462.18
120.62850086,-30.21349668,471.34
120.62850574,-30.21349677,464.50
120.62851498,-30.21349693,469.81
120.62854187,-30.21349742,473.06
120.62854530,-30.21349748,472.60
120.62855039,-30.21349757,462.08
120.62858153,-30.21349814,462.04
120.62862513,-30.21349893,462.01
120.62865534,-30.21349947,468.79
120.62866022,-30.21349956,461.94
120.62870362,-30.21350035,461.88
120.62879145,-30.21350194,461.75
120.62885478,-30.21350308,461.72
120.62890326,-30.21350396,461.59
120.62891354,-30.21350415,461.59
120.62891811,-30.21350423,461.58
120.62895828,-30.21350496,461.59
120.62902348,-30.21350614,469.10
120.62904715,-30.21350656,465.67
120.62906667,-30.21350692,461.51
120.62910207,-30.21350756,461.46
120.62910944,-30.21350769,461.45
120.62914837,-30.21350840,461.42
120.62916114,-30.21350863,461.43
120.62918938,-30.21350914,461.34
120.62922364,-30.21350976,461.33
120.62926600,-30.21351052,461.32
120.62928271,-30.21351083,462.28
120.62929486,-30.21351105,470.01
120.62930295,-30.21351119,469.82
120.62930991,-30.21351132,465.51
120.62937843,-30.21351256,461.18
120.62937988,-30.21351259,471.51
120.62940739,-30.21351308,461.16
120.62945193,-30.21351389,461.12
120.62948609,-30.21351451,461.13
120.62948733,-30.21351453,461.19
120.62951433,-30.21351502,470.92
120.62952948,-30.21351529,460.94
120.62953405,-30.21351537,460.95
120.62957049,-30.21351603,460.96
120.62957423,-30.21351610,460.94
120.62962863,-30.21351709,460.87
120.62965427,-30.21351755,468.88
120.62967742,-30.21351797,471.08
120.62968947,-30.21351819,471.63
120.62973701,-30.21351905,464.96
120.62977470,-30.21351973,460.67
120.62980470,-30.21352027,461.44
120.62981363,-30.21352043,460.62
120.62984239,-30.21352095,460.59
120.62987115,-30.21352147,460.54
120.62989658,-30.21352193,460.49
120.62997382,-30.21352333,473.39
120.63000735,-30.21352394,471.03
120.63001618,-30.21352410,460.43
120.63003487,-30.21352443,467.92
120.63004172,-30.21352456,460.37
120.63005895,-30.21352487,466.07
120.63007650,-30.21352519,467.56
120.63008138,-30.21352528,460.34
120.63021364,-30.21352767,460.35
120.63027344,-30.21352875,460.09
120.63028268,-30.21352892,460.08
120.63031361,-30.21352948,467.86
120.63032130,-30.21352962,467.37
120.63037902,-30.21353066,459.94
120.63038805,-30.21353082,459.92
120.63041255,-30.21353127,459.89
120.63042096,-30.21353142,459.86
120.63046000,-30.21353212,459.86
120.63051377,-30.21353310,459.75
120.63053038,-30.21353340,459.77
120.63057077,-30.21353413,459.63
120.63061936,-30.21353501,459.59
120.63064957,-30.21353555,459.49
120.63065912,-30.21353573,459.51
120.63070397,-30.21353654,461.32
120.63071788,-30.21353679,460.61
120.63072826,-30.21353698,460.84
120.63074186,-30.21353722,459.37
120.63074238,-30.21353723,459.35
120.63075193,-30.21353740,459.36
120.63078754,-30.21353805,464.41
120.63079782,-30.21353823,460.27
120.63083976,-30.21353899,459.25
120.63088606,-30.21353983,459.26
120.63090298,-30.21354014,459.27
120.63096683,-30.21354129,459.26
120.63102840,-30.21354240,467.78
120.63103130,-30.21354246,459.21
120.63109515,-30.21354361,466.98
120.63112204,-30.21354410,466.71
120.63119949,-30.21354550,459.12
120.63122378,-30.21354594,461.15
120.63129583,-30.21354724,462.07
120.63132209,-30.21354771,462.92
120.63137037,-30.21354859,458.92
120.63139830,-30.21354909,458.76
120.63140805,-30.21354927,458.76
120.63141210,-30.21354934,458.85
120.63141833,-30.21354945,458.90
120.63143183,-30.21354970,459.07
120.63144076,-30.21354986,462.62
120.63144169,-30.21354987,465.07
120.63144481,-30.21354993,460.16
120.63144792,-30.21354999,465.00
120.63145301,-30.21355008,464.93
120.63147024,-30.21355039,463.22
120.63148415,-30.21355064,462.85
120.63148457,-30.21355065,459.09
120.63151198,-30.21355115,459.89
120.63157551,-30.21355229,465.92
120.63163438,-30.21355336,458.81
120.63166957,-30.21355399,458.56
120.63173342,-30.21355515,458.82
120.63177474,-30.21355590,458.79
120.63178834,-30.21355614,458.76
120.63181574,-30.21355664,458.72
120.63182924,-30.21355688,458.71
120.63184585,-30.21355718,458.84
120.63186994,-30.21355762,458.69
120.63187305,-30.21355767,458.68
120.63188333,-30.21355786,458.68
120.63189714,-30.21355811,458.67
120.63190555,-30.21355826,458.67
120.63195860,-30.21355922,458.72
120.63196846,-30.21355940,458.76
120.63198227,-30.21355965,458.78
120.63199016,-30.21355979,458.77
120.63200386,-30.21356004,458.76
120.63204560,-30.21356079,458.76
120.63211547,-30.21356205,458.73
120.63213384,-30.21356239,458.68
120.63216706,-30.21356299,458.71
120.63221658,-30.21356388,458.84
120.63222686,-30.21356407,458.79
120.63223693,-30.21356425,460.63
120.63223901,-30.21356429,458.79
120.63224638,-30.21356442,458.74
120.63226122,-30.21356469,458.74
120.63227503,-30.21356494,459.95
120.63228604,-30.21356514,458.75
120.63231147,-30.21356560,458.75
120.63233379,-30.21356600,458.69
120.63237304,-30.21356671,458.66
120.63256043,-30.21357009,458.53
120.63260413,-30.21357088,460.87
120.63261898,-30.21357115,462.26
120.63262614,-30.21357128,458.69
120.63265604,-30.21357182,461.27
120.63268729,-30.21357239,461.37
120.63272913,-30.21357314,461.05
120.63280024,-30.21357443,458.47
120.63280326,-30.21357448,458.46
120.63287261,-30.21357573,458.46
120.63291870,-30.21357657,460.41
120.63292078,-30.21357661,459.84
120.63292223,-30.21357663,459.41
120.63293687,-30.21357690,460.06
120.63296760,-30.21357745,458.48
120.63304214,-30.21357880,458.36
120.63304598,-30.21357887,464.83
120.63305480,-30.21357903,468.29
120.63308284,-30.21357953,467.78
120.63309602,-30.21357977,467.49
120.63316589,-30.21358103,458.32
120.63318084,-30.21358130,458.30
120.63319434,-30.21358155,458.30
120.63320181,-30.21358168,458.29
120.63338276,-30.21358495,458.24
120.63349333,-30.21358695,458.29
120.63349914,-30.21358705,459.48
120.63350838,-30.21358722,458.68
120.63357348,-30.21358840,458.25
120.63357908,-30.21358850,458.25
120.63359580,-30.21358880,458.25
120.63361729,-30.21358919,458.21
120.63365196,-30.21358981,458.39
120.63365560,-30.21358988,458.38
120.63370719,-30.21359081,458.26
120.63372121,-30.21359106,458.23
120.63373242,-30.21359127,458.21
120.63378495,-30.21359221,458.19
120.63378796,-30.21359227,458.19
120.63379575,-30.21359241,458.18
120.63383614,-30.21359314,458.18
120.63399726,-30.21359605,458.25
120.63401522,-30.21359637,458.20
120.63406734,-30.21359731,458.22
120.63407803,-30.21359751,458.21
120.63414323,-30.21359868,458.22
120.63418154,-30.21359938,458.20
120.63418527,-30.21359944,458.20
120.63420572,-30.21359981,458.24
120.63421953,-30.21360006,458.25
120.63427923,-30.21360114,458.20
120.63436633,-30.21360271,459.57
120.63441357,-30.21360357,458.60
120.63442291,-30.21360373,458.27
120.63447928,-30.21360475,458.31
120.63453991,-30.21360585,458.35
120.63455050,-30.21360604,458.39
120.63455248,-30.21360607,458.34
120.63456379,-30.21360628,458.34
120.63456794,-30.21360635,458.30
120.63456940,-30.21360638,458.30
120.63457199,-30.21360643,465.41
120.63457210,-30.21360643,458.33
120.63458300,-30.21360663,466.90
120.63470239,-30.21360878,462.16
120.63478036,-30.21361019,458.30
120.63482385,-30.21361097,458.32
120.63486912,-30.21361179,458.33
120.63487026,-30.21361181,458.34
120.63488127,-30.21361201,467.23
120.63489798,-30.21361231,467.63
120.63495093,-30.21361327,467.57
120.63497211,-30.21361365,458.35
120.63498280,-30.21361384,458.38
120.63502900,-30.21361468,458.37
120.63504696,-30.21361500,458.39
120.63506710,-30.21361536,463.06
120.63507395,-30.21361549,467.12
120.63508672,-30.21361572,459.85
120.63509035,-30.21361578,460.25
120.63510863,-30.21361611,458.42
120.63512659,-30.21361644,458.48
120.63513531,-30.21361660,458.99
120.63530380,-30.21361964,458.46
120.63532363,-30.21361999,468.96
120.63533661,-30.21362023,458.49
120.63536319,-30.21362071,468.90
120.63537388,-30.21362090,458.46
120.63538914,-30.21362118,458.52
120.63542828,-30.21362188,458.55
120.63545112,-30.21362230,458.57
120.63546067,-30.21362247,467.04
120.63546991,-30.21362263,465.23
120.63557726,-30.21362457,458.65
120.63565481,-30.21362597,458.75
120.63565876,-30.21362604,466.10
120.63566478,-30.21362615,466.58
120.63567443,-30.21362633,461.63
120.63568409,-30.21362650,458.73
120.63568689,-30.21362655,467.85
120.63570142,-30.21362681,458.70
120.63570641,-30.21362690,467.90
120.63572343,-30.21362721,467.85
120.63572665,-30.21362727,459.06
120.63573049,-30.21362734,458.79
120.63574430,-30.21362759,458.75
120.63577970,-30.21362822,458.76
120.63579289,-30.21362846,458.76
120.63579569,-30.21362851,465.77
120.63589536,-30.21363031,458.79
120.63590013,-30.21363040,458.81
120.63591446,-30.21363066,458.79
120.63593481,-30.21363102,458.76
120.63606925,-30.21363345,467.08
120.63607299,-30.21363352,459.58
120.63609541,-30.21363392,458.63
120.63612230,-30.21363441,458.57
120.63614327,-30.21363478,458.57
120.63617442,-30.21363535,458.52
120.63618885,-30.21363561,458.47
120.63620681,-30.21363593,458.48
120.63622508,-30.21363626,458.46
120.63626599,-30.21363700,458.43
120.63639555,-30.21363934,461.21
120.63643220,-30.21364000,464.93
120.63643230,-30.21364000,464.84
120.63643895,-30.21364012,458.27
120.63646147,-30.21364053,458.23
120.63648992,-30.21364104,461.88
120.63653134,-30.21364179,458.13
120.63657495,-30.21364257,458.05
120.63661845,-30.21364336,458.03
120.63666174,-30.21364414,458.02
120.63667150,-30.21364431,458.00
120.63669153,-30.21364468,469.15
120.63669911,-30.21364481,458.09
120.63670275,-30.21364488,470.66
120.63673150,-30.21364540,457.99
120.63674074,-30.21364556,463.69
120.63674147,-30.21364558,463.57
120.63675922,-30.21364590,457.93
120.63676950,-30.21364608,469.83
120.63677573,-30.21364619,457.91
120.63677957,-30.21364626,457.87
120.63685962,-30.21364771,457.81
120.63686533,-30.21364781,457.82
120.63690737,-30.21364857,457.78
120.63691537,-30.21364871,457.78
120.63693644,-30.21364909,457.74
120.63700558,-30.21365034,457.63
120.63702313,-30.21365066,457.61
120.63703579,-30.21365088,457.61
120.63707192,-30.21365154,466.67
120.63713141,-30.21365261,457.51
120.63739158,-30.21365730,457.18
120.63741452,-30.21365771,457.12
120.63742480,-30.21365790,457.10
120.63748719,-30.21365902,457.05
120.63752343,-30.21365968,457.19
120.63752976,-30.21365979,457.22
120.63759049,-30.21366089,457.13
120.63759423,-30.21366095,457.09
120.63759579,-30.21366098,457.14
120.63768902,-30.21366266,457.23
120.63785108,-30.21366559,456.83
120.63795354,-30.21366743,456.81
120.63804750,-30.21366913,456.77
120.63806338,-30.21366941,456.74
120.63807262,-30.21366958,456.72
120.63810491,-30.21367016,456.69
120.63815267,-30.21367102,456.76
120.63815786,-30.21367112,456.82
120.63821849,-30.21367221,456.71
120.63832012,-30.21367404,456.66
120.63833559,-30.21367432,456.66
120.63834151,-30.21367443,456.64
120.63838408,-30.21367519,456.62
120.63843827,-30.21367617,458.64
120.63844689,-30.21367633,456.67
120.63845426,-30.21367646,456.68
120.63848810,-30.21367707,456.73
120.63859503,-30.21367900,457.05
120.63863220,-30.21367967,457.15
120.63867020,-30.21368035,457.23
120.63881025,-30.21368287,465.73
120.63883008,-30.21368323,465.95
120.63884555,-30.21368351,457.42
120.63886600,-30.21368388,467.08
120.63889860,-30.21368447,457.38
120.63891012,-30.21368467,457.34
120.63893805,-30.21368518,464.31
120.63894210,-30.21368525,462.03
120.63895829,-30.21368554,457.31
120.63897656,-30.21368587,457.37
120.63898632,-30.21368605,457.26
120.63901435,-30.21368655,457.20
120.63901467,-30.21368656,457.22
120.63903148,-30.21368686,457.18
120.63904228,-30.21368706,459.70
120.63904602,-30.21368712,459.72
120.63906408,-30.21368745,464.96
120.63907208,-30.21368759,466.33
120.63908215,-30.21368777,466.40
120.63909357,-30.21368798,456.97
120.63916022,-30.21368918,456.84
120.63920247,-30.21368994,456.71
120.63923445,-30.21369052,456.60
120.63926393,-30.21369105,456.52
120.63927722,-30.21369129,456.47
120.63929321,-30.21369158,456.41
120.63932435,-30.21369214,456.34
120.63938332,-30.21369320,461.69
120.63956615,-30.21369650,455.65
120.63956916,-30.21369655,455.66
120.63958203,-30.21369678,455.65
120.63959895,-30.21369709,455.60
120.63997083,-30.21370379,455.29
120.63997477,-30.21370386,455.29
120.64002658,-30.21370479,455.31
120.64012791,-30.21370661,455.33
120.64014639,-30.21370695,464.41
120.64015365,-30.21370708,463.70
120.64030616,-30.21370983,455.25
120.64042067,-30.21371189,455.35
120.64048421,-30.21371303,455.19
120.64056394,-30.21371447,455.11
120.64065561,-30.21371612,468.32
120.64066153,-30.21371622,468.06
120.64069008,-30.21371674,454.97
120.64089876,-30.21372050,454.55
120.64091838,-30.21372085,454.52
120.64107504,-30.21372367,459.52
120.64108085,-30.21372378,454.27
120.64115155,-30.21372505,454.24
120.64116017,-30.21372520,454.21
120.64118841,-30.21372571,454.23
120.64120024,-30.21372592,454.19
120.64121114,-30.21372612,454.19
120.64126160,-30.21372703,454.17
120.64134683,-30.21372856,461.93
120.64135005,-30.21372862,461.87
120.64143155,-30.21373009,454.15
120.64147827,-30.21373093,462.50
120.64148315,-30.21373102,454.14
120.64149177,-30.21373117,464.92
120.64149976,-30.21373132,455.24
120.64150100,-30.21373134,458.62
120.64150163,-30.21373135,462.78
120.64156350,-30.21373246,455.38
120.64156485,-30.21373249,459.74
120.64162175,-30.21373351,462.92
120.64169348,-30.21373480,454.03
120.64173937,-30.21373563,454.04
120.64175494,-30.21373591,454.04
120.64175567,-30.21373592,460.25
120.64176346,-30.21373606,454.02
120.64177072,-30.21373619,459.38
120.64178007,-30.21373636,454.01
120.64180239,-30.21373676,461.72
120.64180509,-30.21373681,453.98
120.64181308,-30.21373696,461.52
120.64188274,-30.21373821,453.91
120.64190693,-30.21373865,453.92
120.64202767,-30.21374082,453.79
120.64204761,-30.21374118,453.72
120.64215797,-30.21374316,453.77
120.64222950,-30.21374445,459.66
120.64229137,-30.21374556,461.39
120.64234339,-30.21374650,453.69
120.64237515,-30.21374707,453.67
120.64238834,-30.21374731,453.63
120.64240391,-30.21374759,462.23
120.64242426,-30.21374796,453.60
120.64244606,-30.21374835,455.92
120.64244887,-30.21374840,456.21
120.64245613,-30.21374853,463.77
120.64250960,-30.21374949,453.59
120.64252403,-30.21374975,453.52
120.64253867,-30.21375001,456.90
120.64254635,-30.21375015,457.44
120.64254936,-30.21375021,459.59
120.64260272,-30.21375117,453.42
120.64261830,-30.21375145,453.42
120.64282448,-30.21375516,453.26
120.64283995,-30.21375543,453.27
120.64287400,-30.21375605,453.26
120.64289476,-30.21375642,461.87
120.64290567,-30.21375662,466.67
120.64291023,-30.21375670,467.23
120.64291324,-30.21375675,467.20
120.64292757,-30.21375701,465.67
120.64293463,-30.21375714,466.40
120.64296920,-30.21375776,453.32
120.64298010,-30.21375796,462.42
120.64298208,-30.21375799,462.49
120.64300481,-30.21375840,465.57
120.64304333,-30.21375909,466.86
120.64306658,-30.21375951,454.27
120.64322605,-30.21376238,461.61
120.64322823,-30.21376242,453.11
120.64329986,-30.21376371,465.98
120.64331170,-30.21376392,463.95
120.64333392,-30.21376432,460.89
120.64334015,-30.21376443,453.20
120.64335478,-30.21376470,453.12
120.64335987,-30.21376479,461.18
120.64346878,-30.21376675,463.04
120.64349940,-30.21376730,457.12
120.64350065,-30.21376732,459.89
120.64351238,-30.21376753,453.14
120.64351269,-30.21376754,459.82
120.64351632,-30.21376760,458.35
120.64352120,-30.21376769,459.82
120.64353034,-30.21376785,458.79
120.64360955,-30.21376928,453.08
120.64361464,-30.21376937,456.46
120.64362056,-30.21376948,453.10
120.64363073,-30.21376966,453.08
120.64367911,-30.21377053,453.08
120.64377566,-30.21377227,453.03
120.64378926,-30.21377251,453.06
120.64379913,-30.21377269,453.07
120.64380608,-30.21377281,453.11
120.64383962,-30.21377342,462.68
120.64386920,-30.21377395,453.12
120.64392495,-30.21377495,457.91
120.64393046,-30.21377505,453.24
120.64393336,-30.21377510,453.28
120.64394125,-30.21377524,453.20
120.64400510,-30.21377639,453.14
120.64401850,-30.21377663,453.14
120.64410062,-30.21377811,452.96
120.64410622,-30.21377821,452.98
120.64422395,-30.21378033,452.76
120.64426828,-30.21378112,452.71
120.64429860,-30.21378167,452.64
120.64431448,-30.21378195,452.62
120.64431749,-30.21378201,452.61
120.64434106,-30.21378243,452.62
120.64436327,-30.21378283,462.42
120.64436753,-30.21378291,452.65
120.64438362,-30.21378320,462.60
120.64438383,-30.21378320,455.94
120.64441352,-30.21378373,462.64
120.64444187,-30.21378424,457.09
120.64445640,-30.21378451,453.04
120.64448298,-30.21378498,455.75
120.64453125,-30.21378585,452.39
120.64453914,-30.21378599,452.41
120.64461337,-30.21378733,452.36
120.64466175,-30.21378820,452.35
120.64466850,-30.21378832,452.30
120.64467483,-30.21378843,454.67
120.64467930,-30.21378851,452.35
120.64468179,-30.21378856,452.36
120.64472124,-30.21378927,452.42
120.64480834,-30.21379083,452.23
120.64483025,-30.21379123,452.19
120.64485704,-30.21379171,452.14
120.64487728,-30.21379207,452.10
120.64489628,-30.21379241,452.14
120.64501432,-30.21379453,452.06
120.64501816,-30.21379460,460.68
120.64504671,-30.21379512,452.01
120.64505232,-30.21379522,461.90
120.64513195,-30.21379665,451.89
120.64514150,-30.21379682,451.88
120.64515147,-30.21379700,451.87
120.64517628,-30.21379745,451.82
120.64520524,-30.21379797,451.84
120.64521355,-30.21379812,451.82
120.64522590,-30.21379834,451.82
120.64523213,-30.21379845,451.81
120.64523504,-30.21379850,451.84
120.64524999,-30.21379877,451.85
120.64525404,-30.21379884,451.81
120.64527563,-30.21379923,451.87
120.64527688,-30.21379925,451.84
120.64528352,-30.21379937,451.82
120.64544735,-30.21380232,451.73
120.64549594,-30.21380319,451.72
120.64554598,-30.21380409,451.68
120.64567346,-30.21380638,451.56
120.64570534,-30.21380695,454.20
120.64571697,-30.21380716,462.28
120.64573492,-30.21380749,451.44
120.64574188,-30.21380761,451.48
120.64574479,-30.21380766,464.18
120.64574801,-30.21380772,456.33
120.64580739,-30.21380879,451.35
120.64581673,-30.21380896,460.30
120.64585297,-30.21380961,451.30
120.64586968,-30.21380991,457.20
120.64587352,-30.21380998,457.14
120.64593955,-30.21381116,452.11
120.64594755,-30.21381131,451.91
120.64599032,-30.21381207,454.20
120.64599727,-30.21381220,451.08
120.64599966,-30.21381224,454.91
120.64600745,-30.21381238,451.06
120.64606393,-30.21381340,458.49
120.64612975,-30.21381458,450.88
120.64614055,-30.21381477,450.92
120.64618249,-30.21381553,450.94
120.64621664,-30.21381614,450.89
120.64624779,-30.21381670,450.87
120.64625869,-30.21381690,450.85
120.64627136,-30.21381712,450.84
120.64628849,-30.21381743,450.81
120.64631185,-30.21381785,450.76
120.64631558,-30.21381792,450.76
120.64635182,-30.21381857,450.74
120.64637165,-30.21381892,450.73
120.64642791,-30.21381994,450.65
120.64643518,-30.21382007,450.66
120.64644463,-30.21382024,450.68
120.64646747,-30.21382065,450.62
120.64647526,-30.21382079,450.59
120.64650266,-30.21382128,457.03
120.64651772,-30.21382155,450.62
120.64652613,-30.21382170,459.28
120.64660461,-30.21382311,450.54
120.64661780,-30.21382335,450.50
120.64667189,-30.21382432,450.51
120.64671674,-30.21382512,450.46
120.64674373,-30.21382561,450.45
120.64677695,-30.21382620,450.44
120.64683136,-30.21382718,450.38
120.64692188,-30.21382881,453.29
120.64693507,-30.21382904,453.99
120.64699850,-30.21383018,450.27
120.64717364,-30.21383333,450.17
120.64718216,-30.21383348,450.34
120.64718621,-30.21383355,450.20
120.64719098,-30.21383364,450.14
120.64721725,-30.21383411,451.25
120.64722649,-30.21383428,452.10
120.64722680,-30.21383428,451.25
120.64723988,-30.21383452,452.10
120.64724476,-30.21383461,450.20
120.64725608,-30.21383481,453.88
120.64729127,-30.21383544,450.18
120.64731837,-30.21383593,455.05
120.64734578,-30.21383642,450.15
120.64737225,-30.21383690,458.29
120.64746517,-30.21383856,454.74
120.64747025,-30.21383866,450.16
120.64747389,-30.21383872,451.63
120.64752061,-30.21383956,462.41
120.64752372,-30.21383962,462.30
120.64755466,-30.21384017,450.12
120.64757885,-30.21384061,454.32
120.64759183,-30.21384084,450.07
120.64759941,-30.21384097,459.66
120.64760034,-30.21384099,450.07
120.64760127,-30.21384101,450.04
120.64761269,-30.21384121,459.93
120.64762806,-30.21384149,450.01
120.64779209,-30.21384443,449.89
120.64779770,-30.21384453,449.90
120.64781493,-30.21384484,449.90
120.64782833,-30.21384508,449.90
120.64784161,-30.21384532,449.90
120.64810791,-30.21385010,449.59
120.64812514,-30.21385041,449.59
120.64827651,-30.21385313,449.37
120.64832333,-30.21385397,449.32
120.64837410,-30.21385488,449.25
120.64842684,-30.21385583,458.93
120.64846754,-30.21385656,452.61
120.64849765,-30.21385710,454.86
120.64849941,-30.21385713,458.73
120.64859669,-30.21385888,452.57
120.64861382,-30.21385918,457.05
120.64862607,-30.21385940,454.71
120.64869116,-30.21386057,449.10
120.64876373,-30.21386187,453.11
120.64880640,-30.21386264,448.88
120.64882945,-30.21386305,448.85
120.64886028,-30.21386361,448.78
120.64894687,-30.21386516,448.66
120.64900293,-30.21386617,448.58
120.64900657,-30.21386623,448.56
120.64900708,-30.21386624,448.55
120.64904612,-30.21386694,448.54
120.64906066,-30.21386720,448.54
120.64907592,-30.21386748,448.48
120.64912502,-30.21386836,448.45
120.64912969,-30.21386844,448.60
120.64917070,-30.21386918,448.36
120.64922375,-30.21387013,448.37
120.64929124,-30.21387134,448.23
120.64937346,-30.21387281,448.15
120.64940762,-30.21387343,448.17
120.64946005,-30.21387437,448.13
120.64947427,-30.21387462,448.13
120.64952514,-30.21387554,448.04
120.64952836,-30.21387559,448.03
120.64956760,-30.21387630,447.95
120.64960083,-30.21387689,447.84
120.64960467,-30.21387696,447.86
120.64963384,-30.21387749,447.88
120.64965128,-30.21387780,447.88
120.64965346,-30.21387784,447.90
120.64965658,-30.21387789,447.87
120.64969468,-30.21387858,453.37
120.64973797,-30.21387935,447.82
120.64973932,-30.21387938,447.84
120.64981168,-30.21388068,447.81
120.64982497,-30.21388091,447.72
120.64985041,-30.21388137,454.23
120.64986120,-30.21388156,454.23
120.64989743,-30.21388221,447.49
120.64990616,-30.21388237,447.48
120.64997707,-30.21388364,447.32
120.65005368,-30.21388502,447.24
120.65005483,-30.21388504,447.21
120.65010840,-30.21388600,447.14
120.65011431,-30.21388610,447.17
120.65017826,-30.21388725,455.35
120.65032870,-30.21388995,446.88
120.65033898,-30.21389013,446.85
120.65034521,-30.21389024,446.85
120.65035891,-30.21389049,446.83
120.65037614,-30.21389080,446.85
120.65039359,-30.21389111,446.84
120.65040324,-30.21389129,446.82
120.65042089,-30.21389160,446.79
120.65052658,-30.21389350,447.89
120.65054714,-30.21389387,454.79
120.65057589,-30.21389438,454.85
120.65058285,-30.21389451,454.05
120.65058981,-30.21389463,446.57
120.65071293,-30.21389684,446.39
120.65078083,-30.21389806,447.89
120.65079360,-30.21389829,446.31
120.65083253,-30.21389898,446.29
120.65087531,-30.21389975,446.24
120.65087904,-30.21389982,446.23
120.65090977,-30.21390037,446.22
120.65093230,-30.21390077,446.18
120.65093625,-30.21390084,446.15
120.65111637,-30.21390407,445.96
120.65114627,-30.21390461,445.97
120.65116278,-30.21390490,445.94
120.65118064,-30.21390522,445.94
120.65122476,-30.21390602,445.98
120.65122850,-30.21390608,446.13
120.65138683,-30.21390892,445.72
120.65141890,-30.21390950,445.66
120.65148794,-30.21391073,446.63
120.65149189,-30.21391080,445.57
120.65153632,-30.21391160,445.52
120.65164668,-30.21391358,445.39
120.65166288,-30.21391387,445.43
120.65168541,-30.21391427,451.23
120.65172475,-30.21391498,451.55
120.65174355,-30.21391531,445.35
120.65174365,-30.21391532,451.77
120.65174666,-30.21391537,445.37
120.65176566,-30.21391571,445.44
120.65176826,-30.21391576,445.37
120.65178435,-30.21391605,450.10
120.65179047,-30.21391616,448.33
120.65179618,-30.21391626,450.85
120.65183729,-30.21391699,448.09
120.65185142,-30.21391725,445.17
120.65190664,-30.21391824,445.09
120.65191713,-30.21391843,445.08
120.65202708,-30.21392040,444.99
120.65203310,-30.21392050,444.98
120.65207919,-30.21392133,451.94
120.65212342,-30.21392212,448.61
120.65212695,-30.21392219,450.04
120.65216692,-30.21392290,444.88
120.65216952,-30.21392295,445.97
120.65218571,-30.21392324,445.88
120.65220367,-30.21392356,444.68
120.65221364,-30.21392374,444.67
120.65224468,-30.21392430,444.67
120.65225911,-30.21392455,444.66
120.65227417,-30.21392482,444.65
120.65228880,-30.21392509,445.68
120.65229358,-30.21392517,444.63
120.65237020,-30.21392654,444.58
120.65242657,-30.21392755,444.62
120.65243083,-30.21392763,444.77
120.65245014,-30.21392798,457.47
120.65245481,-30.21392806,456.95
120.65245668,-30.21392809,453.18
120.65251648,-30.21392917,444.47
120.65254659,-30.21392970,444.39
120.65262082,-30.21393103,444.31
120.65269173,-30.21393231,444.30
120.65276907,-30.21393369,444.22
120.65277343,-30.21393377,444.22
120.65287953,-30.21393567,444.12
120.65290995,-30.21393621,451.45
120.65292937,-30.21393656,445.07
120.65293840,-30.21393672,444.15
120.65298512,-30.21393756,444.10
120.65298855,-30.21393762,444.11
120.65299675,-30.21393777,444.14
120.65309060,-30.21393945,443.98
120.65310898,-30.21393978,443.91
120.65314282,-30.21394039,443.86
120.65314458,-30.21394042,448.67
120.65315092,-30.21394053,449.56
120.65316608,-30.21394080,449.35
120.65316743,-30.21394083,448.65
120.65317407,-30.21394095,443.95
120.65317604,-30.21394098,445.70
120.65319473,-30.21394132,447.27
120.65320044,-30.21394142,447.65
120.65320854,-30.21394156,447.34
120.65321103,-30.21394161,443.86
120.65330717,-30.21394333,443.72
120.65335098,-30.21394411,454.83
120.65336281,-30.21394433,443.67
120.65336385,-30.21394434,453.99
120.65336510,-30.21394437,443.70
120.65336738,-30.21394441,453.16
120.65337174,-30.21394449,452.90
120.65339105,-30.21394483,443.66
120.65344566,-30.21394581,444.07
120.65345210,-30.21394593,443.61
120.65345968,-30.21394606,443.64
120.65346290,-30.21394612,443.57
120.65347982,-30.21394642,443.57
120.65352861,-30.21394730,443.51
120.65353557,-30.21394742,443.57
120.65354232,-30.21394754,443.52
120.65355197,-30.21394771,443.51
120.65358156,-30.21394824,443.52
120.65366908,-30.21394981,443.41
120.65367822,-30.21394997,443.40
120.65374331,-30.21395114,443.37
120.65375920,-30.21395143,443.36
120.65380477,-30.21395224,443.32
120.65381765,-30.21395247,443.32
120.65386437,-30.21395331,448.74
120.65389323,-30.21395383,450.31
120.65390039,-30.21395395,443.32
120.65390465,-30.21395403,443.30
120.65392406,-30.21395438,447.10
120.65397670,-30.21395532,443.19
120.65398490,-30.21395547,443.19
120.65399113,-30.21395558,443.18
120.65399809,-30.21395570,443.15
120.65405062,-30.21395664,443.06
120.65406868,-30.21395697,443.05
120.65407117,-30.21395701,443.25
120.65412599,-30.21395799,442.98
120.65412994,-30.21395806,442.98
120.65416627,-30.21395871,442.97
120.65417001,-30.21395878,442.97
120.65417624,-30.21395889,452.12
120.65420365,-30.21395938,451.26
120.65422327,-30.21395973,442.89
120.65425358,-30.21396028,454.81
120.65425929,-30.21396038,442.88
120.65426874,-30.21396055,442.93
120.65429418,-30.21396100,454.43
120.65429542,-30.21396103,442.87
120.65434941,-30.21396199,442.77
120.65435450,-30.21396208,450.55
120.65438720,-30.21396267,442.75
120.65441803,-30.21396322,447.88
120.65445998,-30.21396397,442.73
120.65450213,-30.21396473,442.62
120.65454220,-30.21396544,442.62
120.65456660,-30.21396588,442.55
120.65460013,-30.21396648,442.51
120.65460792,-30.21396662,442.52
120.65479822,-30.21397003,442.36
120.65484214,-30.21397081,442.35
120.65486269,-30.21397118,443.09
120.65491388,-30.21397210,443.82
120.65492280,-30.21397226,450.24
120.65496122,-30.21397294,451.01
120.65498790,-30.21397342,451.06
120.65499527,-30.21397355,449.17
120.65500233,-30.21397368,450.46
120.65500856,-30.21397379,450.05
120.65510075,-30.21397544,442.00
120.65512722,-30.21397592,441.98
120.65514384,-30.21397621,441.95
120.65520426,-30.21397729,444.15
120.65530559,-30.21397911,441.79
120.65532521,-30.21397946,442.30
120.65535283,-30.21397995,441.74
120.65536653,-30.21398020,441.71
120.65538003,-30.21398044,441.70
120.65559088,-30.21398421,441.51
120.65559120,-30.21398422,449.96
120.65564290,-30.21398514,453.64
120.65565982,-30.21398545,449.30
120.65567788,-30.21398577,447.38
120.65569065,-30.21398600,441.39
120.65573592,-30.21398681,441.88
120.65576935,-30.21398741,441.36
120.65578907,-30.21398776,441.34
120.65579603,-30.21398788,441.32
120.65580558,-30.21398805,441.34
120.65587213,-30.21398925,441.23
120.65587898,-30.21398937,441.22
120.65591272,-30.21398997,441.21
120.65591366,-30.21398999,441.18
120.65592477,-30.21399019,441.20
120.65609171,-30.21399317,441.09
120.65610842,-30.21399347,441.12
120.65612285,-30.21399373,440.98
120.65612441,-30.21399376,449.69
120.65613303,-30.21399391,449.86
120.65614082,-30.21399405,451.21
120.65614351,-30.21399410,440.99
120.65615182,-30.21399425,451.37
120.65615701,-30.21399434,446.39
120.65616106,-30.21399441,440.96
120.65616698,-30.21399452,440.96
120.65618567,-30.21399485,448.03
120.65618971,-30.21399493,451.82
120.65620321,-30.21399517,452.37
120.65620466,-30.21399519,440.87
120.65623861,-30.21399580,440.83
120.65625772,-30.21399614,446.43
120.65628886,-30.21399670,440.75
120.65628896,-30.21399670,444.67
120.65631752,-30.21399721,448.52
120.65635167,-30.21399782,440.66
120.65644044,-30.21399941,448.17
120.65644428,-30.21399948,440.55
120.65647999,-30.21400012,451.35
120.65655796,-30.21400151,440.37
120.65656782,-30.21400169,440.41
120.65666676,-30.21400346,440.27
120.65669096,-30.21400389,440.27
120.65673445,-30.21400467,440.19
120.65699494,-30.21400933,440.11
120.65700127,-30.21400944,440.14
120.65713852,-30.21401190,440.03
120.65714319,-30.21401198,440.04
120.65715980,-30.21401228,440.03
120.65716863,-30.21401243,440.03
120.65724982,-30.21401389,439.91
120.65729363,-30.21401467,439.91
120.65734512,-30.21401559,439.89
120.65738873,-30.21401637,439.92
120.65739942,-30.21401656,439.91
120.65746036,-30.21401765,439.84
120.65748746,-30.21401814,439.92
120.65751476,-30.21401862,439.80
120.65759138,-30.21401999,450.67
120.65782716,-30.21402421,439.63
120.65791904,-30.21402585,444.61
120.65792205,-30.21402590,444.74
120.65793907,-30.21402621,439.58
120.65799005,-30.21402712,439.56
120.65799566,-30.21402722,446.92
120.65799722,-30.21402725,439.57
120.65807082,-30.21402856,439.52
120.65815824,-30.21403013,439.44
120.65818617,-30.21403063,439.42
120.65826320,-30.21403200,439.37
120.65830026,-30.21403267,439.36
120.65833421,-30.21403327,439.34
120.65841810,-30.21403477,439.32
120.65842796,-30.21403495,439.42
120.65869405,-30.21403970,439.24
120.65872084,-30.21404018,439.16
120.65877140,-30.21404108,439.14
120.65880742,-30.21404173,439.13
120.65883888,-30.21404229,449.32
120.65908306,-30.21404665,438.99
120.65913103,-30.21404751,438.95
120.65915034,-30.21404786,438.95
120.65950312,-30.21405416,438.79
120.65951277,-30.21405433,438.80
120.65961275,-30.21405612,438.77
120.65969363,-30.21405756,438.76
120.65970328,-30.21405773,448.85
120.65973028,-30.21405822,438.72
120.65981655,-30.21405976,438.68
120.65983991,-30.21406017,438.68
120.65986410,-30.21406061,438.73
120.65990532,-30.21406134,438.68
120.65994269,-30.21406201,438.61
120.65996076,-30.21406233,438.63
120.65997862,-30.21406265,438.63
120.65998806,-30.21406282,438.58
120.66008295,-30.21406451,438.55
120.66024595,-30.21406743,438.50
120.66025176,-30.21406753,438.50
120.66048712,-30.21407173,438.32
120.66057994,-30.21407339,438.29
120.66063818,-30.21407443,438.25
120.66073816,-30.21407621,438.20
120.66075446,-30.21407651,438.18
120.66080824,-30.21407747,438.18
120.66081509,-30.21407759,438.17
120.66086555,-30.21407849,438.10
120.66089576,-30.21407903,438.08
120.66095951,-30.21408017,438.14
120.66099854,-30.21408086,438.19
120.66106083,-30.21408197,445.93
120.66112884,-30.21408319,438.14
120.66113839,-30.21408336,438.12
120.66113943,-30.21408338,438.10
120.66124055,-30.21408518,438.07
120.66129225,-30.21408611,437.94
120.66132277,-30.21408665,444.53
120.66134478,-30.21408704,437.93
120.66146625,-30.21408921,437.80
120.66155148,-30.21409073,437.76
120.66155793,-30.21409085,437.73
120.66158471,-30.21409133,437.71
120.66160548,-30.21409170,437.76
120.66164845,-30.21409246,437.74
120.66171926,-30.21409373,437.67
120.66172964,-30.21409391,437.68
120.66182671,-30.21409564,437.63
120.66185609,-30.21409617,437.59
120.66185931,-30.21409623,437.59
120.66192649,-30.21409743,437.54
120.66193677,-30.21409761,437.57
120.66194341,-30.21409773,438.25
120.66198027,-30.21409839,437.81
120.66199064,-30.21409857,437.53
120.66202023,-30.21409910,438.57
120.66202096,-30.21409911,437.53
120.66202397,-30.21409917,438.73
120.66208284,-30.21410022,442.69
120.66209644,-30.21410046,442.52
120.66210277,-30.21410057,437.51
120.66211025,-30.21410070,442.74
120.66214814,-30.21410138,437.41
120.66218032,-30.21410195,437.38
120.66220846,-30.21410246,437.33
120.66223234,-30.21410288,437.57
120.66223680,-30.21410296,437.30
120.66224282,-30.21410307,437.30
120.66237208,-30.21410538,446.80
120.66237281,-30.21410539,450.27
120.66237800,-30.21410548,447.27
120.66240323,-30.21410593,442.13
120.66244382,-30.21410666,444.01
120.66245420,-30.21410684,437.22
120.66248161,-30.21410733,437.16
120.66250331,-30.21410772,437.14
120.66256768,-30.21410887,437.69
120.66261201,-30.21410966,446.66
120.66262312,-30.21410985,441.65
120.66262436,-30.21410988,443.94
120.66263589,-30.21411008,437.04
120.66274043,-30.21411195,445.77
120.66274500,-30.21411203,448.83
120.66276463,-30.21411238,447.72
120.66277729,-30.21411261,442.06
120.66282204,-30.21411340,436.86
120.66282744,-30.21411350,436.91
120.66283575,-30.21411365,436.85
120.66290219,-30.21411483,437.19
120.66293987,-30.21411551,436.77
120.66294652,-30.21411562,436.75
120.66309187,-30.21411822,436.67
120.66312810,-30.21411886,436.61
120.66316506,-30.21411952,436.54
120.66320254,-30.21412019,436.52
120.66321261,-30.21412037,436.51
120.66344704,-30.21412455,436.36
120.66346053,-30.21412479,436.62
120.66360297,-30.21412733,436.20
120.66360972,-30.21412745,436.18
120.66369641,-30.21412900,436.18
120.66383346,-30.21413144,436.08
120.66386429,-30.21413199,436.06
120.66388921,-30.21413244,445.79
120.66389575,-30.21413255,435.99
120.66389959,-30.21413262,436.00
120.66394278,-30.21413339,436.84
120.66400341,-30.21413447,436.93
120.66401660,-30.21413471,436.92
120.66403466,-30.21413503,435.95
120.66404244,-30.21413517,448.96
120.66404452,-30.21413520,435.84
120.66405625,-30.21413541,448.44
120.66412550,-30.21413665,435.76
120.66415924,-30.21413725,435.72
120.66422008,-30.21413833,435.67
120.66426005,-30.21413905,436.32
120.66453954,-30.21414403,435.52
120.66461076,-30.21414530,449.18
120.66461304,-30.21414534,450.01
120.66463142,-30.21414567,445.87
120.66465010,-30.21414600,436.19
120.66465031,-30.21414600,435.55
120.66467502,-30.21414644,435.43
120.66471499,-30.21414716,435.42
120.66478507,-30.21414841,435.37
120.66483262,-30.21414925,435.30
120.66493841,-30.21415114,435.22
120.66499261,-30.21415210,435.20
120.66501701,-30.21415254,435.24
120.66503372,-30.21415284,435.20
120.66513972,-30.21415473,435.20
120.66523752,-30.21415647,435.30
120.66527469,-30.21415713,451.25
120.66528600,-30.21415733,450.92
120.66531248,-30.21415780,437.72
120.66535733,-30.21415860,445.90
120.66537903,-30.21415899,435.09
120.66538318,-30.21415906,435.03
120.66538941,-30.21415918,435.04
120.66544298,-30.21416013,435.67
120.66553829,-30.21416183,434.91
120.66558584,-30.21416268,434.91
120.66562436,-30.21416336,434.92
120.66562737,-30.21416342,434.92
120.66572517,-30.21416516,443.66
120.66573077,-30.21416526,434.91
120.66576752,-30.21416591,442.00
120.66577458,-30.21416604,448.05
120.66579389,-30.21416638,447.76
120.66582452,-30.21416693,446.01
120.66582462,-30.21416693,442.03
120.66582774,-30.21416699,445.89
120.66584933,-30.21416737,442.43
120.66588110,-30.21416794,434.77
120.66590176,-30.21416830,434.78
120.66603974,-30.21417076,434.70
120.66605075,-30.21417096,434.71
120.66606829,-30.21417127,434.75
120.66610868,-30.21417199,446.27
120.66613484,-30.21417246,442.55
120.66620834,-30.21417377,434.57
120.66626046,-30.21417469,434.60
120.66632421,-30.21417583,443.68
120.66634300,-30.21417616,434.60
120.66635079,-30.21417630,443.46
120.66638806,-30.21417697,434.56
120.66638889,-30.21417698,440.23
120.66638920,-30.21417699,438.29
120.66646364,-30.21417831,440.68
120.66647797,-30.21417857,438.95
120.66650143,-30.21417899,442.19
120.66651576,-30.21417924,438.54
120.66652946,-30.21417948,441.74
120.66654961,-30.21417984,441.76
120.66656632,-30.21418014,442.01
120.66656663,-30.21418015,437.59
120.66657099,-30.21418022,434.54
120.66658553,-30.21418048,441.99
120.66659030,-30.21418057,443.84
120.66665571,-30.21418173,439.35
120.66667481,-30.21418207,439.01
120.66669931,-30.21418251,434.30
120.66681559,-30.21418458,434.22
120.66682162,-30.21418469,434.26
120.66682992,-30.21418484,434.24
120.66683542,-30.21418493,434.21
120.66692502,-30.21418653,436.90
120.66692959,-30.21418661,437.08
120.66696873,-30.21418731,434.09
120.66706434,-30.21418901,434.05
120.66733594,-30.21419385,434.07
120.66741038,-30.21419517,433.83
120.66748710,-30.21419654,433.92
120.66757161,-30.21419804,433.73
120.66757795,-30.21419815,433.80
120.66760370,-30.21419861,433.74
120.66763276,-30.21419913,433.73
120.66785546,-30.21420309,433.59
120.66786667,-30.21420329,433.59
120.66803383,-30.21420627,437.58
120.66809124,-30.21420729,434.49
120.66810920,-30.21420761,433.55
120.66811356,-30.21420769,433.54
120.66811688,-30.21420775,433.55
120.66818042,-30.21420888,433.49
120.66818550,-30.21420897,433.45
120.66826586,-30.21421040,438.25
120.66827386,-30.21421054,433.47
120.66827801,-30.21421061,433.45
120.66830500,-30.21421110,439.89
120.66831954,-30.21421135,441.13
120.66836065,-30.21421209,433.43
120.66836345,-30.21421214,433.42
120.66837404,-30.21421232,433.40
120.66840187,-30.21421282,433.39
120.66844963,-30.21421367,433.44
120.66845991,-30.21421385,433.36
120.66848638,-30.21421432,438.25
120.66848762,-30.21421434,433.34
120.66852261,-30.21421497,436.80
120.66857774,-30.21421595,433.32
120.66866796,-30.21421755,446.57
120.66880448,-30.21421998,433.17
120.66885266,-30.21422084,433.75
120.66885556,-30.21422089,433.75
120.66897122,-30.21422295,433.15
120.66900600,-30.21422357,433.05
120.66906912,-30.21422469,433.02
120.66920918,-30.21422718,432.97
120.66925475,-30.21422799,432.99
120.66929690,-30.21422874,432.98
120.66937197,-30.21423008,432.89
120.66943572,-30.21423121,432.83
120.66943852,-30.21423126,432.85
120.66946832,-30.21423179,433.40
120.66950195,-30.21423239,432.87
120.66957670,-30.21423372,432.82
120.66964844,-30.21423500,433.28
120.66967325,-30.21423544,432.80
120.66975621,-30.21423691,432.76
120.66976545,-30.21423708,432.77
120.66979815,-30.21423766,432.72
120.66980106,-30.21423771,432.73
120.66984778,-30.21423854,432.69
120.66989574,-30.21423939,433.66
120.66994028,-30.21424019,432.63
120.66994994,-30.21424036,432.63
120.67001441,-30.21424151,444.82
120.67007837,-30.21424264,432.53
120.67011284,-30.21424326,432.55
120.67016215,-30.21424413,432.53
120.67026524,-30.21424597,432.42
120.67027220,-30.21424609,432.42
120.67033501,-30.21424721,432.43
120.67033896,-30.21424728,432.44
120.67040498,-30.21424845,432.54
120.67040883,-30.21424852,432.53
120.67041163,-30.21424857,432.53
120.67043374,-30.21424896,436.58
120.67045399,-30.21424932,432.38
120.67050704,-30.21425026,432.34
120.67064990,-30.21425280,432.28
120.67066713,-30.21425311,432.27
120.67067492,-30.21425325,432.27
120.67068499,-30.21425343,432.28
120.67069921,-30.21425368,432.28
120.67077999,-30.21425512,432.26
120.67083346,-30.21425607,432.26
120.67096874,-30.21425847,432.18
120.67101836,-30.21425935,432.34
120.67103279,-30.21425961,432.14
120.67119215,-30.21426244,432.07
120.67128799,-30.21426415,440.91
120.67136585,-30.21426553,431.97
120.67146863,-30.21426736,431.92
120.67152469,-30.21426835,431.92
120.67160588,-30.21426980,444.09
120.67165893,-30.21427074,444.65
120.67167388,-30.21427101,443.96
120.67194984,-30.21427591,431.69
120.67217856,-30.21427997,437.13
120.67217949,-30.21427999,431.59
120.67223006,-30.21428089,431.56
120.67234405,-30.21428291,431.54
120.67234799,-30.21428298,431.53
120.67235381,-30.21428309,431.52
120.67237114,-30.21428339,431.50
120.67240801,-30.21428405,431.49
120.67243531,-30.21428453,436.16
120.67254702,-30.21428652,437.82
120.67256249,-30.21428679,438.94
120.67292701,-30.21429327,431.99
120.67293552,-30.21429342,431.22
120.67306208,-30.21429567,431.15
120.67306498,-30.21429572,431.17
120.67314129,-30.21429707,431.11
120.67315801,-30.21429737,439.55
120.67316164,-30.21429744,440.50
120.67318583,-30.21429787,431.11
120.67318874,-30.21429792,431.18
120.67321760,-30.21429843,443.03
120.67322041,-30.21429848,431.09
120.67324449,-30.21429891,440.66
120.67324522,-30.21429892,443.35
120.67326090,-30.21429920,440.84
120.67327086,-30.21429938,442.21
120.67328114,-30.21429956,436.73
120.67329173,-30.21429975,437.73
120.67329370,-30.21429978,431.05
120.67330377,-30.21429996,439.04
120.67330678,-30.21430001,439.17
120.67331114,-30.21430009,438.45
120.67332111,-30.21430027,434.45
120.67338984,-30.21430149,430.94
120.67344040,-30.21430239,436.88
120.67349636,-30.21430338,430.91
120.67353851,-30.21430413,438.71
120.67354474,-30.21430424,430.90
120.67354806,-30.21430430,430.89
120.67356965,-30.21430468,430.88
120.67359572,-30.21430514,433.14
120.67360112,-30.21430524,433.66
120.67371740,-30.21430730,430.82
120.67372134,-30.21430737,430.82
120.67385548,-30.21430976,430.83
120.67399969,-30.21431232,430.68
120.67418781,-30.21431566,430.57
120.67424439,-30.21431666,430.58
120.67439701,-30.21431937,430.56
120.67441964,-30.21431977,430.56
120.67448712,-30.21432097,431.39
120.67454360,-30.21432197,430.53
120.67470058,-30.21432476,430.42
120.67473941,-30.21432545,430.48
120.67482153,-30.21432690,430.43
120.67486825,-30.21432773,430.41
120.67488860,-30.21432809,430.40
120.67493355,-30.21432889,430.38
120.67495826,-30.21432933,430.38
120.67501817,-30.21433039,445.81
120.67509822,-30.21433181,447.19
120.67512604,-30.21433231,430.47
120.67515906,-30.21433289,447.75
120.67517982,-30.21433326,430.39
120.67525136,-30.21433453,430.35
120.67527679,-30.21433498,447.53
120.67529818,-30.21433536,430.34
120.67530026,-30.21433540,447.53
120.67533960,-30.21433610,430.41
120.67540065,-30.21433718,430.30
120.67546803,-30.21433838,430.23
120.67548184,-30.21433862,430.24
120.67560695,-30.21434084,430.20
120.67562086,-30.21434109,430.19
120.67562698,-30.21434119,430.19
120.67565823,-30.21434175,430.98
120.67580566,-30.21434436,430.09
120.67580877,-30.21434442,430.10
120.67587272,-30.21434555,430.19
120.67597353,-30.21434734,430.09
120.67625728,-30.21435238,430.91
120.67626891,-30.21435258,429.91
120.67631812,-30.21435345,429.91
120.67641706,-30.21435521,429.84
120.67668824,-30.21436002,429.74
120.67669790,-30.21436019,429.74
120.67679975,-30.21436200,429.69
120.67685394,-30.21436296,429.64
120.67690834,-30.21436392,429.61
120.67697240,-30.21436506,438.04
120.67697687,-30.21436514,441.42
120.67699555,-30.21436547,436.97
120.67699794,-30.21436551,436.64
120.67700282,-30.21436560,442.25
120.67700583,-30.21436565,442.16
120.67706532,-30.21436670,441.67
120.67715056,-30.21436822,429.55
120.67724639,-30.21436991,429.56
120.67724722,-30.21436993,429.55
120.67727556,-30.21437043,429.48
120.67728272,-30.21437056,430.73
120.67737076,-30.21437212,429.43
120.67751778,-30.21437472,429.38
120.67755982,-30.21437547,429.42
120.67756740,-30.21437560,444.05
120.67757062,-30.21437566,444.03
120.67760208,-30.21437622,445.32
120.67763541,-30.21437681,444.75
120.67766396,-30.21437732,441.32
120.67769541,-30.21437787,440.11
120.67787015,-30.21438097,439.23
120.67788780,-30.21438128,435.23
120.67792320,-30.21438191,438.90
120.67792590,-30.21438196,438.96
120.67799079,-30.21438311,441.99
120.67799349,-30.21438316,429.59
120.67799992,-30.21438327,442.33
120.67800023,-30.21438328,429.29
120.67815119,-30.21438595,429.20
120.67820767,-30.21438695,431.00
120.67821732,-30.21438712,429.17
120.67827297,-30.21438811,429.16
120.67836693,-30.21438977,429.11
120.67837991,-30.21439000,429.12
120.67838967,-30.21439018,429.06
120.67840015,-30.21439036,429.04
120.67850605,-30.21439224,428.99
120.67856980,-30.21439337,429.01
120.67861912,-30.21439424,437.62
120.67864528,-30.21439471,439.46
120.67865338,-30.21439485,428.92
120.67867030,-30.21439515,428.96
120.67870134,-30.21439570,428.99
120.67875004,-30.21439656,428.95
120.67876114,-30.21439676,428.95
120.67881378,-30.21439769,428.89
120.67900491,-30.21440108,428.93
120.67914041,-30.21440348,428.91
120.67917072,-30.21440401,428.83
120.67918141,-30.21440420,428.87
120.67919512,-30.21440445,428.88
120.67920893,-30.21440469,428.84
120.67936518,-30.21440746,436.19
120.67943910,-30.21440877,428.82
120.67955746,-30.21441077,428.74
120.67956446,-30.21440891,428.74
120.67956772,-30.21440275,428.75
120.67956875,-30.21436786,428.80
120.67956933,-30.21434306,428.78
120.67957030,-30.21430167,428.76
120.67957080,-30.21428066,436.13
120.67957218,-30.21422178,428.86
120.67957230,-30.21421673,441.24
120.67957241,-30.21421195,441.32
120.67957246,-30.21421006,436.07
120.67957302,-30.21418608,428.84
120.67957331,-30.21417372,433.95
120.67957334,-30.21417228,438.72
120.67957430,-30.21413161,435.18
120.67957476,-30.21411214,428.72
120.67957531,-30.21408842,428.67
120.67957579,-30.21406813,429.76
120.67957730,-30.21400393,428.82
120.67957827,-30.21396237,429.30
120.67958014,-30.21388266,435.90
120.67958062,-30.21386246,428.82
120.67958106,-30.21384343,428.75
120.67958218,-30.21379591,428.76
120.67958397,-30.21371954,428.75
120.67958466,-30.21369033,428.72
120.67958543,-30.21365760,428.71
120.67958578,-30.21364254,428.70
120.67958659,-30.21360782,428.74
120.67958855,-30.21352460,428.83
120.67958884,-30.21351224,440.30
120.67958933,-30.21349123,428.89
120.67959006,-30.21346013,428.91
120.67959059,-30.21343776,428.86
120.67959117,-30.21341288,428.80
120.67959191,-30.21338123,428.79
120.67959263,-30.21335066,428.77
120.67959358,-30.21331035,428.78
120.67959578,-30.21321676,428.81
120.67959831,-30.21310865,428.82
120.67960011,-30.21303200,429.64
120.67960013,-30.21303146,429.87
120.67960041,-30.21301938,428.87
120.67960124,-30.21298430,438.16
120.67960149,-30.21297339,428.90
120.67960266,-30.21292371,428.93
120.67960280,-30.21291758,429.07
120.67960348,-30.21288863,428.94
120.67960369,-30.21287953,434.82
120.67960432,-30.21285284,428.88
120.67960492,-30.21282759,437.03
120.67960495,-30.21282597,437.74
120.67960521,-30.21281488,428.90
120.67960542,-30.21280595,434.82
120.67960588,-30.21278620,428.99
120.67960730,-30.21272588,428.85
120.67960805,-30.21269387,428.87
120.67961007,-30.21260794,428.87
120.67961259,-30.21250064,428.90
120.67961295,-30.21248522,428.94
120.67961320,-30.21247449,428.93
120.67961361,-30.21245727,428.95
120.67961446,-30.21242111,428.96
120.67961509,-30.21239424,428.99
120.67961528,-30.21238585,428.98
120.67961597,-30.21235691,428.99
120.67961684,-30.21231967,428.98
120.67961740,-30.21229568,428.97
120.67961897,-30.21222878,428.99
120.67962192,-30.21210317,429.02
120.67962533,-30.21195800,433.29
120.67962547,-30.21195205,436.33
120.67962565,-30.21194421,439.79
120.67962583,-30.21193663,429.12
120.67962597,-30.21193086,429.11
120.67962685,-30.21189299,429.08
120.67962882,-30.21180940,429.09
120.67963015,-30.21175287,434.27
120.67963026,-30.21174818,433.36
120.67963078,-30.21172600,429.14
120.67963096,-30.21171833,436.21
120.67963538,-30.21152979,429.18
120.67963690,-30.21146532,429.16
120.67963724,-30.21145062,429.18
120.67963831,-30.21140518,429.19
120.67963860,-30.21139264,429.19
120.67963929,-30.21136325,429.18
120.67963952,-30.21135342,429.19
120.67964015,-30.21132691,429.21
120.67964436,-30.21114729,429.24
120.67964525,-30.21110960,429.26
120.67964539,-30.21110356,429.30
120.67964570,-30.21109013,430.38
120.67964829,-30.21097994,429.20
120.67965005,-30.21090501,445.50
120.67965068,-30.21087832,429.30
120.67965071,-30.21087679,444.30
120.67965106,-30.21086191,429.30
120.67965456,-30.21071286,442.88
120.67965463,-30.21070988,429.26
120.67965489,-30.21069870,429.32
120.67965506,-30.21069158,443.59
120.67965663,-30.21062485,429.29
120.67965672,-30.21062089,440.19
120.67965724,-30.21059861,429.20
120.67965808,-30.21056300,429.21
120.67966030,-30.21046832,429.27
120.67966073,-30.21045020,429.30
120.67966100,-30.21043856,429.87
120.67966279,-30.21036219,429.32
120.67966300,-30.21035345,429.33
120.67966319,-30.21034515,429.34
120.67966382,-30.21031846,429.32
120.67966425,-30.21030007,429.45
120.67966587,-30.21023127,429.38
120.67966621,-30.21021666,429.39
120.67966736,-30.21016770,430.19
120.67966828,-30.21012865,429.44
120.67966945,-30.21007843,429.45
120.67967060,-30.21002956,429.49
120.67967149,-30.20999169,429.50
120.67967406,-30.20988195,429.54
120.67967720,-30.20974832,434.52
120.67967833,-30.20970008,437.68
120.67967867,-30.20968601,438.25
120.67967870,-30.20968439,429.61
120.67967949,-30.20965094,429.93
120.67967978,-30.20963868,429.61
120.67968131,-30.20957330,429.64
120.67968155,-30.20956302,429.65
120.67968331,-30.20948818,445.05
120.67968438,-30.20944274,429.80
120.67968460,-30.20943300,446.63
120.67968543,-30.20939793,445.16
120.67968571,-30.20938584,443.65
120.67968804,-30.20928657,429.76
120.67968951,-30.20922426,429.74
120.67968973,-30.20921470,429.78
120.67969014,-30.20919712,429.76
120.67969084,-30.20916736,429.81
120.67969164,-30.20913310,429.81
120.67969226,-30.20910713,429.84
120.67969271,-30.20908756,429.82
120.67969284,-30.20908206,429.85
120.67969325,-30.20906466,429.84
120.67969381,-30.20904086,429.86
120.67969531,-30.20897702,429.92
120.67969534,-30.20897575,441.67
120.67969696,-30.20890650,429.88
120.67969702,-30.20890389,429.92
120.67969745,-30.20888576,429.88
120.67969922,-30.20881029,429.93
120.67969975,-30.20878793,429.92
120.67970034,-30.20876259,430.05
120.67970086,-30.20874032,430.03
120.67970097,-30.20873599,432.45
120.67970098,-30.20873554,432.80
120.67970262,-30.20866548,435.99
120.67970477,-30.20857378,430.02
120.67970653,-30.20849894,430.04
120.67970719,-30.20847099,430.03
120.67970785,-30.20844268,430.03
120.67970822,-30.20842708,430.02
120.67970829,-30.20842383,430.07
120.67970878,-30.20840327,430.33
120.67970949,-30.20837297,430.05
120.67970996,-30.20835287,430.03
120.67971119,-30.20830021,430.08
120.67971184,-30.20827289,430.12
120.67971187,-30.20827135,434.52
120.67971215,-30.20825954,436.00
120.67971258,-30.20824106,435.54
120.67971269,-30.20823664,435.75
120.67971353,-30.20820057,430.04
120.67971354,-30.20820030,430.10
120.67971526,-30.20812717,430.06
120.67971675,-30.20806379,430.05
120.67971713,-30.20804746,430.08
120.67971762,-30.20802664,430.08
120.67971818,-30.20800283,430.09
120.67971820,-30.20800184,430.12
120.67971955,-30.20794440,430.15
120.67972118,-30.20787470,430.17
120.67972158,-30.20785757,430.14
120.67972386,-30.20776082,439.19
120.67972411,-30.20774991,441.70
120.67972505,-30.20770996,437.76
120.67972533,-30.20769806,439.79
120.67972689,-30.20763133,430.16
120.67972759,-30.20760149,430.57
120.67972765,-30.20759932,430.21
120.67972867,-30.20755577,430.17
120.67972899,-30.20754189,430.19
120.67972999,-30.20749951,430.22
120.67973032,-30.20748535,430.19
120.67973132,-30.20744270,430.20
120.67973257,-30.20738941,430.17
120.67973458,-30.20730384,430.15
120.67973780,-30.20716669,430.16
120.67973833,-30.20714406,430.16
120.67973885,-30.20712215,430.70
120.67973919,-30.20710763,431.42
120.67973989,-30.20707752,430.17
120.67974010,-30.20706859,430.17
120.67974076,-30.20704055,430.18
120.67974131,-30.20701719,430.17
120.67974176,-30.20699808,430.19
120.67974188,-30.20699294,430.19
120.67974357,-30.20692071,430.22
120.67974479,-30.20686869,430.21
120.67974571,-30.20682964,431.49
120.67974591,-30.20682126,430.22
120.67974682,-30.20678239,430.21
120.67974759,-30.20674948,431.27
120.67974764,-30.20674732,430.95
120.67974848,-30.20671152,431.87
120.67974859,-30.20670719,431.19
120.67975177,-30.20657149,430.25
120.67975199,-30.20656229,430.24
120.67975321,-30.20651008,430.28
120.67975347,-30.20649908,430.26
120.67975435,-30.20646166,430.27
120.67975528,-30.20642199,430.31
120.67975567,-30.20640549,430.34
120.67975585,-30.20639773,430.28
120.67975637,-30.20637555,430.35
120.67975654,-30.20636852,430.31
120.67975703,-30.20634715,437.88
120.67975711,-30.20634390,430.33
120.67975760,-30.20632325,430.32
120.67975765,-30.20632100,430.31
120.67975956,-30.20623940,430.33
120.67975957,-30.20623931,430.34
120.67976056,-30.20619693,430.33
120.67976125,-30.20616744,430.38
120.67976196,-30.20613714,430.34
120.67976203,-30.20613417,430.34
120.67976296,-30.20609485,430.35
120.67976365,-30.20606528,430.34
120.67976450,-30.20602930,430.34
120.67976495,-30.20601010,430.36
120.67976552,-30.20598539,430.37
120.67976596,-30.20596700,430.35
120.67976668,-30.20593625,430.38
120.67976764,-30.20589540,430.36
120.67976902,-30.20583643,430.39
120.67976989,-30.20579937,430.35
120.67977045,-30.20577548,430.34
120.67977133,-30.20573815,430.33
120.67977289,-30.20567187,430.34
120.67977354,-30.20564365,430.33
120.67977426,-30.20561344,430.36
120.67977470,-30.20559442,431.05
120.67977530,-30.20556890,430.76
120.67977601,-30.20553860,430.37
120.67977634,-30.20552472,430.37
120.67977683,-30.20550353,430.41
120.67977696,-30.20549803,437.11
120.67977727,-30.20548477,440.21
120.67977748,-30.20547630,430.40
120.67977760,-30.20547098,436.97
120.67977970,-30.20538144,430.36
120.67978123,-30.20531607,430.37
120.67978158,-30.20530119,430.37
120.67978203,-30.20528234,441.29
120.67978332,-30.20522716,430.47
120.67978366,-30.20521282,442.85
120.67978379,-30.20520732,436.15
120.67978402,-30.20519731,430.49
120.67978407,-30.20519551,430.48
120.67978437,-30.20518261,441.88
120.67978505,-30.20515358,430.41
120.67978514,-30.20514952,435.39
120.67978532,-30.20514204,442.20
120.67978576,-30.20512301,430.38
120.67978596,-30.20511463,430.40
120.67978816,-30.20502085,430.34
120.67978887,-30.20499065,430.35
120.67979054,-30.20491977,430.36
120.67979137,-30.20488415,430.52
120.67979174,-30.20486856,430.37
120.67979293,-30.20481788,430.40
120.67979361,-30.20478867,430.44
120.67979503,-30.20472834,438.96
120.67979582,-30.20469453,430.62
120.67979649,-30.20466604,430.38
120.67979654,-30.20466378,430.38
120.67979840,-30.20458443,430.39
120.67979926,-30.20454773,430.40
120.67980026,-30.20450563,430.41
120.67980054,-30.20449345,430.40
120.67980156,-30.20444999,430.39
120.67980185,-30.20443782,430.39
120.67980642,-30.20424287,430.46
120.67980901,-30.20413260,430.47
120.67980993,-30.20409319,430.44
120.67981018,-30.20408291,430.49
120.67981151,-30.20402593,430.45
120.67981239,-30.20398842,430.49
120.67981264,-30.20397796,430.44
120.67981435,-30.20390501,430.49
120.67981468,-30.20389094,430.48
120.67981524,-30.20386705,430.47
120.67981593,-30.20383738,430.47
120.67981686,-30.20379816,430.47
120.67981755,-30.20376876,430.54
120.67981878,-30.20371638,430.68
120.67981893,-30.20370961,430.62
120.67981925,-30.20369627,430.47
120.67981944,-30.20368815,430.47
120.67981965,-30.20367905,430.52
120.67982056,-30.20364036,430.53
120.67982076,-30.20363180,430.47
120.67982228,-30.20356697,430.48
120.67982233,-30.20356498,430.54
120.67982261,-30.20355308,430.49
120.67982540,-30.20343388,430.49
120.67982585,-30.20341503,430.54
120.67982643,-30.20339032,430.62
120.67982643,-30.20339005,430.56
120.67982739,-30.20334948,436.76
120.67982764,-30.20333857,430.76
120.67982771,-30.20333586,441.97
120.67982799,-30.20332369,441.39
120.67982825,-30.20331269,430.55
120.67982880,-30.20328925,439.89
120.67982942,-30.20326283,439.51
120.67982952,-30.20325832,440.00
120.67982990,-30.20324218,431.85
120.67983020,-30.20322946,430.55
120.67983026,-30.20322703,436.44
120.67983050,-30.20321675,430.59
120.67983075,-30.20320611,430.76
120.67983080,-30.20320385,438.59
120.67983148,-30.20317509,434.50
120.67983202,-30.20315219,433.64
120.67983285,-30.20311657,439.00
120.67983288,-30.20311513,430.57
120.67983309,-30.20310620,430.61
120.67983609,-30.20297852,430.56
120.67983727,-30.20292821,430.62
120.67983748,-30.20291946,432.23
120.67983921,-30.20284552,430.76
120.67983996,-30.20281360,430.67
120.67984088,-30.20277465,430.70
120.67984089,-30.20277393,430.65
120.67984129,-30.20275680,430.68
120.67984165,-30.20274138,430.70
120.67984207,-30.20272361,439.45
120.67984228,-30.20271460,439.40
120.67984267,-30.20269810,439.76
120.67984350,-30.20266266,430.73
120.67984488,-30.20260396,430.75
120.67984516,-30.20259215,438.81
120.67984645,-30.20253724,430.91
120.67984735,-30.20249882,430.80
120.67984871,-30.20244057,430.79
120.67985111,-30.20233832,430.84
120.67985239,-30.20228377,430.87
120.67985266,-30.20227268,430.88
120.67985289,-30.20226267,430.88
120.67985346,-30.20223842,430.88
120.67985713,-30.20208206,430.90
120.67985727,-30.20207584,430.91
120.67985777,-30.20205483,430.91
120.67985824,-30.20203454,430.93
120.67985940,-30.20198513,436.12
120.67985984,-30.20196628,444.50
120.67986041,-30.20194203,430.94
120.67986252,-30.20185213,431.01
120.67986349,-30.20181074,431.00
120.67986402,-30.20178847,440.42
120.67986417,-30.20178207,431.05
120.67986506,-30.20174375,431.15
120.67986569,-30.20171706,438.21
120.67986573,-30.20171543,437.91
120.67986653,-30.20168126,431.05
120.67986967,-30.20154763,431.04
120.67987042,-30.20151544,431.03
120.67987107,-30.20148803,431.08
120.67987231,-30.20143483,431.10
120.67987251,-30.20142644,439.07
120.67987295,-30.20140751,438.82
120.67987338,-30.20138920,439.70
120.67987342,-30.20138776,431.18
120.67987383,-30.20137045,431.21
120.67987405,-30.20136071,435.65
120.67987457,-30.20133880,437.88
120.67987498,-30.20132131,431.13
120.67987510,-30.20131617,437.24
120.67987635,-30.20126279,431.20
120.67987728,-30.20122338,431.13
120.67987808,-30.20118930,431.15
120.67987886,-30.20115602,431.23
120.67987923,-30.20114016,431.22
120.67988021,-30.20109823,431.26
120.67988039,-30.20109047,434.59
120.67988046,-30.20108750,431.22
120.67988075,-30.20107523,434.62
120.67988085,-30.20107109,431.16
120.67988162,-30.20103817,431.20
120.67988210,-30.20101753,432.03
120.67988394,-30.20093926,438.95
120.67988408,-30.20093349,431.20
120.67988442,-30.20091906,439.96
120.67988514,-30.20088813,431.19
120.67988634,-30.20083692,431.17
120.67988709,-30.20080500,431.21
120.67988759,-30.20078372,431.26
120.67989024,-30.20067074,431.64
120.67989025,-30.20067056,431.67
120.67989031,-30.20066794,431.62
120.67989047,-30.20066091,431.22
120.67989054,-30.20065811,431.22
120.67989079,-30.20064729,438.53
120.67989217,-30.20058868,431.30
120.67989257,-30.20057155,431.27
120.67989405,-30.20050825,442.23
120.67989447,-30.20049049,443.09
120.67989450,-30.20048932,432.12
120.67989471,-30.20048021,431.87
120.67989473,-30.20047931,431.84
120.67989502,-30.20046731,431.28
120.67989581,-30.20043332,431.49
120.67989663,-30.20039851,431.30
120.67989711,-30.20037823,439.65
120.67989714,-30.20037669,431.30
120.67989741,-30.20036533,440.46
120.67989788,-30.20034531,440.50
120.67989798,-30.20034072,440.20
120.67989804,-30.20033846,440.10
120.67989843,-30.20032169,431.30
120.67989935,-30.20028247,431.24
120.67989941,-30.20027985,431.26
120.67989979,-30.20026353,431.27
120.67990257,-30.20014550,431.29
120.67990322,-30.20011773,443.47
120.67990375,-30.20009509,431.29
120.67990389,-30.20008887,442.34
120.67990479,-30.20005055,431.31
120.67990511,-30.20003694,431.31
120.67990565,-30.20001376,431.27
120.67990627,-30.19998752,437.57
120.67990653,-30.19997643,431.34
120.67990663,-30.19997202,433.46
120.67990725,-30.19994596,435.87
120.67990776,-30.19992423,442.22
120.67990844,-30.19989519,436.07
120.67990936,-30.19985597,431.29
120.67990947,-30.19985110,431.28
120.67990953,-30.19984857,431.27
120.67991115,-30.19977968,431.35
120.67991351,-30.19967906,431.26
120.67991357,-30.19967653,431.28
120.67991566,-30.19958735,431.31
120.67991610,-30.19956842,431.30
120.67991615,-30.19956652,431.31
120.67991860,-30.19946202,431.33
120.67991872,-30.19945706,431.34
120.67992090,-30.19936410,431.28
120.67992178,-30.19932667,431.44
120.67992196,-30.19931910,431.31
120.67992201,-30.19931685,431.30
120.67992202,-30.19931648,431.29
120.67992409,-30.19922812,439.05
120.67992434,-30.19921739,438.59
120.67992436,-30.19921649,431.30
120.67992485,-30.19919557,437.49
120.67992505,-30.19918700,439.08
120.67992513,-30.19918376,442.46
120.67992516,-30.19918267,431.31
120.67992550,-30.19916816,431.30
120.67992556,-30.19916554,431.28
120.67992562,-30.19916275,431.29
120.67992770,-30.19907438,431.29
120.67992776,-30.19907177,431.29
120.67992875,-30.19902957,431.31
120.67993029,-30.19896401,431.31
120.67993035,-30.19896131,431.32
120.67993064,-30.19894878,431.30
120.67993253,-30.19886853,431.30
120.67993338,-30.19883219,431.31
120.67993341,-30.19883083,431.30
120.67993344,-30.19882948,431.29
120.67993374,-30.19881668,431.26
120.67993494,-30.19876582,431.28
120.67993650,-30.19869901,431.31
120.67993657,-30.19869621,431.31
120.67993660,-30.19869495,440.62
120.67993692,-30.19868142,439.87
120.67993762,-30.19865131,431.32
120.67993858,-30.19861046,431.30
120.67993915,-30.19858639,431.28
120.67994025,-30.19853941,431.31
120.67994068,-30.19852101,431.42
120.67994337,-30.19840632,431.31
120.67994380,-30.19838783,431.30
120.67994425,-30.19836872,431.31
120.67994453,-30.19835682,431.31
120.67994735,-30.19823671,431.34
120.67994796,-30.19821065,431.31
120.67995033,-30.19810966,431.43
120.67995133,-30.19806701,442.72
120.67995138,-30.19806485,438.08
120.67995319,-30.19798766,442.92
120.67995370,-30.19796602,431.37
120.67995414,-30.19794727,431.35
120.67995444,-30.19793446,431.35
120.67995491,-30.19791427,438.35
120.67995697,-30.19782680,431.27
120.67995728,-30.19781319,431.26
120.67995853,-30.19776026,431.26
120.67995869,-30.19775340,431.27
120.67995895,-30.19774249,431.26
120.67995949,-30.19771923,431.26
120.67995976,-30.19770769,431.28
120.67996087,-30.19766026,431.26
120.67996230,-30.19759939,431.24
120.67996280,-30.19757820,431.18
120.67996408,-30.19752356,431.17
120.67996516,-30.19747776,436.46
120.67996602,-30.19744088,431.26
120.67996767,-30.19737064,438.89
120.67996791,-30.19736027,440.63
120.67996824,-30.19734629,436.87
120.67996855,-30.19733286,441.06
120.67996859,-30.19733114,440.83
120.67996875,-30.19732465,431.12
120.67996944,-30.19729525,431.10
120.67997007,-30.19726847,431.10
120.67997074,-30.19723944,431.10
120.67997080,-30.19723709,431.09
120.67997244,-30.19716730,431.10
120.67997248,-30.19716568,432.41
120.67997280,-30.19715180,431.11
120.67997350,-30.19712195,431.08
120.67997422,-30.19709147,438.44
120.67997459,-30.19707560,431.09
120.67997460,-30.19707533,437.46
120.67997470,-30.19707091,436.38
120.67997509,-30.19705423,439.64
120.67997515,-30.19705153,431.09
120.67997518,-30.19705044,431.08
120.67997548,-30.19703773,435.73
120.67997651,-30.19699382,431.09
120.67997715,-30.19696650,431.11
120.67997753,-30.19695000,431.12
120.67997774,-30.19694143,441.51
120.67997832,-30.19691636,432.53
120.67997850,-30.19690870,432.92
120.67997891,-30.19689130,431.10
120.67997972,-30.19685703,431.07
120.67998034,-30.19683025,431.06
120.67998108,-30.19679878,431.04
120.67998118,-30.19679455,433.40
120.67998216,-30.19675280,438.13
120.67998478,-30.19664117,431.03
120.67998555,-30.19660817,431.01
120.67998559,-30.19660654,431.02
120.67998700,-30.19654658,431.01
120.67998709,-30.19654279,430.99
120.67998759,-30.19652133,431.06
120.67998868,-30.19647490,431.03
120.67998885,-30.19646759,431.94
120.67998890,-30.19646552,431.51
120.67998970,-30.19643143,431.01
120.67998982,-30.19642638,431.03
120.67999023,-30.19640871,431.02
120.67999042,-30.19640078,431.04
120.67999154,-30.19635290,431.04
120.67999229,-30.19632098,431.00
120.67999329,-30.19627824,431.02
120.67999342,-30.19627274,431.01
120.67999410,-30.19624406,431.19
120.67999419,-30.19624010,431.01
120.67999436,-30.19623270,430.99
120.67999494,-30.19620799,431.01
120.67999548,-30.19618518,431.01
120.67999608,-30.19615966,431.01
120.67999685,-30.19612684,431.04
120.67999718,-30.19611260,440.94
120.67999945,-30.19601566,431.05
120.68000022,-30.19598311,431.03
120.68000184,-30.19591404,433.89
120.68000209,-30.19590331,431.08
120.68000274,-30.19587563,431.11
120.68000277,-30.19587410,438.32
120.68000349,-30.19584344,431.05
120.68000430,-30.19580909,439.40
120.68000433,-30.19580773,431.05
120.68000534,-30.19576481,439.30
120.68000618,-30.19572893,438.64
120.68000696,-30.19569565,431.04
120.68000748,-30.19567356,431.09
120.68000756,-30.19566987,438.23
120.68000856,-30.19562731,431.11
120.68000918,-30.19560079,441.47
120.68000928,-30.19559665,439.48
120.68000943,-30.19559043,431.08
120.68000955,-30.19558520,434.63
120.68000964,-30.19558123,439.60
120.68000979,-30.19557501,434.95
120.68001010,-30.19556193,431.15
120.68001052,-30.19554381,431.16
120.68001133,-30.19550936,431.07
120.68001219,-30.19547257,431.16
120.68001285,-30.19544444,431.08
120.68001463,-30.19536870,431.08
120.68001692,-30.19527105,431.10
120.68001802,-30.19522434,431.06
120.68002001,-30.19513940,431.08
120.68002016,-30.19513300,431.07
120.68002119,-30.19508873,431.07
120.68002200,-30.19505464,431.04
120.68002563,-30.19489982,431.11
120.68002572,-30.19489576,431.25
120.68002776,-30.19480884,431.11
120.68002840,-30.19478152,431.09
120.68002977,-30.19472300,431.18
120.68003132,-30.19465718,440.70
120.68003193,-30.19463103,431.19
120.68003230,-30.19461534,431.28
120.68003312,-30.19458053,431.05
120.68003321,-30.19457647,439.06
120.68003480,-30.19450858,438.96
120.68003490,-30.19450461,431.39
120.68003551,-30.19447846,431.00
120.68003660,-30.19443193,430.61
120.68003696,-30.19441660,430.80
120.68003794,-30.19437513,430.78
120.68003808,-30.19436899,430.83
120.68003836,-30.19435718,431.05
120.68003893,-30.19433266,430.93
120.68004388,-30.19412166,431.16
120.68004485,-30.19408027,431.28
120.68004680,-30.19399723,448.88
120.68004729,-30.19397604,447.75
120.68004766,-30.19396071,443.31
120.68004768,-30.19395954,443.34
120.68005062,-30.19383438,431.06
120.68005073,-30.19382960,430.86
120.68005110,-30.19381391,440.82
120.68005167,-30.19378948,446.88
120.68005211,-30.19377054,446.49
120.68005248,-30.19375503,446.22
120.68005267,-30.19374674,444.74
120.68005318,-30.19372510,444.77
120.68005479,-30.19365648,436.82
120.68005485,-30.19365404,431.15
120.68005489,-30.19365242,435.80
120.68005492,-30.19365089,439.91
120.68005509,-30.19364376,436.28
120.68005620,-30.19359652,431.03
120.68005708,-30.19355891,431.12
120.68005732,-30.19354863,431.15
120.68005936,-30.19346180,431.12
120.68006046,-30.19341491,431.22
120.68006087,-30.19339751,431.20
120.68006731,-30.19312295,431.16
120.68007259,-30.19289770,431.75
120.68007264,-30.19289536,431.36
120.68007502,-30.19279401,431.18
120.68007602,-30.19275145,431.20
120.68007612,-30.19274694,431.24
120.68007746,-30.19269013,431.21
120.68007794,-30.19266948,431.19
120.68007903,-30.19262314,431.23
120.68007942,-30.19260637,431.23
120.68008028,-30.19256967,431.21
120.68008041,-30.19256426,431.20
120.68008093,-30.19254226,431.38
120.68008174,-30.19250736,431.26
120.68008282,-30.19246155,432.71
120.68008286,-30.19245993,431.17
120.68008324,-30.19244352,431.12
120.68008362,-30.19242747,431.22
120.68008514,-30.19236273,431.24
120.68008544,-30.19234984,431.23
120.68008583,-30.19233324,431.25
120.68008603,-30.19232459,431.38
120.68008986,-30.19216147,431.24
120.68009072,-30.19212450,431.23
120.68009094,-30.19211540,431.24
120.68009164,-30.19208519,431.28
120.68009273,-30.19203884,431.28
120.68009351,-30.19200557,431.29
120.68009417,-30.19197762,454.79
120.68009474,-30.19195327,449.36
120.68009537,-30.19192658,431.25
120.68009990,-30.19173326,431.26
120.68009996,-30.19173064,431.26
120.68010002,-30.19172803,431.22
120.68010009,-30.19172532,431.24
120.68010015,-30.19172253,431.24
120.68010030,-30.19171586,431.29
120.68010172,-30.19165571,431.30
120.68010283,-30.19160819,437.08
120.68010286,-30.19160684,441.31
120.68010312,-30.19159575,431.32
120.68010349,-30.19158015,440.18
120.68010406,-30.19155599,446.36
120.68010411,-30.19155364,446.32
120.68010416,-30.19155130,446.30
120.68010476,-30.19152605,450.19
120.68010482,-30.19152325,449.58
120.68010672,-30.19144219,431.36
120.68010801,-30.19138737,431.36
120.68011208,-30.19121361,431.42
120.68011243,-30.19119892,431.41
120.68011389,-30.19113679,431.43
120.68011784,-30.19096835,431.44
120.68011824,-30.19095113,431.45
120.68011877,-30.19092859,431.44
120.68011931,-30.19090541,431.45
120.68012009,-30.19087232,431.54
120.68012189,-30.19079577,431.51
120.68012294,-30.19075068,431.49
120.68013191,-30.19036810,432.94
120.68013200,-30.19036467,431.47
120.68013212,-30.19035926,434.41
120.68013295,-30.19032382,431.45
120.68013758,-30.19012626,431.56
120.68013973,-30.19003474,431.58
120.68013996,-30.19002518,431.58
120.68014128,-30.18996883,431.61
120.68014234,-30.18992329,432.20
120.68014262,-30.18991139,432.66
120.68014379,-30.18986152,431.66
120.68014522,-30.18980048,431.70
120.68014824,-30.18967199,431.81
120.68015050,-30.18957578,431.88
120.68015424,-30.18941600,433.42
120.68015431,-30.18941311,431.95
120.68015515,-30.18937722,431.92
120.68015746,-30.18927876,432.01
120.68015862,-30.18922935,432.00
120.68015955,-30.18918959,432.01
120.68016075,-30.18913855,432.03
120.68016124,-30.18911745,432.05
120.68016169,-30.18909851,432.13
120.68016196,-30.18908697,432.10
120.68016291,-30.18904639,432.11
120.68016429,-30.18898724,434.50
120.68016434,-30.18898544,434.09
120.68016617,-30.18890744,434.10
120.68016711,-30.18886714,432.20
120.68016785,-30.18883558,432.18
120.68016813,-30.18882377,432.20
120.68016963,-30.18875957,432.26
120.68017010,-30.18873964,432.26
120.68017036,-30.18872846,432.27
120.68017087,-30.18870700,432.29
120.68017266,-30.18863071,434.03
120.68017288,-30.18862107,432.35
120.68017390,-30.18857769,432.35
120.68017461,-30.18854749,432.37
120.68017518,-30.18852332,432.38
120.68017573,-30.18849961,432.40
120.68018016,-30.18831052,432.52
120.68018069,-30.18828825,432.49
120.68018122,-30.18826535,432.51
120.68018177,-30.18824181,432.52
120.68018259,-30.18820692,432.55
120.68018295,-30.18819159,433.88
120.68018302,-30.18818871,433.27
120.68018309,-30.18818564,432.61
120.68018363,-30.18816255,432.58
120.68018384,-30.18815381,432.56
120.68018469,-30.18811747,432.61
120.68018524,-30.18809394,432.61
120.68018552,-30.18808221,432.60
120.68018669,-30.18803226,432.64
120.68018724,-30.18800882,432.64
120.68018746,-30.18799935,432.65
120.68018824,-30.18796617,432.67
120.68018925,-30.18792306,432.66
120.68019011,-30.18788646,433.90
120.68019162,-30.18782199,432.75
120.68019264,-30.18777861,432.67
120.68019341,-30.18774543,432.71
120.68019476,-30.18768827,432.78
120.68019612,-30.18763010,432.81
120.68019657,-30.18761099,432.82
120.68019762,-30.18756618,432.83
120.68019898,-30.18750811,432.86
120.68019972,-30.18747655,432.89
120.68019998,-30.18746555,432.91
120.68020076,-30.18743227,432.93
120.68020335,-30.18732173,433.00
120.68020415,-30.18728737,433.01
120.68020621,-30.18719982,433.04
120.68020787,-30.18712895,432.82
120.68020836,-30.18710794,433.04
120.68020906,-30.18707827,433.04
120.68020927,-30.18706934,433.04
120.68020965,-30.18705302,433.18
120.68020970,-30.18705095,434.01
120.68021097,-30.18699685,433.05
120.68021199,-30.18695339,433.05
120.68021235,-30.18693797,433.04
120.68021327,-30.18689838,433.08
120.68021387,-30.18687295,433.13
120.68021464,-30.18684022,433.13
120.68021486,-30.18683076,433.14
120.68021494,-30.18682742,434.11
120.68021553,-30.18680217,433.17
120.68021591,-30.18678612,433.19
120.68021639,-30.18676547,433.20
120.68021656,-30.18675853,436.37
120.68021660,-30.18675655,436.24
120.68021665,-30.18675456,436.07
120.68021678,-30.18674888,433.29
120.68021738,-30.18672318,433.24
120.68021893,-30.18665736,433.22
120.68021992,-30.18661498,433.38
120.68022011,-30.18660704,434.80
120.68022024,-30.18660155,433.44
120.68022053,-30.18658892,435.38
120.68022121,-30.18656016,433.34
120.68022224,-30.18651615,435.22
120.68022226,-30.18651507,434.75
120.68022231,-30.18651309,434.52
120.68022264,-30.18649884,433.31
120.68022279,-30.18649253,434.55
120.68022326,-30.18647251,433.36
120.68022420,-30.18643257,433.34
120.68022647,-30.18633590,433.42
120.68022686,-30.18631904,435.08
120.68022740,-30.18629587,433.48
120.68022756,-30.18628893,434.89
120.68022797,-30.18627170,433.49
120.68022924,-30.18621724,433.53
120.68022967,-30.18619921,433.49
120.68023011,-30.18618045,433.57
120.68023074,-30.18615358,433.58
120.68023104,-30.18614087,433.63
120.68023183,-30.18610688,447.86
120.68023409,-30.18601076,433.59
120.68023481,-30.18598010,433.59
120.68023498,-30.18597280,433.63
120.68023577,-30.18593907,433.60
120.68023604,-30.18592735,433.64
120.68023714,-30.18588055,433.71
120.68023820,-30.18583529,433.66
120.68023880,-30.18580995,433.73
120.68023966,-30.18577316,433.73
120.68023982,-30.18576621,433.79
120.68024076,-30.18572636,433.77
120.68024083,-30.18572320,433.88
120.68024193,-30.18567632,433.81
120.68024248,-30.18565260,433.86
120.68024348,-30.18561022,433.89
120.68024350,-30.18560941,433.88
120.68024448,-30.18556748,434.40
120.68024519,-30.18553746,433.88
120.68024522,-30.18553601,433.93
120.68024597,-30.18550400,435.18
120.68024644,-30.18548390,433.92
120.68024708,-30.18545666,433.97
120.68024760,-30.18543439,433.97
120.68024805,-30.18541537,434.05
120.68024928,-30.18536262,434.05
120.68024963,-30.18534774,444.79
120.68025010,-30.18532763,445.61
120.68025069,-30.18530257,443.88
120.68025097,-30.18529066,434.09
120.68025151,-30.18526749,434.13
120.68025210,-30.18524260,434.08
120.68025294,-30.18520653,434.18
120.68025331,-30.18519112,434.18
120.68025403,-30.18516019,444.00
120.68025486,-30.18512493,434.30
120.68025816,-30.18498409,434.39
120.68025880,-30.18495649,434.63
120.68025884,-30.18495505,434.45
120.68026028,-30.18489365,434.44
120.68026135,-30.18484811,434.45
120.68026203,-30.18481881,434.54
120.68026362,-30.18475127,434.54
120.68026366,-30.18474947,436.98
120.68026639,-30.18463297,434.65
120.68026667,-30.18462124,436.04
120.68026737,-30.18459140,434.71
120.68026876,-30.18453198,436.85
120.68026982,-30.18448644,434.78
120.68027055,-30.18445534,436.77
120.68027072,-30.18444821,434.82
120.68027148,-30.18441593,434.86
120.68027197,-30.18439492,434.87
120.68027216,-30.18438708,434.89
120.68027247,-30.18437355,434.96
120.68027461,-30.18428230,438.30
120.68027484,-30.18427238,443.93
120.68027529,-30.18425353,443.30
120.68027688,-30.18418573,435.09
120.68027857,-30.18411332,435.08
120.68028568,-30.18381026,435.27
120.68028685,-30.18376022,435.34
120.68028783,-30.18371829,435.36
120.68028802,-30.18371017,435.37
120.68028859,-30.18368601,435.41
120.68028875,-30.18367916,435.39
120.68029149,-30.18356248,435.53
120.68029153,-30.18356049,435.52
120.68029326,-30.18348673,435.57
120.68029349,-30.18347709,435.59
120.68029415,-30.18344868,435.60
120.68029460,-30.18342984,435.63
120.68029532,-30.18339909,435.67
120.68029617,-30.18336248,435.70
120.68029661,-30.18334400,435.72
120.68029727,-30.18331568,435.69
120.68029761,-30.18330108,435.72
120.68029844,-30.18326573,445.60
120.68029924,-30.18323183,435.68
120.68030011,-30.18319468,435.74
120.68030053,-30.18317673,435.76
120.68030094,-30.18315915,435.83
120.68030347,-30.18305131,443.45
120.68030349,-30.18305068,443.01
120.68030365,-30.18304373,445.20
120.68030448,-30.18300839,444.92
120.68030461,-30.18300243,436.02
120.68030598,-30.18294437,436.06
120.68030819,-30.18285005,436.12
120.68030869,-30.18282850,436.12
120.68030929,-30.18280280,436.19
120.68030993,-30.18277566,436.22
120.68031172,-30.18269956,438.55
120.68031328,-30.18263301,436.35
120.68031335,-30.18262977,436.32
120.68031341,-30.18262706,436.34
120.68031353,-30.18262201,436.34
120.68031360,-30.18261921,436.35
120.68031366,-30.18261678,436.32
120.68031372,-30.18261416,436.33
120.68031378,-30.18261155,436.34
120.68031384,-30.18260894,436.36
120.68031396,-30.18260371,436.39
120.68031402,-30.18260109,436.38
120.68031408,-30.18259848,436.41
120.68031421,-30.18259334,436.41
120.68031427,-30.18259072,436.41
120.68031433,-30.18258820,436.40
120.68031439,-30.18258558,436.40
120.68031445,-30.18258306,436.42
120.68031451,-30.18258053,436.40
120.68031457,-30.18257792,436.41
120.68031465,-30.18257458,441.96
120.68031468,-30.18257287,436.41
120.68031470,-30.18257215,441.95
120.68031535,-30.18254455,436.47
120.68031776,-30.18244167,436.52
120.68031874,-30.18239974,438.52
120.68032042,-30.18232815,438.07
120.68032095,-30.18230570,436.68
120.68032129,-30.18229100,436.75
120.68032219,-30.18225286,436.72
120.68032249,-30.18223987,436.77
120.68032284,-30.18222490,436.81
120.68032373,-30.18218721,436.78
120.68032558,-30.18210813,436.92
120.68032693,-30.18205052,437.91
120.68032782,-30.18201264,437.07
120.68032832,-30.18199146,438.45
120.68032856,-30.18198118,437.21
120.68032874,-30.18197315,438.36
120.68032929,-30.18194998,438.61
120.68032934,-30.18194772,438.68
120.68033006,-30.18191698,437.18
120.68033089,-30.18188154,438.77
120.68033095,-30.18187929,438.77
120.68033100,-30.18187703,438.84
120.68033225,-30.18182374,437.33
120.68033254,-30.18181121,439.01
120.68033701,-30.18162068,441.98
120.68033716,-30.18161401,442.03
120.68034731,-30.18118119,438.30
120.68034806,-30.18114909,438.30
120.68034918,-30.18110121,443.58
120.68034919,-30.18110085,442.23
120.68035027,-30.18105487,446.84
120.68035203,-30.18097984,439.27
120.68035270,-30.18095099,438.61
120.68035313,-30.18093269,438.63
120.68035352,-30.18091601,438.87
120.68035384,-30.18090248,438.67
120.68035416,-30.18088895,438.69
120.68035450,-30.18087444,439.58
120.68035679,-30.18077660,438.89
120.68035710,-30.18076326,439.17
120.68035943,-30.18066416,439.09
120.68036198,-30.18055515,439.29
120.68036241,-30.18053693,439.34
120.68036298,-30.18051268,440.14
120.68036344,-30.18049275,439.57
120.68036381,-30.18047697,440.51
120.68036455,-30.18044568,439.76
120.68036526,-30.18041538,441.51
120.68036610,-30.18037950,444.39
120.68036673,-30.18035272,439.84
120.68037010,-30.18020890,442.92
120.68037035,-30.18019789,443.94
120.68037249,-30.18010683,441.72
120.68037306,-30.18008239,440.22
120.68037377,-30.18005209,443.18
120.68037393,-30.18004533,441.89
120.68037638,-30.17994118,440.44
120.68037846,-30.17985192,444.79
120.68037884,-30.17983596,446.69
120.68037889,-30.17983379,449.04
120.68037903,-30.17982802,448.52
120.68037910,-30.17982487,440.55
120.68037956,-30.17980503,441.01
120.68038044,-30.17976779,440.58
120.68038117,-30.17973632,440.58
120.68038149,-30.17972307,440.60
120.68038243,-30.17968285,440.61
120.68038329,-30.17964624,440.69
120.68038339,-30.17964200,442.41
120.68038358,-30.17963389,441.36
120.68038381,-30.17962388,442.80
120.68038398,-30.17961648,440.66
120.68038513,-30.17956770,440.75
120.68038552,-30.17955111,440.82
120.68038642,-30.17951252,440.86
120.68038874,-30.17941360,440.83
120.68038953,-30.17937979,449.31
120.68039042,-30.17934183,448.24
120.68039209,-30.17927051,443.32
120.68039239,-30.17925797,440.91
120.68039319,-30.17922362,440.95
120.68039468,-30.17915987,440.99
120.68039604,-30.17910207,441.03
120.68039691,-30.17906492,443.15
120.68039822,-30.17900901,441.11
120.68039894,-30.17897835,443.80
120.68039910,-30.17897168,441.15
120.68039999,-30.17893345,441.20
120.68040049,-30.17891244,441.18
120.68040205,-30.17884590,448.04
120.68040224,-30.17883778,449.02
120.68040250,-30.17882633,444.52
120.68040278,-30.17881470,444.73
120.68040296,-30.17880685,443.25
120.68040352,-30.17878278,441.33
120.68040535,-30.17870478,444.84
120.68040547,-30.17870000,441.44
120.68040567,-30.17869098,441.50
120.68040680,-30.17864284,444.53
120.68040781,-30.17860018,441.50
120.68040881,-30.17855717,441.58
120.68040919,-30.17854112,441.91
120.68040963,-30.17852201,452.49
120.68040970,-30.17851921,441.64
120.68041043,-30.17848802,441.76
120.68041225,-30.17841065,441.80
120.68041254,-30.17839821,441.75
120.68041283,-30.17838549,441.80
120.68041360,-30.17835303,441.87
120.68041390,-30.17834023,441.89
120.68041600,-30.17825051,442.00
120.68041644,-30.17823148,442.03
120.68041836,-30.17814988,442.10
120.68041949,-30.17810155,442.16
120.68041991,-30.17808370,447.75
120.68042004,-30.17807810,442.22
120.68042023,-30.17806981,442.24
120.68042067,-30.17805150,442.20
120.68042114,-30.17803121,442.29
120.68042419,-30.17790101,442.41
120.68042579,-30.17783266,442.45
120.68042598,-30.17782437,442.48
120.68042690,-30.17778514,442.53
120.68042925,-30.17768515,442.61
120.68042954,-30.17767261,442.64
120.68043005,-30.17765106,442.67
120.68043011,-30.17764827,443.82
120.68043018,-30.17764565,442.72
120.68043095,-30.17761274,442.74
120.68043105,-30.17760814,446.42
120.68043237,-30.17755178,445.14
120.68043284,-30.17753204,444.06
120.68043291,-30.17752906,442.90
120.68043425,-30.17747180,449.43
120.68043465,-30.17745494,450.35
120.68043465,-30.17745477,442.90
120.68043508,-30.17743628,442.94
120.68043534,-30.17742546,443.25
120.68043577,-30.17740670,446.21
120.68043609,-30.17739336,445.67
120.68043661,-30.17737108,443.11
120.68043718,-30.17734674,442.97
120.68043772,-30.17732357,445.91
120.68043791,-30.17731554,444.80
120.68043832,-30.17729814,443.06
120.68043921,-30.17726036,443.09
120.68044001,-30.17722618,445.62
120.68044058,-30.17720165,443.16
120.68044086,-30.17718966,448.82
120.68044095,-30.17718597,443.26
120.68044123,-30.17717398,448.24
120.68044128,-30.17717181,447.32
120.68044153,-30.17716090,443.27
120.68044299,-30.17709878,443.28
120.68044342,-30.17708029,443.29
120.68044492,-30.17701645,443.42
120.68044520,-30.17700464,445.08
120.68044668,-30.17694134,443.52
120.68044723,-30.17691790,444.84
120.68044753,-30.17690509,443.47
120.68044819,-30.17687704,445.71
120.68044910,-30.17683800,443.56
120.68044946,-30.17682268,443.64
120.68045008,-30.17679608,450.21
120.68045039,-30.17678309,451.46
120.68045044,-30.17678093,443.63
120.68045050,-30.17677840,449.74
120.68045075,-30.17676758,452.55
120.68045087,-30.17676280,443.69
120.68045099,-30.17675748,452.48
120.68045146,-30.17673738,443.67
120.68045165,-30.17672926,451.83
120.68045180,-30.17672285,449.83
120.68045198,-30.17671528,448.42
120.68045235,-30.17669941,446.98
120.68045287,-30.17667723,443.72
120.68045436,-30.17661375,443.80
120.68045477,-30.17659608,443.95
120.68045517,-30.17657904,445.16
120.68045550,-30.17656515,445.09
120.68045556,-30.17656245,443.88
120.68045612,-30.17653864,447.55
120.68045673,-30.17651267,443.93
120.68045709,-30.17649716,443.95
120.68045841,-30.17644099,446.64
120.68045864,-30.17643098,444.01
120.68045873,-30.17642719,445.45
120.68045894,-30.17641808,446.64
120.68045997,-30.17637444,446.33
120.68046028,-30.17636110,444.13
120.68046042,-30.17635515,444.19
120.68046112,-30.17632521,448.85
120.68046130,-30.17631727,448.90
120.68046145,-30.17631096,444.24
120.68046156,-30.17630636,444.22
120.68046164,-30.17630285,444.30
120.68046476,-30.17617003,444.36
120.68046595,-30.17611917,449.99
120.68046849,-30.17601061,444.63
120.68047097,-30.17590493,444.86
120.68047177,-30.17587057,445.13
120.68047400,-30.17577554,445.07
120.68047435,-30.17576066,445.07
120.68047439,-30.17575904,451.20
120.68047518,-30.17572504,445.16
120.68047597,-30.17569141,445.35
120.68047672,-30.17565976,447.92
120.68047837,-30.17558889,445.31
120.68047906,-30.17555976,445.33
120.68047923,-30.17555255,445.38
120.68047957,-30.17553803,445.39
120.68048015,-30.17551323,450.60
120.68048071,-30.17548907,446.58
120.68048207,-30.17543118,445.55
120.68048277,-30.17540142,445.57
120.68048431,-30.17533578,445.69
120.68048522,-30.17529692,447.86
120.68048523,-30.17529638,447.93
120.68048655,-30.17524011,445.83
120.68048671,-30.17523335,445.81
120.68048749,-30.17519999,445.84
120.68048765,-30.17519313,445.86
120.68048823,-30.17516815,446.91
120.68048884,-30.17514219,445.94
120.68048983,-30.17510026,448.37
120.68049057,-30.17506861,446.16
120.68049080,-30.17505851,446.08
120.68049123,-30.17504020,446.10
120.68049167,-30.17502145,453.53
120.68049362,-30.17493831,446.42
120.68049428,-30.17491000,446.36
120.68049475,-30.17489016,451.92
120.68049578,-30.17484607,446.48
120.68049853,-30.17472858,447.63
120.68049958,-30.17468403,446.71
120.68050019,-30.17465807,446.73
120.68050313,-30.17453255,451.26
120.68050371,-30.17450766,446.92
120.68050528,-30.17444058,447.05
120.68050585,-30.17441632,447.08
120.68050603,-30.17440866,447.04
120.68050729,-30.17435483,447.12
120.68050850,-30.17430325,447.15
120.68051090,-30.17420072,447.24
120.68051136,-30.17418107,447.26
120.68051172,-30.17416583,447.26
120.68051192,-30.17415753,447.29
120.68051227,-30.17414257,450.78
120.68051257,-30.17412958,452.48
120.68051269,-30.17412426,447.36
120.68051293,-30.17411444,447.31
120.68051310,-30.17410677,449.42
120.68051312,-30.17410632,452.35
120.68051347,-30.17409135,447.36
120.68051400,-30.17406872,448.45
120.68051433,-30.17405474,448.46
120.68051467,-30.17404022,447.36
120.68051636,-30.17396773,447.42
120.68051827,-30.17388631,447.65
120.68051863,-30.17387116,447.47
120.68051911,-30.17385069,450.67
120.68052032,-30.17379866,448.99
120.68052063,-30.17378576,448.99
120.68052111,-30.17376529,449.67
120.68052344,-30.17366566,449.46
120.68052423,-30.17363203,452.73
120.68052527,-30.17358748,447.68
120.68052598,-30.17355728,447.70
120.68052638,-30.17354023,447.69
120.68052679,-30.17352256,447.71
120.68052751,-30.17349182,447.82
120.68052849,-30.17345034,454.10
120.68052873,-30.17343997,447.77
120.68052906,-30.17342572,447.78
120.68053056,-30.17336179,447.87
120.68053106,-30.17334051,447.87
120.68053152,-30.17332086,448.16
120.68053178,-30.17330994,447.97
120.68053373,-30.17322662,447.97
120.68053411,-30.17321040,448.00
120.68053558,-30.17314782,448.14
120.68053577,-30.17313970,449.51
120.68053586,-30.17313565,448.08
120.68053744,-30.17306811,449.53
120.68053828,-30.17303258,448.21
120.68053918,-30.17299399,448.25
120.68053943,-30.17298308,448.30
120.68053967,-30.17297298,449.52
120.68053995,-30.17296107,449.84
120.68054006,-30.17295648,448.33
120.68054173,-30.17288533,448.49
120.68054199,-30.17287415,449.25
120.68054206,-30.17287090,450.43
120.68054227,-30.17286189,449.94
120.68054293,-30.17283403,448.48
120.68054363,-30.17280391,451.66
120.68054560,-30.17272005,452.60
120.68054586,-30.17270860,448.74
120.68054599,-30.17270346,452.38
120.68054599,-30.17270337,450.41
120.68054696,-30.17266208,450.28
120.68054731,-30.17264692,448.91
120.68054766,-30.17263205,452.54
120.68054778,-30.17262700,450.55
120.68054822,-30.17260824,449.67
120.68055005,-30.17252989,449.07
120.68055086,-30.17249535,449.15
120.68055126,-30.17247849,449.23
120.68055181,-30.17245469,455.22
120.68055221,-30.17243791,449.20
120.68055256,-30.17242285,449.17
120.68055433,-30.17234747,449.21
120.68055462,-30.17233485,449.27
120.68055501,-30.17231817,449.24
120.68055513,-30.17231338,449.21
120.68055557,-30.17229445,449.84
120.68055595,-30.17227822,449.19
120.68055731,-30.17222007,449.30
120.68055732,-30.17221952,450.98
120.68055748,-30.17221294,449.38
120.68055803,-30.17218940,449.23
120.68055901,-30.17214757,449.35
120.68055974,-30.17211664,449.30
120.68056024,-30.17209490,449.28
120.68056101,-30.17206236,449.31
120.68056135,-30.17204757,449.33
120.68056140,-30.17204549,450.39
120.68056179,-30.17202890,449.33
120.68056225,-30.17200916,449.48
120.68056278,-30.17198661,449.36
120.68056357,-30.17195289,455.46
120.68056360,-30.17195172,450.70
120.68056368,-30.17194856,449.45
120.68056385,-30.17194108,449.34
120.68056392,-30.17193810,453.45
120.68056426,-30.17192331,453.05
120.68056433,-30.17192052,452.01
120.68056449,-30.17191367,449.42
120.68056540,-30.17187489,449.48
120.68056857,-30.17173946,449.52
120.68056883,-30.17172837,449.51
120.68056954,-30.17169843,452.28
120.68056970,-30.17169158,449.61
120.68057009,-30.17167481,449.62
120.68057025,-30.17166805,451.48
120.68057055,-30.17165515,449.53
120.68057204,-30.17159149,449.59
120.68057282,-30.17155831,449.62
120.68057481,-30.17147310,449.57
120.68057515,-30.17145886,449.57
120.68057640,-30.17140547,449.56
120.68057750,-30.17135867,449.61
120.68057830,-30.17132432,449.56
120.68057985,-30.17125832,449.66
120.68058092,-30.17121260,454.71
120.68058105,-30.17120701,453.36
120.68058162,-30.17118276,455.65
120.68058266,-30.17113839,449.71
120.68058300,-30.17112369,449.79
120.68058380,-30.17108979,449.74
120.68058424,-30.17107094,449.71
120.68058465,-30.17105327,449.77
120.68058511,-30.17103361,449.78
120.68058545,-30.17101892,449.78
120.68058629,-30.17098312,449.83
120.68058926,-30.17085661,449.84
120.68059062,-30.17079818,451.93
120.68059123,-30.17077221,449.98
120.68059141,-30.17076482,452.24
120.68059205,-30.17073750,449.95
120.68059337,-30.17068087,449.99
120.68059369,-30.17066716,449.95
120.68059443,-30.17063578,455.99
120.68059473,-30.17062307,453.13
120.68059685,-30.17053245,450.08
120.68060034,-30.17038367,450.22
120.68060142,-30.17033760,456.12
120.68060200,-30.17031262,450.30
120.68060330,-30.17025707,450.36
120.68060450,-30.17020603,450.56
120.68060529,-30.17017204,450.50
120.68060656,-30.17011803,450.42
120.68060733,-30.17008521,450.65
120.68060912,-30.17000884,454.17
120.68060922,-30.17000424,457.75
120.68061010,-30.16996709,456.46
120.68061099,-30.16992912,451.52
120.68061114,-30.16992254,450.70
120.68061255,-30.16986222,452.50
120.68061272,-30.16985519,451.46
120.68061503,-30.16975645,450.82
120.68061657,-30.16969053,451.01
120.68061730,-30.16965970,451.04
120.68061859,-30.16960433,451.12
120.68061898,-30.16958801,451.21
120.68061928,-30.16957494,455.15
120.68061943,-30.16956881,451.21
120.68061985,-30.16955059,455.15
120.68062119,-30.16949369,458.68
120.68062155,-30.16947828,458.44
120.68062231,-30.16944546,451.32
120.68062392,-30.16937693,456.83
120.68062412,-30.16936854,455.46
120.68062474,-30.16934212,451.42
120.68062497,-30.16932778,456.25
120.68062022,-30.16932643,456.24
120.68061618,-30.16932636,451.49
120.68056252,-30.16932541,451.49
120.68053430,-30.16932491,451.39
120.68050524,-30.16932440,451.46
120.68040800,-30.16932268,451.48
120.68030786,-30.16932091,451.48
120.68029915,-30.16932075,452.28
120.68020585,-30.16931910,451.43
120.68019610,-30.16931893,451.46
120.68017908,-30.16931863,459.77
120.68013373,-30.16931783,461.94
120.68013155,-30.16931779,462.00
120.68013103,-30.16931778,461.96
120.68009346,-30.16931712,451.43
120.68006337,-30.16931658,451.34
120.68006212,-30.16931656,451.43
120.67986786,-30.16931313,451.74
120.67979148,-30.16931177,459.33
120.67978972,-30.16931174,455.87
120.67977872,-30.16931155,451.49
120.67975599,-30.16931115,451.39
120.67971614,-30.16931044,451.44
120.67963478,-30.16930900,451.44
120.67961164,-30.16930859,452.86
120.67951554,-30.16930689,456.59
120.67951544,-30.16930689,455.04
120.67951305,-30.16930685,457.16
120.67950205,-30.16930665,455.77
120.67935687,-30.16930408,451.38
     </coordinates>
    </LineString>
   </MultiGeometry>
  </Placemark>
 </Document>
</kml>
