<kml>
 <Document>
  <Style id="yellow">
   <LineStyle>
   <color>ff00ffff</color>
   <width>1</width>
   </LineStyle>
  </Style>
  <Style id="red">
   <LineStyle>
   <color>ffff0000</color>
   <width>2</width>
   </LineStyle>
  </Style>
  <Style id="green">
   <LineStyle>
   <color>ff00ff00</color>
   <width>1</width>
   </LineStyle>
  </Style>
  <Placemark>
  <styleUrl>#yellow</styleUrl>
   <MultiGeometry>
    <LineString>
     <coordinates>
153.09717207,-27.62276951,38.04
153.09711396,-27.62261942,38.20
153.09710148,-27.62261383,38.24
153.09709824,-27.62261311,38.25
153.09709530,-27.62261248,38.24
153.09709236,-27.62261185,38.20
153.09708030,-27.62260924,38.16
153.09706803,-27.62260663,38.17
153.09706469,-27.62260592,38.23
153.09705921,-27.62260474,38.09
153.09705060,-27.62260286,37.99
153.09702698,-27.62259773,37.82
153.09701177,-27.62259449,37.86
153.09700569,-27.62259323,37.87
153.09697963,-27.62258756,37.63
153.09696858,-27.62258513,37.39
153.09696564,-27.62258450,37.40
153.09695976,-27.62258324,37.38
153.09694517,-27.62258018,37.28
153.09693635,-27.62257829,37.29
153.09692803,-27.62257649,37.13
153.09692520,-27.62257586,37.12
153.09691394,-27.62257343,36.98
153.09690827,-27.62257217,36.89
153.09690290,-27.62257100,36.76
153.09689387,-27.62256911,36.80
153.09688566,-27.62256731,36.68
153.09687512,-27.62256488,36.34
153.09686386,-27.62256245,36.20
153.09685504,-27.62256056,36.23
153.09684683,-27.62255876,36.08
153.09684106,-27.62255750,36.08
153.09682991,-27.62255507,35.95
153.09681875,-27.62255264,35.81
153.09680193,-27.62254913,35.65
153.09679615,-27.62254787,35.66
153.09678733,-27.62254598,35.69
153.09677962,-27.62254427,35.43
153.09677384,-27.62254301,35.41
153.09677131,-27.62254247,35.36
153.09676827,-27.62254184,35.38
153.09675945,-27.62253995,35.43
153.09675114,-27.62253815,35.34
153.09674870,-27.62253761,35.25
153.09674586,-27.62253698,35.21
153.09673765,-27.62253518,35.10
153.09673512,-27.62253464,35.00
153.09673167,-27.62253393,35.18
153.09666983,-27.62252070,35.02
153.09666476,-27.62251953,34.82
153.09665108,-27.62251665,34.69
153.09635764,-27.62215168,33.77
153.09635276,-27.62212821,33.99
153.09633779,-27.62205473,34.11
153.09632793,-27.62202567,34.42
153.09632489,-27.62201773,34.11
153.09632235,-27.62201376,34.19
153.09632012,-27.62201069,34.09
153.09617968,-27.62170691,34.75
153.09623430,-27.62134351,38.73
153.09623176,-27.62134279,38.68
153.09622659,-27.62134134,38.60
153.09617905,-27.62132829,38.05
153.09616039,-27.62132315,37.93
153.09615208,-27.62132090,37.95
153.09614184,-27.62131811,37.78
153.09613626,-27.62131658,37.81
153.09611031,-27.62130947,37.46
153.09610727,-27.62130866,37.60
153.09606266,-27.62129659,37.27
153.09605486,-27.62129443,37.21
153.09603448,-27.62128885,36.92
153.09600812,-27.62128173,36.84
153.09599504,-27.62127813,36.77
153.09598217,-27.62127462,36.68
153.09597183,-27.62127183,36.59
153.09596412,-27.62126975,36.53
153.09595916,-27.62126841,36.47
153.09595652,-27.62126768,36.45
153.09595389,-27.62126696,36.46
153.09594091,-27.62126345,36.43
153.09591850,-27.62125724,36.00
153.09591110,-27.62125517,35.82
153.09590593,-27.62125382,35.82
153.09588484,-27.62124814,35.93
153.09586417,-27.62124256,35.91
153.09586153,-27.62124184,35.93
153.09584632,-27.62123770,35.80
153.09583872,-27.62123563,35.78
153.09582361,-27.62123157,35.61
153.09580577,-27.62122680,35.62
153.09579817,-27.62122473,35.54
153.09579553,-27.62122401,35.58
153.09578306,-27.62122059,35.44
153.09577809,-27.62121924,35.37
153.09577059,-27.62121717,35.34
153.09575782,-27.62121375,35.32
153.09575012,-27.62121167,35.37
153.09571544,-27.62120213,34.97
153.09570784,-27.62120006,34.92
153.09568047,-27.62119267,34.69
153.09567307,-27.62119069,34.63
153.09565816,-27.62118664,34.55
153.09565553,-27.62118592,34.57
153.09565056,-27.62118457,34.51
153.09564823,-27.62118394,34.48
153.09562836,-27.62117845,34.27
153.09562349,-27.62117709,34.23
153.09561863,-27.62117575,34.14
153.09560849,-27.62117304,34.18
153.09560119,-27.62117106,34.02
153.09558386,-27.62116638,33.89
153.09557899,-27.62116503,33.84
153.09556409,-27.62116107,33.75
153.09554432,-27.62115566,33.58
153.09553955,-27.62115431,33.41
153.09548734,-27.62113765,33.13
153.09548501,-27.62113693,33.03
153.09547315,-27.62113350,32.57
153.09546565,-27.62113152,32.59
153.09546058,-27.62113017,32.72
153.09545074,-27.62112747,32.58
153.09544577,-27.62112612,32.55
153.09543848,-27.62112414,32.44
153.09541597,-27.62111811,32.67
153.09540867,-27.62111603,32.41
153.09539874,-27.62111333,32.50
153.09539630,-27.62111270,32.41
153.09538363,-27.62110937,32.74
153.09537866,-27.62110802,32.72
153.09537127,-27.62110604,32.77
153.09535423,-27.62110145,32.52
153.09534704,-27.62109938,32.32
153.09534470,-27.62109875,32.24
153.09534207,-27.62109802,32.25
153.09533720,-27.62109667,32.19
153.09533477,-27.62109604,32.25
153.09532210,-27.62109280,32.67
153.09531713,-27.62109145,32.62
153.09530020,-27.62108659,32.02
153.09529533,-27.62108524,31.97
153.09528296,-27.62108191,31.96
153.09527556,-27.62107992,31.95
153.09527060,-27.62107857,31.93
153.09526573,-27.62107722,31.92
153.09526076,-27.62107587,31.93
153.09525336,-27.62107389,31.92
153.09519902,-27.62105930,31.91
153.09497834,-27.62066982,30.77
153.09497925,-27.62066611,30.84
153.09498430,-27.62064417,30.89
153.09491365,-27.62063673,30.76
153.09482729,-27.62062875,31.61
153.09476719,-27.62062311,32.16
153.09474448,-27.62062077,32.16
153.09473323,-27.62061961,32.16
153.09472208,-27.62061844,32.13
153.09470373,-27.62061647,32.05
153.09468934,-27.62061494,31.94
153.09464940,-27.62061064,31.74
153.09463876,-27.62060947,31.67
153.09456416,-27.62060212,32.00
153.09452189,-27.62059772,31.74
153.09449989,-27.62059548,31.82
153.09447759,-27.62059342,32.03
153.09443330,-27.62058930,32.48
153.09441475,-27.62058760,32.69
153.09439316,-27.62058553,32.84
153.09437846,-27.62058419,33.02
153.09433964,-27.62058043,33.16
153.09432910,-27.62057935,33.21
153.09430822,-27.62057728,33.27
153.09430457,-27.62057693,33.32
153.09426514,-27.62057343,33.82
153.09425460,-27.62057245,33.93
153.09422328,-27.62056940,34.12
153.09417320,-27.62056519,35.02
153.09412212,-27.62056026,35.33
153.09411543,-27.62055963,35.37
153.09409840,-27.62055802,35.51
153.09409161,-27.62055739,35.59
153.09408492,-27.62055677,35.63
153.09403485,-27.62055192,35.92
153.09401508,-27.62055004,36.00
153.09399197,-27.62054771,36.12
153.09396248,-27.62054484,36.27
153.09395599,-27.62054421,36.31
153.09394940,-27.62054358,36.32
153.09391321,-27.62054018,36.70
153.09387480,-27.62053632,36.73
153.09386203,-27.62053507,36.75
153.09385230,-27.62053408,36.82
153.09384257,-27.62053318,36.92
153.09383304,-27.62053229,36.97
153.09381044,-27.62053014,37.13
153.09378803,-27.62052798,37.30
153.09377526,-27.62052673,37.42
153.09376279,-27.62052548,37.39
153.09375012,-27.62052431,37.46
153.09374059,-27.62052341,37.52
153.09370593,-27.62052001,37.74
153.09365576,-27.62051517,38.00
153.09361845,-27.62051158,38.11
153.09361217,-27.62051095,38.19
153.09360274,-27.62051005,38.26
153.09358409,-27.62050826,38.40
153.09358095,-27.62050799,38.45
153.09355591,-27.62050575,38.79
153.09354355,-27.62050459,38.90
153.09352804,-27.62050316,39.03
153.09351568,-27.62050199,39.17
153.09350017,-27.62050056,39.34
153.09349712,-27.62050029,39.35
153.09349408,-27.62050002,39.36
153.09348790,-27.62049948,39.47
153.09348172,-27.62049894,39.58
153.09345709,-27.62049670,39.85
153.09343560,-27.62049473,40.08
153.09341421,-27.62049276,40.32
153.09340205,-27.62049160,40.39
153.09339292,-27.62049070,40.43
153.09338380,-27.62048980,40.50
153.09335968,-27.62048747,40.66
153.09335664,-27.62048720,40.69
153.09335056,-27.62048666,40.75
153.09332633,-27.62048442,40.95
153.09331427,-27.62048325,41.03
153.09329927,-27.62048182,41.15
153.09328731,-27.62048066,41.22
153.09327221,-27.62047922,41.35
153.09326916,-27.62047895,41.37
153.09326318,-27.62047842,41.42
153.09326014,-27.62047815,41.46
153.09322416,-27.62047474,41.80
153.09321524,-27.62047384,41.85
153.09318848,-27.62047107,41.75
153.09318250,-27.62047053,41.83
153.09317652,-27.62046999,41.88
153.09315554,-27.62046801,42.09
153.09314368,-27.62046685,42.13
153.09312878,-27.62046532,42.18
153.09311692,-27.62046416,42.23
153.09310192,-27.62046264,42.23
153.09309594,-27.62046201,42.23
153.09283229,-27.62042409,44.68
153.09280664,-27.62041914,44.87
153.09277228,-27.62041293,45.67
153.09274906,-27.62040870,46.04
153.09272098,-27.62040340,46.49
153.09271348,-27.62040196,46.54
153.09267101,-27.62039368,46.90
153.09266614,-27.62039269,46.90
153.09266128,-27.62039170,46.89
153.09265387,-27.62039026,46.94
153.09263938,-27.62038738,46.92
153.09262945,-27.62038549,47.00
153.09262711,-27.62038504,47.00
153.09260958,-27.62038171,47.31
153.09258028,-27.62037596,47.46
153.09257065,-27.62037407,47.52
153.09251459,-27.62036336,48.12
153.09248094,-27.62035680,48.38
153.09245438,-27.62035167,48.69
153.09244962,-27.62035076,48.74
153.09244718,-27.62035032,48.77
153.09242285,-27.62034600,49.38
153.09199457,-27.62013765,50.53
153.09199132,-27.62013693,50.52
153.09197764,-27.62013405,50.56
153.09197419,-27.62013333,50.59
153.09186734,-27.62010930,51.57
153.09185031,-27.62010579,51.71
153.09183693,-27.62010300,51.80
153.09182700,-27.62010093,51.85
153.09181706,-27.62009886,51.92
153.09180713,-27.62009679,51.96
153.09179740,-27.62009472,52.01
153.09177439,-27.62008995,52.15
153.09177084,-27.62008923,52.23
153.09176466,-27.62008797,52.19
153.09175796,-27.62008662,52.28
153.09174823,-27.62008464,52.34
153.09171569,-27.62007789,52.59
153.09169684,-27.62007393,52.61
153.09168751,-27.62007195,52.60
153.09168457,-27.62007132,52.59
153.09168113,-27.62007060,52.62
153.09167474,-27.62006925,52.68
153.09166207,-27.62006664,52.76
153.09165274,-27.62006466,52.78
153.09164635,-27.62006331,52.83
153.09163693,-27.62006133,52.87
153.09162436,-27.62005872,52.95
153.09161179,-27.62005611,53.05
153.09160236,-27.62005413,53.08
153.09159932,-27.62005350,53.10
153.09159314,-27.62005224,53.13
153.09158361,-27.62005026,53.23
153.09158057,-27.62004963,53.25
153.09156830,-27.62004702,53.27
153.09156516,-27.62004639,53.32
153.09154671,-27.62004261,53.43
153.09154367,-27.62004198,53.44
153.09152218,-27.62003748,53.55
153.09151924,-27.62003686,53.55
153.09151620,-27.62003622,53.58
153.09151011,-27.62003496,53.62
153.09150707,-27.62003433,53.62
153.09150079,-27.62003308,53.70
153.09148274,-27.62002929,53.79
153.09147352,-27.62002741,53.89
153.09146460,-27.62002552,53.91
153.09145558,-27.62002363,53.94
153.09144068,-27.62002048,53.99
153.09142294,-27.62001670,54.06
153.09139901,-27.62001184,54.23
153.09139607,-27.62001121,54.23
153.09139029,-27.62000995,54.22
153.09137549,-27.62000689,54.33
153.09137255,-27.62000626,54.33
153.09135796,-27.62000320,54.40
153.09135502,-27.62000257,54.40
153.09135208,-27.62000194,54.41
153.09134052,-27.61999951,54.44
153.09133758,-27.61999888,54.45
153.09132592,-27.61999645,54.54
153.09132298,-27.61999582,54.55
153.09132005,-27.61999519,54.56
153.09130859,-27.61999276,54.57
153.09129997,-27.61999096,54.61
153.09129693,-27.61999033,54.64
153.09129126,-27.61998916,54.67
153.09128822,-27.61998853,54.70
153.09128264,-27.61998736,54.71
153.09126814,-27.61998439,54.79
153.09125963,-27.61998259,54.81
153.09125669,-27.61998196,54.84
153.09124807,-27.61998016,54.88
153.09124240,-27.61997899,54.90
153.09123104,-27.61997656,54.93
153.09122263,-27.61997476,54.94
153.09121411,-27.61997296,54.94
153.09120560,-27.61997116,55.00
153.09119992,-27.61996999,55.03
153.09119151,-27.61996819,55.04
153.09118299,-27.61996639,55.06
153.09117742,-27.61996522,55.10
153.09117194,-27.61996405,55.07
153.09116069,-27.61996162,55.10
153.09115512,-27.61996045,55.13
153.09114954,-27.61995928,55.12
153.09114123,-27.61995757,55.13
153.09113555,-27.61995640,55.17
153.09112997,-27.61995523,55.19
153.09112166,-27.61995343,55.20
153.09111609,-27.61995226,55.22
153.09111041,-27.61995109,55.24
153.09110484,-27.61994992,55.25
153.09109926,-27.61994875,55.27
153.09109369,-27.61994758,55.29
153.09108821,-27.61994641,55.29
153.09108274,-27.61994524,55.29
153.09107159,-27.61994290,55.35
153.09106611,-27.61994173,55.37
153.09106064,-27.61994056,55.37
153.09105506,-27.61993939,55.42
153.09104959,-27.61993822,55.43
153.09104138,-27.61993651,55.45
153.09103580,-27.61993534,55.47
153.09103033,-27.61993417,55.49
153.09102486,-27.61993300,55.49
153.09101938,-27.61993183,55.52
153.09100569,-27.61992904,55.57
153.09100012,-27.61992787,55.59
153.09098938,-27.61992553,55.57
153.09098400,-27.61992436,55.54
153.09097863,-27.61992319,55.53
153.09097326,-27.61992202,55.53
153.09096799,-27.61992085,55.48
153.09095704,-27.61991860,55.56
153.09094893,-27.61991689,55.59
153.09094356,-27.61991572,55.59
153.09092987,-27.61991284,55.65
153.09092186,-27.61991113,55.66
153.09091375,-27.61990942,55.66
153.09090848,-27.61990825,55.64
153.09090311,-27.61990708,55.64
153.09089500,-27.61990537,55.64
153.09088963,-27.61990420,55.64
153.09088162,-27.61990258,55.64
153.09087361,-27.61990087,55.68
153.09086550,-27.61989916,55.68
153.09085739,-27.61989745,55.70
153.09085212,-27.61989628,55.69
153.09084411,-27.61989457,55.69
153.09083884,-27.61989340,55.65
153.09082809,-27.61989115,55.69
153.09082282,-27.61988998,55.67
153.09081745,-27.61988881,55.66
153.09081492,-27.61988827,55.66
153.09080681,-27.61988656,55.67
153.09079890,-27.61988485,55.65
153.09079353,-27.61988368,55.67
153.09079089,-27.61988314,55.69
153.09078299,-27.61988143,55.65
153.09077771,-27.61988026,55.63
153.09076981,-27.61987855,55.64
153.09075653,-27.61987576,55.61
153.09074852,-27.61987405,55.61
153.09074335,-27.61987288,55.56
153.09074071,-27.61987234,55.52
153.09073281,-27.61987063,55.53
153.09072753,-27.61986946,55.48
153.09072226,-27.61986829,55.48
153.09071963,-27.61986775,55.48
153.09070888,-27.61986550,55.54
153.09070361,-27.61986433,55.53
153.09070108,-27.61986379,55.52
153.09069327,-27.61986208,55.49
153.09068800,-27.61986091,55.45
153.09067472,-27.61985803,55.43
153.09067219,-27.61985749,55.42
153.09066428,-27.61985578,55.40
153.09065901,-27.61985461,55.38
153.09065110,-27.61985289,55.34
153.09064319,-27.61985118,55.33
153.09064056,-27.61985064,55.33
153.09063802,-27.61985011,55.32
153.09063012,-27.61984839,55.28
153.09062748,-27.61984786,55.28
153.09061958,-27.61984614,55.29
153.09061167,-27.61984443,55.27
153.09044926,-27.61941708,53.45
153.09045209,-27.61941310,53.45
153.09048013,-27.61937571,53.49
153.09048256,-27.61937155,53.47
153.09050341,-27.61933191,53.32
153.09050503,-27.61932776,53.28
153.09051695,-27.61928712,53.15
153.09051786,-27.61928270,53.15
153.09052239,-27.61923972,52.96
153.09052289,-27.61923548,52.92
153.09052366,-27.61918853,52.75
153.09052781,-27.61905194,52.05
153.09052952,-27.61903813,51.97
153.09052941,-27.61903398,51.91
153.09052920,-27.61902332,51.90
153.09056021,-27.61876195,51.37
153.09056232,-27.61875148,51.33
153.09056423,-27.61873089,51.30
153.09056433,-27.61872737,51.27
153.09056433,-27.61872322,51.27
153.09056422,-27.61872024,51.28
153.09056338,-27.61868557,51.02
153.09055840,-27.61865876,50.88
153.09055738,-27.61865479,50.86
153.09055463,-27.61864513,50.80
153.09050148,-27.61846199,49.56
153.09049526,-27.61841505,49.15
153.09067027,-27.61802268,47.16
153.09067250,-27.61801934,47.09
153.09067513,-27.61801284,47.08
153.09067624,-27.61800923,47.01
153.09067785,-27.61799839,46.87
153.09067896,-27.61798936,46.79
153.09067946,-27.61798521,46.74
153.09067875,-27.61798060,46.74
153.09067743,-27.61797275,46.58
153.09067621,-27.61796824,46.63
153.09067031,-27.61795353,46.33
153.09066818,-27.61794874,46.36
153.09075976,-27.61752212,44.12
153.09078467,-27.61750342,44.21
153.09079247,-27.61749745,44.19
153.09081849,-27.61746719,44.17
153.09084776,-27.61743440,44.16
153.09088361,-27.61739754,44.14
153.09091074,-27.61736810,43.48
153.09091419,-27.61736430,43.29
153.09091702,-27.61736105,42.89
153.09092056,-27.61735401,42.53
153.09092309,-27.61734227,42.17
153.09092287,-27.61732539,42.14
153.09092021,-27.61729343,42.12
153.09091878,-27.61728242,42.09
153.09096949,-27.61683587,41.03
153.09106446,-27.61660145,39.62
153.09106689,-27.61659666,39.52
153.09126740,-27.61627216,37.23
153.09127803,-27.61625672,37.19
153.09129189,-27.61623676,36.91
153.09130536,-27.61621617,36.82
153.09135323,-27.61613642,36.13
153.09138571,-27.61607600,35.68
153.09138824,-27.61607013,35.65
153.09140684,-27.61601325,35.40
153.09140805,-27.61600683,35.45
153.09140896,-27.61600151,35.35
153.09140364,-27.61594292,35.09
153.09140181,-27.61592893,34.89
153.09124681,-27.61552639,32.29
153.09115752,-27.61527358,33.44
153.09114584,-27.61524741,33.23
153.09113914,-27.61523468,33.01
153.09112382,-27.61520842,33.30
153.09111306,-27.61519516,33.31
153.09103719,-27.61511856,33.44
153.09101478,-27.61510088,33.03
153.09096884,-27.61506669,33.11
153.09093640,-27.61505155,32.60
153.09088428,-27.61502540,32.98
153.09086837,-27.61502009,33.50
153.09078655,-27.61498836,33.60
153.09073890,-27.61496474,33.45
153.09065474,-27.61492209,33.62
153.09063518,-27.61491317,33.47
153.09056096,-27.61487638,33.97
153.09054383,-27.61486800,34.22
153.09030787,-27.61448086,38.63
153.09038485,-27.61430577,40.47
153.09039883,-27.61428887,40.61
153.09042424,-27.61425500,40.98
153.09049186,-27.61416061,42.01
153.09049530,-27.61415529,42.08
153.09049935,-27.61414761,42.12
153.09053416,-27.61408782,43.08
153.09053487,-27.61408674,42.95
153.09054105,-27.61407644,43.02
153.09054246,-27.61407409,43.00
153.09052493,-27.61407194,42.90
153.09051621,-27.61407086,42.86
153.09046675,-27.61406476,42.70
153.09045449,-27.61406332,42.80
153.09040310,-27.61405704,42.54
153.09039722,-27.61405632,42.55
153.09036316,-27.61405210,42.41
153.09034350,-27.61404958,42.30
153.09031816,-27.61404644,42.19
153.09029312,-27.61404338,42.05
153.09027093,-27.61404060,41.94
153.09024873,-27.61403782,41.84
153.09022126,-27.61403440,41.70
153.09020210,-27.61403198,41.57
153.09019106,-27.61403063,41.55
153.09013946,-27.61402417,41.22
153.09012335,-27.61402210,41.07
153.09009091,-27.61401806,40.93
153.09007743,-27.61401635,40.85
153.09006669,-27.61401501,40.79
153.09002138,-27.61400934,40.50
153.08999462,-27.61400603,40.39
153.08994688,-27.61400000,40.09
153.08993898,-27.61399902,40.03
153.08989955,-27.61399408,39.77
153.08988121,-27.61399174,39.62
153.08986296,-27.61398941,39.46
153.08985505,-27.61398842,39.42
153.08983154,-27.61398546,39.26
153.08982364,-27.61398446,39.26
153.08980539,-27.61398222,39.12
153.08977143,-27.61397791,38.88
153.08974032,-27.61397396,38.63
153.08971944,-27.61397126,38.48
153.08970403,-27.61396929,38.34
153.08969897,-27.61396866,38.23
153.08966785,-27.61396471,38.03
153.08964707,-27.61396210,37.90
153.08962639,-27.61395941,37.68
153.08958788,-27.61395428,37.17
153.08957511,-27.61395258,36.87
153.08954683,-27.61394881,36.46
153.08954419,-27.61394845,36.45
153.08953132,-27.61394674,36.26
153.08952362,-27.61394575,36.22
153.08951318,-27.61394440,36.14
153.08950284,-27.61394306,36.04
153.08948723,-27.61394099,35.84
153.08947689,-27.61393964,35.73
153.08946392,-27.61393812,35.68
153.08944841,-27.61393623,35.60
153.08942226,-27.61393299,35.56
153.08939621,-27.61392985,35.56
153.08937269,-27.61392716,35.67
153.08935972,-27.61392563,35.75
153.08931806,-27.61392070,35.72
153.08931289,-27.61392007,35.72
153.08929465,-27.61391791,35.78
153.08928695,-27.61391701,35.84
153.08927914,-27.61391612,35.84
153.08925046,-27.61391279,35.99
153.08923748,-27.61391127,36.05
153.08920880,-27.61390795,36.08
153.08920100,-27.61390705,36.14
153.08918012,-27.61390453,36.11
153.08915924,-27.61390202,36.11
153.08913846,-27.61389950,36.14
153.08912812,-27.61389834,36.20
153.08912021,-27.61389744,36.25
153.08910461,-27.61389565,36.20
153.08909407,-27.61389439,36.25
153.08908890,-27.61389376,36.24
153.08907846,-27.61389250,36.28
153.08906802,-27.61389134,36.38
153.08905241,-27.61388954,36.46
153.08903933,-27.61388810,36.57
153.08903163,-27.61388730,36.69
153.08899017,-27.61388281,37.18
153.08898480,-27.61388218,37.14
153.08897700,-27.61388128,37.18
153.08896919,-27.61388039,37.25
153.08896139,-27.61387948,37.35
153.08893808,-27.61387716,37.74
153.08892774,-27.61387599,37.81
153.08892510,-27.61387572,37.81
153.08891993,-27.61387518,37.91
153.08890179,-27.61387321,38.16
153.08889145,-27.61387204,38.29
153.08887585,-27.61387042,38.42
153.08886034,-27.61386872,38.66
153.08884970,-27.61386755,38.72
153.08884189,-27.61386665,38.82
153.08882882,-27.61386513,38.87
153.08840854,-27.61362751,42.22
153.08838300,-27.61361859,49.55
153.08836171,-27.61361120,55.66
153.08829015,-27.61360051,57.47
153.08821413,-27.61358737,61.41
153.08821058,-27.61358665,61.78
153.08814479,-27.61357568,64.82
153.08805905,-27.61356824,59.66
153.08801354,-27.61356186,60.03
153.08800057,-27.61355971,60.64
153.08794928,-27.61355369,59.69
153.08794705,-27.61355342,59.60
153.08793316,-27.61355162,59.58
153.08786941,-27.61354119,62.15
153.08782653,-27.61353102,68.34
153.08782420,-27.61353066,68.45
153.08782004,-27.61353012,68.35
153.08778640,-27.61352662,67.12
153.08777555,-27.61352518,67.08
153.08776876,-27.61352419,67.17
153.08743160,-27.61330024,48.81
153.08747382,-27.61299363,48.60
153.08745983,-27.61298407,54.03
153.08742100,-27.61296107,66.41
153.08741856,-27.61295963,67.18
153.08740660,-27.61295648,68.16
153.08738096,-27.61294919,70.79
153.08737700,-27.61294801,71.18
153.08698923,-27.61266271,50.78
153.08698374,-27.61264502,50.71
153.08696365,-27.61248966,48.02
153.08696706,-27.61244578,48.25
153.08696716,-27.61243332,48.25
153.08696439,-27.61240092,47.81
153.08696399,-27.61239721,47.76
153.08696195,-27.61238259,47.30
153.08696134,-27.61237871,47.18
153.08695616,-27.61236553,47.13
153.08695149,-27.61235714,47.20
153.08694296,-27.61234261,47.39
153.08688158,-27.61225056,48.23
153.08687519,-27.61224903,48.30
153.08685907,-27.61224525,48.53
153.08681235,-27.61223418,48.96
153.08677545,-27.61222527,49.26
153.08676318,-27.61222229,49.36
153.08670632,-27.61220851,49.69
153.08662695,-27.61218861,49.27
153.08662168,-27.61218726,49.16
153.08661884,-27.61218654,49.14
153.08660698,-27.61218366,49.28
153.08660394,-27.61218294,49.30
153.08659218,-27.61218015,49.44
153.08655143,-27.61217034,49.79
153.08653430,-27.61216619,49.88
153.08647034,-27.61215034,49.83
153.08645868,-27.61214764,50.03
153.08643790,-27.61214296,50.55
153.08638641,-27.61213099,51.35
153.08637496,-27.61212829,51.55
153.08633005,-27.61211784,52.21
153.08628049,-27.61210605,52.77
153.08626133,-27.61210154,53.01
153.08622027,-27.61209191,53.64
153.08617770,-27.61208164,53.89
153.08614303,-27.61207336,54.21
153.08614040,-27.61207273,54.26
153.08613249,-27.61207084,54.33
153.08610370,-27.61206382,54.46
153.08609843,-27.61206255,54.47
153.08609580,-27.61206192,54.51
153.08608506,-27.61205949,54.73
153.08605586,-27.61205274,55.20
153.08604522,-27.61205031,55.46
153.08601896,-27.61204418,55.87
153.08600072,-27.61203986,56.07
153.08597223,-27.61203311,56.47
153.08596443,-27.61203131,56.59
153.08594619,-27.61202708,56.93
153.08593858,-27.61202528,56.99
153.08593078,-27.61202348,57.11
153.08590513,-27.61201753,57.54
153.08589743,-27.61201573,57.63
153.08588192,-27.61201222,57.97
153.08587675,-27.61201105,58.14
153.08585111,-27.61200529,58.81
153.08584340,-27.61200349,58.88
153.08583844,-27.61200232,59.00
153.08583073,-27.61200052,59.10
153.08580782,-27.61199539,59.69
153.08579515,-27.61199251,59.94
153.08578765,-27.61199080,60.11
153.08578005,-27.61198909,60.22
153.08576485,-27.61198575,60.72
153.08574984,-27.61198233,60.97
153.08572491,-27.61197648,61.40
153.08571984,-27.61197531,61.50
153.08570737,-27.61197261,61.94
153.08569734,-27.61197036,62.19
153.08566257,-27.61196279,63.32
153.08565517,-27.61196118,63.58
153.08565274,-27.61196064,63.66
153.08562811,-27.61195496,64.04
153.08562567,-27.61195442,64.10
153.08561341,-27.61195163,64.33
153.08560601,-27.61194992,64.47
153.08556476,-27.61194083,65.76
153.08555989,-27.61193975,65.88
153.08555746,-27.61193921,65.98
153.08555006,-27.61193759,66.20
153.08554286,-27.61193606,66.50
153.08552603,-27.61193228,66.93
153.08551397,-27.61192966,67.35
153.08550424,-27.61192741,67.44
153.08549938,-27.61192624,67.47
153.08549461,-27.61192507,67.49
153.08510300,-27.61163949,69.44
153.08509945,-27.61163625,69.37
153.08509326,-27.61163471,69.43
153.08508658,-27.61163309,69.58
153.08462810,-27.61151908,74.07
153.08438919,-27.61145720,74.02
153.08438675,-27.61145658,74.00
153.08414013,-27.61139326,74.47
153.08408611,-27.61137939,74.58
153.08365196,-27.61126915,76.64
153.08317869,-27.61114792,77.72
153.08285798,-27.61106641,78.63
153.08284693,-27.61106362,78.60
153.08283872,-27.61106706,78.62
153.08283568,-27.61107076,78.70
153.08276152,-27.61123078,79.88
153.08242443,-27.61134455,98.73
153.08241632,-27.61134356,98.54
153.08239970,-27.61134185,97.94
153.08236098,-27.61133772,96.49
153.08233240,-27.61133259,97.89
153.08232662,-27.61133142,98.32
153.08232338,-27.61133097,98.31
153.08231710,-27.61133008,98.40
153.08226358,-27.61132198,99.26
153.08226216,-27.61132171,99.33
153.08224533,-27.61131893,99.82
153.08222415,-27.61131605,99.81
153.08222273,-27.61131587,99.85
153.08218351,-27.61131219,97.83
153.08216131,-27.61130922,97.62
153.08210739,-27.61129932,100.54
153.08205682,-27.61129782,98.52
153.08203564,-27.61129946,88.72
153.08201172,-27.61130119,82.75
153.08200635,-27.61130191,81.06
153.08185644,-27.61141286,81.74
153.08181836,-27.61144385,82.10
153.08181502,-27.61144665,82.01
153.08177856,-27.61147908,82.10
153.08173521,-27.61151711,82.25
153.08169490,-27.61155397,82.36
153.08168589,-27.61156345,82.42
153.08165835,-27.61159227,82.53
153.08153844,-27.61171178,82.55
153.08147717,-27.61177230,82.49
153.08145185,-27.61179805,82.63
153.08144254,-27.61180807,82.48
153.08141712,-27.61183544,82.36
153.08141469,-27.61183842,82.25
153.08139940,-27.61186000,82.31
153.08139242,-27.61187211,82.39
153.08138787,-27.61188421,82.45
153.08138463,-27.61189640,82.50
153.08138393,-27.61189929,82.47
153.08138221,-27.61190904,82.49
153.08138202,-27.61191861,82.45
153.08138212,-27.61192105,82.47
153.08138295,-27.61194316,82.45
153.08138672,-27.61197927,82.51
153.08136850,-27.61241397,80.07
153.08136234,-27.61244467,79.33
153.08135366,-27.61249875,78.04
153.08135306,-27.61250209,77.93
153.08134427,-27.61254624,76.88
153.08133953,-27.61257486,76.18
153.08133087,-27.61265458,75.05
153.08132654,-27.61268329,74.66
153.08132442,-27.61269621,74.59
153.08131655,-27.61274803,73.68
153.08130888,-27.61278460,73.28
153.08130837,-27.61278740,73.25
153.08128200,-27.61289367,71.23
153.08127876,-27.61290432,71.09
153.08127543,-27.61292067,70.88
153.08125302,-27.61304039,68.92
153.08121306,-27.61314044,65.93
153.08119981,-27.61316771,65.10
153.08119627,-27.61317530,64.75
153.08119454,-27.61317954,64.65
153.08119374,-27.61318279,64.70
153.08119131,-27.61319362,64.39
153.08119020,-27.61319950,64.27
153.08116482,-27.61328067,62.80
153.08115025,-27.61331164,62.23
153.08112697,-27.61335264,61.58
153.08111746,-27.61336781,61.25
153.08065595,-27.61354422,57.05
153.08064896,-27.61354260,57.00
153.08064653,-27.61354205,57.04
153.08063963,-27.61354052,56.99
153.08063730,-27.61353998,56.96
153.08063264,-27.61353890,56.94
153.08063031,-27.61353836,56.95
153.08062321,-27.61353674,56.98
153.08061622,-27.61353521,57.00
153.08060456,-27.61353251,57.03
153.08059747,-27.61353089,57.08
153.08058824,-27.61352882,57.02
153.08058591,-27.61352828,57.03
153.08058358,-27.61352774,57.04
153.08058125,-27.61352720,57.03
153.08057648,-27.61352611,57.12
153.08056959,-27.61352458,57.11
153.08056493,-27.61352350,57.08
153.08056027,-27.61352243,57.13
153.08055794,-27.61352189,57.11
153.08055550,-27.61352134,57.14
153.08054172,-27.61351819,57.14
153.08053939,-27.61351765,57.11
153.08053705,-27.61351711,57.14
153.08053462,-27.61351657,57.17
153.08052540,-27.61351450,57.18
153.08052306,-27.61351396,57.19
153.08051151,-27.61351144,57.18
153.08050452,-27.61350982,57.21
153.08049995,-27.61350874,57.15
153.08049529,-27.61350766,57.08
153.08048151,-27.61350450,57.11
153.08047918,-27.61350396,57.10
153.08047462,-27.61350288,57.04
153.08047228,-27.61350234,57.03
153.08045637,-27.61349847,56.74
153.08044948,-27.61349676,56.48
153.08044735,-27.61349622,56.42
153.08043153,-27.61349216,55.71
153.08042474,-27.61349045,55.41
153.08042008,-27.61348928,55.36
153.08041308,-27.61348775,55.45
153.08032277,-27.61346514,57.85
153.08031132,-27.61346262,58.02
153.08029520,-27.61345902,58.21
153.08029053,-27.61345803,58.30
153.08028141,-27.61345605,58.47
153.08027006,-27.61345353,58.60
153.08026094,-27.61345155,58.77
153.08024958,-27.61344912,59.08
153.08023803,-27.61344651,59.08
153.08023114,-27.61344498,59.18
153.08022668,-27.61344398,59.21
153.08021289,-27.61344092,59.33
153.08020843,-27.61343993,59.36
153.08020387,-27.61343894,59.41
153.08019698,-27.61343741,59.45
153.08019242,-27.61343642,59.50
153.08018096,-27.61343390,59.54
153.08017640,-27.61343291,59.59
153.08016505,-27.61343039,59.73
153.08014680,-27.61342625,59.80
153.08014214,-27.61342516,59.77
153.08013758,-27.61342418,59.74
153.08011477,-27.61341905,59.99
153.08010565,-27.61341697,59.99
153.08010119,-27.61341598,60.04
153.08008061,-27.61341148,60.24
153.08007139,-27.61340941,60.31
153.08004635,-27.61340374,60.40
153.08004179,-27.61340274,60.49
153.08003723,-27.61340175,60.58
153.08002121,-27.61339815,60.69
153.08000064,-27.61339356,60.84
153.07999374,-27.61339203,60.88
153.07998928,-27.61339104,60.93
153.07998006,-27.61338897,60.99
153.07997104,-27.61338699,61.14
153.07995948,-27.61338446,61.20
153.07995502,-27.61338347,61.28
153.07993658,-27.61337933,61.40
153.07992978,-27.61337780,61.45
153.07992076,-27.61337582,61.60
153.07990931,-27.61337330,61.73
153.07989319,-27.61336970,61.83
153.07988873,-27.61336871,61.90
153.07987941,-27.61336664,61.99
153.07986339,-27.61336304,62.12
153.07985873,-27.61336205,62.17
153.07984515,-27.61335907,62.42
153.07983359,-27.61335655,62.46
153.07982670,-27.61335502,62.53
153.07981768,-27.61335304,62.73
153.07980622,-27.61335052,62.83
153.07980379,-27.61334998,62.82
153.07979224,-27.61334736,62.90
153.07978524,-27.61334584,62.92
153.07977389,-27.61334331,63.15
153.07976233,-27.61334070,63.24
153.07974601,-27.61333710,63.41
153.07973679,-27.61333503,63.49
153.07972513,-27.61333242,63.57
153.07970638,-27.61332828,63.67
153.07970162,-27.61332720,63.68
153.07969462,-27.61332567,63.76
153.07967151,-27.61332053,64.04
153.07966219,-27.61331846,64.14
153.07964789,-27.61331522,64.16
153.07964090,-27.61331369,64.26
153.07963604,-27.61331261,64.29
153.07963157,-27.61331162,64.38
153.07962438,-27.61331000,64.38
153.07961961,-27.61330892,64.43
153.07960988,-27.61330667,64.37
153.07960502,-27.61330559,64.38
153.07960258,-27.61330505,64.37
153.07959539,-27.61330342,64.39
153.07959062,-27.61330234,64.43
153.07958819,-27.61330180,64.42
153.07957167,-27.61329811,64.58
153.07955505,-27.61329442,64.74
153.07954521,-27.61329217,64.75
153.07954045,-27.61329109,64.77
153.07952818,-27.61328830,64.78
153.07952585,-27.61328776,64.79
153.07952342,-27.61328722,64.81
153.07950872,-27.61328389,64.84
153.07949889,-27.61328163,64.86
153.07949413,-27.61328055,64.88
153.07948419,-27.61327830,64.90
153.07947436,-27.61327605,64.91
153.07945449,-27.61327164,64.95
153.07944466,-27.61326939,64.98
153.07943463,-27.61326714,64.99
153.07943219,-27.61326660,65.01
153.07893351,-27.61331960,59.28
153.07892864,-27.61331771,59.29
153.07891911,-27.61331392,59.32
153.07890715,-27.61330924,59.37
153.07889995,-27.61330635,59.39
153.07889275,-27.61330355,59.41
153.07888799,-27.61330166,59.42
153.07888302,-27.61329968,59.37
153.07887582,-27.61329679,59.37
153.07886842,-27.61329382,59.32
153.07886599,-27.61329283,59.31
153.07885362,-27.61328787,59.19
153.07885119,-27.61328688,59.15
153.07884125,-27.61328291,59.06
153.07883385,-27.61327994,59.03
153.07883142,-27.61327895,59.03
153.07882169,-27.61327516,59.03
153.07881915,-27.61327417,59.04
153.07881216,-27.61327146,59.15
153.07880486,-27.61326858,59.18
153.07879513,-27.61326479,59.26
153.07879026,-27.61326290,59.29
153.07878317,-27.61326010,59.37
153.07877110,-27.61325541,59.49
153.07876857,-27.61325442,59.47
153.07876127,-27.61325154,59.51
153.07875397,-27.61324865,59.53
153.07875143,-27.61324766,59.54
153.07873410,-27.61324090,59.58
153.07872437,-27.61323703,59.60
153.07871930,-27.61323504,59.61
153.07870693,-27.61323017,59.65
153.07869700,-27.61322621,59.65
153.07869193,-27.61322422,59.65
153.07868706,-27.61322233,59.66
153.07867449,-27.61321746,59.68
153.07867216,-27.61321657,59.72
153.07866983,-27.61321566,59.80
153.07866750,-27.61321476,59.87
153.07866517,-27.61321395,59.96
153.07865685,-27.61321106,60.63
153.07864063,-27.61320565,62.10
153.07863638,-27.61320422,62.38
153.07862208,-27.61319935,63.58
153.07861580,-27.61319718,64.04
153.07860526,-27.61319349,64.76
153.07860089,-27.61319196,65.02
153.07859856,-27.61319114,65.09
153.07858376,-27.61318592,66.04
153.07857312,-27.61318213,66.70
153.07855984,-27.61317744,67.35
153.07853602,-27.61316888,68.62
153.07847823,-27.61314725,70.41
153.07846800,-27.61314319,70.39
153.07846546,-27.61314220,70.41
153.07846039,-27.61314022,70.41
153.07845309,-27.61313733,70.54
153.07845036,-27.61313625,70.51
153.07844569,-27.61313445,70.60
153.07844326,-27.61313354,70.68
153.07839622,-27.61311587,71.97
153.07837321,-27.61310686,72.12
153.07834959,-27.61309749,72.11
153.07834402,-27.61309523,72.03
153.07833885,-27.61309316,72.06
153.07832577,-27.61308802,72.09
153.07831796,-27.61308496,72.15
153.07831269,-27.61308288,72.17
153.07830489,-27.61307982,72.22
153.07830215,-27.61307874,72.21
153.07828897,-27.61307351,72.25
153.07828106,-27.61307044,72.29
153.07825694,-27.61306098,72.35
153.07825420,-27.61305989,72.33
153.07824893,-27.61305782,72.37
153.07824619,-27.61305674,72.37
153.07823818,-27.61305358,72.40
153.07823544,-27.61305250,72.42
153.07822723,-27.61304926,72.43
153.07821922,-27.61304610,72.44
153.07821649,-27.61304502,72.46
153.07821101,-27.61304286,72.47
153.07820554,-27.61304069,72.48
153.07810416,-27.61299796,72.97
153.07808064,-27.61298867,72.88
153.07807770,-27.61298750,72.87
153.07807202,-27.61298525,72.88
153.07805763,-27.61297957,72.90
153.07805489,-27.61297849,72.92
153.07804628,-27.61297506,72.94
153.07803492,-27.61297064,72.99
153.07801415,-27.61297192,73.06
153.07800857,-27.61297364,73.07
153.07797352,-27.61299388,73.17
153.07796967,-27.61299740,73.20
153.07796137,-27.61300905,73.21
153.07795884,-27.61301267,73.20
153.07775876,-27.61326095,73.36
153.07752518,-27.61344390,64.76
153.07751991,-27.61344760,64.67
153.07751313,-27.61345302,64.28
153.07744456,-27.61352302,63.52
153.07744112,-27.61352718,63.52
153.07743454,-27.61353766,63.56
153.07717364,-27.61391950,62.90
153.07717029,-27.61392284,62.98
153.07715986,-27.61393340,63.10
153.07715166,-27.61394271,63.18
153.07710184,-27.61400837,65.64
153.07707046,-27.61404956,65.94
153.07706904,-27.61405271,65.95
153.07706489,-27.61406454,65.92
153.07702333,-27.61419466,64.39
153.07702242,-27.61420188,64.46
153.07702222,-27.61420396,64.46
153.07702435,-27.61421217,64.52
153.07702486,-27.61421406,64.52
153.07704862,-27.61427932,64.37
153.07710903,-27.61457567,65.27
153.07708908,-27.61487929,65.49
153.07691108,-27.61526767,65.63
153.07689062,-27.61529657,65.60
153.07661328,-27.61566271,70.22
153.07648305,-27.61580055,70.23
153.07648051,-27.61580308,70.25
153.07645065,-27.61584796,72.03
153.07644488,-27.61585717,72.15
153.07644366,-27.61585988,72.28
153.07643557,-27.61587984,72.63
153.07642626,-27.61590422,72.76
153.07641220,-27.61594133,72.89
153.07627975,-27.61625404,76.29
153.07627854,-27.61625683,76.30
153.07627571,-27.61626975,76.31
153.07627540,-27.61627237,76.32
153.07627481,-27.61629475,77.20
153.07627492,-27.61629755,77.22
153.07627950,-27.61632779,77.61
153.07628001,-27.61633014,77.62
153.07628936,-27.61637329,78.16
153.07628977,-27.61637536,78.17
153.07629811,-27.61642068,78.27
153.07630177,-27.61643422,78.33
153.07635561,-27.61662296,79.71
153.07635618,-27.61685967,80.45
153.07635598,-27.61686238,80.48
153.07635589,-27.61686924,80.57
153.07635539,-27.61688458,80.82
153.07635539,-27.61688747,80.84
153.07635571,-27.61690273,80.85
153.07635581,-27.61690517,80.87
153.07635939,-27.61695256,79.70
153.07635763,-27.61704311,79.63
153.07635844,-27.61704952,79.67
153.07636363,-27.61707263,80.21
153.07636617,-27.61708003,80.19
153.07636738,-27.61708265,80.13
153.07639308,-27.61716316,78.72
153.07639390,-27.61716750,78.56
153.07639694,-27.61717905,78.19
153.07640386,-27.61720884,77.43
153.07640232,-27.61733631,75.44
153.07640182,-27.61733938,75.42
153.07602174,-27.61760889,97.87
153.07598829,-27.61760322,97.71
153.07594075,-27.61758989,102.18
153.07593041,-27.61758818,102.08
153.07592108,-27.61758709,101.66
153.07591460,-27.61758728,100.42
153.07580736,-27.61758021,89.56
153.07580523,-27.61757985,89.56
153.07579408,-27.61757787,89.54
153.07578527,-27.61757643,89.52
153.07577624,-27.61757490,89.48
153.07576286,-27.61757256,89.44
153.07575638,-27.61757139,89.50
153.07575182,-27.61757058,89.48
153.07574523,-27.61756941,89.50
153.07574077,-27.61756860,89.50
153.07572729,-27.61756626,89.44
153.07572272,-27.61756545,89.45
153.07571614,-27.61756428,89.48
153.07571178,-27.61756347,89.51
153.07570722,-27.61756266,89.52
153.07570276,-27.61756185,89.53
153.07569840,-27.61756104,89.55
153.07569161,-27.61755987,89.53
153.07568705,-27.61755906,89.52
153.07568025,-27.61755789,89.52
153.07565593,-27.61755348,89.71
153.07565147,-27.61755267,89.72
153.07564234,-27.61755105,89.72
153.07563778,-27.61755024,89.71
153.07562896,-27.61754862,89.78
153.07562663,-27.61754817,89.81
153.07562025,-27.61754691,89.91
153.07560312,-27.61754349,90.29
153.07560099,-27.61754304,90.35
153.07559673,-27.61754222,90.46
153.07559034,-27.61754096,90.57
153.07558811,-27.61754051,90.61
153.07558173,-27.61753925,90.74
153.07557940,-27.61753880,90.76
153.07557281,-27.61753754,90.85
153.07557048,-27.61753709,90.86
153.07556409,-27.61753592,90.97
153.07555314,-27.61753385,91.15
153.07554209,-27.61753178,91.32
153.07553318,-27.61753007,91.42
153.07550094,-27.61752296,92.78
153.07549902,-27.61752251,92.88
153.07538133,-27.61749847,95.87
153.07529629,-27.61748650,93.15
153.07528190,-27.61748390,93.23
153.07527460,-27.61748254,93.27
153.07520537,-27.61746742,96.00
153.07514809,-27.61745490,98.19
153.07509873,-27.61745041,94.36
153.07509651,-27.61745303,94.36
153.07509488,-27.61745574,94.34
153.07508982,-27.61746468,94.33
153.07506857,-27.61750116,94.22
153.07464547,-27.61771950,100.72
153.07456216,-27.61771061,99.68
153.07455679,-27.61770971,99.83
153.07451492,-27.61770369,100.56
153.07450377,-27.61770207,100.75
153.07447316,-27.61769901,100.26
153.07439441,-27.61768877,100.70
153.07438660,-27.61768732,101.09
153.07438376,-27.61768687,101.13
153.07437474,-27.61768580,101.09
153.07437180,-27.61768544,101.09
153.07435994,-27.61768391,101.14
153.07435701,-27.61768355,101.15
153.07434515,-27.61768211,101.20
153.07433329,-27.61768058,101.25
153.07432143,-27.61767905,101.30
153.07430957,-27.61767753,101.36
153.07430095,-27.61767636,101.47
153.07428646,-27.61767537,100.79
153.07424440,-27.61767323,98.37
153.07404675,-27.61765275,95.36
153.07399121,-27.61764700,94.53
153.07393516,-27.61764008,94.53
153.07382589,-27.61762542,95.56
153.07373426,-27.61761220,97.10
153.07372717,-27.61761148,97.08
153.07323457,-27.61771430,88.48
153.07321436,-27.61780964,88.31
153.07321376,-27.61781388,88.32
153.07321245,-27.61782472,88.35
153.07321215,-27.61783853,88.41
153.07321297,-27.61785099,88.41
153.07321471,-27.61787545,88.55
153.07321324,-27.61795445,88.20
153.07319598,-27.61805494,88.15
153.07315845,-27.61816636,86.75
153.07307229,-27.61830146,86.60
153.07303664,-27.61834201,86.17
153.07300717,-27.61837164,85.52
153.07300393,-27.61837462,85.46
153.07297689,-27.61840434,85.03
153.07296696,-27.61841481,84.93
153.07296311,-27.61841897,84.81
153.07293668,-27.61844959,84.77
153.07292686,-27.61845961,84.72
153.07292331,-27.61846368,84.70
153.07291480,-27.61847515,84.63
153.07291167,-27.61847921,84.61
153.07290296,-27.61849176,84.70
153.07246117,-27.61864800,82.34
153.07217634,-27.61829525,81.69
153.07217350,-27.61829525,81.69
153.07216823,-27.61829534,81.66
153.07216276,-27.61829544,81.65
153.07214908,-27.61829562,81.59
153.07213844,-27.61829581,81.53
153.07213043,-27.61829600,81.47
153.07211442,-27.61829636,81.40
153.07210915,-27.61829646,81.35
153.07209587,-27.61829664,81.28
153.07208533,-27.61829683,81.22
153.07207225,-27.61829711,81.11
153.07203820,-27.61829785,80.86
153.07203283,-27.61829794,80.84
153.07201976,-27.61829813,80.79
153.07201449,-27.61829822,80.76
153.07200922,-27.61829832,80.74
153.07199087,-27.61829868,80.66
153.07197780,-27.61829887,80.61
153.07197263,-27.61829896,80.57
153.07196756,-27.61829906,80.54
153.07196229,-27.61829915,80.52
153.07195702,-27.61829924,80.50
153.07194415,-27.61829943,80.45
153.07192601,-27.61829980,80.37
153.07192084,-27.61829990,80.33
153.07191567,-27.61829999,80.33
153.07190280,-27.61830018,80.26
153.07189763,-27.61830027,80.23
153.07188486,-27.61830045,80.19
153.07187452,-27.61830073,80.14
153.07184878,-27.61830120,80.04
153.07184371,-27.61830129,80.01
153.07183864,-27.61830138,79.99
153.07182597,-27.61830157,79.93
153.07180571,-27.61830203,79.80
153.07180054,-27.61830212,79.78
153.07179557,-27.61830222,79.75
153.07178300,-27.61830240,79.68
153.07159499,-27.61829718,86.25
153.07157665,-27.61829655,87.08
153.07155597,-27.61829584,87.88
153.07106883,-27.61822983,77.27
153.07104288,-27.61822208,77.20
153.07099159,-27.61820603,75.97
153.07097132,-27.61819954,75.42
153.07096686,-27.61819819,75.44
153.07095794,-27.61819558,75.43
153.07095124,-27.61819359,75.44
153.07094435,-27.61819161,75.43
153.07093858,-27.61819622,75.39
153.07092642,-27.61820571,75.30
153.07065882,-27.61831309,80.14
153.07057339,-27.61832217,73.02
153.07056295,-27.61832226,73.03
153.07055515,-27.61832236,73.02
153.07054988,-27.61832245,72.99
153.07054461,-27.61832254,72.97
153.07053680,-27.61832263,72.96
153.07053153,-27.61832273,72.93
153.07052626,-27.61832282,72.93
153.07051836,-27.61832291,72.90
153.07050792,-27.61832301,72.92
153.07050528,-27.61832301,72.94
153.07050275,-27.61832301,72.95
153.07049505,-27.61832302,73.01
153.07048724,-27.61832311,73.04
153.07043849,-27.61832070,75.60
153.07043565,-27.61832079,75.53
153.07041923,-27.61832125,75.30
153.07040109,-27.61832135,75.41
153.07039562,-27.61832144,75.34
153.07039015,-27.61832153,75.29
153.07038204,-27.61832172,75.23
153.07037657,-27.61832181,75.20
153.07030896,-27.61831688,80.13
153.07003641,-27.61797414,70.21
153.07016441,-27.61779551,72.64
153.07016724,-27.61779208,73.51
153.06984822,-27.61752863,70.95
153.06984478,-27.61752836,70.93
153.06981224,-27.61752612,71.06
153.06975700,-27.61752226,70.96
153.06974352,-27.61752128,70.90
153.06971961,-27.61751957,70.89
153.06965687,-27.61751509,70.62
153.06964714,-27.61751437,70.58
153.06963741,-27.61751365,70.52
153.06960163,-27.61751114,70.40
153.06958531,-27.61750998,70.38
153.06956271,-27.61750837,70.33
153.06955622,-27.61750792,70.32
153.06954973,-27.61750747,70.32
153.06947524,-27.61750200,69.80
153.06946936,-27.61750155,69.72
153.06945162,-27.61750021,69.45
153.06942466,-27.61749814,69.16
153.06941230,-27.61749725,69.12
153.06939709,-27.61749617,69.04
153.06938199,-27.61749510,68.94
153.06934875,-27.61749268,68.76
153.06934256,-27.61749223,68.75
153.06932138,-27.61749070,68.68
153.06925844,-27.61748622,68.52
153.06921384,-27.61748317,68.45
153.06916621,-27.61747977,68.51
153.06914340,-27.61747815,68.31
153.06913458,-27.61747752,68.33
153.06908999,-27.61747448,68.57
153.06886721,-27.61745653,68.72
153.06886174,-27.61745608,68.72
153.06883964,-27.61745456,68.79
153.06882028,-27.61745322,68.83
153.06878724,-27.61745098,68.99
153.06878460,-27.61745079,68.99
153.06875470,-27.61744873,69.07
153.06873028,-27.61744703,69.09
153.06870068,-27.61744497,69.14
153.06867129,-27.61744291,69.15
153.06863673,-27.61744049,69.18
153.06863409,-27.61744031,69.19
153.06858899,-27.61743717,69.26
153.06858118,-27.61743663,69.26
153.06856791,-27.61743574,69.31
153.06856527,-27.61743556,69.33
153.06856000,-27.61743520,69.35
153.06855737,-27.61743502,69.35
153.06854946,-27.61743448,69.39
153.06853122,-27.61743323,69.39
153.06849463,-27.61743063,69.44
153.06849199,-27.61743045,69.44
153.06847628,-27.61742937,69.51
153.06841689,-27.61742516,69.44
153.06837614,-27.61742211,69.02
153.06837361,-27.61742193,69.05
153.06837108,-27.61742175,69.06
153.06836074,-27.61742103,69.09
153.06835293,-27.61742050,69.13
153.06833236,-27.61741906,69.15
153.06832476,-27.61741853,69.14
153.06831705,-27.61741799,69.13
153.06830428,-27.61741709,69.10
153.06830175,-27.61741691,69.07
153.06828888,-27.61741601,69.17
153.06827084,-27.61741485,69.35
153.06820161,-27.61741037,70.09
153.06816097,-27.61740759,70.26
153.06815327,-27.61740705,70.25
153.06812793,-27.61740535,70.42
153.06810016,-27.61740347,70.39
153.06806985,-27.61740140,70.48
153.06806468,-27.61740105,70.51
153.06803701,-27.61739917,70.64
153.06801441,-27.61739764,70.76
153.06799424,-27.61739630,70.90
153.06795643,-27.61739370,71.03
153.06792370,-27.61739146,71.16
153.06789846,-27.61738976,71.22
153.06788093,-27.61738859,71.40
153.06785072,-27.61738653,71.53
153.06781545,-27.61738420,71.78
153.06777511,-27.61738142,71.93
153.06775494,-27.61738007,72.07
153.06773224,-27.61737855,72.21
153.06771207,-27.61737720,72.34
153.06769453,-27.61737604,72.46
153.06766666,-27.61737416,72.60
153.06763879,-27.61737228,72.77
153.06760595,-27.61737013,73.05
153.06758578,-27.61736878,73.20
153.06755517,-27.61736672,73.40
153.06751686,-27.61736412,73.58
153.06748879,-27.61736224,73.75
153.06747855,-27.61736161,73.86
153.06747368,-27.61736134,73.98
153.06744672,-27.61736000,74.79
153.06743730,-27.61735955,75.19
153.06738208,-27.61738179,76.40
153.06730091,-27.61741505,77.69
153.06724559,-27.61743413,77.76
153.06721053,-27.61744552,77.77
153.06719837,-27.61744977,77.74
153.06669508,-27.61748504,80.96
153.06668485,-27.61748243,80.92
153.06668079,-27.61748143,80.96
153.06667461,-27.61747990,80.96
153.06666244,-27.61747684,80.99
153.06665221,-27.61747432,81.03
153.06664815,-27.61747332,81.10
153.06664410,-27.61747233,81.14
153.06662980,-27.61746882,81.23
153.06662575,-27.61746783,81.27
153.06662170,-27.61746684,81.30
153.06661764,-27.61746585,81.33
153.06661359,-27.61746486,81.32
153.06660740,-27.61746332,81.40
153.06659727,-27.61746080,81.46
153.06657882,-27.61745630,81.55
153.06657253,-27.61745477,81.58
153.06656848,-27.61745377,81.62
153.06656442,-27.61745278,81.66
153.06655611,-27.61745071,81.70
153.06654567,-27.61744810,81.70
153.06652895,-27.61744386,81.66
153.06651607,-27.61744053,81.50
153.06651192,-27.61743945,81.47
153.06650148,-27.61743683,81.49
153.06649935,-27.61743629,81.50
153.06649104,-27.61743422,81.51
153.06647836,-27.61743107,81.52
153.06647624,-27.61743052,81.52
153.06647411,-27.61742998,81.51
153.06645718,-27.61742575,81.45
153.06644208,-27.61742187,81.35
153.06642758,-27.61741836,81.54
153.06641075,-27.61741431,81.64
153.06639606,-27.61741070,81.76
153.06638166,-27.61740728,82.02
153.06635176,-27.61739980,82.10
153.06633199,-27.61739484,82.01
153.06631861,-27.61739142,81.91
153.06631435,-27.61739034,81.91
153.06630108,-27.61738701,81.89
153.06629895,-27.61738646,81.91
153.06629672,-27.61738593,81.92
153.06628820,-27.61738385,81.99
153.06624157,-27.61737205,81.92
153.06622799,-27.61736853,81.83
153.06620488,-27.61736268,81.64
153.06618349,-27.61735709,81.30
153.06617417,-27.61735466,81.20
153.06617173,-27.61735403,81.16
153.06615997,-27.61735096,81.08
153.06615308,-27.61734925,81.08
153.06612338,-27.61734177,81.10
153.06612115,-27.61734313,83.68
153.06611741,-27.61735143,81.10
153.06611508,-27.61735694,81.12
153.06608958,-27.61741988,83.50
153.06608422,-27.61744705,81.20
153.06608992,-27.61748804,81.12
153.06609094,-27.61749165,81.12
153.06609226,-27.61749607,81.20
153.06611774,-27.61757586,82.65
153.06578359,-27.61790455,92.18
153.06569946,-27.61789122,94.14
153.06569773,-27.61789086,94.28
153.06567949,-27.61788663,96.58
153.06567624,-27.61788591,96.97
153.06565911,-27.61788167,99.57
153.06565070,-27.61788005,100.25
153.06564097,-27.61787798,101.34
153.06563925,-27.61787762,101.45
153.06563570,-27.61787699,101.61
153.06561837,-27.61787447,101.61
153.06561654,-27.61787420,101.63
153.06559931,-27.61787240,100.64
153.06559708,-27.61787213,100.54
153.06559485,-27.61787195,100.36
153.06558026,-27.61787088,98.87
153.06553444,-27.61786774,93.96
153.06545782,-27.61786416,82.95
153.06544089,-27.61786227,82.14
153.06540501,-27.61785859,79.95
153.06536315,-27.61785329,79.07
153.06529646,-27.61784266,80.52
153.06520949,-27.61782510,82.79
153.06520746,-27.61782474,82.83
153.06520543,-27.61782438,82.89
153.06520331,-27.61782402,82.92
153.06519509,-27.61782267,83.19
153.06519124,-27.61782204,83.37
153.06518891,-27.61782168,83.34
153.06518374,-27.61782105,83.16
153.06517857,-27.61782042,83.02
153.06517351,-27.61781979,82.88
153.06516063,-27.61781817,82.49
153.06515567,-27.61781754,82.36
153.06513773,-27.61781520,81.88
153.06513235,-27.61781457,81.68
153.06512982,-27.61781430,81.62
153.06508056,-27.61780891,79.18
153.06506211,-27.61780657,78.75
153.06503850,-27.61780351,78.24
153.06503576,-27.61780315,78.16
153.06503018,-27.61780243,77.99
153.06502745,-27.61780207,77.90
153.06501214,-27.61780000,77.72
153.06500961,-27.61779965,77.71
153.06500697,-27.61779928,77.67
153.06499441,-27.61779758,77.56
153.06498934,-27.61779685,77.54
153.06498680,-27.61779650,77.51
153.06498184,-27.61779577,77.48
153.06486608,-27.61777524,83.47
153.06485291,-27.61777381,82.85
153.06484936,-27.61777345,82.63
153.06481490,-27.61778060,75.98
153.06466930,-27.61819603,78.33
153.06466880,-27.61819829,78.35
153.06466749,-27.61820606,78.40
153.06457902,-27.61857245,79.83
153.06457457,-27.61858725,79.84
153.06456780,-27.61862680,79.52
153.06456740,-27.61862987,79.51
153.06455255,-27.61872232,78.25
153.06455225,-27.61872611,78.32
153.06455774,-27.61875725,79.79
153.06456181,-27.61878334,80.77
153.06456273,-27.61878921,80.83
153.06456964,-27.61882830,81.57
153.06457289,-27.61884644,81.63
153.06462673,-27.61904141,81.70
153.06458740,-27.61938720,84.12
153.06449899,-27.61950993,84.17
153.06448847,-27.61953729,84.93
153.06448776,-27.61954035,85.00
153.06448817,-27.61955101,85.38
153.06448678,-27.61960454,88.65
153.06448396,-27.61963434,85.99
153.06448427,-27.61963768,85.50
153.06448610,-27.61964689,88.33
153.06449394,-27.61970394,85.89
153.06450149,-27.61979593,85.87
153.06408598,-27.62002543,88.01
153.06408385,-27.62002479,87.98
153.06408182,-27.62002425,87.99
153.06406702,-27.62002011,87.68
153.06406104,-27.62001858,87.72
153.06405689,-27.62001749,87.73
153.06405090,-27.62001596,87.76
153.06404492,-27.62001443,87.84
153.06398725,-27.62000155,91.36
153.06398512,-27.62000092,91.34
153.06397691,-27.61999866,91.29
153.06397488,-27.61999812,91.28
153.06397285,-27.61999758,91.29
153.06396870,-27.61999650,91.24
153.06396454,-27.61999542,91.22
153.06396018,-27.61999425,91.13
153.06395815,-27.61999371,91.19
153.06395613,-27.61999317,91.15
153.06394984,-27.61999145,91.12
153.06394558,-27.61999028,91.07
153.06393930,-27.61998857,91.05
153.06392389,-27.61998478,91.48
153.06391558,-27.61998253,91.44
153.06391132,-27.61998136,91.40
153.06390919,-27.61998082,91.39
153.06390504,-27.61997974,91.38
153.06390068,-27.61997856,91.31
153.06383651,-27.61995937,88.08
153.06382455,-27.61995630,88.36
153.06382242,-27.61995576,88.39
153.06381178,-27.61995297,88.45
153.06380965,-27.61995243,88.45
153.06380103,-27.61995017,88.45
153.06379667,-27.61994900,88.45
153.06378836,-27.61994684,88.57
153.06378400,-27.61994567,88.56
153.06377721,-27.61994378,88.47
153.06377072,-27.61994206,88.46
153.06376403,-27.61994026,88.42
153.06376170,-27.61993963,88.39
153.06375957,-27.61993909,88.41
153.06375298,-27.61993738,88.41
153.06374862,-27.61993621,88.40
153.06373981,-27.61993386,88.41
153.06373535,-27.61993269,88.40
153.06373089,-27.61993152,88.39
153.06372653,-27.61993035,88.40
153.06371984,-27.61992855,88.38
153.06371538,-27.61992737,88.38
153.06370666,-27.61992503,88.41
153.06370433,-27.61992440,88.40
153.06369753,-27.61992259,88.35
153.06369318,-27.61992143,88.40
153.06368203,-27.61991845,88.39
153.06367300,-27.61991602,88.36
153.06366348,-27.61991340,88.23
153.06366125,-27.61991277,88.23
153.06365881,-27.61991214,88.19
153.06365658,-27.61991160,88.22
153.06365121,-27.61991648,88.31
153.06364817,-27.61991937,88.37
153.06363906,-27.61992822,88.49
153.06327377,-27.62008944,97.84
153.06311890,-27.62007191,94.14
153.06311505,-27.62007146,94.07
153.06308474,-27.62006949,97.79
153.06297345,-27.62005465,91.78
153.06296361,-27.62005284,92.43
153.06292905,-27.62004600,95.20
153.06283560,-27.62003656,91.60
153.06281938,-27.62003440,91.61
153.06280620,-27.62003287,91.37
153.06266572,-27.62001389,91.83
153.06266014,-27.62001299,92.04
153.06264656,-27.62001091,92.37
153.06263875,-27.62000975,92.56
153.06262537,-27.62000768,92.93
153.06261007,-27.62000534,93.38
153.06259466,-27.62000372,92.88
153.06258159,-27.62000228,92.45
153.06257642,-27.62000174,92.30
153.06256871,-27.62000093,92.07
153.06252344,-27.62005322,86.15
153.06251524,-27.62007715,86.09
153.06251089,-27.62009115,85.97
153.06250290,-27.62011958,85.70
153.06249018,-27.62019768,84.70
153.06248777,-27.62025031,84.36
153.06248637,-27.62027966,84.52
153.06247534,-27.62048477,85.20
153.06242878,-27.62077449,82.33
153.06242556,-27.62082460,82.29
153.06230813,-27.62123957,79.94
153.06229223,-27.62127099,79.22
153.06218456,-27.62156047,78.21
153.06215687,-27.62171983,78.20
153.06205465,-27.62215275,77.51
153.06205384,-27.62215573,77.50
153.06203230,-27.62224033,77.42
153.06197661,-27.62252320,79.15
153.06197672,-27.62252645,79.12
153.06197702,-27.62253024,79.08
153.06197743,-27.62253448,79.02
153.06198242,-27.62257104,78.66
153.06198455,-27.62258630,78.60
153.06198740,-27.62259804,78.58
153.06198831,-27.62260129,78.60
153.06199725,-27.62263234,78.76
153.06200050,-27.62264416,78.88
153.06202609,-27.62291363,79.67
153.06182250,-27.62332593,74.45
153.06181936,-27.62332828,74.36
153.06179241,-27.62334932,73.58
153.06178572,-27.62335502,73.35
153.06176121,-27.62338608,72.92
153.06175949,-27.62338870,72.95
153.06175807,-27.62339195,72.95
153.06174016,-27.62343502,72.99
153.06171072,-27.62353741,72.32
153.06171001,-27.62354518,72.25
153.06157471,-27.62391564,69.66
153.06152285,-27.62397516,69.37
153.06150291,-27.62402726,68.25
153.06144078,-27.62420965,67.17
153.06143835,-27.62422382,67.12
153.06143886,-27.62422770,67.14
153.06144028,-27.62423583,67.11
153.06144181,-27.62423844,67.11
153.06147154,-27.62430063,65.72
153.06149114,-27.62436445,65.61
153.06149815,-27.62440083,65.62
153.06150018,-27.62441203,65.65
153.06150517,-27.62444407,65.57
153.06123413,-27.62479925,62.26
153.06122552,-27.62480188,61.35
153.06122157,-27.62480377,61.24
153.06121833,-27.62480621,61.15
153.06118895,-27.62482843,60.40
153.06117172,-27.62484045,60.04
153.06114092,-27.62486592,59.66
153.06113819,-27.62486827,59.65
153.06110091,-27.62490322,59.52
153.06109483,-27.62490873,59.54
153.06107295,-27.62493122,59.56
153.06107042,-27.62493384,59.56
153.06106181,-27.62494387,59.54
153.06105066,-27.62495723,59.46
153.06104874,-27.62496003,59.46
153.06104307,-27.62496879,59.47
153.06103143,-27.62499425,59.74
153.06103072,-27.62500391,59.79
153.06103094,-27.62502856,59.82
153.06103104,-27.62503090,59.83
153.06103511,-27.62505203,59.77
153.06103744,-27.62506142,59.72
153.06104009,-27.62507153,59.54
153.06105095,-27.62511043,59.50
153.06105430,-27.62512370,59.55
153.06105725,-27.62513336,59.57
153.06102212,-27.62558188,55.76
153.06102010,-27.62558621,55.78
153.06101459,-27.62570222,55.81
153.06081615,-27.62610594,54.19
153.06081433,-27.62611253,54.18
153.06081413,-27.62611452,54.19
153.06078112,-27.62655382,51.16
153.06077121,-27.62658542,50.58
153.06076960,-27.62660159,50.52
153.06076879,-27.62661431,50.60
153.06076869,-27.62661756,50.59
153.06077760,-27.62695890,49.61
153.06077842,-27.62697515,49.03
153.06080199,-27.62707977,49.10
153.06080301,-27.62708420,49.07
153.06081436,-27.62708536,49.08
153.06083078,-27.62708707,48.96
153.06083625,-27.62708761,48.94
153.06083899,-27.62708788,48.95
153.06084183,-27.62708815,48.93
153.06084467,-27.62708842,48.93
153.06085024,-27.62708896,48.94
153.06085582,-27.62708950,48.93
153.06085856,-27.62708977,48.90
153.06086413,-27.62709031,48.91
153.06086687,-27.62709058,48.90
153.06086960,-27.62709085,48.89
153.06087518,-27.62709139,48.87
153.06088075,-27.62709192,48.89
153.06088349,-27.62709219,48.88
153.06089464,-27.62709336,48.88
153.06089991,-27.62709390,48.85
153.06092586,-27.62709678,48.46
153.06093154,-27.62709732,48.48
153.06093427,-27.62709759,48.49
153.06093955,-27.62709813,48.45
153.06094218,-27.62709840,48.44
153.06094776,-27.62709894,48.45
153.06095049,-27.62709921,48.45
153.06095607,-27.62709975,48.48
153.06095881,-27.62710002,48.47
153.06096418,-27.62710055,48.46
153.06096681,-27.62710082,48.43
153.06096945,-27.62710109,48.41
153.06099084,-27.62710325,48.35
153.06099621,-27.62710379,48.33
153.06101243,-27.62710532,48.36
153.06101790,-27.62710586,48.37
153.06102064,-27.62710613,48.37
153.06102601,-27.62710667,48.37
153.06103138,-27.62710720,48.37
153.06103402,-27.62710747,48.37
153.06103665,-27.62710774,48.36
153.06104182,-27.62710828,48.33
153.06104720,-27.62710883,48.32
153.06105247,-27.62710936,48.30
153.06106554,-27.62711062,48.26
153.06106818,-27.62711089,48.24
153.06107081,-27.62711116,48.24
153.06107345,-27.62711143,48.24
153.06107608,-27.62711170,48.22
153.06107872,-27.62711197,48.21
153.06108136,-27.62711224,48.21
153.06108399,-27.62711251,48.20
153.06108663,-27.62711278,48.22
153.06110812,-27.62711466,48.34
153.06111085,-27.62711493,48.35
153.06111359,-27.62711520,48.36
153.06112413,-27.62711619,48.42
153.06112687,-27.62711646,48.43
153.06114917,-27.62711826,48.85
153.06117238,-27.62712059,48.80
153.06118282,-27.62712158,48.82
153.06125469,-27.62712525,52.28
153.06131672,-27.62712893,54.80
153.06132189,-27.62712938,54.90
153.06132696,-27.62712982,54.94
153.06133193,-27.62713027,54.96
153.06133710,-27.62713072,55.02
153.06134216,-27.62713117,55.09
153.06134703,-27.62713162,55.11
153.06144992,-27.62714764,48.79
153.06145965,-27.62714864,48.78
153.06149259,-27.62715142,49.25
153.06149746,-27.62715187,49.25
153.06150496,-27.62715259,49.31
153.06150982,-27.62715304,49.31
153.06159831,-27.62715408,57.22
153.06160541,-27.62715471,57.30
153.06161017,-27.62715516,57.33
153.06161960,-27.62715597,57.44
153.06164301,-27.62715830,57.41
153.06165224,-27.62715929,57.33
153.06166146,-27.62716028,57.22
153.06167292,-27.62716154,57.10
153.06168437,-27.62716271,56.98
153.06169339,-27.62716370,56.88
153.06175198,-27.62717324,52.89
153.06178361,-27.62718000,49.05
153.06178604,-27.62718027,49.03
153.06179324,-27.62718090,49.10
153.06180034,-27.62718162,49.08
153.06180510,-27.62718206,49.11
153.06180986,-27.62718251,49.12
153.06181696,-27.62718323,49.11
153.06182172,-27.62718368,49.10
153.06182882,-27.62718440,49.11
153.06214546,-27.62753481,48.95
153.06205734,-27.62782527,50.05
153.06205633,-27.62782816,50.32
153.06205400,-27.62783557,50.39
153.06203025,-27.62795176,49.77
153.06195009,-27.62816856,50.22
153.06163438,-27.62839827,46.03
153.06162455,-27.62840225,45.96
153.06161939,-27.62840523,45.99
153.06160652,-27.62841318,45.76
153.06160317,-27.62841670,45.78
153.06159689,-27.62842628,45.78
153.06159477,-27.62842998,45.79
153.06158839,-27.62844352,45.79
153.06158748,-27.62844777,45.77
153.06158677,-27.62845481,45.77
153.06158718,-27.62845869,45.74
153.06159622,-27.62849164,45.69
153.06159886,-27.62849750,45.66
153.06163132,-27.62854823,45.51
153.06169796,-27.62897846,45.75
153.06161566,-27.62918162,44.48
153.06161344,-27.62918578,44.47
153.06152036,-27.62932241,50.32
153.06151864,-27.62932557,50.14
153.06151581,-27.62933920,48.25
153.06152002,-27.62944311,44.52
153.06152268,-27.62947200,43.47
153.06143616,-27.62991458,43.87
153.06142675,-27.62994852,43.91
153.06142736,-27.62995421,44.29
153.06142777,-27.62995692,44.25
153.06143458,-27.62999050,44.05
153.06145227,-27.63008835,44.88
153.06145521,-27.63009774,44.89
153.06145674,-27.63010072,44.89
153.06147672,-27.63013727,49.53
153.06152159,-27.63025317,44.44
153.06143059,-27.63064628,42.28
153.06130536,-27.63075720,42.25
153.06130354,-27.63076027,42.25
153.06129726,-27.63077110,41.73
153.06124181,-27.63094852,41.02
153.06124275,-27.63135486,40.27
153.06115359,-27.63178616,44.24
153.06110956,-27.63190462,40.59
153.06110835,-27.63190878,40.60
153.06105877,-27.63208042,40.55
153.06091183,-27.63251038,38.64
153.06090181,-27.63254514,37.97
153.06090080,-27.63254903,37.90
153.06090080,-27.63255174,37.88
153.06090081,-27.63255390,37.87
153.06090081,-27.63255697,37.84
153.06090223,-27.63257042,37.62
153.06090274,-27.63257503,37.60
153.06090417,-27.63258477,37.61
153.06070187,-27.63299608,37.20
153.06069569,-27.63299915,36.90
153.06068221,-27.63300891,36.78
153.06067775,-27.63301297,36.72
153.06066914,-27.63302408,36.56
153.06065527,-27.63304440,36.32
153.06064727,-27.63305677,36.19
153.06064453,-27.63306128,36.21
153.06063846,-27.63307655,36.00
153.06063888,-27.63310814,36.09
153.06063909,-27.63311311,36.11
153.06063970,-27.63311681,36.09
153.06064041,-27.63312060,36.10
153.06064132,-27.63312547,36.11
153.06069017,-27.63346995,35.24
153.06059288,-27.63388536,34.08
153.06058955,-27.63389972,34.04
153.06058884,-27.63390342,33.99
153.06058844,-27.63390559,33.99
153.06057510,-27.63417868,33.52
153.06057370,-27.63421371,33.50
153.06047237,-27.63463544,32.73
153.06046153,-27.63465775,32.77
153.06042165,-27.63474813,32.71
153.06032030,-27.63497179,32.42
153.06031677,-27.63499707,32.39
153.06031071,-27.63504393,32.16
153.06032453,-27.63509908,32.02
153.06032970,-27.63511470,32.02
153.06037029,-27.63536836,31.99
153.06030417,-27.63568888,31.85
153.06012751,-27.63591970,31.39
153.06012579,-27.63592169,31.36
153.06012569,-27.63592223,31.39
153.06011357,-27.63599879,31.29
153.05999710,-27.63637485,31.04
153.05986527,-27.63665531,31.93
153.05986335,-27.63665892,31.91
153.05986294,-27.63666262,31.89
153.05986376,-27.63667156,31.93
153.05986569,-27.63668564,31.97
153.05986640,-27.63668871,31.95
153.05986833,-27.63669377,31.93
153.05989554,-27.63713855,32.43
153.05988117,-27.63718334,32.66
153.05976606,-27.63746171,33.32
153.05967229,-27.63763572,34.04
153.05966399,-27.63765170,34.08
153.05960870,-27.63776520,34.64
153.05959179,-27.63779925,34.83
153.05959007,-27.63780322,34.83
153.05958997,-27.63780737,34.85
153.05959068,-27.63781360,34.80
153.05959170,-27.63781793,34.81
153.05959596,-27.63783138,34.84
153.05960195,-27.63784862,34.79
153.05960429,-27.63785359,34.80
153.05960703,-27.63785837,34.72
153.05965432,-27.63796009,34.77
153.05964226,-27.63834730,35.43
153.05964156,-27.63835172,35.50
153.05964207,-27.63835606,35.48
153.05964481,-27.63837447,35.53
153.05965052,-27.63843306,35.81
153.05939467,-27.63881351,37.06
153.05939011,-27.63881631,37.09
153.05938727,-27.63881848,37.08
153.05938514,-27.63882047,37.07
153.05936620,-27.63884187,37.15
153.05935344,-27.63887329,37.24
153.05935294,-27.63887555,37.23
153.05934751,-27.63897007,37.34
153.05934762,-27.63897477,37.35
153.05936789,-27.63915324,36.94
153.05936880,-27.63915829,36.99
153.05938312,-27.63920207,36.81
153.05938545,-27.63920712,36.79
153.05943956,-27.63934748,36.35
153.05936699,-27.63975178,36.06
153.05935038,-27.63977914,36.39
153.05934805,-27.63978302,36.60
153.05934188,-27.63979350,36.53
153.05933914,-27.63979801,36.51
153.05933104,-27.63981336,36.61
153.05923626,-27.64000903,36.44
153.05922300,-27.64003820,36.45
153.05922138,-27.64004262,36.43
153.05921875,-27.64005003,36.43
153.05920924,-27.64008425,36.40
153.05904534,-27.64049436,36.53
153.05904392,-27.64049788,36.51
153.05903532,-27.64052524,36.26
153.05903692,-27.64066959,36.65
153.05903692,-27.64067329,36.58
153.05903885,-27.64068250,36.81
153.05907504,-27.64086864,36.41
153.05901281,-27.64127049,36.58
153.05901149,-27.64127428,36.54
153.05895176,-27.64141577,36.75
153.05894244,-27.64143807,36.89
153.05894103,-27.64144178,36.82
153.05893850,-27.64145126,36.82
153.05893698,-27.64145794,37.01
153.05888917,-27.64170974,37.57
153.05889081,-27.64174369,37.65
153.05890883,-27.64189399,37.96
153.05891391,-27.64191123,37.94
153.05896973,-27.64204112,37.75
153.05897805,-27.64205457,37.57
153.05902188,-27.64212722,38.42
153.05902533,-27.64213254,38.40
153.05917946,-27.64238805,39.11
153.05935082,-27.64266008,40.67
153.05935275,-27.64266224,40.71
153.05938389,-27.64269798,40.97
153.05939353,-27.64270971,41.07
153.05941381,-27.64272975,41.28
153.05948045,-27.64278957,41.77
153.05959726,-27.64321717,43.81
153.05959160,-27.64324904,43.97
153.05959099,-27.64325274,44.01
153.05958877,-27.64326691,44.01
153.05959881,-27.64346651,44.97
153.05959872,-27.64348249,45.06
153.05960014,-27.64348718,45.21
153.05960217,-27.64349206,45.20
153.05960715,-27.64350108,45.32
153.05960917,-27.64350397,45.23
153.05971462,-27.64371816,46.54
153.05974703,-27.64403339,48.16
153.05966787,-27.64424720,49.16
153.05966665,-27.64424955,49.18
153.05966291,-27.64425813,49.30
153.05965633,-27.64427465,49.26
153.05965319,-27.64428522,49.28
153.05965076,-27.64429695,49.34
153.05964874,-27.64430905,49.39
153.05964733,-27.64432259,49.50
153.05964713,-27.64432657,49.49
153.05964713,-27.64433216,49.59
153.05964724,-27.64433686,49.58
153.05964816,-27.64436042,49.58
153.05965152,-27.64438326,49.84
153.05965193,-27.64438597,49.84
153.05965477,-27.64440438,49.94
153.05948885,-27.64482876,51.65
153.05946818,-27.64484592,51.62
153.05946575,-27.64484845,51.68
153.05945866,-27.64485649,51.85
153.05945025,-27.64486696,51.77
153.05943059,-27.64489162,51.83
153.05942431,-27.64489947,51.72
153.05940354,-27.64492593,51.84
153.05940132,-27.64492937,51.81
153.05941044,-27.64493505,51.91
153.05942261,-27.64493721,51.99
153.05944055,-27.64494036,52.07
153.05944349,-27.64494090,52.06
153.05944654,-27.64494144,52.09
153.05945231,-27.64494243,52.09
153.05946985,-27.64494559,52.12
153.05948222,-27.64494766,52.27
153.05949703,-27.64495027,52.37
153.05950544,-27.64495180,52.31
153.05950838,-27.64495234,52.34
153.05951132,-27.64495288,52.33
153.05951730,-27.64495387,52.39
153.05954082,-27.64495801,52.55
153.05956353,-27.64496216,52.52
153.05957479,-27.64496423,52.54
153.05958331,-27.64496567,52.55
153.05959780,-27.64496819,52.65
153.05961210,-27.64497071,52.73
153.05962021,-27.64497224,52.65
153.05962589,-27.64497323,52.69
153.05963471,-27.64497476,52.78
153.05964860,-27.64497729,52.79
153.05966543,-27.64498026,52.87
153.05967668,-27.64498224,52.91
153.05968520,-27.64498368,52.98
153.05969077,-27.64498467,53.03
153.05970446,-27.64498719,53.01
153.05971551,-27.64498908,53.05
153.05972636,-27.64499107,53.02
153.05973194,-27.64499206,53.07
153.05974593,-27.64499440,53.18
153.05975941,-27.64499692,53.18
153.05977320,-27.64499935,53.26
153.05978141,-27.64500079,53.28
153.05978395,-27.64500124,53.27
153.05979500,-27.64500322,53.34
153.05980605,-27.64500511,53.45
153.05982166,-27.64500800,53.31
153.05983788,-27.64501079,53.39
153.05984062,-27.64501124,53.40
153.05985928,-27.64501457,53.46
153.05986739,-27.64501601,53.51
153.05987813,-27.64501790,53.59
153.05988077,-27.64501835,53.59
153.05989892,-27.64502178,53.50
153.05991504,-27.64502457,53.60
153.05991757,-27.64502502,53.60
153.05992021,-27.64502547,53.62
153.06027003,-27.64535050,58.39
153.06027217,-27.64536097,58.44
153.06022129,-27.64574918,59.17
153.06022078,-27.64575009,59.18
153.06021704,-27.64576751,59.11
153.06021674,-27.64576977,59.12
153.06022091,-27.64579658,58.96
153.06013265,-27.64623862,62.16
153.06012829,-27.64624954,62.14
153.06012536,-27.64626155,62.16
153.06012445,-27.64627265,62.16
153.06012547,-27.64627617,62.23
153.06015644,-27.64636156,63.07
153.06015857,-27.64636517,63.10
153.06017551,-27.64639360,63.31
153.06018322,-27.64640461,63.48
153.06020422,-27.64643494,63.80
153.06020646,-27.64643548,63.78
153.06021416,-27.64643719,63.86
153.06021659,-27.64643773,63.86
153.06022400,-27.64643935,63.88
153.06023626,-27.64644206,63.96
153.06024367,-27.64644368,63.98
153.06024610,-27.64644422,63.97
153.06025350,-27.64644584,64.05
153.06025837,-27.64644692,64.06
153.06027094,-27.64644972,64.19
153.06027591,-27.64645080,64.25
153.06028321,-27.64645242,64.29
153.06028564,-27.64645296,64.31
153.06029051,-27.64645404,64.34
153.06029781,-27.64645566,64.38
153.06030490,-27.64645719,64.37
153.06030977,-27.64645827,64.42
153.06031950,-27.64646044,64.48
153.06032194,-27.64646098,64.51
153.06033157,-27.64646305,64.57
153.06033400,-27.64646359,64.60
153.06034120,-27.64646521,64.65
153.06035347,-27.64646801,64.81
153.06036300,-27.64647008,64.85
153.06036543,-27.64647062,64.87
153.06037273,-27.64647224,64.99
153.06037750,-27.64647332,65.02
153.06038450,-27.64647485,65.05
153.06038936,-27.64647593,65.10
153.06039879,-27.64647801,65.18
153.06040599,-27.64647963,65.24
153.06041532,-27.64648170,65.30
153.06042475,-27.64648377,65.36
153.06043651,-27.64648639,65.48
153.06044107,-27.64648738,65.46
153.06045040,-27.64648945,65.54
153.06045750,-27.64649098,65.59
153.06046672,-27.64649305,65.65
153.06047128,-27.64649405,65.64
153.06047585,-27.64649504,65.70
153.06048517,-27.64649711,65.75
153.06048974,-27.64649810,65.78
153.06049663,-27.64649963,65.82
153.06050119,-27.64650062,65.79
153.06050809,-27.64650215,65.87
153.06051498,-27.64650369,65.93
153.06051955,-27.64650468,65.93
153.06052401,-27.64650567,65.96
153.06052877,-27.64650675,66.06
153.06053810,-27.64650873,66.16
153.06054956,-27.64651125,66.29
153.06055645,-27.64651279,66.35
153.06056081,-27.64651378,66.37
153.06056994,-27.64651576,66.43
153.06057673,-27.64651729,66.49
153.06058332,-27.64651873,66.50
153.06058788,-27.64651972,66.54
153.06059904,-27.64652207,66.57
153.06060563,-27.64652351,66.58
153.06061009,-27.64652450,66.59
153.06061222,-27.64652495,66.59
153.06061891,-27.64652639,66.60
153.06062104,-27.64652684,66.56
153.06062763,-27.64652828,66.55
153.06062976,-27.64652873,66.58
153.06063432,-27.64652972,66.56
153.06063645,-27.64653017,66.57
153.06064304,-27.64653162,66.58
153.06064517,-27.64653207,66.55
153.06064740,-27.64653252,66.58
153.06065186,-27.64653342,66.55
153.06065622,-27.64653432,66.61
153.06066494,-27.64653621,66.59
153.06066940,-27.64653720,66.61
153.06067812,-27.64653909,66.62
153.06068471,-27.64654053,66.68
153.06069130,-27.64654198,66.69
153.06069566,-27.64654297,66.73
153.06070671,-27.64654540,66.81
153.06071330,-27.64654684,66.87
153.06103144,-27.64676517,66.27
153.06108496,-27.64692512,66.18
153.06102327,-27.64719652,68.19
153.06102144,-27.64719995,68.20
153.06101355,-27.64721621,68.26
153.06101233,-27.64721937,68.29
153.06079456,-27.64756270,69.65
153.06079122,-27.64756658,69.67
153.06078939,-27.64757047,69.66
153.06078706,-27.64757561,69.69
153.06078565,-27.64757922,69.71
153.06078018,-27.64759927,69.79
153.06077988,-27.64760441,69.80
153.06078823,-27.64766643,65.42
153.06084162,-27.64796920,75.36
153.06084294,-27.64797452,75.51
153.06086718,-27.64798372,81.79
153.06090003,-27.64799617,90.29
153.06101693,-27.64801489,88.87
153.06102159,-27.64801561,88.76
153.06107077,-27.64802263,87.02
153.06107340,-27.64802308,87.07
153.06107736,-27.64802353,86.72
153.06115279,-27.64803605,86.36
153.06115502,-27.64803641,86.27
153.06116414,-27.64803704,85.16
153.06125914,-27.64804665,76.90
153.06127110,-27.64804854,76.72
153.06130466,-27.64805485,77.38
153.06130710,-27.64805530,77.42
153.06130943,-27.64805566,77.36
153.06139480,-27.64807557,84.06
153.06144854,-27.64808566,85.22
153.06149660,-27.64809331,84.70
153.06151363,-27.64809674,85.35
153.06152012,-27.64809754,84.93
153.06167212,-27.64852684,64.53
153.06168611,-27.64853071,64.66
153.06168865,-27.64853143,64.63
153.06169696,-27.64853378,64.69
153.06171065,-27.64853765,64.79
153.06172140,-27.64854072,64.83
153.06172688,-27.64854225,64.87
153.06173478,-27.64854450,64.88
153.06174006,-27.64854604,64.89
153.06174756,-27.64854811,64.83
153.06175557,-27.64855036,64.85
153.06176906,-27.64855424,64.97
153.06178487,-27.64855875,65.04
153.06179542,-27.64856172,65.09
153.06180586,-27.64856469,65.13
153.06181884,-27.64856830,65.16
153.06182391,-27.64856974,65.16
153.06182645,-27.64857046,65.16
153.06183679,-27.64857344,65.18
153.06184683,-27.64857632,65.18
153.06184936,-27.64857704,65.17
153.06185443,-27.64857849,65.17
153.06186923,-27.64858281,65.10
153.06188150,-27.64858633,65.04
153.06188911,-27.64858849,65.05
153.06189408,-27.64858993,65.06
153.06190401,-27.64859282,65.05
153.06191131,-27.64859489,65.04
153.06191872,-27.64859705,65.02
153.06192368,-27.64859850,65.01
153.06193078,-27.64860057,64.92
153.06193808,-27.64860264,64.90
153.06195035,-27.64860616,64.89
153.06195278,-27.64860688,64.88
153.06195988,-27.64860895,64.84
153.06196232,-27.64860967,64.82
153.06197428,-27.64861319,64.75
153.06198148,-27.64861526,64.73
153.06198614,-27.64861661,64.67
153.06199801,-27.64862004,64.59
153.06200257,-27.64862139,64.53
153.06200500,-27.64862211,64.53
153.06201484,-27.64862491,64.57
153.06202194,-27.64862698,64.51
153.06203603,-27.64863113,64.41
153.06203816,-27.64863176,64.37
153.06204323,-27.64863320,64.42
153.06205246,-27.64863581,64.29
153.06206412,-27.64863924,64.19
153.06206625,-27.64863987,64.13
153.06207314,-27.64864194,64.08
153.06208237,-27.64864465,63.98
153.06208480,-27.64864537,63.99
153.06208926,-27.64864672,63.89
153.06209393,-27.64864807,63.89
153.06209849,-27.64864942,63.83
153.06210305,-27.64865078,63.77
153.06210772,-27.64865213,63.75
153.06211481,-27.64865411,63.74
153.06212648,-27.64865745,63.71
153.06213337,-27.64865952,63.66
153.06213793,-27.64866087,63.62
153.06214270,-27.64866222,63.62
153.06214736,-27.64866358,63.63
153.06215203,-27.64866493,63.61
153.06216318,-27.64866826,63.42
153.06216531,-27.64866889,63.40
153.06217444,-27.64867151,63.31
153.06217900,-27.64867286,63.27
153.06218346,-27.64867421,63.22
153.06218802,-27.64867556,63.16
153.06219015,-27.64867620,63.12
153.06219461,-27.64867755,63.04
153.06220131,-27.64867953,62.97
153.06220587,-27.64868088,62.93
153.06221256,-27.64868287,62.87
153.06223071,-27.64868809,62.69
153.06223527,-27.64868945,62.69
153.06223740,-27.64869008,62.61
153.06224197,-27.64869143,62.60
153.06244354,-27.64910472,61.68
153.06244111,-27.64911023,61.70
153.06243979,-27.64911456,61.74
153.06243969,-27.64911853,61.74
153.06243839,-27.64914787,62.14
153.06243680,-27.64919807,62.14
153.06243670,-27.64920186,62.18
153.06242564,-27.64935868,62.51
153.06241720,-27.64948760,62.19
153.06241813,-27.64952479,62.26
153.06241864,-27.64952949,62.23
153.06241935,-27.64953319,62.16
153.06243295,-27.64956740,61.69
153.06243478,-27.64957173,61.68
153.06243884,-27.64958048,61.59
153.06246005,-27.64961740,61.12
153.06246228,-27.64962092,61.07
153.06248836,-27.64965639,60.60
153.06249515,-27.64966189,60.50
153.06250367,-27.64966297,60.33
153.06250671,-27.64966333,60.34
153.06252963,-27.64966594,59.98
153.06253834,-27.64966693,59.89
153.06256663,-27.64967034,59.42
153.06257495,-27.64967133,59.23
153.06257799,-27.64967169,59.22
153.06258914,-27.64967304,59.02
153.06259725,-27.64967403,58.82
153.06261144,-27.64967574,58.59
153.06263101,-27.64967808,58.28
153.06263953,-27.64967907,58.18
153.06267086,-27.64968257,57.82
153.06268211,-27.64968392,57.67
153.06268789,-27.64968455,57.65
153.06272104,-27.64968851,57.10
153.06318413,-27.64983274,51.83
153.06319285,-27.64983698,51.74
153.06319822,-27.64983815,51.68
153.06320370,-27.64983923,51.64
153.06320907,-27.64984032,51.60
153.06321445,-27.64984140,51.56
153.06322246,-27.64984302,51.47
153.06323057,-27.64984464,51.40
153.06323584,-27.64984572,51.34
153.06324121,-27.64984680,51.29
153.06324649,-27.64984788,51.22
153.06326261,-27.64985103,51.11
153.06327052,-27.64985266,51.03
153.06327315,-27.64985320,51.01
153.06327853,-27.64985428,50.97
153.06330641,-27.64985995,50.45
153.06331908,-27.64986265,50.23
153.06332649,-27.64986419,50.04
153.06332912,-27.64986473,50.03
153.06333693,-27.64986635,49.93
153.06334687,-27.64986842,49.73
153.06334940,-27.64986896,49.67
153.06335194,-27.64986950,49.63
153.06336461,-27.64987211,49.44
153.06336714,-27.64987265,49.38
153.06337982,-27.64987526,49.19
153.06339249,-27.64987788,48.99
153.06340983,-27.64988139,48.64
153.06342210,-27.64988391,48.39
153.06342463,-27.64988445,48.34
153.06343690,-27.64988707,48.05
153.06344420,-27.64988860,47.93
153.06345424,-27.64989067,47.76
153.06346418,-27.64989274,47.59
153.06347421,-27.64989481,47.44
153.06348182,-27.64989634,47.35
153.06348932,-27.64989787,47.26
153.06349926,-27.64989995,47.06
153.06351406,-27.64990301,46.82
153.06351670,-27.64990355,46.82
153.06352156,-27.64990454,46.73
153.06352420,-27.64990508,46.70
153.06353170,-27.64990661,46.62
153.06354691,-27.64990958,46.47
153.06355198,-27.64991057,46.45
153.06355695,-27.64991157,46.40
153.06356182,-27.64991256,46.29
153.06357196,-27.64991463,46.19
153.06357946,-27.64991616,46.13
153.06358686,-27.64991769,46.01
153.06359690,-27.64991967,45.93
153.06360177,-27.64992066,45.87
153.06360440,-27.64992120,45.85
153.06360927,-27.64992219,45.79
153.06361687,-27.64992373,45.72
153.06362417,-27.64992526,45.61
153.06363391,-27.64992724,45.46
153.06364648,-27.64992976,45.39
153.06365632,-27.64993174,45.23
153.06366382,-27.64993318,45.16
153.06366879,-27.64993417,45.09
153.06367365,-27.64993516,45.06
153.06367872,-27.64993616,45.03
153.06369099,-27.64993868,44.90
153.06370103,-27.64994066,44.84
153.06370600,-27.64994165,44.80
153.06371086,-27.64994264,44.75
153.06372070,-27.64994462,44.65
153.06372567,-27.64994561,44.62
153.06373053,-27.64994660,44.52
153.06373540,-27.64994759,44.47
153.06374544,-27.64994958,44.46
153.06376014,-27.64995255,44.31
153.06376744,-27.64995399,44.24
153.06377717,-27.64995597,44.11
153.06378214,-27.64995696,44.10
153.06379188,-27.64995885,43.99
153.06379928,-27.64996029,43.96
153.06380901,-27.64996228,43.84
153.06382351,-27.64996525,43.64
153.06382828,-27.64996624,43.56
153.06383801,-27.64996822,43.46
153.06384267,-27.64996921,43.34
153.06384734,-27.64997020,43.22
153.06385950,-27.64997263,43.10
153.06386457,-27.64997363,43.11
153.06387451,-27.64997552,43.14
153.06388191,-27.64997696,43.13
153.06388678,-27.64997795,43.12
153.06389154,-27.64997894,43.03
153.06389621,-27.64997993,42.93
153.06390097,-27.64998092,42.85
153.06391314,-27.64998326,42.71
153.06392267,-27.64998524,42.60
153.06393251,-27.64998714,42.61
153.06394467,-27.64998957,42.48
153.06394944,-27.64999056,42.42
153.06395664,-27.64999200,42.38
153.06396394,-27.64999344,42.32
153.06397104,-27.64999488,42.21
153.06397590,-27.64999587,42.18
153.06398310,-27.64999731,42.11
153.06398797,-27.64999830,42.06
153.06399273,-27.64999930,42.00
153.06399993,-27.65000074,41.92
153.06400470,-27.65000173,41.88
153.06401180,-27.65000317,41.75
153.06402153,-27.65000506,41.69
153.06403096,-27.65000695,41.51
153.06404069,-27.65000884,41.52
153.06404556,-27.65000983,41.51
153.06405509,-27.65001173,41.38
153.06405996,-27.65001272,41.41
153.06406462,-27.65001362,41.31
153.06406969,-27.65001461,41.38
153.06407202,-27.65001506,41.36
153.06408399,-27.65001749,41.20
153.06408642,-27.65001794,41.26
153.06410082,-27.65002082,41.15
153.06411045,-27.65002280,41.00
153.06411755,-27.65002415,40.97
153.06412252,-27.65002515,41.01
153.06413195,-27.65002713,40.82
153.06414158,-27.65002902,40.70
153.06414888,-27.65003037,40.73
153.06415121,-27.65003082,40.68
153.06415851,-27.65003226,40.71
153.06417037,-27.65003469,40.50
153.06417281,-27.65003523,40.41
153.06417990,-27.65003667,40.34
153.06418467,-27.65003767,40.29
153.06419187,-27.65003911,40.24
153.06419907,-27.65004055,40.19
153.06420627,-27.65004199,40.11
153.06421346,-27.65004343,40.02
153.06421823,-27.65004433,40.01
153.06422786,-27.65004622,40.06
153.06423263,-27.65004721,39.92
153.06423739,-27.65004820,39.86
153.06424703,-27.65005009,39.76
153.06425189,-27.65005109,39.78
153.06425433,-27.65005154,39.81
153.06425899,-27.65005244,39.77
153.06426386,-27.65005334,39.69
153.06426619,-27.65005379,39.70
153.06428069,-27.65005667,39.63
153.06429022,-27.65005865,39.50
153.06430208,-27.65006108,39.25
153.06448886,-27.65047095,37.52
153.06446212,-27.65050346,37.53
153.06445604,-27.65051168,37.48
153.06440903,-27.65056984,37.54
153.06439748,-27.65058627,37.52
153.06438573,-27.65060370,37.53
153.06438047,-27.65061210,37.50
153.06436416,-27.65063775,37.55
153.06435920,-27.65064542,37.57
153.06434309,-27.65067080,37.66
153.06433894,-27.65067911,37.69
153.06432578,-27.65070656,37.69
153.06428912,-27.65077564,37.91
153.06428486,-27.65078403,37.96
153.06427059,-27.65081103,37.98
153.06422855,-27.65088002,38.22
153.06415369,-27.65098559,38.88
153.06412279,-27.65102018,39.08
153.06405714,-27.65109144,39.34
153.06401671,-27.65112857,39.78
153.06400830,-27.65113669,39.85
153.06398145,-27.65116406,40.04
153.06397314,-27.65117246,40.11
153.06394791,-27.65119793,40.40
153.06394092,-27.65120561,40.46
153.06392360,-27.65122981,40.58
153.06391995,-27.65123712,40.61
153.06391266,-27.65125383,40.50
153.06390973,-27.65126069,40.52
153.06390376,-27.65129049,40.44
153.06390418,-27.65131820,40.39
153.06390883,-27.65145605,39.88
153.06390954,-27.65146860,39.88
153.06391067,-27.65148142,39.73
153.06392478,-27.65151743,39.37
153.06392742,-27.65152321,39.35
153.06393016,-27.65152808,39.36
153.06393391,-27.65153296,39.39
153.06397226,-27.65158259,39.47
153.06399326,-27.65160308,39.58
153.06400330,-27.65161156,39.61
153.06406264,-27.65165802,38.86
153.06408576,-27.65167074,37.97
153.06409164,-27.65167381,37.71
153.06415694,-27.65169210,37.62
153.06417621,-27.65169706,37.54
153.06438619,-27.65172892,36.79
153.06454192,-27.65174708,35.52
153.06456058,-27.65174888,35.46
153.06459992,-27.65175238,35.29
153.06460985,-27.65174985,35.11
153.06463225,-27.65174406,35.01
153.06465445,-27.65173828,34.93
153.06466885,-27.65173448,34.85
153.06467260,-27.65173348,34.84
153.06471618,-27.65172191,34.69
153.06476221,-27.65170988,34.48
153.06482252,-27.65169450,33.56
153.06483265,-27.65169179,33.51
153.06491801,-27.65166918,33.37
153.06494852,-27.65166104,33.40
153.06497274,-27.65165453,33.50
153.06506519,-27.65163002,33.27
153.06511760,-27.65161618,33.09
153.06514354,-27.65160922,33.27
153.06515875,-27.65160515,33.24
153.06516514,-27.65160343,33.29
153.06520639,-27.65159222,33.57
153.06521906,-27.65158878,33.67
153.06523143,-27.65158544,33.73
153.06526163,-27.65157730,33.85
153.06526468,-27.65157648,33.87
153.06528262,-27.65157169,33.94
153.06529468,-27.65156843,34.00
153.06530958,-27.65156436,34.08
153.06534496,-27.65155478,34.26
153.06537091,-27.65154781,34.37
153.06537962,-27.65154546,34.42
153.06539676,-27.65154085,34.50
153.06541926,-27.65153479,34.58
153.06543041,-27.65153181,34.61
153.06543345,-27.65153099,34.65
153.06544450,-27.65152801,34.68
153.06547491,-27.65151978,34.78
153.06548322,-27.65151752,34.85
153.06550532,-27.65151155,34.98
153.06561915,-27.65148053,35.91
153.06565473,-27.65147103,35.96
153.06566963,-27.65146706,35.97
153.06568220,-27.65146371,36.00
153.06569203,-27.65146109,35.99
153.06569710,-27.65145973,36.00
153.06569943,-27.65145910,35.99
153.06572396,-27.65145250,35.99
153.06578093,-27.65143757,35.72
153.06579502,-27.65143386,35.65
153.06580455,-27.65143133,35.64
153.06581175,-27.65142934,35.66
153.06589710,-27.65140646,35.92
153.06591108,-27.65140266,35.97
153.06592284,-27.65139950,36.03
153.06595264,-27.65139145,36.10
153.06596177,-27.65138901,36.13
153.06600910,-27.65137635,36.18
153.06601144,-27.65137571,36.19
153.06606455,-27.65136151,36.20
153.06607327,-27.65135925,36.15
153.06608645,-27.65135573,36.16
153.06609293,-27.65135401,36.15
153.06610591,-27.65135057,36.11
153.06616156,-27.65133529,36.70
153.06616794,-27.65133357,36.72
153.06618092,-27.65133004,36.81
153.06619815,-27.65132543,36.83
153.06621102,-27.65132199,36.89
153.06621305,-27.65132145,36.90
153.06621944,-27.65131973,36.87
153.06647538,-27.65125136,36.94
153.06648349,-27.65124928,36.90
153.06648552,-27.65124874,36.91
153.06649373,-27.65124648,37.01
153.06652789,-27.65123743,36.94
153.06654583,-27.65123264,36.86
153.06654989,-27.65123155,36.86
153.06655982,-27.65122893,36.80
153.06656783,-27.65122685,36.74
153.06657776,-27.65122423,36.70
153.06657979,-27.65122368,36.70
153.06661567,-27.65121419,36.56
153.06662165,-27.65121265,36.49
153.06662368,-27.65121211,36.48
153.06663341,-27.65120949,36.38
153.06664740,-27.65120578,36.36
153.06665541,-27.65120370,36.31
153.06666332,-27.65120162,36.26
153.06667122,-27.65119954,36.19
153.06668724,-27.65119538,36.11
153.06669920,-27.65119221,36.09
153.06670913,-27.65118959,36.03
153.06671116,-27.65118905,36.04
153.06671917,-27.65118687,36.01
153.06673295,-27.65118317,36.04
153.06673498,-27.65118262,36.01
153.06673701,-27.65118208,36.01
153.06673904,-27.65118154,36.05
153.06674106,-27.65118100,36.03
153.06674887,-27.65117892,36.03
153.06675090,-27.65117837,36.03
153.06676083,-27.65117575,36.02
153.06676286,-27.65117521,36.02
153.06677472,-27.65117204,36.00
153.06678465,-27.65116942,36.00
153.06678668,-27.65116888,35.98
153.06680259,-27.65116463,36.01
153.06681060,-27.65116246,36.02
153.06681252,-27.65116191,36.04
153.06681455,-27.65116128,36.09
153.06731546,-27.65112538,35.37
153.06732783,-27.65112980,35.48
153.06733847,-27.65113376,35.17
153.06735703,-27.65114043,35.07
153.06736890,-27.65114476,35.08
153.06737610,-27.65114738,35.14
153.06737833,-27.65114819,35.11
153.06739131,-27.65115297,34.83
153.06739820,-27.65115549,34.78
153.06740043,-27.65115630,34.76
153.06740266,-27.65115711,34.74
153.06741189,-27.65116045,34.71
153.06742112,-27.65116379,34.70
153.06743014,-27.65116703,34.65
153.06743694,-27.65116947,34.60
153.06743917,-27.65117028,34.58
153.06744393,-27.65117199,34.60
153.06746249,-27.65117866,34.67
153.06746695,-27.65118028,34.62
153.06746918,-27.65118110,34.63
153.06747395,-27.65118281,34.67
153.06748287,-27.65118605,34.61
153.06754047,-27.65120697,34.23
153.06755578,-27.65121247,34.08
153.06756024,-27.65121409,34.07
153.06757566,-27.65121968,34.02
153.06757789,-27.65122049,34.00
153.06758468,-27.65122293,34.03
153.06759117,-27.65122527,33.99
153.06759340,-27.65122608,33.98
153.06760213,-27.65122924,33.94
153.06760436,-27.65123005,33.94
153.06760659,-27.65123086,33.93
153.06760882,-27.65123167,33.93
153.06761531,-27.65123402,33.90
153.06762393,-27.65123717,33.85
153.06763488,-27.65124114,33.81
153.06764350,-27.65124429,33.75
153.06764999,-27.65124664,33.72
153.06766287,-27.65125133,33.63
153.06767585,-27.65125592,33.57
153.06769298,-27.65126215,33.44
153.06770363,-27.65126602,33.39
153.06771012,-27.65126837,33.37
153.06772716,-27.65127459,33.26
153.06773537,-27.65127765,33.08
153.06774389,-27.65128072,33.02
153.06775454,-27.65128459,32.98
153.06775879,-27.65128613,32.98
153.06776944,-27.65129000,32.93
153.06777370,-27.65129154,32.93
153.06778435,-27.65129532,32.88
153.06779287,-27.65129839,32.85
153.06780128,-27.65130145,32.82
153.06780970,-27.65130452,32.79
153.06781396,-27.65130605,32.77
153.06782663,-27.65131065,32.73
153.06784549,-27.65131750,32.65
153.06786446,-27.65132435,32.58
153.06787490,-27.65132814,32.53
153.06788332,-27.65133121,32.51
153.06790421,-27.65133869,32.43
153.06791465,-27.65134247,32.38
153.06792510,-27.65134626,32.35
153.06793757,-27.65135077,32.31
153.06794801,-27.65135456,32.27
153.06795846,-27.65135834,32.23
153.06797286,-27.65136357,32.18
153.06797712,-27.65136510,32.14
153.06798756,-27.65136889,32.10
153.06799588,-27.65137187,32.08
153.06801028,-27.65137700,32.04
153.06801454,-27.65137854,32.01
153.06802275,-27.65138151,31.99
153.06803309,-27.65138530,31.95
153.06803715,-27.65138674,31.93
153.06804749,-27.65139044,31.89
153.06806199,-27.65139567,31.84
153.06807436,-27.65140017,31.77
153.06808876,-27.65140540,31.71
153.06809698,-27.65140838,31.64
153.06810316,-27.65141063,31.63
153.06811756,-27.65141577,31.56
153.06812780,-27.65141947,31.51
153.06814220,-27.65142470,31.44
153.06814839,-27.65142695,31.42
153.06815660,-27.65142992,31.37
153.06816279,-27.65143218,31.34
153.06817100,-27.65143515,31.29
153.06817719,-27.65143741,31.26
153.06818540,-27.65144038,31.21
153.06819362,-27.65144336,31.18
153.06819980,-27.65144561,31.13
153.06820802,-27.65144859,31.09
153.06822029,-27.65145300,30.92
153.06823884,-27.65145977,30.78
153.06825740,-27.65146635,30.84
153.06826774,-27.65147004,30.90
153.06828630,-27.65147672,30.91
153.06831510,-27.65148726,30.63
153.06832737,-27.65149168,30.52
153.06834177,-27.65149691,30.40
153.06835019,-27.65149998,30.35
153.06835414,-27.65150142,30.32
153.06837493,-27.65150899,30.14
153.06838111,-27.65151124,30.11
153.06838537,-27.65151278,30.10
153.06840403,-27.65151954,29.99
153.06841245,-27.65152260,29.92
153.06842279,-27.65152630,29.96
153.06845585,-27.65153811,30.12
153.06846629,-27.65154190,30.06
153.06847674,-27.65154568,30.03
153.06849134,-27.65155100,29.92
153.06851852,-27.65156083,29.87
153.06853119,-27.65156543,29.79
153.06854813,-27.65157156,29.55
153.06856922,-27.65157922,29.43
153.06857561,-27.65158157,29.38
153.06859254,-27.65158770,29.28
153.06859477,-27.65158851,29.22
153.06860948,-27.65159383,29.23
153.06861171,-27.65159464,29.22
153.06862864,-27.65160077,29.18
153.06863716,-27.65160383,29.14
153.06864142,-27.65160537,29.18
153.06864568,-27.65160690,29.16
153.06867123,-27.65161609,29.10
153.06869486,-27.65162466,29.01
153.06871646,-27.65163250,28.90
153.06873197,-27.65163818,28.65
153.06873420,-27.65163899,28.64
153.06875854,-27.65164792,28.29
153.06880590,-27.65166532,27.38
153.06881746,-27.65166956,27.17
153.06883804,-27.65167713,26.83
153.06884950,-27.65168137,26.58
153.06887942,-27.65169237,26.14
153.06893052,-27.65171103,25.41
153.06895638,-27.65172049,25.08
153.06897291,-27.65172653,24.86
153.06898964,-27.65173266,24.61
153.06899198,-27.65173348,24.61
153.06930917,-27.65151783,24.55
153.06940291,-27.65145892,24.90
153.06940676,-27.65145576,24.90
153.06943016,-27.65143498,24.54
153.06944637,-27.65141818,24.82
153.06945762,-27.65140518,24.76
153.06946886,-27.65139226,24.84
153.06947677,-27.65138242,24.81
153.06947950,-27.65137853,24.82
153.06951018,-27.65132245,25.04
153.06951545,-27.65130792,25.20
153.06951666,-27.65130385,25.16
153.06952920,-27.65125736,25.52
153.06989877,-27.65098345,26.47
153.06990140,-27.65098318,26.45
153.06990404,-27.65098290,26.41
153.06990667,-27.65098263,26.39
153.06990941,-27.65098236,26.39
153.06991205,-27.65098209,26.40
153.06991732,-27.65098154,26.38
153.06992796,-27.65098036,26.48
153.06993070,-27.65098009,26.37
153.06993334,-27.65097982,26.39
153.06993597,-27.65097955,26.42
153.06993861,-27.65097927,26.36
153.06994124,-27.65097900,26.32
153.06994388,-27.65097873,26.32
153.06994662,-27.65097846,26.28
153.06994925,-27.65097819,26.29
153.06995726,-27.65097728,26.30
153.06995979,-27.65097701,26.32
153.06996243,-27.65097674,26.44
153.06997054,-27.65097583,26.26
153.06997318,-27.65097556,26.26
153.06997581,-27.65097528,26.24
153.06998392,-27.65097438,26.23
153.06998656,-27.65097410,26.24
153.06998919,-27.65097383,26.24
153.06999183,-27.65097356,26.24
153.06999457,-27.65097329,26.22
153.06999730,-27.65097302,26.22
153.07000257,-27.65097247,26.20
153.07000521,-27.65097220,26.19
153.07001596,-27.65097102,26.17
153.07001859,-27.65097075,26.17
153.07002123,-27.65097048,26.17
153.07002386,-27.65097020,26.22
153.07002660,-27.65096993,26.15
153.07002924,-27.65096966,26.15
153.07004262,-27.65096821,26.16
153.07004525,-27.65096794,26.17
153.07004789,-27.65096766,26.19
153.07005052,-27.65096739,26.27
153.07005316,-27.65096712,26.28
153.07006391,-27.65096594,26.26
153.07006928,-27.65096540,26.24
153.07007465,-27.65096485,26.24
153.07007739,-27.65096458,26.22
153.07008803,-27.65096340,26.21
153.07009341,-27.65096286,26.19
153.07009878,-27.65096231,26.14
153.07010152,-27.65096204,26.13
153.07010963,-27.65096113,26.08
153.07012301,-27.65095968,26.07
153.07012848,-27.65095914,26.03
153.07013385,-27.65095859,25.99
153.07013659,-27.65095832,25.98
153.07014196,-27.65095778,25.97
153.07015281,-27.65095660,25.94
153.07015818,-27.65095605,25.91
153.07016092,-27.65095578,25.90
153.07017440,-27.65095433,25.90
153.07017978,-27.65095379,25.88
153.07018251,-27.65095351,25.88
153.07019873,-27.65095179,25.90
153.07020137,-27.65095152,25.87
153.07021232,-27.65095034,25.86
153.07021769,-27.65094979,25.86
153.07023391,-27.65094807,25.87
153.07023665,-27.65094780,25.82
153.07025297,-27.65094607,25.83
153.07026108,-27.65094517,25.83
153.07026939,-27.65094426,25.82
153.07028308,-27.65094281,25.77
153.07029940,-27.65094109,25.75
153.07031319,-27.65093963,25.71
153.07040270,-27.65093354,25.47
153.07041669,-27.65093209,25.44
153.07042774,-27.65093091,25.45
153.07043899,-27.65092973,25.41
153.07045004,-27.65092855,25.40
153.07046130,-27.65092737,25.36
153.07046971,-27.65092646,25.33
153.07048106,-27.65092529,25.27
153.07048958,-27.65092438,25.22
153.07050083,-27.65092320,25.23
153.07051208,-27.65092202,25.21
153.07052060,-27.65092111,25.19
153.07052922,-27.65092021,25.12
153.07053773,-27.65091930,25.10
153.07054909,-27.65091812,25.07
153.07056632,-27.65091621,25.00
153.07057473,-27.65091531,25.02
153.07058345,-27.65091440,24.97
153.07059217,-27.65091349,24.92
153.07059785,-27.65091286,24.89
153.07060079,-27.65091250,24.90
153.07059743,-27.65089905,24.88
153.07059510,-27.65088930,24.89
153.07057871,-27.65079605,24.87
153.07056450,-27.65076247,24.81
153.07054025,-27.65072800,24.79
153.07052036,-27.65069921,24.84
153.07049752,-27.65066428,24.87
153.07049275,-27.65065607,24.88
153.07048078,-27.65063649,24.80
153.07047865,-27.65063324,24.82
153.07045734,-27.65060382,24.81
153.07043664,-27.65057530,24.82
153.07047580,-27.65014764,24.25
153.07072347,-27.64998510,23.52
153.07074759,-27.64997841,23.46
153.07081591,-27.64996185,23.40
153.07087187,-27.64995189,23.31
153.07090147,-27.64994872,23.32
153.07093391,-27.64994419,23.29
153.07096361,-27.64994129,23.34
153.07099352,-27.64993883,23.35
153.07105019,-27.64993257,23.25
153.07112845,-27.64992612,23.26
153.07121046,-27.64992058,23.24
153.07125192,-27.64991414,23.29
153.07125618,-27.64991324,23.28
153.07126581,-27.64990998,23.29
153.07126915,-27.64990755,23.28
153.07127422,-27.64990222,23.28
153.07127573,-27.64989996,23.27
153.07127628,-27.64980354,23.46
153.07127647,-27.64978585,23.52
153.07127576,-27.64977682,23.50
153.07127403,-27.64976689,23.52
153.07127189,-27.64975922,23.54
153.07126874,-27.64974875,23.56
153.07126732,-27.64974532,23.57
153.07126357,-27.64973981,23.58
153.07124814,-27.64971951,23.77
153.07124540,-27.64971608,23.75
153.07122136,-27.64969253,23.85
153.07117526,-27.64926852,25.30
153.07118266,-27.64925687,25.32
153.07122104,-27.64919221,25.17
153.07122316,-27.64918914,25.15
153.07123765,-27.64916810,25.43
153.07127077,-27.64912619,25.96
153.07127594,-27.64911924,26.06
153.07129215,-27.64909856,26.15
153.07129407,-27.64909585,26.19
153.07130267,-27.64907354,26.28
153.07130470,-27.64906668,26.28
153.07130510,-27.64905991,26.32
153.07130326,-27.64904005,26.41
153.07129920,-27.64902976,26.43
153.07129686,-27.64902624,26.43
153.07129027,-27.64901749,26.51
153.07128723,-27.64901379,26.55
153.07128053,-27.64900621,26.56
153.07127748,-27.64900287,26.59
153.07126541,-27.64899042,26.67
153.07112328,-27.64867425,28.52
153.07112134,-27.64866522,28.57
153.07112023,-27.64866170,28.54
153.07110794,-27.64863453,28.92
153.07110419,-27.64862524,28.80
153.07109191,-27.64860322,28.87
153.07109018,-27.64859997,28.91
153.07108500,-27.64859094,28.96
153.07108257,-27.64858742,28.96
153.07107009,-27.64856910,29.13
153.07106785,-27.64856567,29.12
153.07106136,-27.64855701,29.12
153.07105811,-27.64855349,29.13
153.07104898,-27.64854456,29.14
153.07104513,-27.64854086,29.19
153.07103509,-27.64853156,29.22
153.07103093,-27.64852805,29.28
153.07100252,-27.64850035,29.39
153.07099258,-27.64848961,29.51
153.07098873,-27.64848582,29.57
153.07097808,-27.64847652,29.73
153.07097371,-27.64847246,29.59
153.07094013,-27.64843574,29.79
153.07093334,-27.64842861,29.86
153.07092857,-27.64842428,29.87
153.07115033,-27.64801846,31.41
153.07115276,-27.64801882,31.43
153.07115529,-27.64801918,31.43
153.07115783,-27.64801954,31.36
153.07116036,-27.64801990,31.40
153.07116543,-27.64802062,31.39
153.07117050,-27.64802134,31.37
153.07117304,-27.64802170,31.36
153.07117557,-27.64802206,31.36
153.07117821,-27.64802242,31.36
153.07118318,-27.64802314,31.33
153.07119331,-27.64802439,31.30
153.07119585,-27.64802475,31.31
153.07119838,-27.64802511,31.31
153.07120092,-27.64802547,31.30
153.07120345,-27.64802583,31.29
153.07120599,-27.64802619,31.31
153.07120852,-27.64802655,31.28
153.07121359,-27.64802727,31.31
153.07121613,-27.64802763,31.30
153.07122373,-27.64802862,31.32
153.07122627,-27.64802898,31.32
153.07122880,-27.64802934,31.35
153.07123133,-27.64802970,31.30
153.07123387,-27.64803006,31.31
153.07123640,-27.64803042,31.30
153.07123894,-27.64803078,31.30
153.07124147,-27.64803114,31.27
153.07124654,-27.64803186,31.27
153.07124908,-27.64803222,31.28
153.07125161,-27.64803258,31.28
153.07125415,-27.64803294,31.28
153.07125668,-27.64803330,31.25
153.07125922,-27.64803366,31.25
153.07126925,-27.64803501,31.21
153.07127189,-27.64803537,31.22
153.07127442,-27.64803573,31.22
153.07127686,-27.64803609,31.22
153.07128183,-27.64803681,31.21
153.07128436,-27.64803717,31.20
153.07128700,-27.64803753,31.20
153.07128953,-27.64803789,31.14
153.07129207,-27.64803825,31.13
153.07129460,-27.64803861,31.12
153.07129714,-27.64803897,31.11
153.07129967,-27.64803933,31.08
153.07130220,-27.64803969,31.08
153.07130474,-27.64804005,31.06
153.07130727,-27.64804041,31.09
153.07130981,-27.64804077,31.09
153.07131741,-27.64804175,31.07
153.07132248,-27.64804247,31.05
153.07132502,-27.64804283,31.03
153.07132765,-27.64804319,31.05
153.07133516,-27.64804427,31.00
153.07134276,-27.64804526,31.08
153.07134530,-27.64804562,31.02
153.07134783,-27.64804598,31.00
153.07135047,-27.64804634,31.03
153.07138342,-27.64805093,30.99
153.07138849,-27.64805165,30.96
153.07139873,-27.64805309,30.91
153.07140390,-27.64805390,30.88
153.07140897,-27.64805462,30.87
153.07142174,-27.64805642,30.81
153.07142681,-27.64805714,30.78
153.07143442,-27.64805812,30.79
153.07143705,-27.64805848,30.75
153.07144466,-27.64805947,30.73
153.07144719,-27.64805983,30.74
153.07144972,-27.64806019,30.76
153.07145226,-27.64806055,30.77
153.07145490,-27.64806091,30.75
153.07145743,-27.64806127,30.70
153.07145997,-27.64806163,30.71
153.07146503,-27.64806235,30.68
153.07146767,-27.64806271,30.67
153.07147021,-27.64806307,30.69
153.07147274,-27.64806343,30.73
153.07147527,-27.64806379,30.74
153.07147781,-27.64806415,30.68
153.07148044,-27.64806451,30.69
153.07148298,-27.64806487,30.70
153.07148552,-27.64806523,30.70
153.07148815,-27.64806559,30.71
153.07149069,-27.64806595,30.70
153.07149322,-27.64806631,30.67
153.07149829,-27.64806703,30.62
153.07150082,-27.64806739,30.64
153.07150346,-27.64806775,30.63
153.07150599,-27.64806811,30.63
153.07150853,-27.64806847,30.65
153.07151116,-27.64806883,30.63
153.07151370,-27.64806919,30.62
153.07151634,-27.64806955,30.61
153.07152130,-27.64807027,30.62
153.07152394,-27.64807063,30.61
153.07152658,-27.64807099,30.61
153.07152911,-27.64807135,30.63
153.07153165,-27.64807171,30.59
153.07153428,-27.64807207,30.59
153.07153682,-27.64807243,30.59
153.07153935,-27.64807279,30.62
153.07154189,-27.64807315,30.61
153.07154452,-27.64807351,30.58
153.07154716,-27.64807387,30.55
153.07154969,-27.64807423,30.56
153.07155223,-27.64807458,30.54
153.07155486,-27.64807494,30.56
153.07155740,-27.64807530,30.56
153.07155993,-27.64807566,30.58
153.07156257,-27.64807602,30.54
153.07157281,-27.64807737,30.51
153.07157798,-27.64807809,30.53
153.07158052,-27.64807845,30.49
153.07158569,-27.64807917,30.52
153.07158822,-27.64807953,30.48
153.07159086,-27.64807989,30.49
153.07159603,-27.64808061,30.49
153.07159866,-27.64808097,30.46
153.07160373,-27.64808169,30.50
153.07160911,-27.64808250,30.40
153.07161428,-27.64808322,30.41
153.07161945,-27.64808394,30.40
153.07162462,-27.64808466,30.35
153.07162979,-27.64808538,30.32
153.07163243,-27.64808574,30.33
153.07163760,-27.64808646,30.32
153.07164277,-27.64808718,30.37
153.07165067,-27.64808835,30.28
153.07165321,-27.64808871,30.27
153.07165838,-27.64808943,30.26
153.07166102,-27.64808979,30.26
153.07166893,-27.64809086,30.24
153.07167410,-27.64809158,30.19
153.07167927,-27.64809230,30.19
153.07168728,-27.64809347,30.12
153.07168981,-27.64809383,30.13
153.07169235,-27.64809419,30.13
153.07170279,-27.64809554,30.13
153.07170796,-27.64809626,30.13
153.07171850,-27.64809779,30.08
153.07172367,-27.64809851,30.08
153.07173442,-27.64810004,30.01
153.07173696,-27.64810040,30.01
153.07174213,-27.64810112,30.01
153.07174750,-27.64810184,29.94
153.07175805,-27.64810337,29.94
153.07176332,-27.64810409,29.94
153.07177123,-27.64810517,29.92
153.07177376,-27.64810553,29.93
153.07178177,-27.64810670,29.90
153.07178704,-27.64810742,29.91
153.07180022,-27.64810912,29.91
153.07180823,-27.64811029,29.84
153.07181087,-27.64811065,29.84
153.07182151,-27.64811218,29.79
153.07182415,-27.64811254,29.80
153.07183733,-27.64811425,29.84
153.07184544,-27.64811542,29.75
153.07184808,-27.64811578,29.76
153.07185071,-27.64811614,29.80
153.07186156,-27.64811767,29.71
153.07186957,-27.64811884,29.68
153.07188042,-27.64812037,29.59
153.07188863,-27.64812154,29.53
153.07189117,-27.64812190,29.54
153.07190759,-27.64812423,29.45
153.07191540,-27.64812531,29.47
153.07191814,-27.64812567,29.45
153.07192898,-27.64812720,29.44
153.07193426,-27.64812792,29.45
153.07195078,-27.64813026,29.39
153.07195332,-27.64813062,29.41
153.07195889,-27.64813134,29.36
153.07196427,-27.64813206,29.40
153.07197785,-27.64813395,29.33
153.07198607,-27.64813512,29.31
153.07199428,-27.64813629,29.30
153.07199975,-27.64813701,29.32
153.07200239,-27.64813737,29.35
153.07201354,-27.64813898,29.26
153.07201618,-27.64813934,29.25
153.07202439,-27.64814051,29.21
153.07203544,-27.64814204,29.22
153.07204102,-27.64814285,29.19
153.07205491,-27.64814483,29.09
153.07206332,-27.64814600,29.08
153.07207164,-27.64814717,29.06
153.07207427,-27.64814753,29.07
153.07208005,-27.64814834,29.02
153.07208279,-27.64814870,29.03
153.07208563,-27.64814906,29.00
153.07222119,-27.64801646,29.19
153.07226243,-27.64798240,29.00
153.07226881,-27.64797716,29.02
153.07229079,-27.64795621,29.06
153.07229312,-27.64795305,29.02
153.07271388,-27.64770420,39.29
153.07271672,-27.64770492,39.46
153.07273011,-27.64770826,40.36
153.07276123,-27.64771438,40.80
153.07276427,-27.64771483,40.71
153.07279398,-27.64771924,39.88
153.07309466,-27.64785648,26.98
153.07309872,-27.64785883,28.09
153.07311981,-27.64786676,30.80
153.07313258,-27.64786991,31.30
153.07314293,-27.64787162,31.09
153.07315763,-27.64787378,30.59
153.07316006,-27.64787414,30.50
153.07316249,-27.64787450,30.41
153.07343270,-27.64792916,32.07
153.07344649,-27.64793240,32.46
153.07344933,-27.64793303,32.57
153.07349455,-27.64794149,32.29
153.07376213,-27.64800039,37.29
153.07393814,-27.64802928,33.55
153.07395011,-27.64803153,33.50
153.07399300,-27.64803999,33.60
153.07422012,-27.64809331,40.20
153.07438631,-27.64813186,44.89
153.07439067,-27.64813295,45.13
153.07440669,-27.64813592,45.05
153.07469909,-27.64817747,34.65
153.07485402,-27.64820916,36.04
153.07488170,-27.64821456,36.01
153.07488423,-27.64821501,36.00
153.07499718,-27.64823526,34.93
153.07503571,-27.64824174,34.28
153.07509016,-27.64825155,33.76
153.07513518,-27.64825830,32.43
153.07524133,-27.64827413,29.18
153.07531747,-27.64828682,27.82
153.07533380,-27.64828844,26.72
153.07535539,-27.64829050,25.16
153.07538246,-27.64828922,20.53
153.07586127,-27.64814578,21.58
153.07586573,-27.64814605,21.57
153.07587020,-27.64814632,21.57
153.07587476,-27.64814659,21.58
153.07587932,-27.64814685,21.58
153.07588611,-27.64814730,21.56
153.07589280,-27.64814766,21.58
153.07589736,-27.64814793,21.56
153.07590172,-27.64814820,21.58
153.07590852,-27.64814864,21.60
153.07591754,-27.64814918,21.64
153.07592413,-27.64814954,21.72
153.07593792,-27.64815043,21.61
153.07594238,-27.64815070,21.61
153.07594694,-27.64815097,21.59
153.07595840,-27.64815160,21.59
153.07596296,-27.64815186,21.57
153.07597442,-27.64815258,21.56
153.07597898,-27.64815285,21.56
153.07598344,-27.64815312,21.58
153.07598790,-27.64815338,21.61
153.07599936,-27.64815410,21.57
153.07600392,-27.64815437,21.60
153.07600848,-27.64815464,21.62
153.07602004,-27.64815535,21.60
153.07602450,-27.64815562,21.60
153.07604062,-27.64815661,21.60
153.07604761,-27.64815705,21.57
153.07605218,-27.64815732,21.59
153.07605674,-27.64815759,21.60
153.07606150,-27.64815786,21.58
153.07607296,-27.64815848,21.59
153.07608675,-27.64815929,21.66
153.07609131,-27.64815956,21.70
153.07611007,-27.64816072,21.63
153.07611726,-27.64816117,21.56
153.07612882,-27.64816188,21.62
153.07639669,-27.64819965,21.76
153.07639953,-27.64820028,21.78
153.07641849,-27.64820461,21.76
153.07642954,-27.64820713,21.77
153.07645155,-27.64821208,21.84
153.07645438,-27.64821271,21.87
153.07646777,-27.64821568,21.86
153.07648937,-27.64822055,21.89
153.07649484,-27.64822181,21.89
153.07650042,-27.64822307,21.94
153.07650833,-27.64822487,21.94
153.07651613,-27.64822667,21.88
153.07652688,-27.64822910,21.92
153.07653753,-27.64823153,21.92
153.07654838,-27.64823396,21.99
153.07656419,-27.64823757,22.00
153.07657231,-27.64823937,22.04
153.07658032,-27.64824117,22.08
153.07658822,-27.64824297,22.08
153.07660922,-27.64824765,22.13
153.07661712,-27.64824945,22.14
153.07662747,-27.64825180,22.14
153.07663274,-27.64825297,22.13
153.07663558,-27.64825360,22.20
153.07666397,-27.64826008,22.17
153.07667958,-27.64826359,22.28
153.07668475,-27.64826476,22.24
153.07669499,-27.64826711,22.23
153.07670006,-27.64826828,22.24
153.07671294,-27.64827116,22.26
153.07671811,-27.64827233,22.29
153.07674123,-27.64827746,22.36
153.07674640,-27.64827863,22.38
153.07675907,-27.64828151,22.40
153.07677682,-27.64828557,22.38
153.07678442,-27.64828728,22.42
153.07679203,-27.64828899,22.42
153.07679963,-27.64829070,22.45
153.07680724,-27.64829241,22.46
153.07682234,-27.64829583,22.48
153.07682985,-27.64829755,22.48
153.07683735,-27.64829926,22.46
153.07684486,-27.64830097,22.47
153.07686960,-27.64830655,22.42
153.07689931,-27.64831321,22.42
153.07690924,-27.64831547,22.44
153.07691918,-27.64831772,22.44
153.07693155,-27.64832051,22.47
153.07694138,-27.64832276,22.47
153.07695375,-27.64832555,22.50
153.07696592,-27.64832834,22.49
153.07696835,-27.64832888,22.45
153.07699532,-27.64833492,22.51
153.07701479,-27.64833933,22.49
153.07702220,-27.64834104,22.49
153.07702453,-27.64834158,22.51
153.07703913,-27.64834492,22.45
153.07704146,-27.64834546,22.45
153.07705596,-27.64834879,22.38
153.07708029,-27.64835428,22.45
153.07708273,-27.64835482,22.48
153.07708516,-27.64835536,22.44
153.07708759,-27.64835590,22.49
153.07709003,-27.64835644,22.52
153.07710453,-27.64835968,22.53
153.07711173,-27.64836130,22.51
153.07713596,-27.64836680,22.53
153.07713829,-27.64836734,22.49
153.07714549,-27.64836896,22.49
153.07715746,-27.64837166,22.49
153.07716719,-27.64837391,22.57
153.07717429,-27.64837553,22.55
153.07718149,-27.64837716,22.52
153.07719355,-27.64837986,22.59
153.07720308,-27.64838202,22.59
153.07721018,-27.64838364,22.57
153.07723178,-27.64838850,22.56
153.07723411,-27.64838904,22.53
153.07724841,-27.64839228,22.53
153.07725561,-27.64839391,22.50
153.07726281,-27.64839553,22.52
153.07726990,-27.64839715,22.49
153.07728430,-27.64840048,22.50
153.07729373,-27.64840264,22.47
153.07729606,-27.64840318,22.45
153.07730326,-27.64840480,22.44
153.07731279,-27.64840696,22.50
153.07732233,-27.64840913,22.44
153.07732709,-27.64841021,22.50
153.07734858,-27.64841498,22.56
153.07735092,-27.64841552,22.53
153.07737708,-27.64842146,22.56
153.07739371,-27.64842515,22.73
153.07739614,-27.64842570,22.76
153.07740334,-27.64842723,22.92
153.07741287,-27.64842930,23.11
153.07742240,-27.64843137,23.32
153.07742950,-27.64843290,23.46
153.07743670,-27.64843443,23.70
153.07744146,-27.64843542,23.83
153.07744846,-27.64843686,24.19
153.07745799,-27.64843884,24.37
153.07746265,-27.64843983,24.56
153.07748375,-27.64844451,24.75
153.07748851,-27.64844559,24.73
153.07749317,-27.64844668,24.72
153.07749794,-27.64844776,24.68
153.07750260,-27.64844884,24.67
153.07750737,-27.64844992,24.65
153.07750970,-27.64845046,24.65
153.07751447,-27.64845154,24.67
153.07751680,-27.64845208,24.64
153.07751913,-27.64845262,24.61
153.07752390,-27.64845370,24.62
153.07752856,-27.64845478,24.60
153.07753333,-27.64845586,24.57
153.07754286,-27.64845811,24.37
153.07793002,-27.64874390,27.30
153.07793337,-27.64874407,27.31
153.07793682,-27.64874425,27.31
153.07794026,-27.64874443,27.32
153.07794706,-27.64874479,27.32
153.07795385,-27.64874515,27.34
153.07796064,-27.64874550,27.34
153.07797078,-27.64874604,27.35
153.07802147,-27.64874854,27.46
153.07802482,-27.64874872,27.45
153.07802816,-27.64874890,27.46
153.07803151,-27.64874907,27.45
153.07806131,-27.64875059,27.49
153.07807125,-27.64875113,27.50
153.07807470,-27.64875131,27.50
153.07811079,-27.64875318,27.55
153.07816594,-27.64875595,27.59
153.07816919,-27.64875613,27.58
153.07819474,-27.64875747,27.58
153.07819798,-27.64875765,27.58
153.07820122,-27.64875783,27.59
153.07822667,-27.64875917,27.59
153.07825192,-27.64876051,27.58
153.07826459,-27.64876113,27.59
153.07829602,-27.64876274,27.60
153.07831791,-27.64876390,27.60
153.07833343,-27.64876470,27.61
153.07835198,-27.64876569,27.60
153.07836749,-27.64876649,27.62
153.07838594,-27.64876747,27.62
153.07840135,-27.64876828,27.63
153.07842893,-27.64876961,27.66
153.07844109,-27.64877024,27.68
153.07845357,-27.64877086,27.71
153.07846563,-27.64877149,27.70
153.07848074,-27.64877229,27.71
153.07849280,-27.64877292,27.71
153.07850791,-27.64877372,27.72
153.07851987,-27.64877435,27.73
153.07853183,-27.64877497,27.73
153.07854086,-27.64877542,27.73
153.07855870,-27.64877631,27.72
153.07857066,-27.64877694,27.73
153.07858840,-27.64877792,27.68
153.07860594,-27.64877890,27.63
153.07862064,-27.64877971,27.59
153.07863534,-27.64878051,27.55
153.07864984,-27.64878132,27.52
153.07866444,-27.64878212,27.48
153.07867610,-27.64878274,27.46
153.07874210,-27.64878542,28.25
153.07875660,-27.64878613,28.29
153.07876532,-27.64878658,28.30
153.07877688,-27.64878720,28.31
153.07879665,-27.64878836,28.14
153.07879948,-27.64878854,28.14
153.07880810,-27.64878899,28.14
153.07882534,-27.64878979,28.15
153.07883395,-27.64879024,28.17
153.07884257,-27.64879068,28.16
153.07885109,-27.64879113,28.18
153.07885971,-27.64879158,28.19
153.07886832,-27.64879202,28.21
153.07888546,-27.64879292,28.22
153.07889965,-27.64879363,28.26
153.07890817,-27.64879408,28.26
153.07891678,-27.64879452,28.27
153.07892246,-27.64879479,28.29
153.07892814,-27.64879506,28.30
153.07896210,-27.64879676,28.35
153.07897062,-27.64879720,28.36
153.07902020,-27.64880042,27.68
153.07902303,-27.64880060,27.68
153.07906632,-27.64880202,28.59
153.07908315,-27.64880274,28.70
153.07908883,-27.64880300,28.73
153.07910008,-27.64880354,28.79
153.07910556,-27.64880381,28.81
153.07911124,-27.64880407,28.85
153.07911965,-27.64880443,28.90
153.07912523,-27.64880470,28.91
153.07913091,-27.64880496,28.98
153.07913638,-27.64880523,29.00
153.07914206,-27.64880550,29.04
153.07914773,-27.64880577,29.08
153.07915321,-27.64880604,29.12
153.07915879,-27.64880630,29.15
153.07916436,-27.64880657,29.19
153.07917278,-27.64880693,29.25
153.07917835,-27.64880719,29.27
153.07918393,-27.64880746,29.33
153.07918950,-27.64880773,29.34
153.07920055,-27.64880817,29.39
153.07920613,-27.64880844,29.39
153.07921444,-27.64880889,29.43
153.07921992,-27.64880916,29.43
153.07922549,-27.64880942,29.46
153.07923381,-27.64880987,29.47
153.07924202,-27.64881032,29.46
153.07924760,-27.64881059,29.49
153.07925317,-27.64881085,29.47
153.07926422,-27.64881148,29.47
153.07926970,-27.64881175,29.48
153.07927517,-27.64881201,29.49
153.07928349,-27.64881246,29.48
153.07929180,-27.64881291,29.49
153.07930001,-27.64881335,29.49
153.07930833,-27.64881380,29.46
153.07931380,-27.64881407,29.48
153.07933033,-27.64881487,29.47
153.07933590,-27.64881514,29.48
153.07934422,-27.64881559,29.48
153.07935243,-27.64881603,29.46
153.07935790,-27.64881630,29.47
153.07936337,-27.64881657,29.50
153.07937169,-27.64881701,29.49
153.07938000,-27.64881746,29.50
153.07938548,-27.64881773,29.51
153.07939105,-27.64881800,29.53
153.07939653,-27.64881826,29.57
153.07940484,-27.64881871,29.56
153.07941316,-27.64881916,29.56
153.07941863,-27.64881943,29.57
153.07942410,-27.64881969,29.59
153.07943242,-27.64882014,29.59
153.07943779,-27.64882041,29.61
153.07944327,-27.64882067,29.61
153.07945158,-27.64882103,29.63
153.07945979,-27.64882148,29.60
153.07946526,-27.64882175,29.64
153.07947084,-27.64882201,29.66
153.07947632,-27.64882228,29.66
153.07948463,-27.64882273,29.66
153.07987150,-27.64911410,29.98
153.07987222,-27.64911699,30.00
153.07987404,-27.64912078,30.01
153.07988256,-27.64912592,30.04
153.07988601,-27.64912628,30.04
153.07990324,-27.64912772,30.05
153.07994441,-27.64913103,30.12
153.07997168,-27.64913327,30.16
153.07997502,-27.64913354,30.17
153.07997837,-27.64913381,30.15
153.08020496,-27.64914623,37.31
153.08049604,-27.64916746,40.75
153.08051642,-27.64916916,40.73
153.08053680,-27.64917086,40.76
153.08054562,-27.64917158,40.80
153.08060057,-27.64917606,40.82
153.08060919,-27.64917678,40.82
153.08062632,-27.64917821,40.84
153.08063494,-27.64917893,40.86
153.08066069,-27.64918108,40.87
153.08067499,-27.64918225,40.90
153.08076846,-27.64918978,41.16
153.08078245,-27.64919094,41.19
153.08080770,-27.64919300,41.25
153.08081327,-27.64919345,41.25
153.08086326,-27.64919749,41.35
153.08089368,-27.64919999,41.39
153.08092399,-27.64920251,41.43
153.08092936,-27.64920295,41.43
153.08094041,-27.64920385,41.47
153.08098411,-27.64920734,41.55
153.08099506,-27.64920824,41.59
153.08100591,-27.64920914,41.62
153.08101676,-27.64921003,41.63
153.08102760,-27.64921093,41.64
153.08104393,-27.64921228,41.68
153.08105478,-27.64921317,41.71
153.08107110,-27.64921452,41.73
153.08110354,-27.64921712,41.78
153.08113852,-27.64921998,41.81
153.08114389,-27.64922043,41.85
153.08114937,-27.64922088,41.87
153.08116275,-27.64922196,41.90
153.08118161,-27.64922348,41.99
153.08120564,-27.64922545,42.02
153.08123778,-27.64922805,42.06
153.08124325,-27.64922850,42.07
153.08125663,-27.64922957,42.12
153.08128066,-27.64923155,42.15
153.08128604,-27.64923199,42.14
153.08132061,-27.64923486,42.19
153.08132598,-27.64923531,42.19
153.08136055,-27.64923809,42.24
153.08138986,-27.64924051,42.31
153.08140050,-27.64924141,42.31
153.08140577,-27.64924186,42.30
153.08143507,-27.64924428,42.35
153.08145363,-27.64924580,42.37
153.08145900,-27.64924625,42.39
153.08151740,-27.64925100,42.48
153.08153068,-27.64925207,42.51
153.08155461,-27.64925405,42.57
153.08155998,-27.64925449,42.56
153.08157326,-27.64925557,42.60
153.08161321,-27.64925880,42.66
153.08161858,-27.64925924,42.66
153.08163460,-27.64926059,42.67
153.08166664,-27.64926328,42.56
153.08168803,-27.64926507,42.59
153.08170152,-27.64926624,42.51
153.08171216,-27.64926713,42.54
153.08174988,-27.64927027,42.47
153.08176336,-27.64927144,42.43
153.08178232,-27.64927305,42.40
153.08180655,-27.64927511,42.38
153.08181476,-27.64927583,42.36
153.08183910,-27.64927789,42.35
153.08186901,-27.64928031,42.33
153.08189628,-27.64928264,42.29
153.08191544,-27.64928426,42.31
153.08192913,-27.64928542,42.29
153.08193744,-27.64928614,42.26
153.08195123,-27.64928730,42.24
153.08195954,-27.64928802,42.20
153.08196502,-27.64928847,42.22
153.08197049,-27.64928892,42.22
153.08198986,-27.64929053,42.16
153.08199817,-27.64929125,42.13
153.08201480,-27.64929268,42.12
153.08202869,-27.64929385,42.09
153.08203700,-27.64929457,42.08
153.08204542,-27.64929528,42.06
153.08205383,-27.64929600,42.04
153.08206215,-27.64929672,42.02
153.08207330,-27.64929770,42.01
153.08208182,-27.64929842,41.98
153.08209013,-27.64929914,41.98
153.08209864,-27.64929986,41.95
153.08212693,-27.64930228,41.82
153.08213545,-27.64930299,41.82
153.08214691,-27.64930398,41.73
153.08215522,-27.64930470,41.77
153.08216373,-27.64930541,41.77
153.08217509,-27.64930640,41.74
153.08218655,-27.64930739,41.73
153.08219506,-27.64930810,41.71
153.08220358,-27.64930882,41.73
153.08221220,-27.64930954,41.72
153.08222365,-27.64931052,41.70
153.08223795,-27.64931178,41.65
153.08226401,-27.64931393,41.59
153.08227566,-27.64931492,41.58
153.08228722,-27.64931590,41.56
153.08229584,-27.64931662,41.56
153.08231338,-27.64931815,41.52
153.08232798,-27.64931940,41.50
153.08234268,-27.64932066,41.47
153.08235738,-27.64932191,41.45
153.08236904,-27.64932290,41.44
153.08239287,-27.64932487,41.37
153.08240767,-27.64932612,41.36
153.08242551,-27.64932765,41.33
153.08242590,-27.64929903,41.48
153.08242620,-27.64929470,41.49
153.08242650,-27.64928774,41.50
153.08244478,-27.64919926,41.86
153.08246178,-27.64916016,42.07
153.08246907,-27.64914634,42.11
153.08247251,-27.64913777,42.12
153.08247352,-27.64913434,42.17
153.08248283,-27.64910734,42.26
153.08248566,-27.64909813,42.25
153.08248637,-27.64909443,42.28
153.08249233,-27.64906725,42.36
153.08249435,-27.64905813,42.38
153.08249506,-27.64905380,42.38
153.08250011,-27.64902608,42.48
153.08263155,-27.64882612,30.50
153.08263357,-27.64882224,30.52
153.08308831,-27.64862679,24.10
153.08335978,-27.64899604,23.06
153.08334968,-27.64904037,23.16
153.08321827,-27.64928845,25.93
153.08321625,-27.64929088,26.58
153.08318161,-27.64933911,30.20
153.08316257,-27.64936503,30.14
153.08316187,-27.64936801,30.15
153.08315855,-27.64940304,30.09
153.08315946,-27.64940629,30.07
153.08318362,-27.64944862,30.02
153.08323310,-27.64958482,30.14
153.08334341,-27.64960371,30.97
153.08356009,-27.64963238,30.53
153.08357550,-27.64963417,30.14
153.08396605,-27.64968043,21.00
153.08413060,-27.64970191,20.14
153.08455655,-27.64976547,30.03
153.08472243,-27.64978975,33.21
153.08494234,-27.64982193,37.33
153.08539566,-27.64988160,35.84
153.08551216,-27.64989390,30.86
153.08562500,-27.64990439,23.84
153.08564112,-27.64990510,21.67
153.08565004,-27.64990546,20.36
153.08566707,-27.64990526,16.62
153.08567214,-27.64989957,16.60
153.08567417,-27.64989524,16.60
153.08567558,-27.64988991,16.58
153.08607694,-27.64962145,16.81
153.08608474,-27.64962199,16.84
153.08609539,-27.64962288,16.77
153.08609823,-27.64962315,16.73
153.08610360,-27.64962351,16.71
153.08611151,-27.64962414,16.70
153.08612753,-27.64962548,16.57
153.08613564,-27.64962611,16.55
153.08613827,-27.64962629,16.58
153.08614091,-27.64962646,16.61
153.08614355,-27.64962664,16.63
153.08614618,-27.64962682,16.64
153.08615956,-27.64962781,16.64
153.08616220,-27.64962799,16.62
153.08617822,-27.64962915,16.61
153.08618633,-27.64962978,16.58
153.08619444,-27.64963040,16.51
153.08620266,-27.64963112,16.43
153.08620529,-27.64963130,16.43
153.08622912,-27.64963282,16.69
153.08623723,-27.64963345,16.68
153.08623986,-27.64963363,16.72
153.08624260,-27.64963380,16.69
153.08626409,-27.64963542,16.66
153.08627484,-27.64963622,16.68
153.08628295,-27.64963685,16.70
153.08629380,-27.64963765,16.68
153.08629917,-27.64963801,16.72
153.08631002,-27.64963882,16.73
153.08631276,-27.64963900,16.71
153.08632908,-27.64964016,16.68
153.08633435,-27.64964052,16.74
153.08633709,-27.64964070,16.77
153.08634247,-27.64964105,16.78
153.08634510,-27.64964123,16.82
153.08636690,-27.64964285,16.83
153.08638302,-27.64964392,16.95
153.08639660,-27.64964490,16.97
153.08641607,-27.64964652,16.84
153.08642175,-27.64964696,16.77
153.08642439,-27.64964714,16.80
153.08643807,-27.64964813,16.85
153.08644071,-27.64964831,16.88
153.08645734,-27.64964956,16.82
153.08651016,-27.64965350,16.78
153.08651300,-27.64965368,16.80
153.08652384,-27.64965439,16.86
153.08652668,-27.64965457,16.87
153.08653784,-27.64965529,16.89
153.08656267,-27.64965708,16.98
153.08656541,-27.64965726,17.02
153.08659350,-27.64965931,17.03
153.08661296,-27.64966066,17.12
153.08664419,-27.64966289,17.13
153.08664997,-27.64966334,17.12
153.08666690,-27.64966460,17.15
153.08669032,-27.64966648,16.99
153.08671303,-27.64966809,17.07
153.08672722,-27.64966907,17.14
153.08675308,-27.64967095,17.20
153.08675865,-27.64967131,17.25
153.08679059,-27.64967355,17.29
153.08680519,-27.64967462,17.29
153.08681695,-27.64967552,17.28
153.08683145,-27.64967650,17.35
153.08684899,-27.64967775,17.41
153.08685487,-27.64967820,17.41
153.08687869,-27.64967999,17.38
153.08688772,-27.64968071,17.37
153.08690252,-27.64968178,17.39
153.08691722,-27.64968277,17.50
153.08695849,-27.64968554,17.71
153.08696426,-27.64968580,17.81
153.08741748,-27.64948881,20.34
153.08742417,-27.64949034,20.29
153.08742732,-27.64949106,20.31
153.08743076,-27.64949187,20.28
153.08743715,-27.64949340,20.34
153.08744354,-27.64949493,20.40
153.08744689,-27.64949565,20.33
153.08745013,-27.64949637,20.38
153.08745337,-27.64949709,20.36
153.08746291,-27.64949934,20.46
153.08746929,-27.64950087,20.52
153.08747558,-27.64950240,20.58
153.08748532,-27.64950465,20.60
153.08749505,-27.64950690,20.68
153.08749840,-27.64950771,20.64
153.08750783,-27.64950996,20.78
153.08752091,-27.64951302,20.82
153.08752425,-27.64951384,20.84
153.08754362,-27.64951825,20.97
153.08755366,-27.64952059,20.94
153.08756735,-27.64952374,20.84
153.08758033,-27.64952680,20.97
153.08759057,-27.64952914,20.92
153.08759401,-27.64952995,20.90
153.08760436,-27.64953229,20.83
153.08761409,-27.64953454,20.92
153.08761764,-27.64953535,20.88
153.08763102,-27.64953841,20.93
153.08763447,-27.64953922,20.93
153.08764441,-27.64954156,20.97
153.08765719,-27.64954463,21.15
153.08766428,-27.64954625,21.11
153.08768132,-27.64955021,21.09
153.08769491,-27.64955336,21.11
153.08769835,-27.64955417,21.13
153.08770505,-27.64955570,21.16
153.08771498,-27.64955795,21.24
153.08772543,-27.64956038,21.22
153.08773516,-27.64956272,21.39
153.08774206,-27.64956434,21.38
153.08784411,-27.64939429,22.36
153.08788694,-27.64932980,22.36
153.08789322,-27.64931941,22.38
153.08791790,-27.64924835,22.89
153.08791942,-27.64924068,22.94
153.08792022,-27.64923652,22.94
153.08792032,-27.64923409,22.95
153.08791928,-27.64919852,23.02
153.08792622,-27.64900405,23.36
153.08793086,-27.64897697,23.36
153.08793157,-27.64897263,23.46
153.08793679,-27.64891368,23.60
153.08793679,-27.64891052,23.61
153.08793758,-27.64887793,23.69
153.08794261,-27.64883775,23.68
153.08794422,-27.64882394,23.76
153.08794674,-27.64880633,23.89
153.08794826,-27.64879640,23.85
153.08795594,-27.64876209,24.16
153.08796979,-27.64872200,23.97
153.08838860,-27.64848421,38.23
153.08846263,-27.64850683,45.99
153.08847875,-27.64850907,45.45
153.08857061,-27.64852265,43.39
153.08863591,-27.64853551,44.40
153.08863854,-27.64853605,44.51
153.08864969,-27.64853830,44.74
153.08865233,-27.64853884,44.84
153.08868275,-27.64854424,44.79
153.08868559,-27.64854478,44.88
153.08868944,-27.64854523,44.63
153.08875676,-27.64855521,43.02
153.08882673,-27.64856798,43.40
153.08882967,-27.64856861,43.46
153.08888898,-27.64857562,40.65
153.08902353,-27.64860144,40.41
153.08903823,-27.64860369,40.13
153.08914569,-27.64860416,25.03
153.08961979,-27.64866326,25.11
153.08963074,-27.64866632,25.12
153.08963886,-27.64866857,25.14
153.08964971,-27.64867163,25.14
153.08965792,-27.64867388,25.14
153.08966603,-27.64867614,25.13
153.08967151,-27.64867767,25.14
153.08968236,-27.64868073,25.16
153.08969594,-27.64868451,25.16
153.08970142,-27.64868604,25.18
153.08970953,-27.64868830,25.16
153.08972850,-27.64869352,25.18
153.08973945,-27.64869658,25.19
153.08974766,-27.64869883,25.19
153.08975577,-27.64870108,25.18
153.08976125,-27.64870262,25.17
153.08976936,-27.64870487,25.16
153.08977747,-27.64870712,25.15
153.08978295,-27.64870865,25.17
153.08978842,-27.64871018,25.16
153.08980201,-27.64871396,25.15
153.08981012,-27.64871622,25.16
153.08981560,-27.64871775,25.16
153.08982655,-27.64872081,25.17
153.08983466,-27.64872306,25.16
153.08984825,-27.64872684,25.18
153.08985373,-27.64872838,25.18
153.08985920,-27.64872991,25.17
153.08987005,-27.64873288,25.22
153.08988374,-27.64873666,25.20
153.08989723,-27.64874044,25.22
153.08991082,-27.64874423,25.21
153.08992734,-27.64874882,25.19
153.08993546,-27.64875107,25.22
153.08994093,-27.64875260,25.21
153.08994641,-27.64875413,25.22
153.08996831,-27.64876026,25.24
153.08998758,-27.64876557,25.23
153.08999305,-27.64876710,25.23
153.08999853,-27.64876864,25.25
153.09000948,-27.64877161,25.23
153.09002053,-27.64877467,25.25
153.09002601,-27.64877620,25.22
153.09003148,-27.64877773,25.21
153.09004801,-27.64878233,25.21
153.09005349,-27.64878386,25.21
153.09007276,-27.64878926,25.23
153.09008938,-27.64879385,25.22
153.09010044,-27.64879692,25.22
153.09010875,-27.64879926,25.22
153.09011981,-27.64880232,25.21
153.09013370,-27.64880619,25.23
153.09014201,-27.64880853,25.24
153.09014749,-27.64881007,25.26
153.09016970,-27.64881619,25.30
153.09017801,-27.64881853,25.29
153.09018359,-27.64882006,25.30
153.09018917,-27.64882159,25.26
153.09021431,-27.64882862,25.31
153.09022263,-27.64883096,25.32
153.09023104,-27.64883330,25.34
153.09023652,-27.64883483,25.33
153.09024778,-27.64883799,25.33
153.09025619,-27.64884033,25.33
153.09027292,-27.64884501,25.35
153.09028712,-27.64884898,25.35
153.09030973,-27.64885519,25.36
153.09032109,-27.64885834,25.35
153.09032951,-27.64886068,25.34
153.09034370,-27.64886465,25.34
153.09035506,-27.64886780,25.34
153.09037210,-27.64887257,25.35
153.09038913,-27.64887735,25.37
153.09040911,-27.64888293,25.39
153.09042918,-27.64888851,25.40
153.09043497,-27.64889014,25.42
153.09043790,-27.64889095,25.40
153.09046377,-27.64889806,25.39
153.09046670,-27.64889887,25.39
153.09049266,-27.64890608,25.40
153.09050433,-27.64890932,25.41
153.09051010,-27.64891094,25.41
153.09051883,-27.64891337,25.40
153.09052755,-27.64891580,25.41
153.09055401,-27.64892319,25.43
153.09056273,-27.64892562,25.42
153.09057744,-27.64892976,25.45
153.09058616,-27.64893220,25.45
153.09059508,-27.64893463,25.45
153.09062175,-27.64894201,25.45
153.09062753,-27.64894363,25.46
153.09077852,-27.64898904,28.54
153.09086654,-27.64901019,25.73
153.09096754,-27.64893023,25.62
153.09098507,-27.64891262,25.73
153.09098628,-27.64891135,25.76
153.09099145,-27.64890575,25.77
153.09100786,-27.64888434,25.76
153.09105596,-27.64882319,25.56
153.09136513,-27.64853410,22.93
153.09144254,-27.64848205,22.82
153.09145834,-27.64847130,22.86
153.09149401,-27.64844230,22.81
153.09154314,-27.64839839,22.52
153.09155509,-27.64838466,22.43
153.09156755,-27.64836948,22.40
153.09157098,-27.64836054,22.19
153.09161244,-27.64822934,21.61
153.09161305,-27.64822402,21.71
153.09161315,-27.64822311,21.73
153.09161847,-27.64816777,21.42
153.09161926,-27.64814258,21.33
153.09161916,-27.64813951,21.25
153.09161408,-27.64813112,21.25
153.09161104,-27.64812670,21.33
153.09157744,-27.64807075,21.01
153.09158237,-27.64767118,21.05
153.09159786,-27.64764056,20.89
153.09160444,-27.64762864,20.93
153.09162539,-27.64758584,20.94
153.09163205,-27.64755008,20.99
153.09163648,-27.64751523,20.97
153.09163637,-27.64751207,20.98
153.09163576,-27.64750476,20.99
153.09168031,-27.64707203,21.02
153.09169407,-27.64703672,20.94
153.09174312,-27.64676667,21.15
153.09182846,-27.64638384,21.07
153.09184672,-27.64627468,21.60
153.09184974,-27.64625121,21.75
153.09185004,-27.64624877,21.75
153.09185779,-27.64617663,21.80
153.09185543,-27.64613908,21.66
153.09184684,-27.64605197,21.65
153.09184643,-27.64604854,21.66
153.09184347,-27.64602750,21.69
153.09184042,-27.64601324,21.85
153.09183777,-27.64600151,21.72
153.09180867,-27.64575399,21.61
153.09195695,-27.64535080,21.11
153.09199138,-27.64530374,21.29
153.09199755,-27.64528830,21.23
153.09203586,-27.64515872,20.89
153.09213689,-27.64474528,24.73
153.09215722,-27.64467647,21.69
153.09223772,-27.64433029,21.51
153.09227214,-27.64391797,22.76
153.09227042,-27.64391165,22.74
153.09226229,-27.64389324,22.83
153.09219185,-27.64378703,23.08
153.09218616,-27.64377882,23.11
153.09216546,-27.64374977,23.20
153.09216242,-27.64374652,23.20
153.09214922,-27.64373308,23.30
153.09202334,-27.64351884,24.43
153.09205724,-27.64320853,25.34
153.09205846,-27.64320583,25.50
153.09205937,-27.64320276,25.37
153.09220281,-27.64295187,25.45
153.09233267,-27.64283460,25.45
153.09236945,-27.64280975,25.19
153.09243003,-27.64276981,25.02
153.09243885,-27.64276457,24.98
153.09244270,-27.64276213,25.01
153.09244533,-27.64275914,25.01
153.09244695,-27.64275544,25.01
153.09244826,-27.64275210,25.02
153.09244806,-27.64275048,25.03
153.09244277,-27.64272556,25.16
153.09242668,-27.64263241,25.49
153.09241878,-27.64252914,25.72
153.09241878,-27.64252688,25.72
153.09252548,-27.64210684,26.54
153.09295450,-27.64200436,25.88
153.09295977,-27.64200553,25.90
153.09296758,-27.64200733,25.79
153.09297022,-27.64200796,25.77
153.09297803,-27.64200976,25.70
153.09298594,-27.64201156,25.67
153.09299384,-27.64201336,25.65
153.09299912,-27.64201453,25.64
153.09300692,-27.64201633,25.60
153.09302274,-27.64201984,25.59
153.09302791,-27.64202101,25.58
153.09303318,-27.64202218,25.59
153.09303845,-27.64202335,25.58
153.09304373,-27.64202452,25.60
153.09304890,-27.64202569,25.56
153.09305427,-27.64202686,25.61
153.09306735,-27.64202983,25.55
153.09306999,-27.64203046,25.53
153.09307263,-27.64203109,25.50
153.09308581,-27.64203397,25.56
153.09309635,-27.64203640,25.46
153.09310426,-27.64203820,25.46
153.09310953,-27.64203937,25.45
153.09311480,-27.64204054,25.41
153.09312271,-27.64204234,25.40
153.09312809,-27.64204351,25.40
153.09313599,-27.64204531,25.40
153.09314390,-27.64204711,25.36
153.09315192,-27.64204891,25.35
153.09315719,-27.64205008,25.33
153.09316246,-27.64205125,25.36
153.09316773,-27.64205242,25.36
153.09317300,-27.64205359,25.38
153.09317838,-27.64205476,25.39
153.09319156,-27.64205773,25.36
153.09321032,-27.64206187,25.32
153.09321822,-27.64206367,25.27
153.09322096,-27.64206430,25.26
153.09322623,-27.64206547,25.24
153.09323414,-27.64206718,25.33
153.09324215,-27.64206898,25.31
153.09325828,-27.64207267,25.20
153.09326091,-27.64207321,25.22
153.09329041,-27.64207987,25.16
153.09330106,-27.64208221,25.20
153.09331728,-27.64208590,25.10
153.09332266,-27.64208716,25.08
153.09332529,-27.64208779,25.06
153.09333614,-27.64209022,25.03
153.09333888,-27.64209085,25.02
153.09334699,-27.64209265,25.01
153.09335774,-27.64209508,25.00
153.09336859,-27.64209751,24.97
153.09337133,-27.64209814,24.95
153.09338218,-27.64210057,24.95
153.09339029,-27.64210237,24.97
153.09339576,-27.64210364,24.94
153.09340661,-27.64210607,24.90
153.09340935,-27.64210669,24.88
153.09341746,-27.64210850,24.89
153.09342831,-27.64211092,24.89
153.09343926,-27.64211336,24.90
153.09344200,-27.64211399,24.90
153.09344474,-27.64211462,24.86
153.09344747,-27.64211525,24.85
153.09345021,-27.64211588,24.85
153.09345558,-27.64211705,24.86
153.09346927,-27.64212011,24.86
153.09347485,-27.64212137,24.84
153.09348306,-27.64212317,24.83
153.09349665,-27.64212623,24.86
153.09350506,-27.64212812,24.80
153.09350780,-27.64212875,24.83
153.09351338,-27.64213001,24.80
153.09353548,-27.64213496,24.76
153.09354389,-27.64213685,24.71
153.09355201,-27.64213865,24.79
153.09355485,-27.64213928,24.73
153.09356316,-27.64214117,24.74
153.09356874,-27.64214243,24.74
153.09357158,-27.64214306,24.74
153.09357715,-27.64214432,24.73
153.09358567,-27.64214621,24.67
153.09359399,-27.64214810,24.66
153.09359956,-27.64214936,24.66
153.09360514,-27.64215062,24.66
153.09361355,-27.64215251,24.63
153.09361932,-27.64214709,24.67
153.09362085,-27.64214474,24.66
153.09362995,-27.64212505,24.71
153.09376277,-27.64191218,25.00
153.09414673,-27.64186182,25.12
153.09415170,-27.64186280,25.12
153.09417643,-27.64186631,25.40
153.09465656,-27.64178013,24.89
153.09469215,-27.64178516,24.04
153.09475987,-27.64179351,23.99
153.09477691,-27.64179530,24.32
153.09481939,-27.64180024,24.69
153.09482770,-27.64180132,24.60
153.09484453,-27.64180338,24.63
153.09484737,-27.64180374,24.60
153.09485568,-27.64180482,24.54
153.09485852,-27.64180518,24.57
153.09487241,-27.64180688,24.56
153.09491155,-27.64181182,24.38
153.09491996,-27.64181281,24.40
153.09496447,-27.64181847,24.18
153.09497288,-27.64181945,24.25
153.09498687,-27.64182116,24.24
153.09501475,-27.64182457,24.28
153.09502317,-27.64182556,24.36
153.09505105,-27.64182897,24.29
153.09508724,-27.64183391,23.67
153.09509850,-27.64183517,23.79
153.09514311,-27.64184028,24.31
153.09515699,-27.64184199,24.32
153.09515983,-27.64184235,24.31
153.09516267,-27.64184270,24.31
153.09517382,-27.64184405,24.30
153.09521285,-27.64184872,24.51
153.09521569,-27.64184908,24.51
153.09523242,-27.64185105,24.57
153.09526608,-27.64185509,24.67
153.09528281,-27.64185716,24.71
153.09529396,-27.64185850,24.74
153.09530512,-27.64185985,24.79
153.09531637,-27.64186120,24.83
153.09533310,-27.64186317,24.90
153.09535266,-27.64186551,24.97
153.09537233,-27.64186793,24.97
153.09537517,-27.64186829,24.98
153.09538085,-27.64186901,24.97
153.09539494,-27.64187071,24.99
153.09543144,-27.64187511,25.10
153.09545405,-27.64187780,25.20
153.09548507,-27.64188157,25.23
153.09550494,-27.64188400,25.28
153.09555016,-27.64188938,25.47
153.09555310,-27.64188974,25.47
153.09557013,-27.64189181,25.49
153.09557875,-27.64189288,25.45
153.09558159,-27.64189324,25.49
153.09558443,-27.64189360,25.47
153.09560440,-27.64189603,25.53
153.09562731,-27.64189881,25.56
153.09564444,-27.64190087,25.63
153.09567334,-27.64190437,25.68
153.09569047,-27.64190644,25.72
153.09570487,-27.64190814,25.80
153.09574522,-27.64191299,25.95
153.09575110,-27.64191371,25.94
153.09575404,-27.64191407,25.94
153.09578010,-27.64191721,26.05
153.09578304,-27.64191757,26.04
153.09580341,-27.64191999,26.12
153.09580636,-27.64192035,26.11
153.09582095,-27.64192206,26.20
153.09584123,-27.64192448,26.31
153.09584417,-27.64192484,26.33
153.09588259,-27.64192951,26.37
153.09590875,-27.64193247,26.58
153.09595042,-27.64193749,26.68
153.09596867,-27.64193983,26.60
153.09597769,-27.64194091,26.62
153.09599260,-27.64194270,26.66
153.09599858,-27.64194342,26.70
153.09601368,-27.64194522,26.70
153.09602565,-27.64194665,26.79
153.09604390,-27.64194890,26.82
153.09605292,-27.64194997,26.83
153.09605890,-27.64195069,26.89
153.09606499,-27.64195141,26.88
153.09607401,-27.64195249,26.96
153.09609540,-27.64195509,26.97
153.09611689,-27.64195769,27.03
153.09613210,-27.64195949,27.13
153.09614427,-27.64196092,27.21
153.09616880,-27.64196389,27.30
153.09617833,-27.64196505,27.26
153.09620338,-27.64196810,27.31
153.09625609,-27.64197439,27.57
153.09627505,-27.64197663,27.62
153.09628772,-27.64197816,27.66
153.09629077,-27.64197852,27.69
153.09631266,-27.64198112,27.84
153.09632878,-27.64198309,27.84
153.09632644,-27.64197479,27.77
153.09632289,-27.64196983,27.67
153.09642024,-27.64153733,26.69
153.09643696,-27.64152965,26.84
153.09648002,-27.64150506,26.73
153.09648661,-27.64150162,26.90
153.09649755,-27.64149620,26.67
153.09650170,-27.64149376,26.63
153.09653726,-27.64146521,26.70
153.09654030,-27.64146232,26.72
153.09654222,-27.64146006,26.71
153.09654384,-27.64145816,26.70
153.09654506,-27.64145518,26.68
153.09655325,-27.64143297,26.69
153.09655395,-27.64142755,26.61
153.09655385,-27.64142565,26.59
153.09655283,-27.64142249,26.67
153.09655121,-27.64141879,26.61
153.09654603,-27.64140968,26.66
153.09654349,-27.64140652,26.69
153.09653375,-27.64139705,26.54
153.09651712,-27.64138532,26.53
153.09650312,-27.64137604,26.22
153.09649734,-27.64137216,26.24
153.09647614,-27.64136035,26.23
153.09645403,-27.64134646,26.19
153.09640554,-27.64130831,25.95
153.09636293,-27.64127439,25.93
153.09635847,-27.64127096,25.77
153.09625922,-27.64114419,25.71
153.09657410,-27.64081870,25.96
153.09658008,-27.64081951,25.97
153.09658312,-27.64081996,25.95
153.09658606,-27.64082041,25.94
153.09658910,-27.64082086,25.96
153.09659215,-27.64082131,25.96
153.09659509,-27.64082176,25.97
153.09659813,-27.64082221,25.96
153.09660117,-27.64082266,25.96
153.09660411,-27.64082311,25.96
153.09661019,-27.64082400,25.99
153.09661617,-27.64082481,25.99
153.09661922,-27.64082526,25.98
153.09662215,-27.64082571,26.01
153.09662520,-27.64082616,25.99
153.09662824,-27.64082661,25.99
153.09663118,-27.64082706,26.00
153.09663422,-27.64082751,26.00
153.09663726,-27.64082796,26.00
153.09664020,-27.64082841,26.01
153.09664324,-27.64082886,26.01
153.09664628,-27.64082931,26.01
153.09665227,-27.64083011,26.02
153.09665531,-27.64083056,26.01
153.09665825,-27.64083101,26.03
153.09666129,-27.64083146,26.03
153.09666433,-27.64083191,26.04
153.09666727,-27.64083236,26.03
153.09667335,-27.64083326,26.03
153.09667639,-27.64083371,26.04
153.09667944,-27.64083416,26.03
153.09668248,-27.64083461,26.03
153.09670813,-27.64083928,27.19
153.09675670,-27.64084792,29.02
153.09675964,-27.64084837,29.07
153.09676258,-27.64084882,29.11
153.09676856,-27.64084980,29.17
153.09677444,-27.64085070,29.23
153.09677738,-27.64085115,29.28
153.09678022,-27.64085160,29.34
153.09678914,-27.64085304,29.44
153.09679218,-27.64085349,29.46
153.09679512,-27.64085394,29.50
153.09679806,-27.64085439,29.54
153.09680110,-27.64085484,29.60
153.09688860,-27.64086787,29.83
153.09691678,-27.64087037,27.94
153.09695084,-27.64087405,26.36
153.09695399,-27.64087450,26.35
153.09695703,-27.64087495,26.38
153.09696311,-27.64087585,26.39
153.09696940,-27.64087684,26.41
153.09697244,-27.64087729,26.42
153.09697558,-27.64087774,26.43
153.09697862,-27.64087819,26.43
153.09703764,-27.64089114,31.65
153.09704058,-27.64089168,31.72
153.09704666,-27.64089258,31.77
153.09704960,-27.64089303,31.80
153.09705872,-27.64089447,31.88
153.09706176,-27.64089492,31.91
153.09706480,-27.64089537,31.94
153.09706785,-27.64089582,31.97
153.09707687,-27.64089726,32.05
153.09707991,-27.64089770,32.07
153.09708295,-27.64089815,32.08
153.09708600,-27.64089860,32.10
153.09708914,-27.64089905,32.11
153.09709218,-27.64089950,32.10
153.09709532,-27.64089995,32.10
153.09709847,-27.64090040,32.08
153.09710171,-27.64090085,32.07
153.09710485,-27.64090130,32.05
153.09710800,-27.64090175,32.02
153.09711428,-27.64090265,31.97
153.09711742,-27.64090309,31.94
153.09712067,-27.64090354,31.92
153.09712391,-27.64090399,31.89
153.09713030,-27.64090489,31.84
153.09713983,-27.64090615,31.76
153.09714307,-27.64090660,31.73
153.09714632,-27.64090705,31.70
153.09714957,-27.64090750,31.67
153.09715281,-27.64090794,31.62
153.09715625,-27.64090839,31.51
153.09727336,-27.64092619,32.52
153.09731959,-27.64093509,35.03
153.09732892,-27.64093653,35.08
153.09737089,-27.64094327,35.95
153.09751487,-27.64097558,49.61
153.09752835,-27.64097801,50.22
153.09754964,-27.64098133,50.53
153.09755420,-27.64098169,50.21
153.09760114,-27.64097931,39.12
153.09764696,-27.64097693,28.29
153.09767725,-27.64095199,28.41
153.09768059,-27.64094883,28.34
153.09790108,-27.64073752,28.21
153.09790321,-27.64073499,28.15
153.09790443,-27.64073156,28.11
153.09790483,-27.64072876,28.10
153.09794867,-27.64044543,27.84
153.09794958,-27.64043731,27.88
153.09796285,-27.64031254,27.78
153.09796162,-27.64030008,27.80
153.09796111,-27.64029674,27.81
153.09795745,-27.64028356,27.87
153.09795613,-27.64028004,27.86
153.09794952,-27.64026199,27.83
153.09794719,-27.64025802,27.82
153.09794435,-27.64025396,27.83
153.09786265,-27.64003329,27.72
153.09809363,-27.63964827,28.72
153.09810052,-27.63964375,28.73
153.09810245,-27.63964249,28.79
153.09811876,-27.63962731,28.92
153.09812331,-27.63962243,28.90
153.09812726,-27.63961656,28.94
153.09813505,-27.63959588,28.82
153.09815555,-27.63951949,29.10
153.09817847,-27.63918500,30.46
153.09850813,-27.63896078,32.26
153.09851624,-27.63895663,32.28
153.09851695,-27.63895599,32.26
153.09851623,-27.63895491,32.25
153.09831537,-27.63879012,32.48
153.09807104,-27.63853137,32.88
153.09806131,-27.63852497,32.88
153.09805492,-27.63852380,32.86
153.09804823,-27.63852263,32.89
153.09803809,-27.63852083,32.97
153.09802542,-27.63851859,32.92
153.09801842,-27.63851733,33.03
153.09800879,-27.63851562,33.00
153.09795262,-27.63850699,37.58
153.09790223,-27.63849673,33.24
153.09784566,-27.63848802,37.72
153.09783644,-27.63848640,37.72
153.09778564,-27.63847578,32.51
153.09778260,-27.63847524,32.50
153.09777945,-27.63847470,32.51
153.09775806,-27.63847084,32.46
153.09775502,-27.63847030,32.43
153.09774569,-27.63846859,32.43
153.09773961,-27.63846751,32.40
153.09773343,-27.63846643,32.42
153.09773038,-27.63846589,32.44
153.09771812,-27.63846382,32.40
153.09769622,-27.63845996,32.60
153.09768699,-27.63845834,32.63
153.09767199,-27.63845564,32.53
153.09765719,-27.63845294,32.41
153.09764806,-27.63845132,32.39
153.09760203,-27.63844459,37.16
153.09759909,-27.63844405,37.17
153.09759311,-27.63844297,37.16
153.09759007,-27.63844243,37.17
153.09758135,-27.63844090,37.16
153.09757537,-27.63843982,37.16
153.09757243,-27.63843928,37.15
153.09756948,-27.63843874,37.15
153.09752792,-27.63843001,32.39
153.09752234,-27.63842902,32.26
153.09751940,-27.63842848,32.26
153.09751646,-27.63842794,32.24
153.09751352,-27.63842740,32.25
153.09751048,-27.63842686,32.26
153.09750450,-27.63842579,32.27
153.09749851,-27.63842480,32.27
153.09748949,-27.63842318,32.38
153.09748371,-27.63842210,32.28
153.09747520,-27.63842057,32.13
153.09747226,-27.63842003,32.11
153.09746932,-27.63841949,32.14
153.09746628,-27.63841895,32.14
153.09746334,-27.63841841,32.15
153.09745451,-27.63841688,32.14
153.09745158,-27.63841634,32.13
153.09744853,-27.63841580,32.17
153.09744559,-27.63841527,32.18
153.09744265,-27.63841473,32.20
153.09743971,-27.63841428,32.18
153.09739875,-27.63840690,32.09
153.09739591,-27.63840645,32.05
153.09738425,-27.63840438,32.05
153.09737837,-27.63840330,32.05
153.09737260,-27.63840232,32.04
153.09736965,-27.63840178,32.03
153.09736671,-27.63840124,32.01
153.09736094,-27.63840025,32.03
153.09713615,-27.63799867,34.55
153.09713797,-27.63799416,33.99
153.09714058,-27.63797429,34.12
153.09717666,-27.63783723,34.97
153.09717847,-27.63783235,35.00
153.09717898,-27.63782756,35.00
153.09718361,-27.63779100,35.20
153.09718391,-27.63778685,35.21
153.09725441,-27.63738641,37.80
153.09732497,-27.63727848,37.95
153.09732892,-27.63727090,38.12
153.09734531,-27.63723848,38.80
153.09738495,-27.63712840,39.46
153.09738727,-27.63711856,39.53
153.09738788,-27.63711495,39.53
153.09738978,-27.63708705,39.56
153.09747069,-27.63665537,41.91
153.09747100,-27.63665312,41.94
153.09747679,-27.63633191,43.84
153.09747679,-27.63632766,43.83
153.09747667,-27.63631069,43.66
153.09747434,-27.63630519,44.14
153.09745971,-27.63627143,48.01
153.09745778,-27.63626692,47.95
153.09745311,-27.63625844,47.86
153.09747087,-27.63582627,45.38
153.09749922,-27.63579104,45.42
153.09750206,-27.63578697,45.43
153.09753111,-27.63574831,45.47
153.09755703,-27.63571318,45.66
153.09755916,-27.63571038,45.68
153.09761485,-27.63564326,46.66
153.09763531,-27.63561995,46.60
153.09763673,-27.63561806,46.62
153.09763764,-27.63561679,46.63
153.09763895,-27.63561445,46.63
153.09763996,-27.63561047,46.64
153.09764501,-27.63558582,46.72
153.09764521,-27.63558266,46.75
153.09765475,-27.63547459,47.25
153.09765776,-27.63544670,47.31
153.09765816,-27.63544191,47.34
153.09765815,-27.63543559,47.36
153.09765795,-27.63543180,47.37
153.09765691,-27.63539777,47.19
153.09765483,-27.63534351,47.13
153.09780806,-27.63495756,48.82
153.09781585,-27.63494735,48.75
153.09781869,-27.63494365,48.73
153.09782699,-27.63493290,48.85
153.09782841,-27.63493010,48.87
153.09783094,-27.63492441,48.87
153.09783629,-27.63490572,48.87
153.09783821,-27.63489750,48.79
153.09783902,-27.63489353,48.81
153.09783962,-27.63488829,48.82
153.09783808,-27.63486843,48.82
153.09783553,-27.63484911,48.93
153.09783461,-27.63484379,48.89
153.09783248,-27.63483133,48.91
153.09782993,-27.63482420,48.92
153.09781957,-27.63479415,48.90
153.09778035,-27.63435073,48.83
153.09778389,-27.63434025,48.77
153.09798241,-27.63393973,48.53
153.09807366,-27.63384722,48.35
153.09829510,-27.63369025,46.44
153.09830149,-27.63368664,46.36
153.09831891,-27.63367552,46.15
153.09832418,-27.63367046,46.13
153.09833735,-27.63365673,46.69
153.09833927,-27.63365285,46.78
153.09834220,-27.63364662,46.93
153.09834341,-27.63364210,46.97
153.09834654,-27.63362567,47.05
153.09834896,-27.63360797,47.34
153.09835006,-27.63358883,47.55
153.09834646,-27.63353512,47.47
153.09834494,-27.63353025,47.50
153.09833386,-27.63349938,47.50
153.09832949,-27.63348774,47.49
153.09831574,-27.63307455,45.57
153.09837836,-27.63293602,45.08
153.09837968,-27.63293105,45.08
153.09837997,-27.63292708,45.07
153.09837977,-27.63292301,45.11
153.09837599,-27.63289178,45.18
153.09837503,-27.63250341,46.44
153.09846510,-27.63222050,46.91
153.09848351,-27.63217770,46.80
153.09848553,-27.63217291,46.84
153.09848603,-27.63216795,46.82
153.09848813,-27.63213635,47.06
153.09859408,-27.63170565,47.07
153.09857646,-27.63161033,46.97
153.09856771,-27.63157431,46.88
153.09856578,-27.63157143,46.87
153.09854436,-27.63153732,46.76
153.09869775,-27.63112003,44.69
153.09870718,-27.63111506,44.63
153.09871518,-27.63110928,44.59
153.09872278,-27.63110395,44.53
153.09872835,-27.63109979,44.51
153.09874911,-27.63108316,44.31
153.09875387,-27.63107928,44.34
153.09875985,-27.63107359,44.22
153.09877170,-27.63106211,43.97
153.09877311,-27.63105543,44.01
153.09877361,-27.63104875,44.01
153.09877391,-27.63104261,43.99
153.09877259,-27.63103828,43.97
153.09875746,-27.63100507,43.94
153.09872536,-27.63093964,43.76
153.09872222,-27.63093269,43.81
153.09866671,-27.63086430,43.69
153.09863778,-27.63081900,49.23
153.09862072,-27.63078552,43.54
153.09869061,-27.63039394,41.76
153.09876972,-27.63033249,41.00
153.09880549,-27.63031125,40.67
153.09882017,-27.63029499,40.51
153.09882705,-27.63027648,40.44
153.09882814,-27.63025201,40.41
153.09882772,-27.63024064,40.42
153.09882157,-27.63016508,40.70
153.09880861,-27.62994842,41.60
153.09887797,-27.62964603,43.59
153.09888209,-27.62960035,44.26
153.09888249,-27.62959574,44.26
153.09887989,-27.62951991,44.32
153.09887927,-27.62951531,44.30
153.09887724,-27.62950502,44.24
153.09886799,-27.62947406,44.74
153.09886676,-27.62946964,44.77
153.09895323,-27.62902550,47.76
153.09895576,-27.62902188,47.76
153.09897042,-27.62897908,48.02
153.09901935,-27.62883948,48.64
153.09902026,-27.62883614,48.65
153.09902319,-27.62882449,48.61
153.09902995,-27.62878648,49.03
153.09902975,-27.62878377,48.84
153.09902862,-27.62877610,48.90
153.09900661,-27.62853101,49.64
153.09900598,-27.62851097,49.62
153.09907433,-27.62809736,52.50
153.09909153,-27.62805834,52.91
153.09910509,-27.62803026,53.09
153.09911732,-27.62799667,53.30
153.09913743,-27.62793346,53.30
153.09913996,-27.62792524,53.26
153.09914097,-27.62792172,53.24
153.09914753,-27.62788687,53.17
153.09922898,-27.62750701,54.55
153.09925763,-27.62735785,53.89
153.09925904,-27.62734521,53.91
153.09925963,-27.62732842,53.96
153.09925891,-27.62731280,53.96
153.09926462,-27.62689698,52.39
153.09936254,-27.62657191,50.30
153.09936325,-27.62656929,50.28
153.09936406,-27.62656586,50.30
153.09936941,-27.62654220,49.72
153.09936937,-27.62616701,47.12
153.09936724,-27.62615943,46.99
153.09936348,-27.62615545,51.46
153.09935983,-27.62615509,51.61
153.09935335,-27.62615465,51.62
153.09927205,-27.62614902,51.33
153.09925218,-27.62614741,51.67
153.09913957,-27.62614334,46.93
153.09913339,-27.62614289,46.93
153.09911159,-27.62614137,46.98
153.09905554,-27.62613627,48.36
153.09901002,-27.62613206,49.53
153.09899685,-27.62613080,49.97
153.09899087,-27.62613036,49.99
153.09897586,-27.62612937,49.97
153.09896988,-27.62612892,49.96
153.09891150,-27.62612518,49.46
153.09849435,-27.62594744,45.91
153.09848310,-27.62594258,46.00
153.09847691,-27.62594087,46.02
153.09846444,-27.62593744,46.05
153.09845826,-27.62593573,46.08
153.09844903,-27.62593321,46.10
153.09844285,-27.62593150,46.12
153.09843372,-27.62592898,46.13
153.09842449,-27.62592646,46.16
153.09841537,-27.62592394,46.18
153.09840625,-27.62592141,46.20
153.09839408,-27.62591808,46.23
153.09839114,-27.62591727,46.24
153.09838202,-27.62591475,46.28
153.09836691,-27.62591061,46.31
153.09836397,-27.62590980,46.31
153.09836103,-27.62590899,46.32
153.09834896,-27.62590566,46.36
153.09834603,-27.62590485,46.36
153.09834309,-27.62590404,46.38
153.09834015,-27.62590323,46.37
153.09833122,-27.62590079,46.39
153.09831632,-27.62589665,46.44
153.09830466,-27.62589350,46.46
153.09830172,-27.62589269,46.46
153.09829300,-27.62589026,46.47
153.09827830,-27.62588621,46.52
153.09826959,-27.62588378,46.53
153.09826664,-27.62588296,46.54
153.09825519,-27.62587981,46.56
153.09824647,-27.62587738,46.58
153.09823785,-27.62587504,46.59
153.09823491,-27.62587423,46.59
153.09823197,-27.62587342,46.61
153.09822639,-27.62587189,46.61
153.09822062,-27.62587027,46.61
153.09820916,-27.62586712,46.63
153.09820622,-27.62586631,46.64
153.09819780,-27.62586397,46.66
153.09818929,-27.62586163,46.67
153.09818088,-27.62585928,46.68
153.09817236,-27.62585694,46.68
153.09816668,-27.62585541,46.70
153.09816110,-27.62585388,46.71
153.09815269,-27.62585154,46.72
153.09814427,-27.62584920,46.73
153.09813880,-27.62584767,46.73
153.09812471,-27.62584380,46.78
153.09811913,-27.62584226,46.78
153.09811356,-27.62584073,46.79
153.09810808,-27.62583920,46.79
153.09810250,-27.62583767,46.81
153.09809703,-27.62583614,46.81
153.09809145,-27.62583461,46.83
153.09808324,-27.62583236,46.84
153.09807767,-27.62583083,46.84
153.09806955,-27.62582858,46.85
153.09805587,-27.62582480,46.86
153.09805039,-27.62582326,46.86
153.09803407,-27.62581876,46.89
153.09802333,-27.62581579,46.89
153.09801511,-27.62581354,46.91
153.09800426,-27.62581057,46.92
153.09800163,-27.62580985,46.94
153.09799352,-27.62580760,46.93
153.09799098,-27.62580688,46.92
153.09798287,-27.62580463,46.93
153.09798024,-27.62580391,46.93
153.09797760,-27.62580318,46.94
153.09797202,-27.62580165,46.98
153.09796929,-27.62580093,47.03
153.09796087,-27.62579868,47.15
153.09795023,-27.62579571,47.16
153.09794759,-27.62579499,47.16
153.09794496,-27.62579427,47.14
153.09793157,-27.62579058,47.19
153.09792904,-27.62578986,47.19
153.09792367,-27.62578842,47.20
153.09790511,-27.62578328,47.25
153.09790247,-27.62578256,47.26
153.09789984,-27.62578184,47.27
153.09789467,-27.62578040,47.28
153.09788676,-27.62577824,47.30
153.09788159,-27.62577680,47.26
153.09787896,-27.62577608,47.28
153.09787378,-27.62577464,47.26
153.09787115,-27.62577392,47.28
153.09786598,-27.62577248,47.27
153.09785817,-27.62577032,47.30
153.09784509,-27.62576671,47.31
153.09784246,-27.62576599,47.32
153.09783729,-27.62576455,47.33
153.09783212,-27.62576311,47.32
153.09782451,-27.62576104,47.31
153.09781661,-27.62575888,47.34
153.09781143,-27.62575744,47.35
153.09780890,-27.62575672,47.37
153.09780373,-27.62575528,47.38
153.09779349,-27.62575249,47.37
153.09778832,-27.62575105,47.39
153.09778578,-27.62575033,47.40
153.09778315,-27.62574961,47.42
153.09776794,-27.62574537,47.41
153.09775780,-27.62574258,47.38
153.09775517,-27.62574186,47.40
153.09775253,-27.62574114,47.45
153.09774229,-27.62573835,47.48
153.09773976,-27.62573763,47.47
153.09773722,-27.62573691,47.47
153.09743870,-27.62537357,45.78
153.09743840,-27.62536969,45.75
153.09743707,-27.62536265,45.66
153.09746248,-27.62508855,43.69
153.09746328,-27.62508493,43.61
153.09746731,-27.62505207,43.33
153.09749568,-27.62492160,42.32
153.09747804,-27.62492026,42.42
153.09746648,-27.62491936,42.43
153.09745776,-27.62491874,42.45
153.09745199,-27.62491829,42.48
153.09744611,-27.62491784,42.51
153.09744043,-27.62491740,42.52
153.09743465,-27.62491695,42.55
153.09742026,-27.62491596,42.60
153.09741448,-27.62491552,42.60
153.09740597,-27.62491489,42.64
153.09739745,-27.62491427,42.64
153.09736339,-27.62491050,44.31
153.09733775,-27.62490799,45.34
153.09700511,-27.62458358,41.53
153.09700257,-27.62457456,41.58
153.09697843,-27.62455191,41.05
153.09697021,-27.62454596,40.88
153.09673307,-27.62435122,39.23
153.09669287,-27.62428056,38.71
153.09669835,-27.62394391,36.19
153.09685946,-27.62377976,36.09
153.09686372,-27.62377696,35.96
153.09690555,-27.62374967,35.78
153.09691558,-27.62373964,35.83
153.09694089,-27.62371488,35.98
153.09697775,-27.62366692,36.22
153.09697998,-27.62366349,36.24
153.09698938,-27.62364362,36.39
153.09699535,-27.62362836,36.56
153.09699674,-27.62359378,36.38
153.09699601,-27.62358033,36.39
153.09697602,-27.62355091,36.10
153.09703879,-27.62312097,36.61
153.09704800,-27.62311103,36.77
153.09710833,-27.62302215,37.50
153.09711471,-27.62301303,37.53
153.09711582,-27.62301032,37.53
153.09711936,-27.62299913,37.68
153.09717626,-27.62281645,37.71
153.09717756,-27.62279361,37.88
153.09717684,-27.62278531,37.92
153.09717664,-27.62278305,37.89
153.09717207,-27.62276951,38.04
     </coordinates>
    </LineString>
   </MultiGeometry>
  </Placemark>
 </Document>
</kml>
