<kml>
 <Document>
  <Style id="yellow">
   <LineStyle>
   <color>ff00ffff</color>
   <width>1</width>
   </LineStyle>
  </Style>
  <Style id="red">
   <LineStyle>
   <color>ffff0000</color>
   <width>2</width>
   </LineStyle>
  </Style>
  <Style id="green">
   <LineStyle>
   <color>ff00ff00</color>
   <width>1</width>
   </LineStyle>
  </Style>
  <Placemark>
  <styleUrl>#yellow</styleUrl>
   <MultiGeometry>
    <LineString>
     <coordinates>
130.81236900,-13.15958673,215.55
130.81236879,-13.15955817,216.86
130.81236875,-13.15955293,206.60
130.81236871,-13.15954705,206.64
130.81236849,-13.15951822,207.63
130.81236849,-13.15951696,207.61
130.81236803,-13.15945477,206.57
130.81236800,-13.15945188,221.01
130.81236791,-13.15943923,206.50
130.81236772,-13.15941256,206.56
130.81236770,-13.15940976,206.61
130.81236770,-13.15940958,206.43
130.81236762,-13.15939937,206.39
130.81236654,-13.15925223,219.03
130.81236653,-13.15925033,218.91
130.81236651,-13.15924925,206.38
130.81236641,-13.15923461,219.79
130.81236603,-13.15918291,219.43
130.81236589,-13.15916365,206.60
130.81236588,-13.15916302,219.68
130.81236584,-13.15915769,216.88
130.81236550,-13.15911124,219.54
130.81236548,-13.15910753,222.19
130.81236536,-13.15909153,206.51
130.81236533,-13.15908719,206.59
130.81236500,-13.15904282,206.34
130.81236491,-13.15903034,221.84
130.81236481,-13.15901760,222.35
130.81236474,-13.15900748,223.47
130.81236473,-13.15900676,221.82
130.81236449,-13.15897395,206.35
130.81236448,-13.15897169,206.44
130.81236423,-13.15893825,206.52
130.81236422,-13.15893626,206.51
130.81236387,-13.15888926,220.95
130.81236386,-13.15888799,221.36
130.81236356,-13.15884678,206.53
130.81236337,-13.15882193,206.41
130.81236317,-13.15879337,206.49
130.81236310,-13.15878406,206.47
130.81236299,-13.15877005,206.46
130.81236287,-13.15875288,206.29
130.81236282,-13.15874610,206.38
130.81236264,-13.15872233,206.51
130.81236249,-13.15870190,206.51
130.81236136,-13.15854808,206.47
130.81236109,-13.15851165,206.44
130.81236106,-13.15850713,206.51
130.81236080,-13.15847188,220.38
130.81236071,-13.15845995,206.59
130.81236066,-13.15845272,219.06
130.81236020,-13.15838973,218.97
130.81236011,-13.15837852,206.32
130.81235994,-13.15835403,206.30
130.81235967,-13.15831733,206.39
130.81235963,-13.15831218,206.37
130.81235952,-13.15829664,206.66
130.81235915,-13.15824683,206.36
130.81235907,-13.15823671,206.45
130.81235887,-13.15820842,218.92
130.81235867,-13.15818239,221.88
130.81235859,-13.15817118,220.54
130.81235853,-13.15816224,214.33
130.81235849,-13.15815673,220.90
130.81235840,-13.15814588,206.31
130.81235839,-13.15814443,218.01
130.81235757,-13.15803282,206.44
130.81235749,-13.15802170,206.39
130.81235747,-13.15801880,206.36
130.81235731,-13.15799612,206.43
130.81235721,-13.15798374,221.05
130.81235720,-13.15798138,221.46
130.81235712,-13.15797099,206.46
130.81235689,-13.15793972,206.37
130.81235603,-13.15782277,206.27
130.81235574,-13.15778282,206.25
130.81235558,-13.15776167,219.29
130.81235530,-13.15772290,206.26
130.81235490,-13.15766939,206.29
130.81235474,-13.15764671,206.38
130.81235439,-13.15759899,208.06
130.81235430,-13.15758742,207.82
130.81235427,-13.15758299,206.47
130.81235411,-13.15757396,211.90
130.81235361,-13.15756880,226.81
130.81235176,-13.15756791,206.49
130.81234567,-13.15756777,206.48
130.81234032,-13.15756772,206.64
130.81209831,-13.15756934,221.56
130.81208946,-13.15756940,224.22
130.81208928,-13.15756940,206.38
130.81208863,-13.15756941,222.55
130.81201761,-13.15756991,219.91
130.81197491,-13.15757021,206.52
130.81196910,-13.15757025,206.51
130.81196255,-13.15757030,225.13
130.81192898,-13.15757053,206.52
130.81191865,-13.15757061,219.18
130.81188979,-13.15757081,206.46
130.81188453,-13.15757085,206.61
130.81178068,-13.15757158,206.65
130.81177358,-13.15757163,219.29
130.81176722,-13.15757168,206.71
130.81164677,-13.15757253,206.47
130.81162352,-13.15757269,222.08
130.81160231,-13.15757284,223.06
130.81156800,-13.15757308,206.35
130.81154955,-13.15757321,206.37
130.81154070,-13.15757328,206.46
130.81151839,-13.15757343,206.66
130.81151709,-13.15757344,206.58
130.81151036,-13.15757349,206.54
130.81143381,-13.15757403,219.21
130.81143169,-13.15757404,218.29
130.81142938,-13.15757406,213.46
130.81140633,-13.15757422,206.60
130.81140504,-13.15757423,223.76
130.81140070,-13.15757426,224.21
130.81137829,-13.15757442,206.61
130.81133937,-13.15757469,206.45
130.81133052,-13.15757476,221.05
130.81132756,-13.15757478,222.27
130.81129741,-13.15757499,206.45
130.81125895,-13.15757526,206.44
130.81125258,-13.15757531,206.37
130.81121975,-13.15757554,206.47
130.81118231,-13.15757580,206.58
130.81117244,-13.15757587,206.54
130.81116617,-13.15757592,206.74
130.81116174,-13.15757595,219.58
130.81114947,-13.15757603,206.44
130.81110963,-13.15757631,206.55
130.81109330,-13.15757643,225.79
130.81108878,-13.15757646,225.93
130.81108168,-13.15757651,206.50
130.81108076,-13.15757652,206.88
130.81107117,-13.15757659,206.50
130.81104839,-13.15757675,224.80
130.81101178,-13.15757700,206.68
130.81100117,-13.15757708,206.54
130.81097239,-13.15757728,206.47
130.81096769,-13.15757732,206.51
130.81090959,-13.15757773,206.42
130.81090414,-13.15757776,206.28
130.81088930,-13.15757787,206.47
130.81088754,-13.15757788,206.34
130.81087002,-13.15757801,207.19
130.81079965,-13.15757850,206.37
130.81074293,-13.15757890,206.40
130.81074063,-13.15757892,223.72
130.81073214,-13.15757898,207.53
130.81072864,-13.15757900,206.35
130.81069193,-13.15757926,219.50
130.81068852,-13.15757928,222.29
130.81066804,-13.15757943,222.57
130.81064416,-13.15757960,207.32
130.81063115,-13.15757969,206.21
130.81060653,-13.15757986,206.36
130.81057480,-13.15758008,221.20
130.81057019,-13.15758012,208.47
130.81055340,-13.15758024,207.66
130.81052943,-13.15758041,219.92
130.81052758,-13.15758042,206.28
130.81049207,-13.15758067,206.33
130.81047547,-13.15758079,206.25
130.81044955,-13.15758097,218.90
130.81043461,-13.15758108,206.25
130.81036821,-13.15758154,206.33
130.81034451,-13.15758171,206.37
130.81034257,-13.15758172,210.68
130.81029286,-13.15758207,206.39
130.81022046,-13.15758258,206.33
130.81020579,-13.15758269,206.26
130.81017121,-13.15758293,206.28
130.81004633,-13.15758381,206.24
130.81004246,-13.15758384,222.13
130.81001848,-13.15758401,206.93
130.81001092,-13.15758406,206.21
130.80993363,-13.15758461,206.25
130.80985090,-13.15758519,217.26
130.80980903,-13.15758549,217.78
130.80979492,-13.15758558,206.25
130.80978385,-13.15758566,206.25
130.80977048,-13.15758576,206.25
130.80965335,-13.15758658,206.32
130.80959239,-13.15758701,206.21
130.80957597,-13.15758713,206.37
130.80957283,-13.15758715,214.12
130.80950514,-13.15758763,207.49
130.80948826,-13.15758775,207.15
130.80947323,-13.15758785,206.33
130.80945165,-13.15758800,206.30
130.80944242,-13.15758807,206.45
130.80923279,-13.15758955,206.12
130.80922283,-13.15758962,206.10
130.80915873,-13.15759007,206.14
130.80907785,-13.15759064,206.16
130.80906789,-13.15759071,206.08
130.80895832,-13.15759148,206.07
130.80894504,-13.15759157,206.16
130.80875883,-13.15759289,206.12
130.80869307,-13.15759335,205.94
130.80867195,-13.15759350,205.97
130.80864179,-13.15759371,205.99
130.80858738,-13.15759409,212.07
130.80855787,-13.15759430,205.92
130.80853471,-13.15759446,205.95
130.80848768,-13.15759480,206.06
130.80847984,-13.15759485,205.95
130.80847707,-13.15759487,215.55
130.80847052,-13.15759492,217.61
130.80844830,-13.15759507,206.08
130.80836428,-13.15759566,206.25
130.80832711,-13.15759592,206.15
130.80829686,-13.15759614,205.97
130.80824364,-13.15759651,205.93
130.80822852,-13.15759662,205.96
130.80820297,-13.15759680,205.86
130.80814911,-13.15759718,209.39
130.80814644,-13.15759720,206.21
130.80812374,-13.15759736,205.92
130.80786219,-13.15759920,206.38
130.80785979,-13.15759922,205.82
130.80783765,-13.15759937,205.84
130.80777872,-13.15759979,206.31
130.80770927,-13.15760028,205.86
130.80766593,-13.15760058,205.87
130.80764822,-13.15760071,210.07
130.80758809,-13.15760113,207.34
130.80752030,-13.15760161,205.72
130.80750342,-13.15760173,206.81
130.80749798,-13.15760177,206.53
130.80747944,-13.15760190,205.43
130.80746450,-13.15760200,206.98
130.80741922,-13.15760232,205.35
130.80737033,-13.15760266,205.65
130.80735115,-13.15760280,205.33
130.80728706,-13.15760325,205.30
130.80727866,-13.15760331,205.49
130.80724915,-13.15760352,205.59
130.80717795,-13.15760402,212.34
130.80716753,-13.15760409,207.03
130.80715489,-13.15760418,205.23
130.80714410,-13.15760425,205.23
130.80711357,-13.15760447,205.22
130.80709310,-13.15760462,205.18
130.80704791,-13.15760493,206.54
130.80704523,-13.15760495,205.48
130.80701212,-13.15760519,205.27
130.80700013,-13.15760527,205.10
130.80698030,-13.15760541,205.53
130.80697754,-13.15760543,205.90
130.80697126,-13.15760547,205.06
130.80691473,-13.15760587,205.65
130.80685423,-13.15760630,205.27
130.80683615,-13.15760642,204.96
130.80682351,-13.15760651,205.07
130.80680941,-13.15760661,204.94
130.80677381,-13.15760686,205.11
130.80672308,-13.15760722,204.89
130.80672151,-13.15760723,204.84
130.80671782,-13.15760725,205.45
130.80671773,-13.15760726,205.18
130.80670289,-13.15760736,205.10
130.80668370,-13.15760750,204.91
130.80666203,-13.15760765,205.36
130.80656675,-13.15760832,205.07
130.80656436,-13.15760833,204.70
130.80654001,-13.15760851,205.03
130.80642887,-13.15760929,204.85
130.80639419,-13.15760953,205.33
130.80639272,-13.15760954,204.93
130.80638728,-13.15760958,205.17
130.80632918,-13.15760999,204.64
130.80629136,-13.15761026,204.75
130.80624801,-13.15761056,204.65
130.80619581,-13.15761093,204.69
130.80617008,-13.15761111,204.81
130.80610727,-13.15761155,204.79
130.80601348,-13.15761221,207.76
130.80600195,-13.15761229,212.09
130.80597815,-13.15761246,204.85
130.80594901,-13.15761266,204.84
130.80591765,-13.15761289,204.70
130.80588879,-13.15761309,204.99
130.80579923,-13.15761372,205.87
130.80574288,-13.15761412,204.64
130.80570728,-13.15761437,204.77
130.80568459,-13.15761453,204.67
130.80566375,-13.15761467,204.69
130.80557456,-13.15761530,204.57
130.80555621,-13.15761543,204.55
130.80554938,-13.15761548,204.68
130.80552171,-13.15761567,204.54
130.80544249,-13.15761623,204.69
130.80541196,-13.15761644,205.46
130.80540920,-13.15761646,204.65
130.80534897,-13.15761688,204.58
130.80534095,-13.15761694,204.55
130.80532877,-13.15761702,204.36
130.80530314,-13.15761721,204.60
130.80524734,-13.15761760,204.46
130.80522041,-13.15761779,204.53
130.80520933,-13.15761787,205.38
130.80512449,-13.15761846,204.37
130.80502497,-13.15761916,205.10
130.80501796,-13.15761921,204.29
130.80493846,-13.15761977,204.10
130.80490775,-13.15761999,204.10
130.80487160,-13.15762024,204.09
130.80483453,-13.15762050,205.46
130.80481312,-13.15762065,204.00
130.80475834,-13.15762104,203.95
130.80472717,-13.15762125,203.94
130.80471628,-13.15762133,203.89
130.80464315,-13.15762185,203.81
130.80464121,-13.15762186,203.80
130.80453681,-13.15762259,203.65
130.80449217,-13.15762291,203.58
130.80447963,-13.15762299,203.59
130.80444541,-13.15762324,203.58
130.80443693,-13.15762329,203.57
130.80440787,-13.15762350,204.86
130.80440059,-13.15762355,205.54
130.80438980,-13.15762363,204.45
130.80435410,-13.15762388,203.45
130.80433621,-13.15762400,203.44
130.80428318,-13.15762437,203.39
130.80425616,-13.15762456,203.35
130.80421032,-13.15762489,203.35
130.80420027,-13.15762496,204.42
130.80419713,-13.15762498,203.35
130.80418155,-13.15762509,203.38
130.80417693,-13.15762512,205.36
130.80417297,-13.15762515,203.33
130.80416319,-13.15762522,203.32
130.80414502,-13.15762535,205.95
130.80413543,-13.15762541,203.30
130.80412686,-13.15762547,203.29
130.80408591,-13.15762576,203.28
130.80402356,-13.15762620,206.14
130.80402171,-13.15762621,206.21
130.80396739,-13.15762660,203.32
130.80384694,-13.15762744,203.25
130.80382859,-13.15762757,203.37
130.80375923,-13.15762806,203.24
130.80372908,-13.15762827,203.30
130.80370113,-13.15762847,206.88
130.80365585,-13.15762878,203.25
130.80363491,-13.15762893,203.50
130.80360908,-13.15762911,203.29
130.80360558,-13.15762914,203.26
130.80355218,-13.15762951,203.29
130.80346991,-13.15763009,203.40
130.80343413,-13.15763034,203.47
130.80339410,-13.15763062,203.37
130.80336108,-13.15763085,203.44
130.80333037,-13.15763107,203.55
130.80330501,-13.15763125,203.52
130.80324718,-13.15763165,203.56
130.80324266,-13.15763168,203.52
130.80319258,-13.15763204,203.87
130.80313780,-13.15763242,203.50
130.80311852,-13.15763256,203.45
130.80309768,-13.15763270,203.31
130.80309279,-13.15763274,203.30
130.80302593,-13.15763321,203.32
130.80288998,-13.15763416,203.39
130.80286001,-13.15763437,203.46
130.80282680,-13.15763460,207.80
130.80279858,-13.15763480,203.23
130.80274721,-13.15763516,203.22
130.80270691,-13.15763545,205.94
130.80270045,-13.15763549,206.55
130.80269888,-13.15763550,205.75
130.80269501,-13.15763553,210.27
130.80269298,-13.15763554,209.44
130.80262040,-13.15763605,208.29
130.80256865,-13.15763642,207.68
130.80252937,-13.15763669,203.36
130.80252411,-13.15763673,203.55
130.80252171,-13.15763675,203.38
130.80248630,-13.15763700,203.28
130.80241501,-13.15763750,203.49
130.80227666,-13.15763847,203.23
130.80212679,-13.15763952,203.27
130.80208566,-13.15763981,203.45
130.80201390,-13.15764031,207.34
130.80200505,-13.15764038,207.34
130.80191817,-13.15764098,203.47
130.80187584,-13.15764128,203.46
130.80182207,-13.15764166,203.30
130.80176941,-13.15764203,203.40
130.80173049,-13.15764230,203.45
130.80172809,-13.15764232,204.17
130.80172154,-13.15764236,203.44
130.80161944,-13.15764308,203.42
130.80157942,-13.15764336,203.27
130.80156281,-13.15764348,203.35
130.80151642,-13.15764380,203.37
130.80148746,-13.15764401,203.29
130.80140280,-13.15764460,203.82
130.80134432,-13.15764501,203.43
130.80124389,-13.15764571,203.30
130.80122738,-13.15764583,203.41
130.80121364,-13.15764593,203.20
130.80115692,-13.15764632,203.33
130.80110628,-13.15764668,203.28
130.80108470,-13.15764683,203.37
130.80101230,-13.15764734,203.37
130.80101110,-13.15764735,203.47
130.80098805,-13.15764751,208.81
130.80098067,-13.15764756,203.38
130.80097956,-13.15764757,203.41
130.80096702,-13.15764766,211.82
130.80095779,-13.15764772,210.02
130.80095632,-13.15764773,210.17
130.80095143,-13.15764777,210.62
130.80092542,-13.15764795,203.41
130.80089370,-13.15764817,203.40
130.80088152,-13.15764826,203.38
130.80086335,-13.15764838,212.22
130.80086040,-13.15764840,203.35
130.80085847,-13.15764842,203.35
130.80085063,-13.15764847,211.01
130.80084251,-13.15764853,203.36
130.80083587,-13.15764858,210.78
130.80082480,-13.15764865,203.60
130.80081752,-13.15764870,203.57
130.80078745,-13.15764892,203.66
130.80075277,-13.15764916,203.59
130.80073377,-13.15764929,203.57
130.80073266,-13.15764930,203.67
130.80070038,-13.15764953,203.56
130.80066267,-13.15764979,203.58
130.80064975,-13.15764988,206.76
130.80061000,-13.15765016,203.59
130.80060640,-13.15765019,208.30
130.80058556,-13.15765033,203.61
130.80058132,-13.15765036,208.51
130.80058003,-13.15765037,207.18
130.80053198,-13.15765071,207.87
130.80051574,-13.15765082,208.86
130.80049555,-13.15765096,207.16
130.80048807,-13.15765101,206.76
130.80045349,-13.15765126,203.64
130.80043016,-13.15765142,203.84
130.80040110,-13.15765163,203.73
130.80037288,-13.15765182,203.71
130.80036753,-13.15765186,210.63
130.80033359,-13.15765210,209.72
130.80020586,-13.15765299,204.37
130.80017514,-13.15765321,204.50
130.80015956,-13.15765332,205.13
130.80013493,-13.15765349,204.88
130.80008079,-13.15765387,211.11
130.80003662,-13.15765418,205.24
130.80001937,-13.15765430,205.33
130.79996090,-13.15765471,208.52
130.79995795,-13.15765473,208.18
130.79994826,-13.15765480,205.33
130.79991847,-13.15765501,211.66
130.79989920,-13.15765515,205.51
130.79989311,-13.15765519,210.79
130.79988896,-13.15765522,205.50
130.79987854,-13.15765529,206.16
130.79987605,-13.15765531,205.37
130.79985788,-13.15765543,205.65
130.79980881,-13.15765578,205.45
130.79977211,-13.15765604,206.78
130.79976473,-13.15765609,216.55
130.79969362,-13.15765658,211.37
130.79969067,-13.15765661,211.19
130.79967674,-13.15765670,213.04
130.79962519,-13.15765706,206.67
130.79962177,-13.15765709,205.56
130.79959549,-13.15765727,205.61
130.79958645,-13.15765734,205.74
130.79954273,-13.15765764,206.66
130.79949708,-13.15765796,205.56
130.79948693,-13.15765803,205.55
130.79947209,-13.15765814,214.37
130.79943694,-13.15765838,205.58
130.79942311,-13.15765848,210.63
130.79937220,-13.15765884,205.59
130.79936215,-13.15765891,212.71
130.79935385,-13.15765897,205.96
130.79930903,-13.15765928,205.84
130.79925286,-13.15765968,205.72
130.79921173,-13.15765996,211.34
130.79920103,-13.15766004,213.50
130.79919420,-13.15766009,205.65
130.79918747,-13.15766013,205.71
130.79917668,-13.15766021,209.88
130.79913656,-13.15766049,212.67
130.79909543,-13.15766078,205.61
130.79907172,-13.15766094,205.61
130.79905420,-13.15766107,208.04
130.79899646,-13.15766147,211.71
130.79898401,-13.15766156,212.30
130.79895468,-13.15766176,208.02
130.79894795,-13.15766181,205.76
130.79894482,-13.15766183,210.89
130.79893513,-13.15766190,211.46
130.79893200,-13.15766192,210.45
130.79890986,-13.15766208,213.04
130.79889594,-13.15766218,206.61
130.79887823,-13.15766230,206.51
130.79887564,-13.15766232,205.72
130.79886808,-13.15766237,206.15
130.79882972,-13.15766264,205.65
130.79879107,-13.15766291,205.79
130.79858789,-13.15766433,205.85
130.79856013,-13.15766453,205.82
130.79853606,-13.15766470,205.89
130.79852462,-13.15766478,205.88
130.79847150,-13.15766515,211.23
130.79845388,-13.15766527,210.06
130.79843387,-13.15766541,205.83
130.79831738,-13.15766623,205.66
130.79825522,-13.15766666,217.36
130.79821049,-13.15766698,211.52
130.79817757,-13.15766721,205.91
130.79815008,-13.15766740,212.09
130.79811088,-13.15766767,213.93
130.79809908,-13.15766776,216.14
130.79808497,-13.15766786,210.50
130.79798490,-13.15766856,207.04
130.79793805,-13.15766888,209.30
130.79787109,-13.15766935,207.90
130.79786390,-13.15766940,222.07
130.79786067,-13.15766942,208.61
130.79785735,-13.15766945,209.78
130.79780247,-13.15766983,205.98
130.79777803,-13.15767001,205.86
130.79775267,-13.15767018,206.77
130.79771126,-13.15767047,206.01
130.79769466,-13.15767059,208.86
130.79755410,-13.15767157,206.10
130.79754220,-13.15767166,206.06
130.79752736,-13.15767176,206.07
130.79747524,-13.15767213,206.14
130.79747423,-13.15767213,205.97
130.79747119,-13.15767215,210.69
130.79742876,-13.15767245,206.31
130.79738698,-13.15767274,206.02
130.79735553,-13.15767296,212.63
130.79735037,-13.15767300,211.46
130.79732869,-13.15767315,206.17
130.79728387,-13.15767346,206.71
130.79727677,-13.15767352,208.69
130.79727428,-13.15767353,206.35
130.79721534,-13.15767394,206.20
130.79719865,-13.15767406,206.20
130.79717689,-13.15767421,206.42
130.79712948,-13.15767454,206.34
130.79712911,-13.15767455,206.26
130.79710329,-13.15767473,206.49
130.79709489,-13.15767479,206.58
130.79709342,-13.15767480,220.64
130.79703089,-13.15767524,206.37
130.79696568,-13.15767569,206.64
130.79695655,-13.15767575,206.47
130.79689946,-13.15767616,206.57
130.79685104,-13.15767649,206.90
130.79684901,-13.15767651,206.49
130.79680530,-13.15767681,206.52
130.79678713,-13.15767694,207.35
130.79677984,-13.15767699,206.60
130.79676748,-13.15767708,206.55
130.79675521,-13.15767716,206.55
130.79674064,-13.15767727,216.75
130.79670523,-13.15767751,219.06
130.79669785,-13.15767756,206.64
130.79667996,-13.15767769,206.68
130.79667839,-13.15767770,206.72
130.79667341,-13.15767774,219.14
130.79666004,-13.15767783,216.69
130.79664602,-13.15767793,218.05
130.79663043,-13.15767804,219.56
130.79659132,-13.15767831,214.53
130.79658367,-13.15767837,206.70
130.79655849,-13.15767854,206.77
130.79654549,-13.15767863,206.72
130.79649181,-13.15767901,206.76
130.79647530,-13.15767912,206.75
130.79642596,-13.15767947,213.38
130.79641877,-13.15767952,206.87
130.79640161,-13.15767964,206.85
130.79631547,-13.15768024,206.96
130.79626714,-13.15768058,219.72
130.79625690,-13.15768065,223.74
130.79623339,-13.15768082,207.18
130.79615075,-13.15768139,207.05
130.79613701,-13.15768149,207.67
130.79610417,-13.15768172,207.15
130.79603426,-13.15768221,207.30
130.79601822,-13.15768232,207.19
130.79601591,-13.15768234,210.64
130.79601277,-13.15768236,207.27
130.79598557,-13.15768255,207.16
130.79596399,-13.15768270,207.25
130.79595347,-13.15768277,223.81
130.79592525,-13.15768297,217.92
130.79591012,-13.15768308,223.31
130.79588863,-13.15768323,207.50
130.79587185,-13.15768334,218.08
130.79587037,-13.15768335,207.30
130.79584907,-13.15768350,221.62
130.79583404,-13.15768361,221.51
130.79573646,-13.15768429,207.72
130.79566904,-13.15768476,207.36
130.79560752,-13.15768519,207.43
130.79553937,-13.15768567,207.49
130.79553660,-13.15768569,207.64
130.79550764,-13.15768589,222.37
130.79549989,-13.15768595,207.53
130.79546743,-13.15768617,207.49
130.79539161,-13.15768670,209.71
130.79537086,-13.15768685,219.72
130.79535214,-13.15768698,219.15
130.79534356,-13.15768704,217.61
130.79525788,-13.15768764,207.68
130.79522320,-13.15768788,207.76
130.79520854,-13.15768798,207.69
130.79516657,-13.15768827,207.89
130.79514075,-13.15768846,207.80
130.79509252,-13.15768879,207.80
130.79501523,-13.15768933,207.82
130.79500259,-13.15768942,208.73
130.79487633,-13.15769031,213.79
130.79483658,-13.15769058,207.86
130.79483354,-13.15769060,207.98
130.79480107,-13.15769083,213.59
130.79480089,-13.15769083,207.90
130.79475367,-13.15769116,213.01
130.79474989,-13.15769119,207.89
130.79462962,-13.15769203,208.03
130.79460527,-13.15769220,208.05
130.79457244,-13.15769243,207.98
130.79454809,-13.15769260,208.02
130.79453204,-13.15769271,208.04
130.79453121,-13.15769272,208.05
130.79450124,-13.15769293,208.12
130.79447145,-13.15769314,208.73
130.79444913,-13.15769329,208.20
130.79439462,-13.15769367,209.81
130.79438973,-13.15769371,208.12
130.79438918,-13.15769371,213.80
130.79434371,-13.15769403,224.88
130.79432222,-13.15769418,207.98
130.79430461,-13.15769430,208.07
130.79429972,-13.15769434,208.03
130.79429796,-13.15769435,208.24
130.79426209,-13.15769460,208.23
130.79424761,-13.15769470,208.16
130.79423857,-13.15769476,208.07
130.79414367,-13.15769543,209.16
130.79414265,-13.15769543,208.16
130.79409626,-13.15769576,208.36
130.79400348,-13.15769640,208.24
130.79399905,-13.15769644,221.29
130.79398254,-13.15769655,208.17
130.79393818,-13.15769686,208.27
130.79391614,-13.15769701,208.31
130.79387251,-13.15769732,208.18
130.79385619,-13.15769744,222.17
130.79384752,-13.15769749,218.56
130.79383101,-13.15769761,209.32
130.79382926,-13.15769762,221.82
130.79374644,-13.15769820,208.28
130.79374099,-13.15769824,208.26
130.79373500,-13.15769828,208.31
130.79372107,-13.15769838,208.25
130.79369802,-13.15769854,208.33
130.79369055,-13.15769859,210.52
130.79368972,-13.15769860,210.46
130.79368750,-13.15769861,210.27
130.79367053,-13.15769873,208.48
130.79365282,-13.15769885,208.30
130.79363964,-13.15769895,208.49
130.79363733,-13.15769896,208.35
130.79362414,-13.15769906,217.82
130.79360929,-13.15769916,226.95
130.79360118,-13.15769922,208.36
130.79359758,-13.15769924,226.16
130.79358153,-13.15769935,229.40
130.79352896,-13.15769972,225.19
130.79352094,-13.15769977,224.31
130.79351134,-13.15769984,224.58
130.79348321,-13.15770004,212.50
130.79347888,-13.15770007,212.04
130.79347252,-13.15770011,211.31
130.79345416,-13.15770024,208.49
130.79345093,-13.15770027,208.97
130.79344678,-13.15770029,208.42
130.79343055,-13.15770041,211.10
130.79338813,-13.15770070,208.59
130.79333611,-13.15770107,210.40
130.79333316,-13.15770109,208.49
130.79332679,-13.15770113,208.59
130.79330650,-13.15770127,208.48
130.79326334,-13.15770157,209.59
130.79325652,-13.15770162,225.44
130.79316180,-13.15770229,208.51
130.79314750,-13.15770239,209.33
130.79309622,-13.15770274,216.31
130.79309364,-13.15770276,208.57
130.79306385,-13.15770297,208.72
130.79306247,-13.15770298,208.59
130.79299625,-13.15770344,221.34
130.79299366,-13.15770346,208.59
130.79299164,-13.15770347,225.45
130.79298592,-13.15770351,208.58
130.79296932,-13.15770363,221.91
130.79296701,-13.15770365,208.61
130.79288133,-13.15770424,208.72
130.79285873,-13.15770440,208.64
130.79284158,-13.15770452,210.66
130.79282885,-13.15770461,208.72
130.79279463,-13.15770485,208.66
130.79276577,-13.15770505,208.82
130.79265426,-13.15770583,208.89
130.79264928,-13.15770586,221.08
130.79263388,-13.15770597,227.22
130.79260916,-13.15770615,208.74
130.79259948,-13.15770621,221.63
130.79256655,-13.15770644,224.47
130.79252210,-13.15770675,227.27
130.79238661,-13.15770770,210.68
130.79236300,-13.15770786,210.19
130.79233552,-13.15770805,208.80
130.79225519,-13.15770861,208.92
130.79216729,-13.15770923,225.71
130.79205081,-13.15771004,208.98
130.79183398,-13.15771155,210.03
130.79182162,-13.15771164,209.14
130.79181304,-13.15771170,218.08
130.79180972,-13.15771172,209.02
130.79179791,-13.15771181,209.12
130.79172791,-13.15771230,222.27
130.79165081,-13.15771283,209.14
130.79162840,-13.15771299,209.07
130.79154530,-13.15771357,209.26
130.79153248,-13.15771366,209.16
130.79139395,-13.15771462,215.13
130.79139312,-13.15771463,209.13
130.79134396,-13.15771497,225.45
130.79126538,-13.15771552,210.81
130.79126096,-13.15771555,209.44
130.79123347,-13.15771575,209.23
130.79121023,-13.15771591,209.41
130.79117860,-13.15771613,224.02
130.79114521,-13.15771636,209.32
130.79112215,-13.15771652,225.01
130.79098805,-13.15771746,209.49
130.79091178,-13.15771799,209.42
130.79086797,-13.15771829,209.38
130.79085137,-13.15771841,209.43
130.79083449,-13.15771853,221.70
130.79081116,-13.15771869,221.08
130.79078782,-13.15771885,209.42
130.79075305,-13.15771909,224.19
130.79072566,-13.15771929,209.49
130.79069735,-13.15771949,209.46
130.79066894,-13.15771968,210.45
130.79066544,-13.15771971,209.42
130.79064164,-13.15771987,221.86
130.79063094,-13.15771995,209.46
130.79062218,-13.15772001,223.93
130.79061831,-13.15772004,224.37
130.79059894,-13.15772017,209.51
130.79058510,-13.15772027,210.80
130.79051695,-13.15772074,209.67
130.79044482,-13.15772124,209.55
130.79043394,-13.15772132,209.54
130.79039106,-13.15772162,209.61
130.79034291,-13.15772196,216.61
130.79028518,-13.15772236,209.50
130.79027697,-13.15772242,209.54
130.79025640,-13.15772256,209.56
130.79016445,-13.15772320,209.63
130.79015513,-13.15772327,209.55
130.79006419,-13.15772390,216.34
130.79003413,-13.15772411,216.37
130.78999742,-13.15772437,209.66
130.78996754,-13.15772457,221.17
130.78990787,-13.15772499,209.58
130.78981518,-13.15772564,209.68
130.78980355,-13.15772571,209.63
130.78979129,-13.15772580,209.61
130.78971963,-13.15772630,209.61
130.78968919,-13.15772651,209.81
130.78964354,-13.15772683,225.86
130.78960895,-13.15772707,209.88
130.78956819,-13.15772736,210.00
130.78950455,-13.15772780,209.77
130.78947780,-13.15772799,209.69
130.78935062,-13.15772887,209.74
130.78932489,-13.15772905,209.75
130.78929731,-13.15772925,209.72
130.78924797,-13.15772959,223.84
130.78923192,-13.15772970,209.77
130.78920527,-13.15772989,225.11
130.78917105,-13.15773012,209.82
130.78914670,-13.15773029,209.73
130.78909321,-13.15773066,227.69
130.78907928,-13.15773076,209.86
130.78905807,-13.15773091,226.82
130.78903953,-13.15773104,209.90
130.78902745,-13.15773112,226.91
130.78902551,-13.15773114,220.94
130.78896233,-13.15773158,212.50
130.78895551,-13.15773163,212.41
130.78893559,-13.15773176,209.88
130.78890552,-13.15773197,209.89
130.78883312,-13.15773248,209.86
130.78882888,-13.15773251,209.90
130.78879946,-13.15773271,210.75
130.78873084,-13.15773319,209.88
130.78868703,-13.15773350,209.80
130.78866001,-13.15773369,209.87
130.78864295,-13.15773380,212.48
130.78857304,-13.15773429,209.93
130.78850931,-13.15773473,209.92
130.78849999,-13.15773480,209.97
130.78847988,-13.15773494,224.10
130.78843395,-13.15773526,210.42
130.78841781,-13.15773537,209.91
130.78840361,-13.15773547,210.05
130.78837677,-13.15773566,209.90
130.78829828,-13.15773620,210.02
130.78825687,-13.15773649,209.97
130.78825613,-13.15773650,223.14
130.78824848,-13.15773655,221.24
130.78824590,-13.15773657,222.75
130.78822810,-13.15773669,222.08
130.78817064,-13.15773709,209.97
130.78810387,-13.15773756,209.98
130.78810340,-13.15773756,209.96
130.78803396,-13.15773804,210.03
130.78792789,-13.15773878,211.25
130.78791443,-13.15773888,210.03
130.78790566,-13.15773894,209.98
130.78789285,-13.15773903,210.10
130.78782109,-13.15773953,209.98
130.78779868,-13.15773968,210.02
130.78776335,-13.15773993,210.10
130.78775976,-13.15773996,210.83
130.78766734,-13.15774060,210.07
130.78761809,-13.15774094,210.07
130.78758452,-13.15774117,209.99
130.78756257,-13.15774133,210.05
130.78753472,-13.15774152,210.16
130.78752826,-13.15774157,210.08
130.78749294,-13.15774181,210.15
130.78747246,-13.15774196,210.02
130.78747201,-13.15774196,211.08
130.78745439,-13.15774208,210.06
130.78737959,-13.15774260,219.49
130.78736013,-13.15774273,210.11
130.78734989,-13.15774281,210.15
130.78732407,-13.15774299,210.06
130.78729917,-13.15774316,220.90
130.78714062,-13.15774427,210.06
130.78710318,-13.15774453,210.15
130.78707348,-13.15774473,218.97
130.78701012,-13.15774517,210.16
130.78699629,-13.15774527,211.74
130.78697507,-13.15774542,225.25
130.78695423,-13.15774556,210.22
130.78692822,-13.15774574,225.91
130.78690203,-13.15774592,210.42
130.78683119,-13.15774642,210.13
130.78681487,-13.15774653,210.12
130.78679476,-13.15774667,210.18
130.78655644,-13.15774833,213.44
130.78652259,-13.15774856,210.29
130.78648939,-13.15774880,219.44
130.78648303,-13.15774884,221.88
130.78642612,-13.15774924,210.24
130.78642502,-13.15774924,221.19
130.78640906,-13.15774935,221.42
130.78626869,-13.15775033,210.30
130.78624794,-13.15775048,210.52
130.78612555,-13.15775133,226.73
130.78606818,-13.15775173,220.82
130.78602465,-13.15775203,210.34
130.78600362,-13.15775217,210.44
130.78597300,-13.15775239,210.50
130.78593085,-13.15775268,210.46
130.78592458,-13.15775273,214.54
130.78591388,-13.15775280,215.81
130.78577111,-13.15775379,210.58
130.78574750,-13.15775396,210.48
130.78566302,-13.15775454,210.59
130.78564107,-13.15775470,210.56
130.78556258,-13.15775524,210.47
130.78553648,-13.15775542,210.46
130.78550236,-13.15775566,211.42
130.78540930,-13.15775631,210.52
130.78537240,-13.15775657,210.54
130.78535451,-13.15775669,225.44
130.78533662,-13.15775681,212.91
130.78533551,-13.15775682,212.64
130.78527852,-13.15775722,210.57
130.78526782,-13.15775729,210.68
130.78523886,-13.15775749,210.62
130.78522152,-13.15775761,210.70
130.78521073,-13.15775769,210.68
130.78518278,-13.15775789,210.83
130.78513814,-13.15775819,219.61
130.78513288,-13.15775823,223.15
130.78513095,-13.15775824,210.87
130.78512643,-13.15775828,210.66
130.78508769,-13.15775855,210.72
130.78505403,-13.15775878,220.91
130.78504444,-13.15775885,210.80
130.78504066,-13.15775887,210.77
130.78501788,-13.15775903,210.76
130.78496623,-13.15775939,210.73
130.78496005,-13.15775943,210.76
130.78489632,-13.15775987,210.74
130.78488802,-13.15775993,210.79
130.78487160,-13.15776005,210.74
130.78486634,-13.15776008,219.46
130.78485767,-13.15776014,217.15
130.78481718,-13.15776043,210.81
130.78478721,-13.15776063,210.85
130.78474377,-13.15776094,210.91
130.78473750,-13.15776098,211.62
130.78472994,-13.15776103,210.84
130.78462240,-13.15776178,210.88
130.78459491,-13.15776197,210.87
130.78457398,-13.15776212,210.84
130.78455904,-13.15776222,210.83
130.78449161,-13.15776269,211.04
130.78445795,-13.15776292,210.89
130.78441101,-13.15776325,217.67
130.78437421,-13.15776350,211.07
130.78435327,-13.15776365,211.43
130.78429950,-13.15776402,226.62
130.78429572,-13.15776405,210.99
130.78424001,-13.15776444,211.10
130.78422000,-13.15776458,211.03
130.78420644,-13.15776467,211.10
130.78417471,-13.15776489,217.73
130.78402484,-13.15776593,211.12
130.78401599,-13.15776599,212.26
130.78393151,-13.15776658,211.16
130.78388272,-13.15776692,211.14
130.78384048,-13.15776721,211.29
130.78383845,-13.15776723,225.43
130.78383540,-13.15776725,211.68
130.78383356,-13.15776726,221.79
130.78376808,-13.15776772,211.29
130.78373810,-13.15776793,211.24
130.78361949,-13.15776875,217.63
130.78357605,-13.15776905,211.32
130.78350900,-13.15776952,211.44
130.78349572,-13.15776961,212.23
130.78344269,-13.15776998,211.40
130.78344029,-13.15776999,211.48
130.78341198,-13.15777019,211.46
130.78336310,-13.15777053,211.59
130.78335443,-13.15777059,211.53
130.78334225,-13.15777067,211.59
130.78328894,-13.15777104,211.55
130.78328544,-13.15777107,211.62
130.78324154,-13.15777137,211.60
130.78321673,-13.15777155,211.62
130.78319828,-13.15777167,221.97
130.78317080,-13.15777186,211.65
130.78311675,-13.15777224,211.63
130.78310771,-13.15777230,211.62
130.78310412,-13.15777233,211.60
130.78305579,-13.15777266,211.78
130.78305367,-13.15777268,211.58
130.78302369,-13.15777289,223.73
130.78300183,-13.15777304,228.75
130.78298514,-13.15777316,211.71
130.78294152,-13.15777346,211.82
130.78293866,-13.15777348,212.13
130.78290213,-13.15777373,211.79
130.78287991,-13.15777389,220.48
130.78286672,-13.15777398,211.89
130.78283352,-13.15777421,224.23
130.78276776,-13.15777466,211.69
130.78274663,-13.15777481,211.84
130.78271408,-13.15777504,211.84
130.78268023,-13.15777527,211.89
130.78257573,-13.15777600,211.93
130.78251772,-13.15777640,227.19
130.78244099,-13.15777693,211.86
130.78233566,-13.15777766,211.93
130.78230264,-13.15777789,218.80
130.78229296,-13.15777796,211.99
130.78225754,-13.15777821,219.33
130.78222665,-13.15777842,212.08
130.78216753,-13.15777883,211.98
130.78213349,-13.15777907,212.10
130.78211661,-13.15777918,227.06
130.78210463,-13.15777927,212.05
130.78208526,-13.15777940,222.11
130.78208452,-13.15777941,221.46
130.78207954,-13.15777944,212.09
130.78207354,-13.15777948,212.08
130.78203601,-13.15777974,212.11
130.78202143,-13.15777984,212.12
130.78201682,-13.15777988,212.11
130.78200428,-13.15777996,212.11
130.78200345,-13.15777997,212.07
130.78197430,-13.15778017,212.16
130.78194839,-13.15778035,224.45
130.78193760,-13.15778043,212.29
130.78192920,-13.15778048,212.42
130.78190753,-13.15778064,212.10
130.78189490,-13.15778072,212.13
130.78188623,-13.15778078,212.16
130.78186612,-13.15778092,212.15
130.78183670,-13.15778113,212.19
130.78182369,-13.15778122,222.85
130.78177490,-13.15778156,212.25
130.78172399,-13.15778191,227.95
130.78172280,-13.15778192,217.48
130.78167281,-13.15778226,212.25
130.78165796,-13.15778237,212.25
130.78163066,-13.15778255,212.25
130.78162033,-13.15778263,212.22
130.78155420,-13.15778309,220.66
130.78155171,-13.15778310,212.41
130.78151242,-13.15778338,225.96
130.78149176,-13.15778352,228.53
130.78147055,-13.15778367,228.33
130.78138044,-13.15778429,212.38
130.78137832,-13.15778431,212.38
130.78137426,-13.15778434,231.05
130.78126091,-13.15778512,212.38
130.78114221,-13.15778594,212.58
130.78110882,-13.15778618,212.42
130.78109886,-13.15778625,212.35
130.78103633,-13.15778668,212.52
130.78101816,-13.15778681,222.71
130.78101659,-13.15778682,225.41
130.78101235,-13.15778685,215.31
130.78100350,-13.15778691,212.52
130.78099105,-13.15778700,212.64
130.78096993,-13.15778714,212.50
130.78096476,-13.15778718,215.13
130.78095240,-13.15778726,212.51
130.78093322,-13.15778739,212.47
130.78091938,-13.15778749,212.50
130.78090730,-13.15778758,223.58
130.78090343,-13.15778760,223.55
130.78087069,-13.15778783,212.55
130.78084357,-13.15778802,212.53
130.78080982,-13.15778825,212.54
130.78080262,-13.15778830,212.54
130.78079155,-13.15778838,212.54
130.78069554,-13.15778904,212.61
130.78066243,-13.15778927,212.52
130.78064878,-13.15778937,212.58
130.78062342,-13.15778954,215.91
130.78061595,-13.15778960,225.35
130.78059972,-13.15778971,212.58
130.78056098,-13.15778998,212.61
130.78053885,-13.15779013,212.62
130.78052824,-13.15779020,227.52
130.78045372,-13.15779072,212.73
130.78044698,-13.15779077,212.58
130.78042789,-13.15779090,212.67
130.78041627,-13.15779098,224.80
130.78040567,-13.15779105,221.29
130.78038012,-13.15779123,212.64
130.78037412,-13.15779127,225.83
130.78037292,-13.15779128,213.04
130.78034544,-13.15779147,212.82
130.78033723,-13.15779153,212.65
130.78033170,-13.15779157,224.43
130.78027839,-13.15779193,213.86
130.78027820,-13.15779194,212.65
130.78027710,-13.15779195,212.69
130.78027129,-13.15779198,214.98
130.78023061,-13.15779227,212.72
130.78020710,-13.15779243,212.73
130.78007558,-13.15779334,212.73
130.78004929,-13.15779353,227.39
130.78003712,-13.15779361,218.64
130.77997671,-13.15779403,212.77
130.77996453,-13.15779411,212.76
130.77996425,-13.15779411,212.87
130.77988291,-13.15779468,214.40
130.77985229,-13.15779489,212.79
130.77982822,-13.15779506,212.77
130.77981475,-13.15779515,215.08
130.77980599,-13.15779521,212.83
130.77978911,-13.15779533,214.61
130.77976209,-13.15779551,212.82
130.77967069,-13.15779615,212.75
130.77965658,-13.15779624,213.96
130.77956149,-13.15779690,212.77
130.77955651,-13.15779694,213.89
130.77954802,-13.15779700,214.20
130.77949232,-13.15779738,212.96
130.77947359,-13.15779752,213.78
130.77946022,-13.15779761,212.88
130.77945201,-13.15779766,212.99
130.77934752,-13.15779839,214.08
130.77930564,-13.15779868,212.89
130.77926764,-13.15779894,212.90
130.77926626,-13.15779895,213.11
130.77919423,-13.15779945,212.96
130.77917624,-13.15779958,213.11
130.77916029,-13.15779969,213.01
130.77915752,-13.15779971,212.98
130.77909388,-13.15780015,212.88
130.77908060,-13.15780024,230.28
130.77906548,-13.15780034,212.95
130.77905515,-13.15780041,213.93
130.77898680,-13.15780089,216.63
130.77898422,-13.15780091,216.17
130.77883361,-13.15780195,212.94
130.77880677,-13.15780213,212.93
130.77876509,-13.15780243,212.88
130.77873613,-13.15780263,219.08
130.77873013,-13.15780267,213.06
130.77868162,-13.15780300,213.08
130.77867433,-13.15780305,221.67
130.77857648,-13.15780373,227.00
130.77850703,-13.15780421,212.94
130.77845289,-13.15780459,213.15
130.77840410,-13.15780492,212.91
130.77839626,-13.15780498,212.85
130.77835227,-13.15780528,212.89
130.77834636,-13.15780532,212.94
130.77827359,-13.15780583,223.77
130.77825736,-13.15780594,227.54
130.77825376,-13.15780596,227.17
130.77820710,-13.15780629,213.15
130.77818524,-13.15780644,227.53
130.77803251,-13.15780750,233.09
130.77795328,-13.15780805,230.51
130.77794323,-13.15780812,212.79
130.77788955,-13.15780849,212.79
130.77780534,-13.15780907,228.51
130.77779686,-13.15780913,229.30
130.77779271,-13.15780916,231.80
130.77776817,-13.15780933,223.01
130.77774779,-13.15780947,229.44
130.77774438,-13.15780949,232.21
130.77772944,-13.15780960,230.82
130.77771883,-13.15780967,212.81
130.77770998,-13.15780973,234.43
130.77769365,-13.15780985,212.78
130.77764920,-13.15781015,212.72
130.77763859,-13.15781023,214.02
130.77756389,-13.15781074,212.74
130.77753520,-13.15781094,212.80
130.77752912,-13.15781098,226.90
130.77752875,-13.15781099,212.79
130.77749591,-13.15781121,212.65
130.77747996,-13.15781132,212.72
130.77746566,-13.15781142,212.72
130.77745035,-13.15781153,212.90
130.77743984,-13.15781160,212.76
130.77736633,-13.15781211,212.81
130.77735867,-13.15781216,212.70
130.77731902,-13.15781244,212.69
130.77731763,-13.15781245,212.72
130.77731570,-13.15781246,212.72
130.77728074,-13.15781270,212.59
130.77724025,-13.15781298,212.70
130.77723536,-13.15781302,212.64
130.77720022,-13.15781326,214.09
130.77719783,-13.15781328,213.92
130.77718178,-13.15781339,212.58
130.77713373,-13.15781372,212.63
130.77712460,-13.15781378,228.36
130.77708890,-13.15781403,212.59
130.77706105,-13.15781422,212.63
130.77705109,-13.15781429,212.59
130.77704186,-13.15781436,227.36
130.77704021,-13.15781437,212.68
130.77701872,-13.15781452,212.72
130.77699926,-13.15781465,212.51
130.77697186,-13.15781484,225.06
130.77696937,-13.15781486,224.38
130.77692732,-13.15781515,212.58
130.77687456,-13.15781551,212.56
130.77687013,-13.15781555,212.60
130.77683564,-13.15781578,212.55
130.77682513,-13.15781585,212.55
130.77681065,-13.15781596,212.58
130.77679220,-13.15781608,212.29
130.77674406,-13.15781642,212.57
130.77673760,-13.15781646,212.56
130.77673419,-13.15781648,212.70
130.77672312,-13.15781656,212.55
130.77671445,-13.15781662,228.71
130.77669951,-13.15781673,212.53
130.77667267,-13.15781691,212.54
130.77666501,-13.15781697,212.58
130.77664602,-13.15781710,212.68
130.77664150,-13.15781713,212.52
130.77662988,-13.15781721,212.62
130.77658487,-13.15781752,212.50
130.77658026,-13.15781755,212.50
130.77655388,-13.15781773,212.52
130.77653303,-13.15781788,212.49
130.77648517,-13.15781821,212.55
130.77648231,-13.15781823,212.52
130.77636573,-13.15781904,212.46
130.77636555,-13.15781904,227.79
130.77632727,-13.15781930,212.48
130.77631593,-13.15781938,212.49
130.77631094,-13.15781941,212.52
130.77627350,-13.15781967,212.61
130.77624426,-13.15781987,227.36
130.77621475,-13.15782008,212.39
130.77616651,-13.15782041,226.19
130.77613322,-13.15782064,212.37
130.77608166,-13.15782100,212.32
130.77607484,-13.15782105,212.49
130.77602798,-13.15782137,212.46
130.77595890,-13.15782185,212.42
130.77595116,-13.15782190,212.31
130.77594608,-13.15782194,224.57
130.77590209,-13.15782224,212.46
130.77584878,-13.15782261,212.36
130.77579612,-13.15782297,226.12
130.77579344,-13.15782299,225.93
130.77579224,-13.15782300,212.82
130.77573700,-13.15782338,212.37
130.77569743,-13.15782366,225.06
130.77563647,-13.15782408,231.84
130.77562485,-13.15782416,223.22
130.77562309,-13.15782417,212.26
130.77562088,-13.15782419,228.82
130.77559829,-13.15782434,213.38
130.77559174,-13.15782439,212.48
130.77558353,-13.15782445,212.21
130.77557108,-13.15782453,212.46
130.77551473,-13.15782492,212.30
130.77548835,-13.15782510,212.36
130.77545127,-13.15782536,212.20
130.77545109,-13.15782536,229.66
130.77540036,-13.15782571,213.39
130.77534917,-13.15782607,215.52
130.77534124,-13.15782612,212.27
130.77527188,-13.15782660,212.10
130.77523075,-13.15782689,212.10
130.77519598,-13.15782712,228.12
130.77518058,-13.15782723,212.09
130.77507636,-13.15782795,212.20
130.77503753,-13.15782822,229.11
130.77503070,-13.15782827,212.12
130.77501881,-13.15782835,228.53
130.77499704,-13.15782850,227.95
130.77489107,-13.15782923,212.22
130.77470624,-13.15783051,222.44
130.77468650,-13.15783065,212.35
130.77458081,-13.15783138,233.49
130.77456476,-13.15783149,228.99
130.77456153,-13.15783151,227.12
130.77455332,-13.15783157,229.71
130.77455194,-13.15783158,232.55
130.77450573,-13.15783190,212.03
130.77446662,-13.15783217,211.96
130.77441903,-13.15783250,212.24
130.77428908,-13.15783339,211.96
130.77425238,-13.15783365,231.96
130.77422987,-13.15783380,211.93
130.77418440,-13.15783412,227.04
130.77415424,-13.15783432,211.91
130.77413552,-13.15783446,211.86
130.77412713,-13.15783451,228.62
130.77411163,-13.15783462,211.84
130.77409291,-13.15783475,227.11
130.77408249,-13.15783482,228.35
130.77408193,-13.15783482,211.86
130.77408184,-13.15783482,228.67
130.77390015,-13.15783608,211.80
130.77387534,-13.15783625,218.08
130.77385616,-13.15783638,225.08
130.77375590,-13.15783708,211.80
130.77368156,-13.15783759,211.73
130.77367133,-13.15783766,211.84
130.77366874,-13.15783768,219.05
130.77366736,-13.15783769,227.18
130.77366561,-13.15783770,217.76
130.77363794,-13.15783789,223.52
130.77358924,-13.15783823,211.88
130.77357947,-13.15783830,211.73
130.77356674,-13.15783839,211.74
130.77355493,-13.15783846,211.70
130.77349646,-13.15783887,211.80
130.77347515,-13.15783902,211.74
130.77344066,-13.15783925,211.69
130.77341253,-13.15783945,224.72
130.77340755,-13.15783948,211.65
130.77339030,-13.15783960,211.74
130.77338421,-13.15783964,211.76
130.77335655,-13.15783983,211.76
130.77335027,-13.15783988,211.67
130.77330822,-13.15784017,211.67
130.77328442,-13.15784033,211.67
130.77327216,-13.15784042,211.66
130.77326764,-13.15784045,211.96
130.77323711,-13.15784066,211.65
130.77318564,-13.15784102,211.72
130.77315410,-13.15784124,230.09
130.77314276,-13.15784131,228.43
130.77309194,-13.15784166,211.60
130.77307893,-13.15784175,211.76
130.77307617,-13.15784177,211.56
130.77302756,-13.15784211,211.62
130.77292943,-13.15784279,211.56
130.77290619,-13.15784295,216.40
130.77289309,-13.15784303,212.36
130.77283904,-13.15784341,211.52
130.77281488,-13.15784357,211.71
130.77279929,-13.15784368,211.49
130.77277596,-13.15784384,211.46
130.77277172,-13.15784387,211.58
130.77276720,-13.15784391,219.40
130.77276397,-13.15784393,211.46
130.77275733,-13.15784397,217.91
130.77271822,-13.15784424,211.46
130.77267718,-13.15784453,211.42
130.77265827,-13.15784466,211.44
130.77256540,-13.15784530,211.46
130.77251670,-13.15784563,211.43
130.77249622,-13.15784578,211.46
130.77244458,-13.15784613,211.61
130.77244273,-13.15784615,223.14
130.77241432,-13.15784634,211.40
130.77236212,-13.15784670,231.14
130.77235105,-13.15784678,211.37
130.77234137,-13.15784685,211.43
130.77233787,-13.15784687,230.53
130.77222701,-13.15784764,211.30
130.77221953,-13.15784769,211.31
130.77221511,-13.15784772,211.35
130.77218928,-13.15784790,211.50
130.77203913,-13.15784893,222.63
130.77203554,-13.15784895,219.92
130.77200925,-13.15784914,211.53
130.77200196,-13.15784919,211.30
130.77195834,-13.15784949,229.41
130.77194847,-13.15784956,226.06
130.77173385,-13.15785104,211.23
130.77170480,-13.15785124,211.25
130.77167907,-13.15785142,211.21
130.77167316,-13.15785146,211.44
130.77152117,-13.15785250,226.50
130.77151287,-13.15785256,211.18
130.77151093,-13.15785258,211.24
130.77150069,-13.15785265,211.19
130.77147432,-13.15785283,229.02
130.77140164,-13.15785333,211.18
130.77136714,-13.15785357,211.15
130.77136530,-13.15785358,211.11
130.77134565,-13.15785372,211.15
130.77133486,-13.15785379,212.00
130.77122779,-13.15785453,211.19
130.77120768,-13.15785467,211.11
130.77111582,-13.15785530,211.20
130.77106703,-13.15785564,211.14
130.77104628,-13.15785578,211.09
130.77099666,-13.15785613,221.64
130.77099131,-13.15785616,211.07
130.77098384,-13.15785621,222.16
130.77094796,-13.15785646,211.04
130.77090895,-13.15785673,211.09
130.77086551,-13.15785703,211.17
130.77085988,-13.15785707,211.08
130.77078324,-13.15785760,211.00
130.77077779,-13.15785763,211.08
130.77075492,-13.15785779,211.06
130.77073537,-13.15785792,211.00
130.77067957,-13.15785831,211.08
130.77063807,-13.15785860,211.49
130.77063419,-13.15785862,211.00
130.77061851,-13.15785873,210.97
130.77057710,-13.15785902,211.03
130.77050286,-13.15785953,210.96
130.77038111,-13.15786037,226.91
130.77034201,-13.15786064,210.87
130.77031148,-13.15786085,210.91
130.77020597,-13.15786158,210.83
130.77014454,-13.15786200,210.90
130.77012923,-13.15786210,210.93
130.77002418,-13.15786283,212.15
130.76996857,-13.15786321,210.72
130.76990880,-13.15786362,213.22
130.76988556,-13.15786378,210.81
130.76988344,-13.15786380,210.85
130.76982441,-13.15786421,228.23
130.76977433,-13.15786455,229.07
130.76976751,-13.15786460,210.86
130.76974878,-13.15786473,210.68
130.76970949,-13.15786500,210.75
130.76962261,-13.15786560,210.69
130.76953315,-13.15786621,210.56
130.76947763,-13.15786660,226.94
130.76947504,-13.15786662,210.65
130.76941288,-13.15786704,210.49
130.76938263,-13.15786725,210.52
130.76935985,-13.15786741,210.45
130.76935690,-13.15786743,210.62
130.76930894,-13.15786776,210.55
130.76927195,-13.15786801,210.50
130.76925129,-13.15786816,224.86
130.76918876,-13.15786859,210.53
130.76915611,-13.15786881,221.24
130.76912402,-13.15786903,210.52
130.76908473,-13.15786931,210.63
130.76894740,-13.15787025,210.46
130.76892535,-13.15787040,210.46
130.76891521,-13.15787047,226.83
130.76891475,-13.15787048,226.80
130.76887250,-13.15787077,210.44
130.76886734,-13.15787080,210.45
130.76879070,-13.15787133,210.46
130.76877880,-13.15787141,210.42
130.76876635,-13.15787150,210.46
130.76876284,-13.15787152,210.31
130.76875657,-13.15787156,210.41
130.76874375,-13.15787165,213.67
130.76874311,-13.15787166,216.40
130.76870741,-13.15787190,210.24
130.76869847,-13.15787197,210.36
130.76866628,-13.15787219,210.34
130.76865327,-13.15787227,210.23
130.76862754,-13.15787245,210.25
130.76857285,-13.15787283,210.30
130.76857174,-13.15787284,210.17
130.76843552,-13.15787378,210.22
130.76841873,-13.15787389,210.17
130.76837538,-13.15787419,210.23
130.76835039,-13.15787436,210.18
130.76834071,-13.15787443,214.54
130.76830999,-13.15787464,210.24
130.76830169,-13.15787470,210.15
130.76827310,-13.15787489,210.08
130.76824386,-13.15787509,210.09
130.76824230,-13.15787511,214.51
130.76822062,-13.15787525,210.07
130.76821592,-13.15787529,210.05
130.76814942,-13.15787575,210.07
130.76811345,-13.15787599,210.03
130.76800370,-13.15787675,210.04
130.76796939,-13.15787699,209.94
130.76795601,-13.15787708,209.95
130.76793849,-13.15787720,229.03
130.76792982,-13.15787726,228.68
130.76791303,-13.15787737,220.97
130.76790529,-13.15787743,209.92
130.76787937,-13.15787761,209.93
130.76786637,-13.15787769,209.92
130.76785253,-13.15787779,209.92
130.76782957,-13.15787795,209.88
130.76778530,-13.15787825,210.04
130.76776399,-13.15787840,209.87
130.76775348,-13.15787847,209.89
130.76772959,-13.15787864,209.85
130.76769786,-13.15787886,209.92
130.76768071,-13.15787897,219.69
130.76764114,-13.15787924,209.88
130.76753231,-13.15788000,210.89
130.76750768,-13.15788016,209.79
130.76736316,-13.15788116,209.79
130.76733973,-13.15788132,209.73
130.76733032,-13.15788139,209.79
130.76732968,-13.15788139,225.97
130.76726014,-13.15788187,209.77
130.76723680,-13.15788203,209.86
130.76717621,-13.15788245,209.84
130.76717132,-13.15788248,209.60
130.76715831,-13.15788257,209.70
130.76715140,-13.15788262,209.64
130.76713904,-13.15788270,209.67
130.76713682,-13.15788272,215.15
130.76710823,-13.15788291,209.68
130.76687775,-13.15788450,209.60
130.76683966,-13.15788476,209.51
130.76683007,-13.15788483,209.59
130.76681743,-13.15788491,209.68
130.76681725,-13.15788492,209.69
130.76680369,-13.15788501,209.56
130.76677113,-13.15788523,209.54
130.76676551,-13.15788527,209.56
130.76674706,-13.15788540,209.61
130.76672686,-13.15788554,221.19
130.76671764,-13.15788560,221.45
130.76670159,-13.15788571,209.51
130.76670104,-13.15788572,209.46
130.76669578,-13.15788575,223.87
130.76667733,-13.15788588,209.43
130.76663362,-13.15788618,209.63
130.76659543,-13.15788644,209.47
130.76658971,-13.15788648,209.53
130.76658353,-13.15788652,209.54
130.76658326,-13.15788653,223.52
130.76656693,-13.15788664,223.51
130.76656112,-13.15788668,219.58
130.76656075,-13.15788668,209.45
130.76655448,-13.15788672,209.51
130.76654563,-13.15788678,209.51
130.76653189,-13.15788688,209.63
130.76648789,-13.15788718,225.27
130.76647821,-13.15788725,209.54
130.76645958,-13.15788738,222.88
130.76645819,-13.15788739,209.51
130.76642840,-13.15788759,209.33
130.76641143,-13.15788771,209.40
130.76637205,-13.15788798,225.11
130.76635859,-13.15788807,225.32
130.76634918,-13.15788814,209.35
130.76632391,-13.15788831,223.25
130.76630758,-13.15788842,225.35
130.76628213,-13.15788860,209.37
130.76624745,-13.15788884,209.30
130.76623980,-13.15788943,209.33
130.76624004,-13.15793607,218.60
130.76624026,-13.15796762,221.98
130.76624034,-13.15797819,209.41
130.76624092,-13.15805918,209.43
130.76624117,-13.15809434,224.15
130.76624172,-13.15817034,227.85
130.76624258,-13.15829074,224.40
130.76624285,-13.15832815,209.51
130.76624295,-13.15834315,209.49
130.76624352,-13.15842233,219.20
130.76624359,-13.15843164,220.44
130.76624422,-13.15851949,210.77
130.76624453,-13.15856242,209.71
130.76624484,-13.15860572,228.17
130.76624490,-13.15861475,224.77
130.76624594,-13.15875928,209.80
130.76624603,-13.15877221,221.04
130.76624655,-13.15884469,209.80
130.76624702,-13.15891040,223.13
130.76624812,-13.15906477,209.77
130.76624830,-13.15908954,224.35
130.76624869,-13.15914368,209.82
130.76624925,-13.15922231,209.89
130.76624995,-13.15931902,212.20
130.76625025,-13.15936150,221.15
130.76625076,-13.15943308,217.54
130.76625082,-13.15944086,227.20
130.76625179,-13.15957625,218.87
130.76625234,-13.15965353,218.50
130.76625254,-13.15968055,210.14
130.76625268,-13.15970053,210.08
130.76625328,-13.15978458,210.25
130.76625369,-13.15984198,222.86
130.76625433,-13.15993082,214.64
130.76625440,-13.15994121,214.06
130.76625477,-13.15999228,224.45
130.76625499,-13.16002274,210.29
130.76625560,-13.16010833,229.82
130.76625579,-13.16013508,210.34
130.76625582,-13.16013852,210.37
130.76625624,-13.16019835,226.14
130.76625626,-13.16020089,226.00
130.76625631,-13.16020775,210.38
130.76625634,-13.16021128,210.57
130.76625678,-13.16027292,210.40
130.76625796,-13.16043742,210.59
130.76625850,-13.16051370,210.50
130.76625870,-13.16054118,210.59
130.76625871,-13.16054271,223.86
130.76625931,-13.16062595,210.59
130.76625957,-13.16066311,210.60
130.76626049,-13.16079027,212.98
130.76626069,-13.16081856,210.76
130.76626104,-13.16086782,211.42
130.76626117,-13.16088562,210.69
130.76626126,-13.16089900,225.25
130.76626139,-13.16091590,210.72
130.76626212,-13.16101903,210.80
130.76626233,-13.16104705,210.85
130.76626314,-13.16116139,210.89
130.76626364,-13.16123044,210.94
130.76626397,-13.16127599,211.03
130.76626449,-13.16134938,211.12
130.76626477,-13.16138815,227.04
130.76626484,-13.16139864,210.95
130.76626493,-13.16141093,228.34
130.76626519,-13.16144627,226.16
130.76626522,-13.16145097,226.97
130.76626532,-13.16146570,211.06
130.76626545,-13.16148360,211.10
130.76626548,-13.16148685,211.10
130.76626560,-13.16150385,211.11
130.76626640,-13.16161556,224.88
130.76626666,-13.16165216,227.99
130.76626680,-13.16167187,228.65
130.76626691,-13.16168660,211.16
130.76626719,-13.16172600,211.27
130.76626721,-13.16172845,211.33
130.76626750,-13.16176911,211.23
130.76626788,-13.16182226,211.22
130.76626794,-13.16183058,211.29
130.76626808,-13.16185010,226.92
130.76626824,-13.16187297,223.89
130.76626876,-13.16194536,211.33
130.76626897,-13.16197510,211.31
130.76626976,-13.16208519,211.37
130.76626978,-13.16208727,226.74
130.76626981,-13.16209142,211.40
130.76626990,-13.16210444,229.57
130.76626994,-13.16211022,211.56
130.76627063,-13.16220567,211.50
130.76627083,-13.16223387,230.28
130.76627105,-13.16226414,211.50
130.76627118,-13.16228349,211.48
130.76627133,-13.16230364,230.97
130.76627149,-13.16232606,211.48
130.76627170,-13.16235597,211.51
130.76627207,-13.16240731,211.55
130.76627232,-13.16244202,211.55
130.76627247,-13.16246308,211.70
130.76627315,-13.16255807,211.63
130.76627326,-13.16257262,211.61
130.76627340,-13.16259232,212.88
130.76627354,-13.16261203,225.55
130.76627368,-13.16263155,211.82
130.76627441,-13.16273386,211.69
130.76627453,-13.16275095,211.70
130.76627474,-13.16277978,211.86
130.76627478,-13.16278511,211.73
130.76627503,-13.16282036,229.64
130.76627505,-13.16282307,223.73
130.76627549,-13.16288363,211.82
130.76627614,-13.16297528,211.83
130.76627706,-13.16310272,211.88
130.76627725,-13.16313010,212.00
130.76627741,-13.16315161,211.92
130.76627762,-13.16318098,227.32
130.76627764,-13.16318397,224.92
130.76627764,-13.16318415,211.99
130.76627768,-13.16318939,225.06
130.76627832,-13.16327887,212.93
130.76627834,-13.16328240,211.92
130.76627842,-13.16329288,211.95
130.76627865,-13.16332542,211.96
130.76627867,-13.16332876,212.93
130.76627903,-13.16337821,212.00
130.76627911,-13.16338995,212.13
130.76627917,-13.16339781,212.06
130.76627925,-13.16340911,212.04
130.76627928,-13.16341264,212.01
130.76627937,-13.16342548,212.06
130.76627939,-13.16342900,211.93
130.76627950,-13.16344364,212.02
130.76627955,-13.16345114,212.05
130.76628012,-13.16353041,212.04
130.76628044,-13.16357478,211.98
130.76628168,-13.16374787,229.57
130.76628243,-13.16385334,212.27
130.76628282,-13.16390676,212.26
130.76628294,-13.16392384,212.24
130.76628306,-13.16394084,213.00
130.76628330,-13.16397401,223.05
130.76628335,-13.16398079,223.94
130.76628347,-13.16399769,225.91
130.76628360,-13.16401558,212.31
130.76628390,-13.16405734,212.31
130.76628413,-13.16408961,232.41
130.76628418,-13.16409693,212.34
130.76628424,-13.16410578,212.29
130.76628427,-13.16410940,212.27
130.76628433,-13.16411753,212.31
130.76628587,-13.16433246,212.34
130.76628669,-13.16444698,212.43
130.76628694,-13.16448160,212.47
130.76628695,-13.16448304,228.36
130.76628734,-13.16453781,212.55
130.76628786,-13.16461048,212.47
130.76628803,-13.16463453,212.50
130.76628837,-13.16468152,228.47
130.76628838,-13.16468261,212.56
130.76628839,-13.16468414,228.46
130.76628841,-13.16468776,212.47
130.76628862,-13.16471578,214.15
130.76628868,-13.16472518,212.56
130.76628881,-13.16474361,212.57
130.76628884,-13.16474678,212.54
130.76628893,-13.16475979,212.50
130.76628898,-13.16476657,228.85
130.76628899,-13.16476838,212.49
130.76628927,-13.16480698,225.33
130.76628939,-13.16482333,212.56
130.76628981,-13.16488281,212.61
130.76629015,-13.16493016,233.86
130.76629107,-13.16505896,229.17
130.76629109,-13.16506059,228.96
130.76629143,-13.16510786,212.71
130.76629154,-13.16512386,212.69
130.76629175,-13.16515359,212.69
130.76629189,-13.16517203,212.74
130.76629276,-13.16529404,212.76
130.76629290,-13.16531375,212.70
130.76629303,-13.16533174,212.74
130.76629315,-13.16534882,212.70
130.76629357,-13.16540766,212.72
130.76629378,-13.16543658,212.76
130.76629434,-13.16551485,212.80
130.76629461,-13.16555164,212.82
130.76629465,-13.16555833,212.79
130.76629512,-13.16562322,213.02
130.76629516,-13.16562955,212.98
130.76629535,-13.16565567,212.91
130.76629554,-13.16568224,225.58
130.76629593,-13.16573665,213.02
130.76629645,-13.16580869,223.42
130.76629672,-13.16584692,213.04
130.76629856,-13.16610369,213.08
130.76629910,-13.16617925,227.75
130.76629930,-13.16620619,213.14
130.76629936,-13.16621496,213.18
130.76629939,-13.16621848,213.18
130.76630012,-13.16632025,220.53
130.76630016,-13.16632613,213.11
130.76630035,-13.16635252,213.16
130.76630043,-13.16636472,213.39
130.76630079,-13.16641380,213.08
130.76630103,-13.16644815,213.18
130.76630191,-13.16657016,213.21
130.76630216,-13.16660577,214.37
130.76630234,-13.16663063,213.30
130.76630326,-13.16675870,213.54
130.76630328,-13.16676159,213.32
130.76630329,-13.16676358,213.28
130.76630338,-13.16677515,213.35
130.76630345,-13.16678500,213.29
130.76630351,-13.16679332,213.28
130.76630363,-13.16681094,213.44
130.76630388,-13.16684519,213.30
130.76630392,-13.16685170,213.39
130.76630512,-13.16701792,213.39
130.76630559,-13.16708362,213.47
130.76630572,-13.16710161,213.41
130.76630603,-13.16714581,213.49
130.76630608,-13.16715240,213.71
130.76630610,-13.16715512,213.54
130.76630650,-13.16721034,234.90
130.76630658,-13.16722173,213.43
130.76630694,-13.16727189,213.48
130.76630707,-13.16729087,213.37
130.76630729,-13.16732061,213.50
130.76630757,-13.16736056,213.45
130.76630808,-13.16743169,213.54
130.76630821,-13.16744995,230.88
130.76630823,-13.16745239,230.68
130.76630824,-13.16745347,226.21
130.76630840,-13.16747544,213.58
130.76630849,-13.16748863,218.40
130.76630850,-13.16748954,218.26
130.76630856,-13.16749785,218.32
130.76630860,-13.16750336,213.87
130.76630875,-13.16752551,213.56
130.76630877,-13.16752768,213.66
130.76630883,-13.16753581,213.57
130.76630906,-13.16756817,213.75
130.76630908,-13.16757043,213.80
130.76630914,-13.16757856,213.60
130.76630945,-13.16762312,219.19
130.76630964,-13.16764861,213.55
130.76630967,-13.16765277,213.57
130.76631014,-13.16771820,215.38
130.76631021,-13.16772878,214.34
130.76631038,-13.16775246,215.45
130.76631052,-13.16777225,213.71
130.76631090,-13.16782522,213.66
130.76631094,-13.16783028,213.69
130.76631096,-13.16783344,213.70
130.76631133,-13.16788469,234.81
130.76631135,-13.16788785,229.98
130.76631162,-13.16792527,213.77
130.76631226,-13.16801475,213.80
130.76631256,-13.16805560,213.78
130.76631322,-13.16814806,213.79
130.76631333,-13.16816343,213.78
130.76631422,-13.16828725,213.80
130.76631424,-13.16829078,213.80
130.76631446,-13.16832151,213.84
130.76631467,-13.16835034,214.29
130.76631467,-13.16835070,218.37
130.76631491,-13.16838414,228.63
130.76631494,-13.16838857,226.49
130.76631507,-13.16840665,230.00
130.76631508,-13.16840819,213.83
130.76631510,-13.16841126,225.48
130.76631514,-13.16841587,230.44
130.76631516,-13.16841921,226.21
130.76631535,-13.16844542,214.85
130.76631568,-13.16849089,213.98
130.76631570,-13.16849477,213.96
130.76631578,-13.16850571,213.97
130.76631598,-13.16853291,213.94
130.76631605,-13.16854313,213.89
130.76631615,-13.16855768,213.94
130.76631625,-13.16857114,215.19
130.76631656,-13.16861435,213.90
130.76631658,-13.16861670,213.95
130.76631675,-13.16864128,213.98
130.76631676,-13.16864165,214.00
130.76631690,-13.16866198,214.00
130.76631793,-13.16880497,214.01
130.76631814,-13.16883488,215.71
130.76631835,-13.16886444,214.04
130.76631857,-13.16889444,216.46
130.76631857,-13.16889490,215.74
130.76631860,-13.16889896,214.01
130.76631872,-13.16891523,213.98
130.76631874,-13.16891767,214.01
130.76631893,-13.16894461,215.16
130.76631901,-13.16895545,214.02
130.76631905,-13.16896088,214.10
130.76631915,-13.16897552,217.51
130.76631929,-13.16899540,214.16
130.76631936,-13.16900462,214.70
130.76631937,-13.16900634,214.10
130.76631943,-13.16901474,214.12
130.76631951,-13.16902514,229.34
130.76631956,-13.16903282,231.75
130.76631958,-13.16903599,214.10
130.76631979,-13.16906464,214.08
130.76631993,-13.16908398,214.14
130.76632004,-13.16910015,214.09
130.76632030,-13.16913604,214.12
130.76632037,-13.16914507,214.29
130.76632047,-13.16915908,229.10
130.76632069,-13.16919072,216.44
130.76632091,-13.16922028,214.14
130.76632092,-13.16922244,214.18
130.76632100,-13.16923320,214.17
130.76632120,-13.16926149,214.11
130.76632136,-13.16928327,214.12
130.76632148,-13.16930108,227.69
130.76632177,-13.16934057,214.15
130.76632245,-13.16943611,214.15
130.76632255,-13.16945012,214.17
130.76632259,-13.16945464,214.34
130.76632299,-13.16951122,214.17
130.76632308,-13.16952333,214.14
130.76632310,-13.16952649,214.13
130.76632320,-13.16954032,215.05
130.76632337,-13.16956355,214.17
130.76632379,-13.16962293,229.43
130.76632381,-13.16962582,231.79
130.76632393,-13.16964209,214.28
130.76632394,-13.16964372,230.29
130.76632395,-13.16964561,230.60
130.76632402,-13.16965538,214.24
130.76632409,-13.16966423,215.34
130.76632430,-13.16969361,231.26
130.76632435,-13.16970039,229.42
130.76632464,-13.16974115,214.27
130.76632469,-13.16974829,215.55
130.76632471,-13.16975055,230.15
130.76632472,-13.16975236,227.43
130.76632473,-13.16975408,230.16
130.76632512,-13.16980822,214.36
130.76632521,-13.16982123,214.49
130.76632551,-13.16986217,214.26
130.76632561,-13.16987600,231.62
130.76632569,-13.16988721,215.48
130.76632580,-13.16990275,215.29
130.76632596,-13.16992589,214.18
130.76632620,-13.16995816,214.26
130.76632649,-13.16999892,214.23
130.76632653,-13.17000462,214.21
130.76632655,-13.17000706,214.28
130.76632662,-13.17001772,214.97
130.76632690,-13.17005631,214.31
130.76632714,-13.17008976,214.26
130.76632729,-13.17011091,226.79
130.76632744,-13.17013142,214.30
130.76632758,-13.17015140,215.45
130.76632762,-13.17015637,214.34
130.76632818,-13.17023455,214.32
130.76632836,-13.17025932,226.94
130.76632848,-13.17027658,229.50
130.76632852,-13.17028273,231.06
130.76632857,-13.17028869,230.49
130.76632886,-13.17033017,214.36
130.76632895,-13.17034202,214.36
130.76632940,-13.17040537,232.60
130.76632961,-13.17043448,214.32
130.76632972,-13.17044984,214.35
130.76632980,-13.17046114,214.31
130.76632984,-13.17046638,214.31
130.76632995,-13.17048120,214.27
130.76633005,-13.17049576,231.82
130.76633016,-13.17051049,230.73
130.76633017,-13.17051176,214.40
130.76633019,-13.17051546,214.28
130.76633027,-13.17052604,214.38
130.76633028,-13.17052820,214.44
130.76633034,-13.17053679,214.38
130.76633068,-13.17058406,214.43
130.76633109,-13.17064091,215.79
130.76633127,-13.17066576,214.39
130.76633140,-13.17068339,214.37
130.76633153,-13.17070192,214.41
130.76633159,-13.17071069,214.38
130.76633163,-13.17071548,214.50
130.76633164,-13.17071792,225.99
130.76633179,-13.17073807,215.95
130.76633189,-13.17075280,214.36
130.76633191,-13.17075507,217.45
130.76633225,-13.17080270,214.39
130.76633228,-13.17080703,214.62
130.76633343,-13.17096728,214.44
130.76633346,-13.17097072,214.45
130.76633380,-13.17101889,214.38
130.76633393,-13.17103724,218.71
130.76633414,-13.17106589,214.45
130.76633437,-13.17109816,214.40
130.76633459,-13.17112889,214.39
130.76633463,-13.17113440,223.79
130.76633472,-13.17114715,214.36
130.76633484,-13.17116432,214.44
130.76633500,-13.17118547,219.70
130.76633531,-13.17122948,214.54
130.76633564,-13.17127477,214.48
130.76633570,-13.17128344,214.40
130.76633582,-13.17130025,215.99
130.76633582,-13.17130061,214.36
130.76633590,-13.17131173,214.39
130.76633593,-13.17131553,214.40
130.76633621,-13.17135439,214.43
130.76633632,-13.17136976,214.39
130.76633699,-13.17146358,214.55
130.76633702,-13.17146701,214.45
130.76633718,-13.17148960,214.48
130.76633746,-13.17152838,229.67
130.76633747,-13.17153064,229.74
130.76633768,-13.17155965,214.42
130.76633780,-13.17157592,227.82
130.76633783,-13.17158080,214.47
130.76633796,-13.17159870,214.49
130.76633819,-13.17163033,232.71
130.76633823,-13.17163684,214.47
130.76633829,-13.17164452,232.27
130.76633863,-13.17169188,228.22
130.76633864,-13.17169423,229.44
130.76633873,-13.17170652,228.55
130.76633876,-13.17171077,214.45
130.76633879,-13.17171412,214.55
130.76633887,-13.17172604,226.44
130.76633962,-13.17183089,215.76
130.76633969,-13.17184029,215.60
130.76633979,-13.17185385,214.51
130.76633988,-13.17186605,230.28
130.76634002,-13.17188657,214.54
130.76634035,-13.17193248,214.52
130.76634042,-13.17194170,215.53
130.76634119,-13.17204916,214.52
130.76634132,-13.17206688,215.86
130.76634143,-13.17208197,217.80
130.76634148,-13.17208929,215.61
130.76634151,-13.17209345,214.62
130.76634166,-13.17211442,214.55
130.76634188,-13.17214524,227.39
130.76634210,-13.17217651,214.99
130.76634212,-13.17217941,225.31
130.76634235,-13.17221113,214.49
130.76634241,-13.17221990,231.39
130.76634242,-13.17222062,214.48
130.76634250,-13.17223219,231.17
130.76634257,-13.17224159,230.93
130.76634267,-13.17225587,228.42
130.76634280,-13.17227377,228.86
130.76634332,-13.17234643,214.55
130.76634420,-13.17246890,214.51
130.76634447,-13.17250677,214.52
130.76634482,-13.17255503,216.04
130.76634487,-13.17256227,214.55
130.76634496,-13.17257429,214.54
130.76634575,-13.17268501,214.56
130.76634577,-13.17268817,214.59
130.76634609,-13.17273210,214.59
130.76634624,-13.17275397,229.34
130.76634641,-13.17277738,214.54
130.76634663,-13.17280765,214.59
130.76634688,-13.17284200,214.60
130.76634715,-13.17288078,214.53
130.76634732,-13.17290409,214.67
130.76634735,-13.17290789,214.50
130.76634752,-13.17293130,214.63
130.76634799,-13.17299773,214.53
130.76634803,-13.17300352,214.61
130.76634813,-13.17301644,214.54
130.76634831,-13.17304247,214.59
130.76634842,-13.17305738,214.60
130.76634859,-13.17308133,223.93
130.76634867,-13.17309254,220.42
130.76634893,-13.17312906,214.65
130.76634938,-13.17319052,214.59
130.76634975,-13.17324285,214.59
130.76634998,-13.17327430,214.55
130.76635012,-13.17329410,214.60
130.76635022,-13.17330838,214.60
130.76635025,-13.17331190,214.67
130.76635030,-13.17331895,214.54
130.76635047,-13.17334344,228.42
130.76635050,-13.17334670,214.60
130.76635089,-13.17340111,214.56
130.76635095,-13.17341051,214.64
130.76635104,-13.17342289,214.54
130.76635116,-13.17343988,232.24
130.76635124,-13.17345037,214.68
130.76635126,-13.17345380,214.68
130.76635149,-13.17348552,215.17
130.76635153,-13.17349050,214.76
130.76635155,-13.17349348,215.59
130.76635165,-13.17350749,214.67
130.76635165,-13.17350821,214.64
130.76635169,-13.17351318,214.59
130.76635173,-13.17351870,214.67
130.76635193,-13.17354645,226.94
130.76635210,-13.17357040,231.63
130.76635213,-13.17357419,214.64
130.76635216,-13.17357844,231.18
130.76635217,-13.17358079,234.34
130.76635232,-13.17360085,214.69
130.76635244,-13.17361721,214.57
130.76635249,-13.17362417,214.64
130.76635256,-13.17363439,230.72
130.76635323,-13.17372730,214.67
130.76635326,-13.17373218,214.63
130.76635331,-13.17373878,214.59
130.76635406,-13.17384399,229.09
130.76635409,-13.17384733,228.52
130.76635413,-13.17385329,214.66
130.76635446,-13.17389912,214.67
130.76635469,-13.17393211,214.69
130.76635494,-13.17396627,227.61
130.76635505,-13.17398182,214.66
130.76635523,-13.17400686,232.29
130.76635532,-13.17401960,230.66
130.76635541,-13.17403180,214.64
130.76635543,-13.17403478,230.72
130.76635544,-13.17403578,230.05
130.76635554,-13.17405060,229.36
130.76635555,-13.17405087,233.17
130.76635567,-13.17406849,231.58
130.76635578,-13.17408386,214.57
130.76635594,-13.17410628,214.64
130.76635602,-13.17411631,214.65
130.76635605,-13.17412164,214.68
130.76635661,-13.17419883,214.70
130.76635706,-13.17426201,214.75
130.76635710,-13.17426725,214.69
130.76635728,-13.17429192,214.62
130.76635742,-13.17431271,216.06
130.76635743,-13.17431370,214.60
130.76635747,-13.17431867,216.74
130.76635767,-13.17434715,214.58
130.76635782,-13.17436848,214.66
130.76635784,-13.17437056,214.68
130.76635840,-13.17444855,215.65
130.76635843,-13.17445325,214.69
130.76635850,-13.17446329,214.67
130.76635859,-13.17447477,226.18
130.76635861,-13.17447847,227.73
130.76635863,-13.17448109,228.47
130.76635872,-13.17449356,214.69
130.76635894,-13.17452384,214.77
130.76635896,-13.17452619,214.71
130.76635896,-13.17452628,214.65
130.76635902,-13.17453478,214.85
130.76635911,-13.17454761,228.18
130.76635917,-13.17455638,214.68
130.76635925,-13.17456795,214.64
130.76635929,-13.17457346,214.69
130.76635968,-13.17462715,214.61
130.76635971,-13.17463167,214.72
130.76635984,-13.17464929,214.69
130.76635986,-13.17465200,214.77
130.76636003,-13.17467650,214.73
130.76636006,-13.17467957,214.70
130.76636017,-13.17469620,214.75
130.76636019,-13.17469865,214.77
130.76636021,-13.17470045,214.63
130.76636030,-13.17471419,214.76
130.76636093,-13.17480105,214.78
130.76636097,-13.17480692,214.66
130.76636149,-13.17487968,230.41
130.76636153,-13.17488474,216.39
130.76636217,-13.17497458,224.07
130.76636220,-13.17497784,229.27
130.76636236,-13.17500025,230.29
130.76636319,-13.17511685,214.84
130.76636368,-13.17518517,214.78
130.76636413,-13.17524817,214.63
130.76636414,-13.17524953,229.05
130.76636418,-13.17525504,214.79
130.76636425,-13.17526480,214.65
130.76636430,-13.17527140,225.74
130.76636452,-13.17530204,214.67
130.76636461,-13.17531505,214.67
130.76636464,-13.17531831,215.87
130.76636466,-13.17532147,229.27
130.76636472,-13.17533024,214.77
130.76636477,-13.17533674,229.66
130.76636479,-13.17533973,229.89
130.76636488,-13.17535229,225.42
130.76636496,-13.17536269,214.87
130.76636551,-13.17543996,231.33
130.76636551,-13.17544051,227.44
130.76636557,-13.17544764,228.95
130.76636588,-13.17549148,215.53
130.76636668,-13.17560292,214.85
130.76636679,-13.17561775,232.09
130.76636681,-13.17562145,225.51
130.76636681,-13.17562163,225.02
130.76636691,-13.17563492,214.79
130.76636692,-13.17563673,222.44
130.76636706,-13.17565543,214.73
130.76636737,-13.17569936,224.55
130.76636743,-13.17570731,214.93
130.76636749,-13.17571563,227.39
130.76636749,-13.17571599,226.67
130.76636765,-13.17573787,229.66
130.76636767,-13.17574139,230.14
130.76636795,-13.17578034,214.67
130.76636844,-13.17584840,214.71
130.76636864,-13.17587633,227.43
130.76636865,-13.17587787,214.71
130.76636908,-13.17593725,214.70
130.76636924,-13.17595957,214.85
130.76636932,-13.17597087,214.73
130.76636955,-13.17600341,225.67
130.76636961,-13.17601172,214.74
130.76636973,-13.17602844,214.78
130.76637077,-13.17617378,214.81
130.76637106,-13.17621409,214.77
130.76637143,-13.17626462,214.81
130.76637145,-13.17626769,214.81
130.76637159,-13.17628712,214.77
130.76637172,-13.17630574,228.85
130.76637180,-13.17631676,214.69
130.76637199,-13.17634379,214.83
130.76637206,-13.17635301,214.72
130.76637241,-13.17640227,214.72
130.76637261,-13.17642929,216.31
130.76637269,-13.17644023,218.39
130.76637269,-13.17644059,217.66
130.76637279,-13.17645505,214.66
130.76637293,-13.17647448,214.71
130.76637322,-13.17651452,227.23
130.76637343,-13.17654399,214.73
130.76637414,-13.17664232,214.73
130.76637502,-13.17676552,231.27
130.76637502,-13.17676570,231.34
130.76637547,-13.17682806,214.73
130.76637652,-13.17697511,214.53
130.76637690,-13.17702808,216.55
130.76637697,-13.17703757,215.77
130.76637717,-13.17706504,214.47
130.76637737,-13.17709324,214.47
130.76637742,-13.17710083,214.32
130.76637767,-13.17713500,214.31
130.76637772,-13.17714160,231.13
130.76637786,-13.17716193,228.67
130.76637800,-13.17718073,214.40
130.76637804,-13.17718679,226.27
130.76637889,-13.17730537,214.16
130.76637891,-13.17730763,214.17
130.76637905,-13.17732688,215.49
130.76637948,-13.17738681,214.17
130.76637965,-13.17741094,214.26
130.76638000,-13.17745984,214.21
130.76638131,-13.17764178,214.08
130.76638201,-13.17773966,214.07
130.76638217,-13.17776289,214.13
130.76638223,-13.17777120,229.95
130.76638229,-13.17777943,214.04
130.76638237,-13.17779018,214.14
130.76638266,-13.17783113,216.86
130.76638304,-13.17788355,229.15
130.76638305,-13.17788445,231.26
130.76638306,-13.17788671,230.15
130.76638325,-13.17791274,227.08
130.76638325,-13.17791319,227.74
130.76638327,-13.17791609,226.55
130.76638363,-13.17796553,214.13
130.76638391,-13.17800475,214.18
130.76638395,-13.17801009,214.20
130.76638398,-13.17801406,214.15
130.76638476,-13.17812351,214.34
130.76638512,-13.17817395,214.71
130.76638516,-13.17817883,214.20
130.76638534,-13.17820459,228.45
130.76638537,-13.17820811,216.70
130.76638541,-13.17821444,216.84
130.76638545,-13.17821986,214.27
130.76638558,-13.17823749,214.31
130.76638568,-13.17825150,214.28
130.76638569,-13.17825313,226.24
130.76638572,-13.17825755,214.28
130.76638579,-13.17826668,226.16
130.76638591,-13.17828386,214.25
130.76638597,-13.17829163,219.00
130.76638616,-13.17831802,214.37
130.76638617,-13.17832037,214.36
130.76638625,-13.17833022,214.61
130.76638626,-13.17833284,214.44
130.76638631,-13.17833962,214.30
130.76638660,-13.17837984,214.41
130.76638679,-13.17840596,214.94
130.76638705,-13.17844175,228.53
130.76638718,-13.17846091,214.27
130.76638741,-13.17849237,214.48
130.76638746,-13.17849978,214.32
130.76638757,-13.17851523,226.55
130.76638773,-13.17853765,226.66
130.76638820,-13.17860327,234.27
130.76638906,-13.17872312,224.03
130.76638910,-13.17872736,214.53
130.76638935,-13.17876334,214.50
130.76638975,-13.17881838,214.65
130.76638980,-13.17882525,214.37
130.76638985,-13.17883230,225.65
130.76638988,-13.17883609,225.85
130.76638988,-13.17883691,214.49
130.76638999,-13.17885191,214.41
130.76639005,-13.17886022,226.05
130.76639014,-13.17887342,214.58
130.76639015,-13.17887414,223.64
130.76639025,-13.17888815,226.44
130.76639028,-13.17889231,214.36
130.76639039,-13.17890777,228.71
130.76639043,-13.17891391,214.53
130.76639054,-13.17892892,214.44
130.76639056,-13.17893154,214.48
130.76639078,-13.17896209,214.39
130.76639091,-13.17898025,226.46
130.76639093,-13.17898360,228.26
130.76639098,-13.17898938,226.42
130.76639113,-13.17901044,214.52
130.76639120,-13.17902120,215.55
130.76639153,-13.17906702,230.76
130.76639155,-13.17906901,230.55
130.76639158,-13.17907434,214.43
130.76639160,-13.17907579,228.85
130.76639181,-13.17910534,214.49
130.76639191,-13.17912007,214.44
130.76639202,-13.17913562,214.33
130.76639222,-13.17916310,227.33
130.76639237,-13.17918407,224.56
130.76639238,-13.17918542,219.81
130.76639239,-13.17918614,220.01
130.76639239,-13.17918714,214.76
130.76639245,-13.17919428,223.29
130.76639263,-13.17922067,214.60
130.76639342,-13.17933003,215.71
130.76639357,-13.17935145,214.45
130.76639365,-13.17936185,214.33
130.76639370,-13.17936908,214.34
130.76639385,-13.17938933,214.45
130.76639399,-13.17940885,214.53
130.76639415,-13.17943217,224.60
130.76639420,-13.17943876,222.99
130.76639438,-13.17946326,214.61
130.76639468,-13.17950528,232.37
130.76639472,-13.17951125,214.77
130.76639476,-13.17951722,214.49
130.76639500,-13.17954984,214.74
130.76639503,-13.17955500,214.67
130.76639506,-13.17955879,215.06
130.76639513,-13.17956837,224.34
130.76639549,-13.17961908,214.82
130.76639557,-13.17962965,214.74
130.76639604,-13.17969581,214.97
130.76639661,-13.17977481,215.21
130.76639719,-13.17985570,215.31
130.76639721,-13.17985877,215.40
130.76639725,-13.17986447,215.54
130.76639742,-13.17988724,215.51
130.76639749,-13.17989755,215.62
130.76639768,-13.17992349,215.89
130.76639771,-13.17992846,215.55
130.76639776,-13.17993478,215.50
130.76639778,-13.17993722,215.76
130.76639798,-13.17996488,215.90
130.76639823,-13.18000004,215.93
130.76639825,-13.18000357,215.67
130.76639840,-13.18002408,215.69
130.76639843,-13.18002878,216.95
130.76639853,-13.18004207,215.70
130.76639859,-13.18005011,216.58
130.76639891,-13.18009558,215.76
130.76639906,-13.18011645,215.80
130.76639912,-13.18012459,235.80
130.76639915,-13.18012811,235.28
130.76639929,-13.18014763,215.84
130.76639936,-13.18015821,231.99
130.76639954,-13.18018225,215.77
130.76639991,-13.18023477,215.91
130.76639991,-13.18023485,229.60
130.76640105,-13.18039402,232.99
130.76640113,-13.18040396,216.30
130.76640137,-13.18043794,216.25
130.76640157,-13.18046551,216.31
130.76640192,-13.18051504,216.24
130.76640221,-13.18055508,216.28
130.76640231,-13.18056864,237.63
130.76640232,-13.18057099,236.02
130.76640239,-13.18057985,233.97
130.76640261,-13.18061112,235.58
130.76640265,-13.18061609,230.99
130.76640266,-13.18061708,216.29
130.76640269,-13.18062205,216.21
130.76640292,-13.18065387,230.45
130.76640296,-13.18065884,216.31
130.76640313,-13.18068351,216.27
130.76640383,-13.18078022,216.31
130.76640416,-13.18082722,216.49
130.76640440,-13.18086067,216.39
130.76640471,-13.18090360,216.49
130.76640499,-13.18094300,229.77
130.76640500,-13.18094409,216.58
130.76640504,-13.18094960,216.57
130.76640531,-13.18098639,230.87
130.76640589,-13.18106728,216.70
130.76640596,-13.18107686,216.82
130.76640605,-13.18108969,216.64
130.76640654,-13.18115893,216.78
130.76640678,-13.18119156,226.90
130.76640687,-13.18120367,227.06
130.76640688,-13.18120629,229.78
130.76640731,-13.18126621,216.76
130.76640765,-13.18131303,216.87
130.76640782,-13.18133734,216.94
130.76640785,-13.18134123,218.54
130.76640812,-13.18137892,223.98
130.76640813,-13.18137982,216.84
130.76640830,-13.18140368,223.31
130.76640839,-13.18141652,229.01
130.76640856,-13.18143984,217.12
130.76640919,-13.18152733,217.03
130.76641025,-13.18167528,217.28
130.76641054,-13.18171568,217.23
130.76641060,-13.18172391,217.21
130.76641061,-13.18172599,217.28
130.76641190,-13.18190495,217.41
130.76641192,-13.18190729,225.00
130.76641195,-13.18191172,225.02
130.76641197,-13.18191543,218.48
130.76641207,-13.18192844,217.52
130.76641209,-13.18193170,218.48
130.76641212,-13.18193604,217.50
130.76641221,-13.18194824,228.93
130.76641232,-13.18196324,217.38
130.76641301,-13.18206049,217.60
130.76641304,-13.18206447,217.58
130.76641312,-13.18207487,229.88
130.76641317,-13.18208192,235.61
130.76641327,-13.18209583,221.65
130.76641392,-13.18218685,217.63
130.76641413,-13.18221623,217.80
130.76641419,-13.18222382,217.70
130.76641427,-13.18223502,217.74
130.76641446,-13.18226168,217.71
130.76641468,-13.18229278,229.18
130.76641473,-13.18229965,217.77
130.76641510,-13.18235080,217.83
130.76641529,-13.18237701,217.89
130.76641546,-13.18240051,217.99
130.76641554,-13.18241299,217.92
130.76641557,-13.18241706,217.96
130.76641568,-13.18243242,217.90
130.76641607,-13.18248584,217.89
130.76641619,-13.18250337,234.54
130.76641631,-13.18251919,233.21
130.76641657,-13.18255534,235.37
130.76641687,-13.18259782,218.21
130.76641701,-13.18261644,218.22
130.76641728,-13.18265530,230.83
130.76641772,-13.18271604,218.06
130.76641775,-13.18272047,233.79
130.76641805,-13.18276186,218.17
130.76641829,-13.18279576,218.16
130.76641840,-13.18281085,218.20
130.76641856,-13.18283354,235.56
130.76641893,-13.18288488,218.25
130.76641928,-13.18293395,231.10
130.76641939,-13.18294905,218.23
130.76641941,-13.18295103,232.92
130.76641943,-13.18295393,232.76
130.76641968,-13.18298891,218.36
130.76641994,-13.18302542,218.50
130.76642089,-13.18315729,218.53
130.76642113,-13.18319100,218.46
130.76642149,-13.18324180,218.48
130.76642181,-13.18328590,218.57
130.76642181,-13.18328608,234.47
130.76642286,-13.18343160,218.65
130.76642294,-13.18344299,218.68
130.76642301,-13.18345338,219.58
130.76642308,-13.18346260,218.72
130.76642335,-13.18349984,237.05
130.76642354,-13.18352659,237.31
130.76642356,-13.18353030,237.85
130.76642409,-13.18360296,218.72
130.76642409,-13.18360369,235.37
130.76642413,-13.18360938,218.73
130.76642427,-13.18362918,218.92
130.76642437,-13.18364310,237.78
130.76642495,-13.18372263,218.82
130.76642496,-13.18372534,219.65
130.76642561,-13.18381500,235.09
130.76642563,-13.18381771,229.30
130.76642575,-13.18383407,218.90
130.76642582,-13.18384411,218.89
130.76642591,-13.18385649,232.30
130.76642600,-13.18386941,233.31
130.76642602,-13.18387276,221.58
130.76642609,-13.18388198,219.08
130.76642609,-13.18388216,227.56
130.76642611,-13.18388469,227.02
130.76642616,-13.18389156,218.98
130.76642620,-13.18389752,220.78
130.76642650,-13.18393901,225.62
130.76642685,-13.18398754,219.00
130.76642728,-13.18404810,219.04
130.76642818,-13.18417364,219.17
130.76642856,-13.18422561,219.18
130.76642864,-13.18423754,219.18
130.76642870,-13.18424631,219.20
130.76642941,-13.18434483,219.20
130.76642993,-13.18441659,219.29
130.76643044,-13.18448772,239.80
130.76643044,-13.18448781,239.83
130.76643053,-13.18450019,219.28
130.76643059,-13.18450887,219.36
130.76643061,-13.18451158,219.37
130.76643152,-13.18463812,243.72
130.76643200,-13.18470572,219.42
130.76643220,-13.18473329,219.47
130.76643221,-13.18473447,219.53
130.76643299,-13.18484329,219.56
130.76643320,-13.18487302,235.20
130.76643330,-13.18488685,219.65
130.76643342,-13.18490366,231.51
130.76643345,-13.18490719,219.71
130.76643346,-13.18490818,229.05
130.76643347,-13.18490963,219.60
130.76643355,-13.18492074,232.75
130.76643355,-13.18492120,236.20
130.76643382,-13.18495834,219.66
130.76643405,-13.18499151,239.72
130.76643417,-13.18500832,239.20
130.76643439,-13.18503887,219.69
130.76643476,-13.18508985,219.72
130.76643478,-13.18509292,220.20
130.76643511,-13.18513884,239.36
130.76643513,-13.18514128,219.76
130.76643523,-13.18515483,239.50
130.76643541,-13.18518014,219.80
130.76643568,-13.18521774,219.77
130.76643624,-13.18529610,219.91
130.76643647,-13.18532855,219.89
130.76643658,-13.18534292,220.04
130.76643661,-13.18534726,233.67
130.76643666,-13.18535458,237.86
130.76643679,-13.18537202,227.83
130.76643692,-13.18539073,220.13
130.76643695,-13.18539489,239.96
130.76643700,-13.18540131,231.26
130.76643739,-13.18545581,235.54
130.76643753,-13.18547587,234.08
130.76643778,-13.18551013,219.98
130.76643780,-13.18551329,220.20
130.76643817,-13.18556472,220.14
130.76643845,-13.18560395,220.12
130.76643922,-13.18571060,220.10
130.76643946,-13.18574404,220.24
130.76643947,-13.18574630,220.25
130.76643949,-13.18574928,220.22
130.76643999,-13.18581761,220.22
130.76644004,-13.18582475,237.75
130.76644040,-13.18587582,237.02
130.76644045,-13.18588178,237.38
130.76644066,-13.18591098,233.74
130.76644073,-13.18592083,220.37
130.76644081,-13.18593203,239.86
130.76644091,-13.18594641,239.04
130.76644097,-13.18595490,220.38
130.76644101,-13.18596005,220.46
130.76644123,-13.18599033,220.38
130.76644166,-13.18605143,220.50
130.76644188,-13.18608090,241.35
130.76644189,-13.18608234,243.61
130.76644199,-13.18609644,236.26
130.76644228,-13.18613738,220.47
130.76644242,-13.18615655,220.60
130.76644250,-13.18616848,235.70
130.76644279,-13.18620824,220.50
130.76644299,-13.18623581,220.63
130.76644341,-13.18629501,220.60
130.76644358,-13.18631887,220.57
130.76644359,-13.18631978,233.41
130.76644359,-13.18631996,220.57
130.76644381,-13.18635069,238.52
130.76644384,-13.18635385,234.41
130.76644410,-13.18639037,220.69
130.76644430,-13.18641848,220.70
130.76644471,-13.18647596,220.70
130.76644512,-13.18653344,220.76
130.76644547,-13.18658216,242.23
130.76644549,-13.18658442,239.47
130.76644552,-13.18658912,220.65
130.76644581,-13.18662825,220.86
130.76644601,-13.18665736,220.87
130.76644623,-13.18668799,236.26
130.76644624,-13.18668899,232.69
130.76644625,-13.18668998,234.15
130.76644631,-13.18669866,235.07
130.76644632,-13.18669938,236.07
130.76644633,-13.18670182,220.88
130.76644635,-13.18670399,233.07
130.76644636,-13.18670526,234.92
130.76644639,-13.18671014,220.79
130.76644642,-13.18671366,220.98
130.76644643,-13.18671511,236.58
130.76644644,-13.18671610,221.18
130.76644655,-13.18673219,221.12
130.76644696,-13.18678859,220.94
130.76644726,-13.18683053,220.84
130.76644726,-13.18683071,220.90
130.76644735,-13.18684400,221.02
130.76644738,-13.18684806,221.01
130.76644778,-13.18690284,221.05
130.76644793,-13.18692480,221.17
130.76644805,-13.18694052,220.94
130.76644882,-13.18704862,235.15
130.76644893,-13.18706390,221.07
130.76644895,-13.18706607,232.16
130.76644897,-13.18706914,232.45
130.76644897,-13.18706941,232.81
130.76644905,-13.18707971,225.72
130.76644907,-13.18708242,225.87
130.76644939,-13.18712789,221.14
130.76644954,-13.18714904,221.07
130.76644963,-13.18716088,221.17
130.76644966,-13.18716458,243.65
130.76645040,-13.18726798,231.48
130.76645048,-13.18727892,221.43
130.76645051,-13.18728416,235.40
130.76645058,-13.18729320,232.61
130.76645061,-13.18729808,235.42
130.76645065,-13.18730332,221.47
130.76645077,-13.18732013,221.27
130.76645084,-13.18732908,221.28
130.76645089,-13.18733649,221.27
130.76645127,-13.18738909,221.26
130.76645156,-13.18742940,239.40
130.76645161,-13.18743645,221.32
130.76645167,-13.18744513,221.26
130.76645207,-13.18750054,221.42
130.76645216,-13.18751283,234.63
130.76645221,-13.18752060,221.32
130.76645238,-13.18754374,225.67
130.76645238,-13.18754410,225.50
130.76645238,-13.18754428,227.48
130.76645239,-13.18754509,221.36
130.76645244,-13.18755205,221.55
130.76645255,-13.18756778,221.44
130.76645263,-13.18757935,221.41
130.76645266,-13.18758287,221.42
130.76645302,-13.18763340,238.92
130.76645303,-13.18763457,240.73
130.76645305,-13.18763774,241.20
130.76645311,-13.18764515,236.98
130.76645311,-13.18764596,238.41
130.76645311,-13.18764623,238.64
130.76645319,-13.18765663,238.85
130.76645439,-13.18782374,221.68
130.76645459,-13.18785122,226.59
130.76645459,-13.18785231,227.26
130.76645496,-13.18790256,221.64
130.76645506,-13.18791738,221.66
130.76645525,-13.18794350,221.70
130.76645531,-13.18795227,221.61
130.76645544,-13.18797034,232.17
130.76645547,-13.18797423,232.10
130.76645551,-13.18798020,232.55
130.76645553,-13.18798245,231.89
130.76645553,-13.18798282,232.57
130.76645554,-13.18798408,231.93
130.76645575,-13.18801264,221.73
130.76645592,-13.18803668,221.77
130.76645613,-13.18806552,221.79
130.76645617,-13.18807157,221.77
130.76645632,-13.18809200,221.77
130.76645646,-13.18811179,221.82
130.76645646,-13.18811234,222.76
130.76645650,-13.18811731,231.89
130.76645671,-13.18814686,231.33
130.76645673,-13.18814912,230.64
130.76645687,-13.18816955,221.86
130.76645711,-13.18820308,222.07
130.76645714,-13.18820669,233.05
130.76645714,-13.18820742,221.80
130.76645716,-13.18820941,233.22
130.76645731,-13.18822992,221.89
130.76645745,-13.18824972,221.95
130.76645747,-13.18825306,221.93
130.76645844,-13.18838791,222.01
130.76645860,-13.18841024,233.44
130.76645890,-13.18845127,228.81
130.76645983,-13.18858088,236.22
130.76645991,-13.18859218,222.19
130.76646021,-13.18863484,222.24
130.76646033,-13.18865102,222.19
130.76646097,-13.18874049,240.06
130.76646102,-13.18874754,240.09
130.76646120,-13.18877213,238.72
130.76646145,-13.18880720,222.31
130.76646179,-13.18885383,222.26
130.76646199,-13.18888149,240.91
130.76646202,-13.18888592,222.33
130.76646212,-13.18889975,222.47
130.76646218,-13.18890806,240.17
130.76646243,-13.18894304,222.43
130.76646255,-13.18895967,237.84
130.76646283,-13.18899953,222.38
130.76646304,-13.18902818,240.97
130.76646319,-13.18904978,222.53
130.76646343,-13.18908295,222.48
130.76646355,-13.18909886,222.79
130.76646371,-13.18912155,237.08
130.76646403,-13.18916584,237.56
130.76646424,-13.18919494,222.62
130.76646440,-13.18921717,236.56
130.76646480,-13.18927339,222.63
130.76646522,-13.18933178,222.58
130.76646524,-13.18933467,236.31
130.76646531,-13.18934461,231.72
130.76646534,-13.18934805,227.42
130.76646536,-13.18935130,229.29
130.76646538,-13.18935392,228.43
130.76646554,-13.18937670,222.68
130.76646555,-13.18937851,238.40
130.76646617,-13.18946392,222.73
130.76646622,-13.18947178,222.78
130.76646661,-13.18952529,222.83
130.76646683,-13.18955611,222.80
130.76646737,-13.18963122,241.18
130.76646739,-13.18963465,241.11
130.76646753,-13.18965318,240.30
130.76646753,-13.18965363,235.48
130.76646811,-13.18973389,238.28
130.76646812,-13.18973561,222.87
130.76646813,-13.18973714,222.95
130.76646822,-13.18974917,248.66
130.76646825,-13.18975314,246.24
130.76646829,-13.18976001,222.95
130.76646841,-13.18977556,222.93
130.76646902,-13.18986115,223.07
130.76646914,-13.18987805,232.96
130.76646916,-13.18988121,233.60
130.76646932,-13.18990291,223.10
130.76646946,-13.18992261,234.02
130.76646948,-13.18992523,235.31
130.76646959,-13.18994032,239.83
130.76646971,-13.18995714,223.19
130.76646976,-13.18996382,236.60
130.76646982,-13.18997196,226.46
130.76646982,-13.18997259,223.14
130.76646991,-13.18998515,223.17
130.76647011,-13.19001272,223.17
130.76647018,-13.19002221,223.20
130.76647026,-13.19003324,223.20
130.76647033,-13.19004363,223.25
130.76647084,-13.19011494,238.59
130.76647136,-13.19018752,241.53
130.76647223,-13.19030809,226.44
130.76647226,-13.19031198,223.35
130.76647267,-13.19036919,223.36
130.76647270,-13.19037308,223.42
130.76647271,-13.19037533,223.63
130.76647306,-13.19042414,237.25
130.76647311,-13.19043011,223.42
130.76647320,-13.19044240,223.47
130.76647324,-13.19044864,238.88
130.76647364,-13.19050440,241.01
130.76647365,-13.19050612,227.44
130.76647370,-13.19051290,243.66
130.76647373,-13.19051751,223.58
130.76647374,-13.19051787,243.99
130.76647395,-13.19054779,223.76
130.76647410,-13.19056776,223.63
130.76647418,-13.19057942,223.59
130.76647436,-13.19060491,242.35
130.76647526,-13.19072918,223.74
130.76647560,-13.19077718,223.73
130.76647564,-13.19078215,224.63
130.76647647,-13.19089883,223.75
130.76647711,-13.19098777,243.01
130.76647723,-13.19100386,237.45
130.76647766,-13.19106450,223.86
130.76647769,-13.19106785,223.94
130.76647785,-13.19109071,224.40
130.76647793,-13.19110102,223.91
130.76647794,-13.19110282,224.01
130.76647812,-13.19112849,239.12
130.76647815,-13.19113256,239.01
130.76647819,-13.19113789,224.08
130.76647823,-13.19114386,242.69
130.76647855,-13.19118769,240.66
130.76647856,-13.19118905,224.00
130.76647856,-13.19118986,240.72
130.76647896,-13.19124482,224.03
130.76647918,-13.19127500,224.22
130.76647942,-13.19130962,238.68
130.76647956,-13.19132905,244.75
130.76647971,-13.19134993,224.18
130.76647975,-13.19135563,243.24
130.76647982,-13.19136530,224.24
130.76647996,-13.19138409,224.15
130.76648000,-13.19138916,232.82
130.76648005,-13.19139639,239.13
130.76648077,-13.19149734,224.31
130.76648132,-13.19157336,224.38
130.76648196,-13.19166311,240.13
130.76648203,-13.19167223,224.39
130.76648206,-13.19167712,224.28
130.76648253,-13.19174174,224.36
130.76648319,-13.19183357,224.55
130.76648324,-13.19184107,239.10
130.76648340,-13.19186367,244.27
130.76648350,-13.19187686,242.16
130.76648353,-13.19188165,242.82
130.76648354,-13.19188265,241.41
130.76648381,-13.19192024,224.60
130.76648381,-13.19192052,224.57
130.76648399,-13.19194483,237.38
130.76648400,-13.19194709,237.43
130.76648405,-13.19195296,243.24
130.76648407,-13.19195649,242.77
130.76648423,-13.19197800,224.67
130.76648452,-13.19201858,224.72
130.76648452,-13.19201912,224.84
130.76648471,-13.19204488,224.56
130.76648485,-13.19206468,224.60
130.76648486,-13.19206594,234.35
130.76648494,-13.19207796,236.58
130.76648507,-13.19209568,236.66
130.76648515,-13.19210689,224.93
130.76648518,-13.19211023,224.72
130.76648529,-13.19212605,230.53
130.76648570,-13.19218380,235.13
130.76648591,-13.19221290,224.78
130.76648600,-13.19222501,224.66
130.76648601,-13.19222664,233.10
130.76648654,-13.19230030,224.76
130.76648670,-13.19232200,224.76
130.76648674,-13.19232769,224.69
130.76648700,-13.19236366,224.71
130.76648701,-13.19236565,224.73
130.76648703,-13.19236800,224.72
130.76648716,-13.19238671,224.69
130.76648722,-13.19239502,232.56
130.76648724,-13.19239828,232.46
130.76648730,-13.19240614,233.75
130.76648744,-13.19242539,225.01
130.76648781,-13.19247745,224.83
130.76648798,-13.19250077,224.83
130.76648802,-13.19250601,224.91
130.76648812,-13.19252084,224.92
130.76648839,-13.19255798,224.99
130.76648856,-13.19258076,224.99
130.76648861,-13.19258871,225.04
130.76648866,-13.19259549,224.96
130.76648880,-13.19261474,225.01
130.76648936,-13.19269338,229.00
130.76648946,-13.19270694,224.95
130.76648951,-13.19271426,225.08
130.76648955,-13.19271896,225.23
130.76648971,-13.19274218,225.05
130.76648972,-13.19274318,225.26
130.76648988,-13.19276586,225.05
130.76649004,-13.19278683,233.61
130.76649005,-13.19278936,228.46
130.76649077,-13.19288888,247.03
130.76649082,-13.19289592,250.15
130.76649097,-13.19291725,225.15
130.76649102,-13.19292367,225.15
130.76649107,-13.19293090,225.17
130.76649117,-13.19294428,248.56
130.76649122,-13.19295223,245.99
130.76649124,-13.19295413,225.42
130.76649125,-13.19295603,245.97
130.76649165,-13.19301089,225.11
130.76649174,-13.19302427,225.16
130.76649263,-13.19314791,225.54
130.76649276,-13.19316545,225.52
130.76649358,-13.19328023,228.77
130.76649358,-13.19328032,228.91
130.76649360,-13.19328303,228.10
130.76649403,-13.19334296,236.79
130.76649407,-13.19334838,236.37
130.76649524,-13.19351071,226.42
130.76649547,-13.19354361,225.37
130.76649558,-13.19355816,225.45
130.76649593,-13.19360751,242.53
130.76649595,-13.19361022,225.50
130.76649634,-13.19366373,229.06
130.76649636,-13.19366788,225.47
130.76649651,-13.19368849,225.52
130.76649654,-13.19369292,225.46
130.76649656,-13.19369454,242.12
130.76649660,-13.19370087,225.47
130.76649676,-13.19372302,225.59
130.76649681,-13.19372934,225.60
130.76649724,-13.19379008,226.33
130.76649744,-13.19381692,225.60
130.76649754,-13.19383211,225.66
130.76649765,-13.19384729,225.72
130.76649830,-13.19393713,225.67
130.76649863,-13.19398377,235.70
130.76649893,-13.19402471,225.76
130.76649914,-13.19405418,225.75
130.76649948,-13.19410208,225.76
130.76649974,-13.19413769,225.78
130.76649982,-13.19414944,225.93
130.76649985,-13.19415306,225.89
130.76649986,-13.19415459,225.82
130.76650008,-13.19418496,225.91
130.76650031,-13.19421650,225.98
130.76650059,-13.19425528,225.86
130.76650096,-13.19430716,237.76
130.76650123,-13.19434548,226.14
130.76650158,-13.19439429,234.51
130.76650159,-13.19439492,233.03
130.76650177,-13.19442014,225.93
130.76650196,-13.19444626,225.98
130.76650251,-13.19452381,226.06
130.76650305,-13.19459855,226.01
130.76650343,-13.19465161,226.05
130.76650349,-13.19465929,226.07
130.76650385,-13.19470945,236.37
130.76650411,-13.19474597,226.16
130.76650415,-13.19475112,226.08
130.76650432,-13.19477480,226.13
130.76650454,-13.19480517,232.97
130.76650473,-13.19483237,227.09
130.76650478,-13.19483861,227.08
130.76650489,-13.19485452,228.73
130.76650496,-13.19486437,231.52
130.76650533,-13.19491625,226.13
130.76650546,-13.19493315,226.11
130.76650551,-13.19494128,241.84
130.76650553,-13.19494417,244.25
130.76650562,-13.19495620,242.12
130.76650566,-13.19496198,243.40
130.76650590,-13.19499515,243.56
130.76650590,-13.19499542,226.22
130.76650606,-13.19501711,226.25
130.76650606,-13.19501784,227.78
130.76650626,-13.19504549,228.48
130.76650640,-13.19506393,226.15
130.76650677,-13.19511681,226.27
130.76650688,-13.19513081,226.30
130.76650714,-13.19516733,226.26
130.76650715,-13.19516850,227.53
130.76650716,-13.19517103,239.28
130.76650746,-13.19521234,226.27
130.76650758,-13.19522879,226.31
130.76650775,-13.19525319,226.38
130.76650784,-13.19526539,226.49
130.76650785,-13.19526585,227.56
130.76650852,-13.19536030,226.34
130.76650917,-13.19544996,244.34
130.76650926,-13.19546324,238.64
130.76650937,-13.19547788,227.82
130.76650950,-13.19549614,243.36
130.76650963,-13.19551386,226.69
130.76650973,-13.19552868,226.69
130.76650987,-13.19554694,226.46
130.76650993,-13.19555543,226.57
130.76650998,-13.19556348,226.48
130.76651015,-13.19558670,226.46
130.76651023,-13.19559773,226.49
130.76651029,-13.19560641,226.54
130.76651045,-13.19562810,226.46
130.76651058,-13.19564609,226.57
130.76651088,-13.19568857,237.12
130.76651121,-13.19573466,226.62
130.76651146,-13.19576855,226.63
130.76651174,-13.19580733,226.58
130.76651183,-13.19582043,240.07
130.76651185,-13.19582251,226.65
130.76651194,-13.19583553,241.76
130.76651205,-13.19585107,242.73
130.76651213,-13.19586255,226.63
130.76651221,-13.19587349,226.70
130.76651230,-13.19588524,226.77
130.76651232,-13.19588867,226.92
130.76651256,-13.19592175,226.64
130.76651264,-13.19593260,226.57
130.76651284,-13.19596089,240.89
130.76651287,-13.19596450,226.74
130.76651318,-13.19600870,241.40
130.76651321,-13.19601286,226.82
130.76651331,-13.19602651,242.84
130.76651340,-13.19603952,226.72
130.76651364,-13.19607179,241.07
130.76651375,-13.19608715,226.80
130.76651386,-13.19610342,240.06
130.76651388,-13.19610541,241.23
130.76651395,-13.19611553,243.45
130.76651399,-13.19612078,242.41
130.76651414,-13.19614174,238.57
130.76651414,-13.19614192,226.98
130.76651421,-13.19615169,238.72
130.76651433,-13.19616832,240.32
130.76651457,-13.19620104,226.73
130.76651459,-13.19620465,226.72
130.76651471,-13.19622056,226.81
130.76651490,-13.19624704,226.91
130.76651492,-13.19624984,226.96
130.76651511,-13.19627650,226.81
130.76651555,-13.19633842,226.80
130.76651562,-13.19634845,226.80
130.76651608,-13.19641208,226.85
130.76651612,-13.19641786,226.81
130.76651617,-13.19642374,226.81
130.76651626,-13.19643693,226.77
130.76651643,-13.19645980,226.81
130.76651661,-13.19648493,226.93
130.76651681,-13.19651349,226.88
130.76651688,-13.19652370,226.95
130.76651705,-13.19654729,226.86
130.76651732,-13.19658489,226.87
130.76651756,-13.19661734,226.94
130.76651776,-13.19664545,226.87
130.76651776,-13.19664599,238.18
130.76651799,-13.19667690,226.89
130.76651810,-13.19669244,237.27
130.76651812,-13.19669543,226.93
130.76651825,-13.19671387,226.95
130.76651827,-13.19671721,239.74
130.76651829,-13.19671929,226.89
130.76651831,-13.19672182,226.98
130.76651832,-13.19672417,226.95
130.76651855,-13.19675517,226.86
130.76651868,-13.19677334,232.87
130.76651874,-13.19678156,226.88
130.76651883,-13.19679494,231.42
130.76651914,-13.19683778,226.94
130.76651947,-13.19688306,226.98
130.76651975,-13.19692265,226.92
130.76651981,-13.19693060,227.04
130.76652017,-13.19698031,240.72
130.76652021,-13.19698610,227.07
130.76652025,-13.19699188,227.05
130.76652037,-13.19700896,227.00
130.76652048,-13.19702397,227.10
130.76652059,-13.19703969,227.03
130.76652060,-13.19704042,236.93
130.76652068,-13.19705153,240.03
130.76652076,-13.19706356,227.07
130.76652098,-13.19709374,242.91
130.76652098,-13.19709392,227.06
130.76652106,-13.19710531,227.09
130.76652133,-13.19714282,239.83
130.76652142,-13.19715457,227.03
130.76652143,-13.19715629,227.05
130.76652144,-13.19715837,228.61
130.76652150,-13.19716596,231.11
130.76652189,-13.19722028,227.08
130.76652241,-13.19729258,229.12
130.76652247,-13.19730117,227.11
130.76652254,-13.19731030,227.10
130.76652257,-13.19731509,227.20
130.76652366,-13.19746612,228.37
130.76652370,-13.19747218,237.92
130.76652377,-13.19748248,239.79
130.76652394,-13.19750598,238.99
130.76652396,-13.19750779,227.13
130.76652409,-13.19752695,227.21
130.76652418,-13.19753843,228.66
130.76652418,-13.19753915,227.18
130.76652419,-13.19754059,228.78
130.76652430,-13.19755506,227.29
130.76652469,-13.19760929,227.80
130.76652505,-13.19766035,227.23
130.76652555,-13.19773004,227.26
130.76652556,-13.19773049,228.04
130.76652591,-13.19778011,227.26
130.76652746,-13.19799522,227.36
130.76652755,-13.19800760,227.32
130.76652792,-13.19805948,227.31
130.76652806,-13.19807937,227.38
130.76652859,-13.19815267,227.44
130.76652866,-13.19816206,243.91
130.76652871,-13.19816866,241.35
130.76652871,-13.19816875,227.40
130.76652880,-13.19818222,243.08
130.76652910,-13.19822416,227.46
130.76652955,-13.19828571,227.29
130.76652985,-13.19832810,227.35
130.76653039,-13.19840284,227.50
130.76653086,-13.19846819,227.40
130.76653088,-13.19847099,227.42
130.76653152,-13.19855993,243.59
130.76653156,-13.19856553,243.24
130.76653161,-13.19857240,227.52
130.76653177,-13.19859500,227.56
130.76653184,-13.19860413,245.08
130.76653191,-13.19861488,242.56
130.76653214,-13.19864697,227.48
130.76653218,-13.19865266,244.34
130.76653221,-13.19865592,244.32
130.76653238,-13.19867941,246.63
130.76653243,-13.19868755,246.13
130.76653251,-13.19869858,227.46
130.76653260,-13.19870996,227.48
130.76653289,-13.19875154,229.47
130.76653303,-13.19877007,228.38
130.76653313,-13.19878363,227.50
130.76653347,-13.19883180,227.49
130.76653356,-13.19884418,246.80
130.76653361,-13.19885105,247.68
130.76653373,-13.19886714,227.54
130.76653380,-13.19887708,227.53
130.76653410,-13.19891893,227.50
130.76653419,-13.19893221,228.04
130.76653427,-13.19894315,227.52
130.76653501,-13.19904574,227.61
130.76653550,-13.19911406,227.59
130.76653574,-13.19914678,227.57
130.76653586,-13.19916387,227.62
130.76653596,-13.19917778,227.60
130.76653607,-13.19919333,237.35
130.76653613,-13.19920146,227.62
130.76653633,-13.19922894,227.62
130.76653678,-13.19929158,227.62
130.76653683,-13.19929863,227.72
130.76653685,-13.19930161,227.65
130.76653704,-13.19932827,227.62
130.76653707,-13.19933216,227.64
130.76653707,-13.19933297,227.60
130.76653724,-13.19935620,227.66
130.76653735,-13.19937184,233.50
130.76653738,-13.19937554,233.12
130.76653752,-13.19939461,229.06
130.76653763,-13.19941043,244.18
130.76653763,-13.19941079,244.13
130.76653769,-13.19941883,227.86
130.76653790,-13.19944803,227.61
130.76653807,-13.19947108,227.68
130.76653809,-13.19947379,227.69
130.76653813,-13.19948038,242.66
130.76653822,-13.19949268,241.58
130.76653827,-13.19950000,227.60
130.76653832,-13.19950687,240.44
130.76653844,-13.19952286,227.69
130.76653863,-13.19954917,227.64
130.76653877,-13.19956878,228.87
130.76653961,-13.19968519,227.68
130.76653965,-13.19969116,227.85
130.76654003,-13.19974430,227.79
130.76654019,-13.19976717,227.72
130.76654026,-13.19977621,227.76
130.76654058,-13.19982086,227.74
130.76654062,-13.19982655,229.01
130.76654099,-13.19987744,227.75
130.76654126,-13.19991576,227.77
130.76654141,-13.19993564,238.13
130.76654168,-13.19997405,240.17
130.76654170,-13.19997722,227.69
130.76654172,-13.19997975,244.43
130.76654176,-13.19998535,227.76
130.76654270,-13.20011559,227.81
130.76654287,-13.20013891,227.80
130.76654303,-13.20016115,227.85
130.76654312,-13.20017416,227.81
130.76654315,-13.20017823,241.15
130.76654320,-13.20018528,227.79
130.76654327,-13.20019441,227.80
130.76654349,-13.20022514,227.75
130.76654375,-13.20026129,227.83
130.76654413,-13.20031443,243.55
130.76654419,-13.20032329,245.31
130.76654432,-13.20034083,227.83
130.76654436,-13.20034706,242.99
130.76654448,-13.20036396,227.82
130.76654471,-13.20039497,238.51
130.76654511,-13.20045127,227.90
130.76654534,-13.20048291,227.90
130.76654576,-13.20054130,227.90
130.76654620,-13.20060303,231.57
130.76654635,-13.20062309,227.92
130.76654635,-13.20062345,227.88
130.76654637,-13.20062607,227.95
130.76654650,-13.20064469,227.92
130.76654692,-13.20070299,227.87
130.76654697,-13.20071040,227.85
130.76654711,-13.20072857,227.96
130.76654719,-13.20074005,228.18
130.76654728,-13.20075225,227.88
130.76654736,-13.20076445,242.16
130.76654766,-13.20080593,227.85
130.76654807,-13.20086270,227.95
130.76654810,-13.20086649,227.90
130.76654827,-13.20089098,227.90
130.76654898,-13.20098995,228.60
130.76654940,-13.20104798,227.86
130.76654981,-13.20110483,227.88
130.76654998,-13.20112842,227.95
130.76655005,-13.20113809,227.85
130.76655035,-13.20118039,239.95
130.76655043,-13.20119078,227.85
130.76655046,-13.20119467,227.86
130.76655049,-13.20119874,241.82
130.76655053,-13.20120461,243.85
130.76655057,-13.20120985,236.29
130.76655064,-13.20122097,227.95
130.76655081,-13.20124339,227.89
130.76655083,-13.20124682,239.91
130.76655095,-13.20126399,242.30
130.76655125,-13.20130503,239.74
130.76655132,-13.20131443,243.47
130.76655152,-13.20134236,242.93
130.76655154,-13.20134543,227.92
130.76655178,-13.20137860,234.81
130.76655180,-13.20138104,228.67
130.76655180,-13.20138140,227.91
130.76655184,-13.20138728,227.92
130.76655194,-13.20140047,232.16
130.76655195,-13.20140183,227.88
130.76655199,-13.20140761,227.92
130.76655206,-13.20141728,229.18
130.76655206,-13.20141746,229.99
130.76655214,-13.20142930,227.83
130.76655234,-13.20145669,241.47
130.76655240,-13.20146546,227.91
130.76655245,-13.20147269,227.86
130.76655251,-13.20148073,228.03
130.76655287,-13.20152981,227.80
130.76655299,-13.20154752,227.84
130.76655312,-13.20156488,237.56
130.76655316,-13.20157093,238.24
130.76655337,-13.20160013,240.73
130.76655361,-13.20163330,227.82
130.76655424,-13.20172061,227.90
130.76655434,-13.20173525,227.88
130.76655443,-13.20174790,227.82
130.76655446,-13.20175161,227.91
130.76655453,-13.20176182,227.86
130.76655525,-13.20186205,227.81
130.76655532,-13.20187182,227.83
130.76655534,-13.20187471,227.83
130.76655549,-13.20189477,227.82
130.76655550,-13.20189577,227.81
130.76655551,-13.20189794,227.84
130.76655568,-13.20192180,227.82
130.76655585,-13.20194457,227.79
130.76655631,-13.20200856,227.82
130.76655640,-13.20202149,227.78
130.76655739,-13.20215860,227.83
130.76655741,-13.20216203,227.91
130.76655776,-13.20221066,227.78
130.76655781,-13.20221753,227.77
130.76655812,-13.20226028,227.97
130.76655836,-13.20229426,227.80
130.76655880,-13.20235600,227.73
130.76655953,-13.20245677,227.80
130.76655983,-13.20249916,235.58
130.76655986,-13.20250241,235.57
130.76655991,-13.20251037,233.74
130.76656005,-13.20252971,242.55
130.76656006,-13.20253025,227.72
130.76656018,-13.20254734,227.86
130.76656019,-13.20254932,242.48
130.76656037,-13.20257391,227.77
130.76656079,-13.20263193,244.15
130.76656085,-13.20264007,227.84
130.76656095,-13.20265489,234.17
130.76656101,-13.20266330,227.74
130.76656114,-13.20268101,227.77
130.76656124,-13.20269421,227.74
130.76656137,-13.20271346,227.78
130.76656173,-13.20276353,227.82
130.76656191,-13.20278857,227.79
130.76656198,-13.20279778,227.83
130.76656202,-13.20280276,227.74
130.76656203,-13.20280429,230.96
130.76656206,-13.20280935,227.74
130.76656208,-13.20281134,227.69
130.76656212,-13.20281767,227.74
130.76656225,-13.20283575,227.72
130.76656241,-13.20285680,227.73
130.76656262,-13.20288609,229.94
130.76656287,-13.20292089,227.79
130.76656291,-13.20292685,227.84
130.76656311,-13.20295541,227.68
130.76656323,-13.20297204,227.77
130.76656326,-13.20297530,227.80
130.76656343,-13.20299961,239.28
130.76656363,-13.20302663,238.09
130.76656366,-13.20303160,238.81
130.76656371,-13.20303893,227.69
130.76656388,-13.20306188,227.73
130.76656408,-13.20307698,227.68
130.76656438,-13.20307950,227.67
130.76656466,-13.20308014,227.68
130.76658956,-13.20307996,227.71
130.76660995,-13.20307982,227.70
130.76666576,-13.20307944,240.96
130.76666733,-13.20307943,240.41
130.76667941,-13.20307934,227.75
130.76672120,-13.20307905,236.14
130.76674518,-13.20307889,227.71
130.76675256,-13.20307884,227.69
130.76676013,-13.20307879,237.69
130.76680487,-13.20307848,227.70
130.76684822,-13.20307818,235.27
130.76688669,-13.20307791,227.68
130.76689140,-13.20307788,235.85
130.76689961,-13.20307782,235.84
130.76690588,-13.20307778,227.67
130.76691326,-13.20307773,233.27
130.76702737,-13.20307694,233.10
130.76704923,-13.20307679,227.74
130.76705726,-13.20307674,227.70
130.76706556,-13.20307668,227.81
130.76712386,-13.20307628,227.82
130.76712451,-13.20307627,232.04
130.76713936,-13.20307617,238.44
130.76716140,-13.20307602,227.76
130.76716768,-13.20307597,227.77
130.76722321,-13.20307559,227.73
130.76724184,-13.20307546,227.74
130.76724932,-13.20307541,227.77
130.76726020,-13.20307533,227.82
130.76730005,-13.20307506,234.25
130.76733178,-13.20307484,237.30
130.76733271,-13.20307483,234.31
130.76736029,-13.20307464,227.77
130.76737911,-13.20307451,227.75
130.76738695,-13.20307446,233.14
130.76740254,-13.20307435,227.94
130.76741739,-13.20307425,227.74
130.76744903,-13.20307403,232.83
130.76751093,-13.20307360,227.68
130.76752209,-13.20307353,234.95
130.76756416,-13.20307323,227.76
130.76757753,-13.20307314,233.74
130.76761877,-13.20307286,227.80
130.76762089,-13.20307284,236.38
130.76782964,-13.20307140,227.63
130.76792060,-13.20307077,229.42
130.76792761,-13.20307072,227.56
130.76793130,-13.20307070,240.94
130.76794246,-13.20307062,239.55
130.76794956,-13.20307057,227.57
130.76795224,-13.20307055,227.65
130.76801146,-13.20307015,232.70
130.76804107,-13.20306994,227.57
130.76810620,-13.20306949,227.64
130.76812382,-13.20306937,227.56
130.76815195,-13.20306917,236.27
130.76819190,-13.20306890,242.63
130.76821616,-13.20306873,250.39
130.76822114,-13.20306870,227.60
130.76823765,-13.20306858,241.31
130.76824282,-13.20306855,250.65
130.76829069,-13.20306822,227.42
130.76831007,-13.20306808,227.52
130.76838405,-13.20306757,227.49
130.76838986,-13.20306753,231.59
130.76860092,-13.20306607,230.79
130.76865710,-13.20306568,238.90
130.76882231,-13.20306454,227.44
130.76888993,-13.20306408,227.35
130.76893190,-13.20306379,227.30
130.76896096,-13.20306358,227.21
130.76898089,-13.20306345,227.29
130.76906640,-13.20306286,227.25
130.76913522,-13.20306238,227.26
130.76919259,-13.20306198,227.23
130.76921335,-13.20306184,236.80
130.76926058,-13.20306151,240.09
130.76926242,-13.20306150,242.52
130.76932894,-13.20306104,235.43
130.76939166,-13.20306061,227.15
130.76944148,-13.20306026,230.25
130.76950079,-13.20305985,227.05
130.76951638,-13.20305975,240.92
130.76958474,-13.20305927,226.94
130.76959996,-13.20305917,226.95
130.76961241,-13.20305908,226.97
130.76975751,-13.20305808,226.99
130.76977633,-13.20305795,235.64
130.76978602,-13.20305788,227.06
130.76982864,-13.20305759,226.83
130.76984229,-13.20305749,226.80
130.76987356,-13.20305728,226.80
130.77000603,-13.20305636,226.82
130.77002189,-13.20305625,226.84
130.77003878,-13.20305613,226.81
130.77005031,-13.20305605,226.83
130.77007069,-13.20305591,243.31
130.77007558,-13.20305588,244.95
130.77012835,-13.20305551,240.88
130.77013923,-13.20305544,226.73
130.77015261,-13.20305535,226.84
130.77018536,-13.20305512,226.82
130.77021921,-13.20305489,240.34
130.77024910,-13.20305468,226.77
130.77030519,-13.20305429,226.76
130.77031764,-13.20305420,226.79
130.77032151,-13.20305418,230.63
130.77033000,-13.20305412,241.73
130.77033756,-13.20305407,226.79
130.77035472,-13.20305395,226.71
130.77040472,-13.20305360,242.55
130.77042114,-13.20305349,241.81
130.77046265,-13.20305320,234.80
130.77047723,-13.20305310,226.81
130.77065572,-13.20305187,226.80
130.77068746,-13.20305165,226.86
130.77069272,-13.20305161,226.96
130.77076448,-13.20305111,226.76
130.77090700,-13.20305013,226.85
130.77093025,-13.20304997,226.78
130.77100313,-13.20304946,226.78
130.77110202,-13.20304878,226.81
130.77114925,-13.20304845,226.85
130.77117295,-13.20304829,241.81
130.77118522,-13.20304820,241.08
130.77127793,-13.20304756,226.94
130.77129619,-13.20304743,226.88
130.77139453,-13.20304675,238.48
130.77142064,-13.20304657,243.14
130.77144822,-13.20304638,226.97
130.77147940,-13.20304617,237.42
130.77150477,-13.20304599,245.27
130.77150892,-13.20304596,241.28
130.77151574,-13.20304591,244.34
130.77155578,-13.20304564,226.86
130.77156722,-13.20304556,226.88
130.77156805,-13.20304555,246.04
130.77167727,-13.20304480,240.58
130.77167967,-13.20304478,241.75
130.77169249,-13.20304469,227.00
130.77170356,-13.20304461,227.11
130.77170494,-13.20304461,226.96
130.77173317,-13.20304441,243.02
130.77177071,-13.20304415,226.92
130.77177505,-13.20304412,237.37
130.77178234,-13.20304407,226.95
130.77181674,-13.20304383,239.38
130.77188694,-13.20304335,226.88
130.77195788,-13.20304285,227.17
130.77209957,-13.20304187,238.31
130.77223342,-13.20304095,226.93
130.77233084,-13.20304027,240.98
130.77235584,-13.20304010,231.40
130.77239569,-13.20303982,226.95
130.77242059,-13.20303965,247.50
130.77242474,-13.20303962,226.94
130.77243618,-13.20303954,240.32
130.77244531,-13.20303948,226.92
130.77245989,-13.20303938,233.77
130.77247576,-13.20303927,226.98
130.77248461,-13.20303921,226.93
130.77249707,-13.20303912,226.86
130.77252096,-13.20303896,226.88
130.77253037,-13.20303889,226.86
130.77253950,-13.20303883,226.94
130.77254513,-13.20303879,226.87
130.77256893,-13.20303862,226.92
130.77260149,-13.20303840,226.89
130.77261274,-13.20303832,226.93
130.77273885,-13.20303745,226.95
130.77275065,-13.20303736,226.93
130.77278008,-13.20303716,226.90
130.77293699,-13.20303607,229.06
130.77293930,-13.20303606,236.40
130.77301374,-13.20303554,226.95
130.77304427,-13.20303533,226.92
130.77309842,-13.20303496,226.96
130.77311244,-13.20303486,227.04
130.77312250,-13.20303479,226.91
130.77323873,-13.20303398,226.86
130.77324270,-13.20303396,244.39
130.77326687,-13.20303379,246.07
130.77328190,-13.20303368,244.64
130.77328587,-13.20303366,226.88
130.77330017,-13.20303356,245.12
130.77330653,-13.20303351,226.90
130.77334463,-13.20303325,226.90
130.77335266,-13.20303319,226.89
130.77342904,-13.20303266,244.11
130.77347553,-13.20303234,226.93
130.77349379,-13.20303222,226.91
130.77360006,-13.20303148,239.71
130.77361538,-13.20303137,226.97
130.77364886,-13.20303114,226.93
130.77370329,-13.20303076,226.98
130.77375458,-13.20303041,233.28
130.77377902,-13.20303024,239.93
130.77378059,-13.20303023,226.98
130.77383714,-13.20302984,230.41
130.77392256,-13.20302924,226.99
130.77404995,-13.20302836,236.97
130.77408094,-13.20302815,227.03
130.77416507,-13.20302756,227.07
130.77420548,-13.20302728,227.08
130.77423740,-13.20302706,243.67
130.77427153,-13.20302683,243.01
130.77428878,-13.20302671,227.04
130.77429791,-13.20302664,236.12
130.77430704,-13.20302658,227.08
130.77433841,-13.20302636,227.07
130.77435012,-13.20302628,229.46
130.77439375,-13.20302598,227.06
130.77447244,-13.20302543,227.08
130.77454873,-13.20302490,227.10
130.77459679,-13.20302457,227.10
130.77488285,-13.20302259,227.16
130.77494124,-13.20302218,227.13
130.77501033,-13.20302170,227.20
130.77503339,-13.20302154,227.23
130.77506891,-13.20302130,228.46
130.77515756,-13.20302068,227.16
130.77516106,-13.20302066,228.16
130.77517979,-13.20302053,227.16
130.77525156,-13.20302003,227.37
130.77526484,-13.20301994,227.21
130.77536382,-13.20301925,244.10
130.77537258,-13.20301919,227.20
130.77543245,-13.20301878,246.08
130.77543374,-13.20301877,246.41
130.77545893,-13.20301859,245.15
130.77546031,-13.20301858,245.44
130.77547276,-13.20301850,227.18
130.77548448,-13.20301841,227.17
130.77549103,-13.20301837,227.17
130.77555228,-13.20301794,227.17
130.77555754,-13.20301791,227.21
130.77558641,-13.20301771,244.05
130.77560339,-13.20301759,227.17
130.77563576,-13.20301737,227.20
130.77564766,-13.20301728,227.19
130.77572949,-13.20301671,227.26
130.77575956,-13.20301651,227.17
130.77576675,-13.20301646,227.25
130.77577672,-13.20301639,235.73
130.77580190,-13.20301621,227.20
130.77585983,-13.20301581,227.26
130.77591204,-13.20301545,227.27
130.77591573,-13.20301542,235.28
130.77592911,-13.20301533,242.03
130.77593114,-13.20301532,227.26
130.77597228,-13.20301503,227.27
130.77597652,-13.20301500,227.20
130.77600383,-13.20301481,227.30
130.77606693,-13.20301437,227.20
130.77606877,-13.20301436,227.29
130.77611674,-13.20301403,247.96
130.77612301,-13.20301398,246.39
130.77613952,-13.20301387,227.34
130.77614423,-13.20301384,243.80
130.77615401,-13.20301377,227.29
130.77620963,-13.20301338,227.35
130.77626876,-13.20301297,227.33
130.77628758,-13.20301284,227.33
130.77632706,-13.20301257,227.36
130.77633601,-13.20301251,246.61
130.77634902,-13.20301242,227.46
130.77636202,-13.20301233,227.27
130.77637438,-13.20301224,245.82
130.77638988,-13.20301213,227.25
130.77642955,-13.20301186,241.12
130.77643241,-13.20301184,241.76
130.77643499,-13.20301182,242.18
130.77651672,-13.20301125,227.33
130.77658129,-13.20301080,227.37
130.77661782,-13.20301055,227.30
130.77663221,-13.20301045,227.32
130.77670869,-13.20300992,227.34
130.77673082,-13.20300977,227.31
130.77674448,-13.20300967,229.66
130.77677132,-13.20300948,227.32
130.77678442,-13.20300939,227.31
130.77680730,-13.20300923,227.30
130.77680739,-13.20300923,227.25
130.77680767,-13.20300923,227.27
130.77681560,-13.20300918,227.23
130.77683995,-13.20300901,228.42
130.77685693,-13.20300889,227.30
130.77687980,-13.20300873,227.34
130.77690028,-13.20300859,227.32
130.77690425,-13.20300856,227.30
130.77692196,-13.20300844,227.30
130.77692353,-13.20300843,227.32
130.77693589,-13.20300834,227.30
130.77694078,-13.20300831,227.34
130.77698626,-13.20300799,227.31
130.77705719,-13.20300750,239.91
130.77705793,-13.20300749,227.32
130.77706614,-13.20300744,246.00
130.77710876,-13.20300714,243.91
130.77712979,-13.20300700,227.31
130.77716318,-13.20300676,237.29
130.77716807,-13.20300673,227.31
130.77720922,-13.20300644,245.25
130.77721069,-13.20300643,245.67
130.77721226,-13.20300642,245.98
130.77721263,-13.20300642,246.01
130.77722536,-13.20300633,227.58
130.77726825,-13.20300603,227.31
130.77728062,-13.20300595,227.29
130.77732167,-13.20300566,243.14
130.77738495,-13.20300522,227.28
130.77740570,-13.20300508,227.27
130.77741262,-13.20300503,227.31
130.77745330,-13.20300475,227.37
130.77747074,-13.20300463,227.29
130.77748300,-13.20300454,227.29
130.77749730,-13.20300444,227.39
130.77750404,-13.20300440,243.26
130.77751381,-13.20300433,227.30
130.77751750,-13.20300430,227.28
130.77759167,-13.20300379,227.30
130.77759905,-13.20300374,240.69
130.77765089,-13.20300338,227.54
130.77766058,-13.20300331,242.42
130.77766141,-13.20300330,227.28
130.77779544,-13.20300237,227.27
130.77789037,-13.20300171,227.33
130.77789073,-13.20300171,227.34
130.77795586,-13.20300126,227.88
130.77796020,-13.20300123,241.34
130.77798787,-13.20300104,227.48
130.77799340,-13.20300100,227.51
130.77801342,-13.20300086,227.30
130.77804377,-13.20300065,234.34
130.77809091,-13.20300032,227.32
130.77810456,-13.20300023,227.24
130.77810991,-13.20300019,227.25
130.77814469,-13.20299995,237.23
130.77814515,-13.20299994,227.24
130.77823989,-13.20299929,227.25
130.77828786,-13.20299895,227.28
130.77829745,-13.20299889,227.26
130.77848296,-13.20299760,241.31
130.77848351,-13.20299759,231.48
130.77848665,-13.20299757,227.23
130.77849117,-13.20299754,227.20
130.77854006,-13.20299720,243.68
130.77855380,-13.20299710,241.01
130.77857225,-13.20299698,227.20
130.77857769,-13.20299694,248.30
130.77863544,-13.20299654,227.21
130.77866957,-13.20299630,227.23
130.77868203,-13.20299621,227.22
130.77869863,-13.20299610,227.19
130.77871671,-13.20299597,227.21
130.77876496,-13.20299564,243.66
130.77877944,-13.20299554,234.72
130.77877971,-13.20299553,230.57
130.77884198,-13.20299510,227.20
130.77890904,-13.20299464,227.17
130.77893580,-13.20299445,227.24
130.77902804,-13.20299381,227.16
130.77903828,-13.20299374,227.21
130.77906217,-13.20299357,227.18
130.77908118,-13.20299344,227.21
130.77911651,-13.20299319,227.18
130.77914704,-13.20299298,227.23
130.77915396,-13.20299293,227.15
130.77922914,-13.20299241,240.11
130.77923458,-13.20299237,227.17
130.77925405,-13.20299224,227.22
130.77926585,-13.20299216,227.16
130.77929897,-13.20299193,227.16
130.77938891,-13.20299130,243.96
130.77939177,-13.20299128,227.16
130.77940146,-13.20299121,241.16
130.77942821,-13.20299103,227.18
130.77944592,-13.20299090,227.12
130.77945736,-13.20299082,242.38
130.77946123,-13.20299080,242.93
130.77953291,-13.20299030,227.07
130.77953309,-13.20299030,244.00
130.77956907,-13.20299005,227.13
130.77958798,-13.20298992,227.14
130.77959407,-13.20298987,227.27
130.77961012,-13.20298976,227.19
130.77962423,-13.20298966,227.16
130.77968013,-13.20298928,227.08
130.77970725,-13.20298909,227.09
130.77971021,-13.20298907,227.12
130.77972884,-13.20298894,227.17
130.77974120,-13.20298885,227.07
130.77976094,-13.20298871,227.08
130.77979212,-13.20298850,241.63
130.77980946,-13.20298838,227.09
130.77984572,-13.20298812,227.16
130.77986656,-13.20298798,227.12
130.77989175,-13.20298780,227.06
130.77992053,-13.20298760,227.09
130.77993317,-13.20298752,237.43
130.77994460,-13.20298744,239.28
130.77994765,-13.20298742,227.11
130.77996573,-13.20298729,227.08
130.78000539,-13.20298701,241.31
130.78002375,-13.20298689,227.07
130.78004008,-13.20298677,227.06
130.78009395,-13.20298640,241.42
130.78009570,-13.20298639,227.05
130.78011360,-13.20298626,227.05
130.78013722,-13.20298610,227.07
130.78019441,-13.20298570,227.08
130.78021470,-13.20298556,242.56
130.78026894,-13.20298518,236.43
130.78028130,-13.20298509,229.42
130.78030704,-13.20298492,245.72
130.78030806,-13.20298491,227.03
130.78031497,-13.20298486,227.01
130.78033564,-13.20298472,227.01
130.78034219,-13.20298467,227.06
130.78039809,-13.20298428,227.02
130.78040233,-13.20298425,228.95
130.78040372,-13.20298424,229.64
130.78040805,-13.20298421,227.00
130.78040916,-13.20298421,227.01
130.78050832,-13.20298352,226.99
130.78050897,-13.20298351,226.97
130.78051091,-13.20298350,228.22
130.78057585,-13.20298305,249.96
130.78060361,-13.20298285,245.99
130.78065629,-13.20298249,226.98
130.78069245,-13.20298223,226.95
130.78071182,-13.20298210,226.97
130.78071837,-13.20298205,226.94
130.78076301,-13.20298174,226.93
130.78078137,-13.20298162,226.92
130.78084585,-13.20298117,226.91
130.78085111,-13.20298113,226.91
130.78085194,-13.20298112,226.91
130.78089281,-13.20298084,226.90
130.78092242,-13.20298063,226.91
130.78098644,-13.20298019,226.87
130.78101872,-13.20297996,226.94
130.78105793,-13.20297969,226.92
130.78113578,-13.20297915,226.87
130.78131077,-13.20297793,242.38
130.78132055,-13.20297786,242.04
130.78136686,-13.20297754,242.05
130.78138420,-13.20297742,226.78
130.78150938,-13.20297655,226.86
130.78162469,-13.20297575,241.57
130.78162847,-13.20297572,237.19
130.78169194,-13.20297528,227.88
130.78176952,-13.20297474,243.60
130.78181896,-13.20297439,240.24
130.78191932,-13.20297370,226.70
130.78192532,-13.20297365,226.56
130.78200059,-13.20297313,226.60
130.78201794,-13.20297301,226.58
130.78206240,-13.20297270,241.81
130.78213979,-13.20297216,237.08
130.78216184,-13.20297201,226.54
130.78221571,-13.20297163,226.43
130.78227207,-13.20297124,226.40
130.78231073,-13.20297097,226.40
130.78234384,-13.20297074,226.38
130.78234698,-13.20297072,240.62
130.78236257,-13.20297061,226.37
130.78250398,-13.20296962,246.91
130.78263571,-13.20296871,226.24
130.78275766,-13.20296786,243.01
130.78278450,-13.20296767,226.13
130.78279032,-13.20296763,226.08
130.78284963,-13.20296722,242.68
130.78285821,-13.20296716,238.24
130.78287177,-13.20296706,246.94
130.78288570,-13.20296697,239.75
130.78292527,-13.20296669,226.04
130.78300968,-13.20296610,225.95
130.78302647,-13.20296599,243.69
130.78308310,-13.20296559,225.98
130.78310672,-13.20296543,242.20
130.78312175,-13.20296532,225.90
130.78315118,-13.20296512,245.49
130.78316013,-13.20296505,225.97
130.78316806,-13.20296500,244.99
130.78322313,-13.20296462,239.41
130.78323633,-13.20296452,244.56
130.78327083,-13.20296428,225.86
130.78330902,-13.20296402,242.73
130.78332700,-13.20296389,225.84
130.78337165,-13.20296358,225.84
130.78339601,-13.20296341,225.77
130.78340919,-13.20296332,225.84
130.78341842,-13.20296325,225.74
130.78343539,-13.20296314,225.73
130.78345117,-13.20296303,225.71
130.78350329,-13.20296266,225.81
130.78352478,-13.20296251,225.69
130.78359738,-13.20296201,225.76
130.78359950,-13.20296199,225.69
130.78363428,-13.20296175,246.73
130.78363704,-13.20296173,244.73
130.78364793,-13.20296166,225.68
130.78364987,-13.20296164,225.67
130.78375272,-13.20296092,225.60
130.78377246,-13.20296079,225.53
130.78377292,-13.20296078,225.58
130.78380724,-13.20296055,225.59
130.78383104,-13.20296038,225.54
130.78388666,-13.20295999,233.27
130.78390484,-13.20295986,225.44
130.78392347,-13.20295973,225.44
130.78400760,-13.20295915,225.44
130.78404164,-13.20295891,225.42
130.78413296,-13.20295827,225.38
130.78415962,-13.20295809,225.29
130.78419458,-13.20295785,225.24
130.78426865,-13.20295733,225.29
130.78427391,-13.20295729,225.22
130.78428895,-13.20295719,225.28
130.78432871,-13.20295691,245.55
130.78433212,-13.20295689,225.25
130.78438083,-13.20295655,225.11
130.78446661,-13.20295595,225.15
130.78448617,-13.20295581,225.15
130.78448774,-13.20295580,225.04
130.78450462,-13.20295568,224.99
130.78451975,-13.20295558,225.12
130.78452741,-13.20295552,225.01
130.78454871,-13.20295538,225.06
130.78455176,-13.20295536,225.09
130.78460554,-13.20295498,225.05
130.78463985,-13.20295474,224.93
130.78467140,-13.20295452,225.02
130.78471199,-13.20295424,238.47
130.78471651,-13.20295421,238.88
130.78473394,-13.20295408,237.01
130.78473505,-13.20295408,224.88
130.78475110,-13.20295397,224.98
130.78476577,-13.20295386,224.96
130.78480470,-13.20295359,225.02
130.78482960,-13.20295342,224.94
130.78485792,-13.20295322,224.94
130.78485922,-13.20295321,224.98
130.78487139,-13.20295313,235.83
130.78488790,-13.20295301,224.90
130.78490700,-13.20295288,226.47
130.78492840,-13.20295273,224.93
130.78502544,-13.20295205,224.85
130.78504675,-13.20295190,241.91
130.78506234,-13.20295179,241.82
130.78509942,-13.20295154,224.81
130.78513300,-13.20295130,224.74
130.78515634,-13.20295114,224.74
130.78516077,-13.20295111,241.17
130.78516141,-13.20295110,242.18
130.78517802,-13.20295099,224.73
130.78518374,-13.20295095,224.76
130.78525394,-13.20295046,224.70
130.78526731,-13.20295036,224.67
130.78529969,-13.20295014,236.95
130.78532081,-13.20294999,224.66
130.78536740,-13.20294967,224.63
130.78543216,-13.20294922,224.62
130.78544470,-13.20294913,243.86
130.78545503,-13.20294906,245.90
130.78545725,-13.20294904,224.57
130.78555927,-13.20294833,242.26
130.78559267,-13.20294810,224.48
130.78561204,-13.20294796,224.47
130.78561619,-13.20294793,241.35
130.78564912,-13.20294770,241.24
130.78566047,-13.20294762,242.38
130.78566462,-13.20294759,224.42
130.78570613,-13.20294730,224.45
130.78573002,-13.20294714,224.44
130.78574404,-13.20294704,224.41
130.78581240,-13.20294656,241.26
130.78583195,-13.20294643,224.35
130.78584938,-13.20294630,224.34
130.78588287,-13.20294607,241.05
130.78591433,-13.20294585,224.33
130.78591977,-13.20294581,224.30
130.78595372,-13.20294558,224.26
130.78596442,-13.20294550,224.29
130.78597429,-13.20294543,224.31
130.78598111,-13.20294539,224.30
130.78610251,-13.20294454,241.79
130.78618000,-13.20294400,224.21
130.78618470,-13.20294396,224.22
130.78620334,-13.20294383,224.14
130.78626680,-13.20294339,224.10
130.78632224,-13.20294300,224.10
130.78637980,-13.20294260,224.07
130.78638829,-13.20294254,224.06
130.78639290,-13.20294251,224.08
130.78643293,-13.20294223,224.11
130.78646089,-13.20294204,234.74
130.78647980,-13.20294190,224.02
130.78649908,-13.20294177,242.77
130.78652408,-13.20294160,244.65
130.78654963,-13.20294142,239.78
130.78657186,-13.20294126,224.01
130.78657250,-13.20294126,223.99
130.78662481,-13.20294089,223.98
130.78663376,-13.20294083,224.02
130.78666623,-13.20294060,224.00
130.78673744,-13.20294011,223.95
130.78673855,-13.20294010,223.95
130.78676142,-13.20293994,223.95
130.78699232,-13.20293833,223.85
130.78704859,-13.20293793,223.81
130.78714720,-13.20293725,223.73
130.78716565,-13.20293712,223.81
130.78718594,-13.20293698,223.79
130.78719258,-13.20293693,223.79
130.78720725,-13.20293683,242.12
130.78721057,-13.20293680,245.18
130.78721196,-13.20293679,239.92
130.78721380,-13.20293678,240.75
130.78721583,-13.20293677,244.71
130.78723234,-13.20293665,244.32
130.78725356,-13.20293650,238.77
130.78726334,-13.20293643,242.60
130.78727265,-13.20293637,223.74
130.78729313,-13.20293623,223.76
130.78733409,-13.20293594,223.73
130.78735540,-13.20293579,223.79
130.78738658,-13.20293557,223.72
130.78740696,-13.20293543,223.72
130.78741296,-13.20293539,223.71
130.78743833,-13.20293521,223.68
130.78744340,-13.20293518,232.92
130.78744986,-13.20293513,241.72
130.78746415,-13.20293503,223.64
130.78759321,-13.20293413,223.66
130.78760806,-13.20293403,223.69
130.78764173,-13.20293379,223.59
130.78765160,-13.20293372,223.62
130.78779006,-13.20293276,239.91
130.78779744,-13.20293270,242.76
130.78780870,-13.20293263,223.64
130.78783222,-13.20293246,223.57
130.78787382,-13.20293217,223.56
130.78788471,-13.20293209,223.65
130.78790149,-13.20293198,238.74
130.78790463,-13.20293196,233.19
130.78790657,-13.20293194,236.79
130.78790740,-13.20293194,223.73
130.78793950,-13.20293171,240.40
130.78794919,-13.20293164,223.57
130.78796072,-13.20293156,223.52
130.78796976,-13.20293150,223.52
130.78807372,-13.20293077,242.55
130.78808119,-13.20293072,223.48
130.78810840,-13.20293053,223.42
130.78813322,-13.20293036,223.44
130.78826227,-13.20292946,233.25
130.78827112,-13.20292940,223.37
130.78828395,-13.20292931,226.93
130.78834852,-13.20292885,223.41
130.78836318,-13.20292875,223.43
130.78837564,-13.20292867,223.33
130.78839999,-13.20292849,223.32
130.78840322,-13.20292847,223.37
130.78846263,-13.20292806,239.80
130.78846512,-13.20292804,229.24
130.78850395,-13.20292777,223.29
130.78853974,-13.20292752,223.41
130.78859131,-13.20292716,223.34
130.78860681,-13.20292705,223.27
130.78860939,-13.20292703,237.02
130.78862885,-13.20292690,226.06
130.78863531,-13.20292685,239.89
130.78863863,-13.20292683,235.86
130.78866206,-13.20292666,234.83
130.78867821,-13.20292655,236.01
130.78873881,-13.20292613,224.30
130.78874711,-13.20292607,223.30
130.78879102,-13.20292576,223.24
130.78887700,-13.20292516,225.74
130.78889046,-13.20292507,223.31
130.78895808,-13.20292459,224.14
130.78896629,-13.20292454,223.19
130.78898502,-13.20292441,223.18
130.78900282,-13.20292428,223.22
130.78901795,-13.20292418,223.16
130.78912938,-13.20292340,237.84
130.78922882,-13.20292270,223.19
130.78928768,-13.20292229,239.82
130.78928777,-13.20292229,223.19
130.78929764,-13.20292222,241.82
130.78929847,-13.20292222,223.20
130.78931194,-13.20292212,241.67
130.78934081,-13.20292192,223.16
130.78935566,-13.20292182,223.10
130.78938149,-13.20292163,235.06
130.78948859,-13.20292089,223.14
130.78951737,-13.20292068,223.25
130.78953434,-13.20292057,223.23
130.78962022,-13.20291997,232.58
130.78964992,-13.20291976,239.01
130.78971358,-13.20291931,223.12
130.78976136,-13.20291898,223.09
130.78979272,-13.20291876,223.21
130.78982907,-13.20291851,223.18
130.78984789,-13.20291837,223.19
130.78987962,-13.20291815,223.17
130.78991587,-13.20291790,223.08
130.78992832,-13.20291781,223.05
130.78997223,-13.20291750,239.48
130.78997934,-13.20291745,223.03
130.79002085,-13.20291716,223.12
130.79013099,-13.20291639,223.07
130.79013394,-13.20291637,222.99
130.79015774,-13.20291621,222.99
130.79022997,-13.20291570,222.98
130.79031087,-13.20291514,236.44
130.79034509,-13.20291490,222.95
130.79035441,-13.20291483,223.04
130.79049656,-13.20291384,223.02
130.79063862,-13.20291284,222.97
130.79075005,-13.20291206,222.88
130.79076924,-13.20291193,222.94
130.79080651,-13.20291167,222.97
130.79083187,-13.20291149,222.85
130.79083298,-13.20291148,222.98
130.79089027,-13.20291108,222.92
130.79091425,-13.20291091,227.54
130.79092615,-13.20291083,222.86
130.79093500,-13.20291077,228.61
130.79094534,-13.20291070,222.87
130.79097227,-13.20291051,222.89
130.79100142,-13.20291030,222.83
130.79100382,-13.20291029,238.95
130.79105262,-13.20290995,222.84
130.79120178,-13.20290890,222.77
130.79122078,-13.20290877,222.75
130.79124726,-13.20290858,222.75
130.79127401,-13.20290840,222.75
130.79137391,-13.20290770,222.82
130.79139688,-13.20290754,223.62
130.79147796,-13.20290697,226.12
130.79147907,-13.20290696,222.70
130.79148027,-13.20290695,222.78
130.79152123,-13.20290667,222.69
130.79154327,-13.20290651,222.79
130.79155360,-13.20290644,234.11
130.79158894,-13.20290619,222.71
130.79160416,-13.20290609,228.02
130.79160683,-13.20290607,222.69
130.79161310,-13.20290602,222.78
130.79161762,-13.20290599,223.82
130.79167353,-13.20290560,236.96
130.79167675,-13.20290558,236.50
130.79171882,-13.20290528,222.73
130.79173570,-13.20290517,222.67
130.79179243,-13.20290477,232.72
130.79182435,-13.20290454,222.63
130.79184676,-13.20290439,222.61
130.79186973,-13.20290423,222.63
130.79188071,-13.20290415,222.66
130.79189067,-13.20290408,222.66
130.79190866,-13.20290395,222.70
130.79193412,-13.20290378,222.62
130.79197508,-13.20290349,239.33
130.79197858,-13.20290346,222.61
130.79198919,-13.20290339,222.65
130.79200100,-13.20290331,222.66
130.79213568,-13.20290237,236.77
130.79213853,-13.20290234,222.61
130.79214804,-13.20290228,241.91
130.79215837,-13.20290221,243.90
130.79218300,-13.20290203,222.60
130.79221353,-13.20290182,222.60
130.79225052,-13.20290156,230.03
130.79225320,-13.20290154,233.31
130.79225403,-13.20290154,230.70
130.79226925,-13.20290143,222.58
130.79226971,-13.20290143,222.56
130.79228927,-13.20290129,222.58
130.79231620,-13.20290110,222.57
130.79241518,-13.20290041,222.54
130.79241546,-13.20290041,222.55
130.79243455,-13.20290027,222.58
130.79244083,-13.20290023,222.54
130.79250485,-13.20289978,237.90
130.79253298,-13.20289958,241.61
130.79254248,-13.20289952,222.57
130.79256065,-13.20289939,222.55
130.79266969,-13.20289863,222.51
130.79281350,-13.20289762,222.54
130.79285492,-13.20289733,237.77
130.79291561,-13.20289690,222.51
130.79296801,-13.20289654,222.48
130.79307096,-13.20289581,241.47
130.79309522,-13.20289564,234.83
130.79319457,-13.20289495,238.69
130.79326670,-13.20289444,222.41
130.79327999,-13.20289435,235.20
130.79338671,-13.20289360,222.40
130.79338976,-13.20289358,222.43
130.79344566,-13.20289319,222.43
130.79348689,-13.20289290,222.37
130.79353726,-13.20289255,236.86
130.79359842,-13.20289212,222.43
130.79392395,-13.20288984,222.31
130.79393899,-13.20288973,234.24
130.79395652,-13.20288961,222.28
130.79397358,-13.20288949,222.29
130.79406518,-13.20288885,235.06
130.79408040,-13.20288874,222.29
130.79416241,-13.20288817,222.37
130.79423861,-13.20288763,222.35
130.79425327,-13.20288753,232.07
130.79426416,-13.20288745,222.38
130.79427569,-13.20288737,222.27
130.79428676,-13.20288729,222.36
130.79432218,-13.20288705,231.60
130.79432568,-13.20288702,231.82
130.79437439,-13.20288668,222.38
130.79443620,-13.20288625,222.32
130.79447752,-13.20288596,222.34
130.79448426,-13.20288591,234.96
130.79449865,-13.20288581,237.38
130.79450842,-13.20288574,242.47
130.79452826,-13.20288560,222.30
130.79454661,-13.20288547,240.33
130.79456737,-13.20288533,223.45
130.79466506,-13.20288464,222.30
130.79469947,-13.20288440,222.28
130.79470703,-13.20288435,237.24
130.79472760,-13.20288420,222.22
130.79472797,-13.20288420,238.37
130.79473397,-13.20288416,222.29
130.79479429,-13.20288374,222.18
130.79484890,-13.20288335,222.28
130.79485545,-13.20288331,222.18
130.79486763,-13.20288322,222.32
130.79490997,-13.20288292,222.19
130.79493073,-13.20288278,222.25
130.79505858,-13.20288188,222.14
130.79508108,-13.20288172,222.13
130.79511697,-13.20288147,222.23
130.79515276,-13.20288122,222.14
130.79519658,-13.20288091,222.13
130.79520958,-13.20288082,222.12
130.79523228,-13.20288066,222.22
130.79525174,-13.20288053,222.08
130.79531806,-13.20288006,222.11
130.79532544,-13.20288001,222.19
130.79534435,-13.20287988,229.99
130.79538356,-13.20287960,222.21
130.79539389,-13.20287953,222.15
130.79544435,-13.20287918,222.16
130.79547580,-13.20287896,236.95
130.79548300,-13.20287891,222.15
130.79551215,-13.20287870,222.12
130.79554010,-13.20287850,222.13
130.79556362,-13.20287834,222.12
130.79559535,-13.20287812,222.07
130.79567662,-13.20287755,222.07
130.79569784,-13.20287740,222.09
130.79569987,-13.20287738,222.07
130.79575217,-13.20287702,222.09
130.79580162,-13.20287667,222.12
130.79582864,-13.20287648,222.05
130.79585659,-13.20287628,232.06
130.79595041,-13.20287563,222.06
130.79598832,-13.20287536,226.88
130.79601313,-13.20287519,222.06
130.79611949,-13.20287444,221.97
130.79623139,-13.20287365,221.93
130.79624089,-13.20287359,222.00
130.79625076,-13.20287352,221.96
130.79637529,-13.20287264,234.63
130.79639429,-13.20287251,237.53
130.79640296,-13.20287245,221.87
130.79643055,-13.20287226,221.89
130.79644715,-13.20287214,221.90
130.79646320,-13.20287203,221.89
130.79647473,-13.20287195,221.90
130.79648719,-13.20287186,221.91
130.79650250,-13.20287175,221.88
130.79650822,-13.20287171,233.94
130.79651366,-13.20287167,227.75
130.79658321,-13.20287118,221.95
130.79661356,-13.20287097,221.85
130.79665231,-13.20287070,221.90
130.79667860,-13.20287052,221.92
130.79671494,-13.20287026,221.88
130.79672269,-13.20287021,229.60
130.79672915,-13.20287016,221.90
130.79675359,-13.20286999,221.85
130.79679058,-13.20286973,233.16
130.79679501,-13.20286970,221.84
130.79681742,-13.20286954,221.85
130.79690081,-13.20286896,221.80
130.79691604,-13.20286885,221.78
130.79693153,-13.20286874,221.78
130.79693974,-13.20286868,221.81
130.79697498,-13.20286843,221.82
130.79699546,-13.20286829,221.80
130.79701372,-13.20286816,221.81
130.79702996,-13.20286805,221.80
130.79703328,-13.20286803,233.60
130.79715744,-13.20286715,221.76
130.79721685,-13.20286674,221.78
130.79723982,-13.20286658,235.88
130.79730854,-13.20286609,221.76
130.79743003,-13.20286524,221.92
130.79743252,-13.20286522,222.70
130.79745143,-13.20286509,221.71
130.79754921,-13.20286440,221.69
130.79755613,-13.20286435,229.86
130.79759829,-13.20286406,221.68
130.79762494,-13.20286387,231.26
130.79771073,-13.20286327,222.70
130.79776700,-13.20286287,221.64
130.79778656,-13.20286274,221.65
130.79780104,-13.20286263,221.60
130.79785344,-13.20286227,221.63
130.79786100,-13.20286221,221.69
130.79787410,-13.20286212,221.62
130.79798212,-13.20286136,241.34
130.79799605,-13.20286126,237.92
130.79799752,-13.20286125,221.60
130.79801468,-13.20286113,237.27
130.79804752,-13.20286090,221.60
130.79804964,-13.20286089,221.59
130.79808765,-13.20286062,221.60
130.79825922,-13.20285941,232.34
130.79826919,-13.20285934,221.55
130.79831374,-13.20285903,221.56
130.79831522,-13.20285902,227.93
130.79831845,-13.20285900,227.94
130.79836881,-13.20285864,221.56
130.79853744,-13.20285746,221.50
130.79864472,-13.20285671,221.50
130.79872147,-13.20285617,238.71
130.79879812,-13.20285563,238.43
130.79881528,-13.20285551,221.43
130.79881630,-13.20285550,230.78
130.79884471,-13.20285530,240.43
130.79892395,-13.20285474,239.31
130.79900005,-13.20285421,221.44
130.79900761,-13.20285416,221.44
130.79907744,-13.20285366,221.45
130.79911010,-13.20285344,221.46
130.79913205,-13.20285328,221.43
130.79917356,-13.20285299,221.42
130.79918011,-13.20285294,221.45
130.79918887,-13.20285288,221.41
130.79920953,-13.20285274,221.43
130.79921572,-13.20285269,221.39
130.79922707,-13.20285261,242.80
130.79929837,-13.20285211,221.38
130.79935372,-13.20285172,244.72
130.79936174,-13.20285167,224.39
130.79943000,-13.20285119,221.43
130.79953166,-13.20285047,221.38
130.79960324,-13.20284997,221.40
130.79964097,-13.20284970,221.38
130.79965508,-13.20284960,221.39
130.79971190,-13.20284920,221.36
130.79974576,-13.20284897,221.36
130.79985793,-13.20284818,222.50
130.79987131,-13.20284808,221.33
130.79991079,-13.20284781,221.32
130.79995802,-13.20284747,221.33
130.79997508,-13.20284735,221.34
130.80008771,-13.20284656,223.67
130.80011244,-13.20284639,239.41
130.80011705,-13.20284636,221.30
130.80012397,-13.20284631,238.89
130.80012710,-13.20284628,230.07
130.80016372,-13.20284603,221.31
130.80017756,-13.20284593,221.26
130.80020053,-13.20284577,221.28
130.80023189,-13.20284555,221.24
130.80023420,-13.20284553,221.30
130.80027636,-13.20284523,221.30
130.80027894,-13.20284522,221.26
130.80029287,-13.20284512,221.31
130.80030320,-13.20284505,237.45
130.80031621,-13.20284495,237.92
130.80032497,-13.20284489,221.31
130.80035264,-13.20284470,241.98
130.80036971,-13.20284458,221.29
130.80041491,-13.20284426,221.23
130.80043575,-13.20284411,221.21
130.80046878,-13.20284388,241.23
130.80047376,-13.20284385,243.55
130.80048631,-13.20284376,243.77
130.80049110,-13.20284372,239.97
130.80054184,-13.20284337,222.52
130.80055706,-13.20284326,221.27
130.80058584,-13.20284306,221.25
130.80060761,-13.20284290,221.25
130.80061840,-13.20284283,221.21
130.80064810,-13.20284262,235.62
130.80067163,-13.20284245,221.26
130.80070401,-13.20284223,243.91
130.80074717,-13.20284192,235.97
130.80079367,-13.20284160,221.25
130.80086313,-13.20284111,221.16
130.80087143,-13.20284105,221.16
130.80088933,-13.20284092,221.14
130.80090814,-13.20284079,221.22
130.80092595,-13.20284066,221.23
130.80098923,-13.20284022,224.06
130.80099237,-13.20284020,221.13
130.80100795,-13.20284009,221.19
130.80101690,-13.20284002,224.57
130.80101709,-13.20284002,221.15
130.80104467,-13.20283983,221.21
130.80110398,-13.20283941,225.32
130.80112594,-13.20283926,238.90
130.80112732,-13.20283925,238.88
130.80114604,-13.20283912,221.22
130.80120416,-13.20283871,221.20
130.80120610,-13.20283869,237.69
130.80125074,-13.20283838,221.11
130.80127085,-13.20283824,221.15
130.80134068,-13.20283775,221.12
130.80135221,-13.20283767,221.14
130.80137195,-13.20283753,221.18
130.80146503,-13.20283687,223.96
130.80155183,-13.20283626,221.08
130.80156032,-13.20283620,239.12
130.80157277,-13.20283611,221.09
130.80168835,-13.20283530,221.08
130.80170847,-13.20283516,221.06
130.80179841,-13.20283452,221.11
130.80191251,-13.20283372,221.10
130.80194876,-13.20283347,221.12
130.80198852,-13.20283319,221.11
130.80200208,-13.20283309,221.10
130.80201149,-13.20283302,221.16
130.80201795,-13.20283298,221.24
130.80206306,-13.20283266,232.95
130.80206712,-13.20283263,221.13
130.80217919,-13.20283184,221.03
130.80219451,-13.20283174,221.13
130.80220530,-13.20283166,229.99
130.80222144,-13.20283155,221.03
130.80226397,-13.20283125,221.11
130.80232033,-13.20283085,221.19
130.80236627,-13.20283053,221.13
130.80249753,-13.20282960,238.62
130.80254227,-13.20282929,221.14
130.80256533,-13.20282912,221.03
130.80257409,-13.20282906,239.95
130.80257576,-13.20282905,238.96
130.80260011,-13.20282888,220.99
130.80262751,-13.20282869,221.12
130.80266763,-13.20282840,221.04
130.80268129,-13.20282831,226.03
130.80269401,-13.20282822,221.09
130.80276329,-13.20282773,221.06
130.80277648,-13.20282764,238.01
130.80277833,-13.20282762,221.19
130.80278774,-13.20282756,237.00
130.80280849,-13.20282741,239.17
130.80281347,-13.20282738,221.02
130.80284179,-13.20282718,231.90
130.80293173,-13.20282654,221.06
130.80293551,-13.20282652,226.62
130.80295867,-13.20282635,220.97
130.80297850,-13.20282621,221.07
130.80299723,-13.20282608,220.96
130.80299972,-13.20282606,221.02
130.80300802,-13.20282601,221.06
130.80307886,-13.20282551,221.04
130.80313273,-13.20282513,225.31
130.80314980,-13.20282501,221.02
130.80317332,-13.20282484,223.42
130.80318042,-13.20282479,224.27
130.80319029,-13.20282472,221.03
130.80323928,-13.20282438,225.89
130.80327184,-13.20282415,221.07
130.80329582,-13.20282398,220.93
130.80330505,-13.20282391,221.02
130.80332128,-13.20282380,221.03
130.80333420,-13.20282371,221.00
130.80341657,-13.20282313,221.02
130.80345089,-13.20282289,221.00
130.80345190,-13.20282288,221.01
130.80347312,-13.20282273,224.92
130.80349277,-13.20282259,220.97
130.80349295,-13.20282259,224.99
130.80349387,-13.20282258,224.76
130.80349535,-13.20282257,225.28
130.80352413,-13.20282237,221.01
130.80356785,-13.20282206,225.12
130.80359368,-13.20282188,236.37
130.80360549,-13.20282180,239.86
130.80361896,-13.20282170,220.99
130.80368353,-13.20282125,221.03
130.80371203,-13.20282105,221.03
130.80372836,-13.20282093,239.01
130.80376055,-13.20282070,225.89
130.80377015,-13.20282064,220.99
130.80377494,-13.20282060,221.01
130.80379413,-13.20282047,238.77
130.80382337,-13.20282026,239.20
130.80390676,-13.20281967,220.94
130.80391977,-13.20281958,221.03
130.80393416,-13.20281948,236.69
130.80393693,-13.20281946,220.96
130.80400141,-13.20281901,220.95
130.80409448,-13.20281835,220.94
130.80409928,-13.20281832,221.00
130.80410740,-13.20281826,220.99
130.80411468,-13.20281821,221.71
130.80413396,-13.20281807,224.39
130.80415130,-13.20281795,240.84
130.80416118,-13.20281788,240.47
130.80417105,-13.20281781,225.29
130.80418045,-13.20281774,220.96
130.80423423,-13.20281737,221.07
130.80423709,-13.20281735,240.79
130.80424512,-13.20281729,240.11
130.80425102,-13.20281725,237.57
130.80426763,-13.20281713,223.46
130.80429862,-13.20281691,220.99
130.80432528,-13.20281672,221.03
130.80434124,-13.20281661,220.98
130.80434991,-13.20281655,220.96
130.80437454,-13.20281638,220.96
130.80445959,-13.20281578,220.98
130.80449003,-13.20281556,220.98
130.80451189,-13.20281541,220.97
130.80460857,-13.20281473,220.94
130.80468393,-13.20281419,220.93
130.80470856,-13.20281402,220.94
130.80477461,-13.20281356,229.96
130.80477811,-13.20281353,229.76
130.80482101,-13.20281323,220.93
130.80486445,-13.20281292,220.94
130.80491168,-13.20281259,239.96
130.80491288,-13.20281258,220.92
130.80492045,-13.20281253,237.09
130.80492054,-13.20281253,231.21
130.80492607,-13.20281249,238.41
130.80492884,-13.20281247,240.14
130.80496694,-13.20281220,220.91
130.80498714,-13.20281206,220.90
130.80503446,-13.20281172,220.90
130.80505152,-13.20281160,223.26
130.80516185,-13.20281082,220.91
130.80519681,-13.20281058,231.86
130.80523389,-13.20281032,220.89
130.80525170,-13.20281019,220.89
130.80530373,-13.20280982,220.90
130.80531618,-13.20280974,229.49
130.80533057,-13.20280963,232.80
130.80533795,-13.20280958,220.86
130.80542134,-13.20280899,220.88
130.80545897,-13.20280873,220.80
130.80551801,-13.20280831,220.87
130.80555592,-13.20280805,220.78
130.80561007,-13.20280766,220.77
130.80562630,-13.20280755,220.77
130.80564669,-13.20280740,220.78
130.80567806,-13.20280718,220.76
130.80567972,-13.20280717,220.86
130.80576486,-13.20280657,220.78
130.80582445,-13.20280615,220.86
130.80582510,-13.20280615,220.76
130.80586956,-13.20280583,220.77
130.80587316,-13.20280581,236.28
130.80596724,-13.20280514,220.85
130.80600248,-13.20280489,220.73
130.80604085,-13.20280462,220.73
130.80606586,-13.20280445,220.73
130.80609233,-13.20280426,220.85
130.80615266,-13.20280383,220.73
130.80618881,-13.20280358,220.84
130.80621584,-13.20280339,220.73
130.80622811,-13.20280330,220.75
130.80626529,-13.20280304,220.73
130.80627977,-13.20280294,220.73
130.80629259,-13.20280285,220.73
130.80630514,-13.20280276,220.81
130.80634508,-13.20280248,220.71
130.80635993,-13.20280237,220.74
130.80640153,-13.20280208,220.85
130.80651389,-13.20280129,220.69
130.80658870,-13.20280076,220.94
130.80659543,-13.20280071,222.98
130.80662689,-13.20280049,220.71
130.80662800,-13.20280048,220.90
130.80665373,-13.20280030,220.89
130.80670327,-13.20279995,220.73
130.80677623,-13.20279943,220.90
130.80682383,-13.20279910,220.71
130.80683278,-13.20279903,220.89
130.80683748,-13.20279900,220.72
130.80685169,-13.20279890,220.90
130.80685935,-13.20279885,220.87
130.80686783,-13.20279879,232.19
130.80691792,-13.20279843,220.71
130.80701736,-13.20279773,220.87
130.80706155,-13.20279742,220.72
130.80707594,-13.20279732,220.71
130.80715001,-13.20279679,220.88
130.80718921,-13.20279652,220.68
130.80720029,-13.20279644,222.01
130.80724078,-13.20279615,220.97
130.80725130,-13.20279608,232.99
130.80727528,-13.20279591,220.69
130.80729345,-13.20279578,220.70
130.80736531,-13.20279527,220.68
130.80741171,-13.20279495,220.69
130.80742472,-13.20279486,220.69
130.80742564,-13.20279485,235.93
130.80743578,-13.20279478,220.71
130.80747398,-13.20279451,229.76
130.80751465,-13.20279422,220.89
130.80763799,-13.20279335,220.87
130.80768125,-13.20279304,220.85
130.80772174,-13.20279276,220.85
130.80792386,-13.20279133,220.83
130.80799184,-13.20279085,220.83
130.80802043,-13.20279065,222.68
130.80805004,-13.20279044,240.94
130.80806693,-13.20279032,220.86
130.80807707,-13.20279025,220.86
130.80811111,-13.20279001,220.85
130.80811914,-13.20278995,234.90
130.80812052,-13.20278994,220.82
130.80815622,-13.20278969,227.86
130.80817781,-13.20278954,232.90
130.80818214,-13.20278951,220.77
130.80823315,-13.20278914,220.86
130.80826073,-13.20278895,220.84
130.80826793,-13.20278890,220.86
130.80827697,-13.20278884,220.73
130.80834532,-13.20278835,220.90
130.80835621,-13.20278828,220.85
130.80837337,-13.20278815,220.84
130.80844476,-13.20278765,236.92
130.80846524,-13.20278751,236.98
130.80846939,-13.20278748,241.26
130.80846957,-13.20278747,220.74
130.80850832,-13.20278720,242.21
130.80857870,-13.20278670,239.90
130.80858940,-13.20278663,239.42
130.80865056,-13.20278620,220.74
130.80866707,-13.20278608,241.11
130.80874013,-13.20278556,220.73
130.80880858,-13.20278508,223.85
130.80886309,-13.20278469,220.76
130.80892047,-13.20278429,220.80
130.80897812,-13.20278388,220.76
130.80898735,-13.20278382,220.73
130.80905321,-13.20278335,220.76
130.80910828,-13.20278296,220.73
130.80921132,-13.20278223,220.79
130.80923751,-13.20278205,220.74
130.80924093,-13.20278202,220.78
130.80928816,-13.20278169,220.80
130.80930956,-13.20278154,220.74
130.80932146,-13.20278145,220.72
130.80933834,-13.20278133,220.78
130.80935153,-13.20278124,220.78
130.80940568,-13.20278086,220.72
130.80941029,-13.20278083,220.79
130.80942542,-13.20278072,220.79
130.80943031,-13.20278068,222.65
130.80961959,-13.20277935,220.80
130.80967558,-13.20277895,238.87
130.80968831,-13.20277886,220.70
130.80971996,-13.20277864,220.81
130.80975040,-13.20277842,220.70
130.80976811,-13.20277830,220.73
130.80977180,-13.20277827,220.72
130.80991902,-13.20277723,220.73
130.80993055,-13.20277715,237.30
130.80993535,-13.20277711,235.20
130.80996662,-13.20277689,220.70
130.80998129,-13.20277679,238.15
130.80999725,-13.20277668,239.04
130.81004244,-13.20277636,220.72
130.81005905,-13.20277624,236.85
130.81006108,-13.20277622,220.71
130.81007953,-13.20277609,220.76
130.81016172,-13.20277551,220.76
130.81023228,-13.20277501,220.78
130.81023773,-13.20277497,220.62
130.81028625,-13.20277463,221.05
130.81030701,-13.20277448,220.71
130.81033255,-13.20277430,220.81
130.81034325,-13.20277423,220.66
130.81034455,-13.20277422,240.40
130.81035700,-13.20277413,239.18
130.81046511,-13.20277337,220.92
130.81047019,-13.20277333,220.92
130.81048494,-13.20277323,220.94
130.81052618,-13.20277293,220.71
130.81053826,-13.20277285,220.70
130.81055449,-13.20277273,220.67
130.81055782,-13.20277271,220.87
130.81057571,-13.20277258,220.93
130.81059942,-13.20277242,220.79
130.81062802,-13.20277221,220.76
130.81063706,-13.20277215,220.82
130.81066907,-13.20277192,238.84
130.81069240,-13.20277176,233.12
130.81078261,-13.20277112,221.99
130.81085134,-13.20277063,220.76
130.81085724,-13.20277059,220.76
130.81088981,-13.20277036,220.79
130.81089128,-13.20277035,221.22
130.81090761,-13.20277024,221.11
130.81101249,-13.20276949,220.67
130.81102494,-13.20276941,220.82
130.81103307,-13.20276935,220.97
130.81105455,-13.20276920,235.28
130.81107863,-13.20276903,220.75
130.81108260,-13.20276900,222.04
130.81108721,-13.20276897,237.73
130.81110298,-13.20276885,221.67
130.81111119,-13.20276880,220.84
130.81112291,-13.20276871,220.89
130.81117484,-13.20276835,226.09
130.81121792,-13.20276804,238.06
130.81130131,-13.20276745,220.72
130.81130316,-13.20276744,240.57
130.81132889,-13.20276726,220.64
130.81136247,-13.20276702,220.68
130.81137049,-13.20276696,220.64
130.81139550,-13.20276678,222.21
130.81141763,-13.20276663,220.71
130.81145674,-13.20276635,220.74
130.81148884,-13.20276612,220.77
130.81149844,-13.20276606,220.78
130.81154816,-13.20276570,220.77
130.81159484,-13.20276537,233.24
130.81160019,-13.20276534,233.93
130.81162223,-13.20276518,230.84
130.81164658,-13.20276501,220.73
130.81164668,-13.20276501,232.69
130.81170479,-13.20276459,220.78
130.81175820,-13.20276422,220.85
130.81178402,-13.20276403,220.99
130.81186898,-13.20276343,220.69
130.81187092,-13.20276342,220.86
130.81188540,-13.20276332,238.03
130.81188624,-13.20276331,220.75
130.81195855,-13.20276280,235.90
130.81196649,-13.20276274,238.29
130.81202377,-13.20276234,220.66
130.81207137,-13.20276200,220.59
130.81207192,-13.20276200,220.73
130.81208188,-13.20276193,220.60
130.81210458,-13.20276176,234.65
130.81211187,-13.20276171,238.37
130.81212838,-13.20276160,238.34
130.81215706,-13.20276139,237.25
130.81215780,-13.20276139,221.42
130.81221010,-13.20276102,237.07
130.81223012,-13.20276088,237.44
130.81223262,-13.20276086,237.81
130.81229940,-13.20276039,220.72
130.81239644,-13.20275970,237.84
130.81244422,-13.20275936,220.61
130.81245667,-13.20275927,220.75
130.81246277,-13.20275923,220.95
130.81249237,-13.20275902,220.96
130.81254311,-13.20275866,220.97
130.81254948,-13.20275861,220.82
130.81255519,-13.20275857,220.70
130.81257143,-13.20275846,242.29
130.81258010,-13.20275840,239.26
130.81261506,-13.20275815,238.13
130.81263490,-13.20275801,242.23
130.81266773,-13.20275778,220.71
130.81267612,-13.20275745,220.71
130.81268544,-13.20275702,220.65
130.81268666,-13.20274761,220.75
130.81268683,-13.20274499,220.80
130.81268672,-13.20273007,220.70
130.81268620,-13.20265967,220.68
130.81268576,-13.20260083,236.42
130.81268551,-13.20256649,234.58
130.81268544,-13.20255627,220.94
130.81268526,-13.20253196,220.75
130.81268500,-13.20249662,220.64
130.81268475,-13.20246282,221.04
130.81268457,-13.20243851,220.63
130.81268444,-13.20242088,220.92
130.81268426,-13.20239720,221.51
130.81268415,-13.20238148,235.54
130.81268312,-13.20224184,234.86
130.81268295,-13.20221888,236.28
130.81268292,-13.20221545,236.43
130.81268265,-13.20217885,220.61
130.81268233,-13.20213546,221.45
130.81268213,-13.20210844,222.41
130.81268182,-13.20206677,220.74
130.81268180,-13.20206343,221.11
130.81268169,-13.20204825,221.26
130.81268130,-13.20199555,222.31
130.81268067,-13.20191042,221.70
130.81268052,-13.20189044,220.64
130.81268031,-13.20186107,220.54
130.81268028,-13.20185754,220.53
130.81268021,-13.20184751,237.75
130.81268019,-13.20184543,220.50
130.81267882,-13.20165934,220.59
130.81267864,-13.20163539,220.49
130.81267829,-13.20158731,220.54
130.81267809,-13.20156119,220.67
130.81267789,-13.20153290,222.48
130.81267714,-13.20143176,220.40
130.81267675,-13.20137916,220.92
130.81267649,-13.20134364,220.43
130.81267641,-13.20133216,221.09
130.81267626,-13.20131201,220.40
130.81267623,-13.20130839,220.67
130.81267549,-13.20120879,234.66
130.81267511,-13.20115610,220.36
130.81267464,-13.20109347,221.28
130.81267418,-13.20103038,236.28
130.81267387,-13.20098827,220.35
130.81267363,-13.20095627,220.45
130.81267328,-13.20090810,220.61
130.81267324,-13.20090232,220.48
130.81267316,-13.20089183,231.20
130.81267231,-13.20077614,222.23
130.81267226,-13.20076964,220.57
130.81267198,-13.20073213,220.44
130.81267124,-13.20063154,221.68
130.81267021,-13.20049244,239.48
130.81266969,-13.20042176,220.52
130.81266959,-13.20040766,220.79
130.81266941,-13.20038371,220.23
130.81266929,-13.20036708,222.25
130.81266893,-13.20031837,220.22
130.81266801,-13.20019355,220.15
130.81266741,-13.20011312,220.18
130.81266732,-13.20010109,220.13
130.81266703,-13.20006106,220.13
130.81266696,-13.20005211,220.18
130.81266669,-13.20001442,220.14
130.81266662,-13.20000556,236.05
130.81266651,-13.19999101,220.09
130.81266634,-13.19996742,220.13
130.81266606,-13.19992910,220.09
130.81266603,-13.19992540,220.07
130.81266597,-13.19991726,220.02
130.81266559,-13.19986611,222.53
130.81266493,-13.19977582,219.98
130.81266490,-13.19977238,219.98
130.81266463,-13.19973659,220.03
130.81266426,-13.19968589,219.98
130.81266415,-13.19967088,219.95
130.81266386,-13.19963202,221.85
130.81266347,-13.19957852,220.01
130.81266247,-13.19944267,228.71
130.81266244,-13.19943915,228.78
130.81266128,-13.19928135,219.94
130.81266125,-13.19927782,220.02
130.81266089,-13.19922820,219.87
130.81266083,-13.19922079,236.33
130.81265989,-13.19909245,219.82
130.81265929,-13.19901102,219.78
130.81265897,-13.19896836,228.07
130.81265831,-13.19887798,219.86
130.81265762,-13.19878498,237.96
130.81265754,-13.19877458,234.48
130.81265699,-13.19869966,219.75
130.81265676,-13.19866929,233.62
130.81265662,-13.19864977,219.69
130.81265628,-13.19860295,219.64
130.81265511,-13.19844461,221.29
130.81265503,-13.19843421,219.68
130.81265494,-13.19842192,219.68
130.81265438,-13.19834519,219.63
130.81265430,-13.19833588,219.60
130.81265365,-13.19824640,219.55
130.81265354,-13.19823248,236.73
130.81265351,-13.19822842,219.54
130.81265321,-13.19818693,219.59
130.81265278,-13.19812954,234.66
130.81265256,-13.19809935,219.54
130.81265153,-13.19795863,229.32
130.81265103,-13.19789175,219.39
130.81265086,-13.19786852,219.55
130.81265078,-13.19785750,221.08
130.81265061,-13.19783418,233.58
130.81265039,-13.19780535,219.53
130.81264926,-13.19765134,219.38
130.81264924,-13.19764935,219.36
130.81264850,-13.19754885,225.70
130.81264849,-13.19754722,219.87
130.81264830,-13.19752083,219.39
130.81264646,-13.19727165,226.26
130.81264516,-13.19709577,219.35
130.81264418,-13.19696309,219.23
130.81264397,-13.19693480,225.65
130.81264318,-13.19682698,231.92
130.81264263,-13.19675251,226.51
130.81264237,-13.19671681,219.21
130.81264206,-13.19667577,219.25
130.81264143,-13.19659000,238.72
130.81264141,-13.19658693,219.11
130.81264127,-13.19656867,219.13
130.81264095,-13.19652475,219.14
130.81264022,-13.19642578,230.28
130.81263965,-13.19634878,219.12
130.81263851,-13.19619323,220.63
130.81263842,-13.19618130,219.12
130.81263838,-13.19617606,220.41
130.81263838,-13.19617534,219.05
130.81263805,-13.19613195,223.60
130.81263756,-13.19606562,219.06
130.81263751,-13.19605811,219.04
130.81263697,-13.19598454,218.97
130.81263674,-13.19595345,219.00
130.81263667,-13.19594360,218.98
130.81263611,-13.19586795,218.93
130.81263574,-13.19581770,218.95
130.81263501,-13.19571883,218.86
130.81263392,-13.19557151,218.83
130.81263377,-13.19555045,219.83
130.81263318,-13.19547055,220.89
130.81263303,-13.19545031,218.81
130.81263247,-13.19537421,218.77
130.81263227,-13.19534764,218.76
130.81263214,-13.19532947,218.93
130.81263160,-13.19525716,218.73
130.81263158,-13.19525463,218.89
130.81263141,-13.19523032,218.77
130.81263045,-13.19510063,218.64
130.81262999,-13.19503808,218.59
130.81262985,-13.19501910,231.75
130.81262983,-13.19501576,218.67
130.81262981,-13.19501386,218.59
130.81262981,-13.19501359,218.68
130.81262920,-13.19493171,219.95
130.81262876,-13.19487187,228.14
130.81262836,-13.19481701,234.62
130.81262657,-13.19457461,218.80
130.81262563,-13.19444754,218.47
130.81262538,-13.19441319,233.36
130.81262483,-13.19433872,218.43
130.81262400,-13.19422611,229.97
130.81262332,-13.19413356,218.43
130.81262324,-13.19412244,218.38
130.81262261,-13.19403730,234.16
130.81262250,-13.19402212,237.56
130.81262225,-13.19398804,228.40
130.81262155,-13.19389324,221.80
130.81262144,-13.19387886,218.36
130.81262120,-13.19384561,232.83
130.81262112,-13.19383530,229.89
130.81262096,-13.19381280,230.02
130.81262087,-13.19380132,229.00
130.81262085,-13.19379861,234.35
130.81262082,-13.19379427,218.28
130.81261987,-13.19366566,218.23
130.81261875,-13.19351391,219.40
130.81261875,-13.19351328,218.16
130.81261866,-13.19350135,232.42
130.81261857,-13.19348960,218.18
130.81261837,-13.19346194,239.10
130.81261820,-13.19343962,234.81
130.81261811,-13.19342687,235.40
130.81261809,-13.19342407,218.60
130.81261799,-13.19341097,218.17
130.81261787,-13.19339434,218.01
130.81261785,-13.19339172,218.02
130.81261700,-13.19327612,238.16
130.81261641,-13.19319631,218.07
130.81261619,-13.19316640,218.09
130.81261618,-13.19316486,218.07
130.81261563,-13.19309030,218.10
130.81261530,-13.19304529,218.01
130.81261454,-13.19294316,232.33
130.81261448,-13.19293412,234.45
130.81261383,-13.19284555,217.94
130.81261323,-13.19276547,218.01
130.81261289,-13.19271838,217.91
130.81261288,-13.19271658,217.97
130.81261284,-13.19271169,217.88
130.81261233,-13.19264219,217.90
130.81261217,-13.19262050,217.87
130.81261185,-13.19257775,218.77
130.81261183,-13.19257441,222.31
130.81261180,-13.19257115,222.65
130.81261151,-13.19253130,217.80
130.81261083,-13.19243911,217.92
130.81261023,-13.19235840,217.78
130.81261010,-13.19234014,217.62
130.81261009,-13.19233824,217.77
130.81260999,-13.19232496,217.78
130.81260975,-13.19229224,218.54
130.81260967,-13.19228167,223.11
130.81260962,-13.19227561,217.76
130.81260903,-13.19219472,217.72
130.81260892,-13.19217962,217.62
130.81260868,-13.19214781,217.71
130.81260852,-13.19212621,224.44
130.81260845,-13.19211708,217.75
130.81260844,-13.19211500,217.72
130.81260801,-13.19205607,217.75
130.81260785,-13.19203565,217.67
130.81260779,-13.19202643,218.75
130.81260774,-13.19202019,217.68
130.81260737,-13.19196931,217.69
130.81260732,-13.19196262,217.63
130.81260563,-13.19173360,217.54
130.81260535,-13.19169573,217.58
130.81260491,-13.19163581,217.51
130.81260467,-13.19160345,232.07
130.81260460,-13.19159414,234.40
130.81260452,-13.19158266,217.52
130.81260450,-13.19158067,217.50
130.81260415,-13.19153322,232.93
130.81260384,-13.19149038,217.44
130.81260292,-13.19136575,237.75
130.81260250,-13.19130854,219.89
130.81260237,-13.19129137,237.90
130.81260235,-13.19128875,233.60
130.81260161,-13.19118860,217.33
130.81260103,-13.19110943,226.23
130.81260099,-13.19110419,217.32
130.81260077,-13.19107409,217.31
130.81260062,-13.19105448,223.34
130.81259938,-13.19088493,217.32
130.81259885,-13.19081425,217.26
130.81259885,-13.19081317,231.26
130.81259862,-13.19078217,217.23
130.81259842,-13.19075550,218.34
130.81259839,-13.19075153,217.23
130.81259809,-13.19071004,226.53
130.81259774,-13.19066395,217.59
130.81259730,-13.19060394,217.14
130.81259621,-13.19045553,237.07
130.81259618,-13.19045164,236.25
130.81259612,-13.19044396,217.05
130.81259592,-13.19041585,217.07
130.81259576,-13.19039407,235.44
130.81259563,-13.19037645,232.90
130.81259518,-13.19031535,217.13
130.81259497,-13.19028724,228.44
130.81259467,-13.19024675,216.84
130.81259449,-13.19022208,216.86
130.81259445,-13.19021666,217.04
130.81259441,-13.19021123,233.67
130.81259438,-13.19020762,227.79
130.81259426,-13.19019126,234.46
130.81259401,-13.19015673,216.81
130.81259368,-13.19011172,230.29
130.81259366,-13.19010955,216.78
130.81259294,-13.19001149,229.26
130.81259293,-13.19001005,230.55
130.81259288,-13.19000336,230.56
130.81259259,-13.18996431,216.86
130.81259203,-13.18988758,216.82
130.81259193,-13.18987502,216.71
130.81259184,-13.18986245,230.46
130.81259145,-13.18980940,216.69
130.81259080,-13.18972137,216.70
130.81259064,-13.18969968,216.61
130.81259049,-13.18967952,233.14
130.81259049,-13.18967907,233.05
130.81259011,-13.18962729,234.78
130.81259003,-13.18961671,233.78
130.81258993,-13.18960324,234.17
130.81258969,-13.18957071,216.61
130.81258951,-13.18954658,216.63
130.81258934,-13.18952380,216.67
130.81258928,-13.18951521,216.60
130.81258886,-13.18945855,216.65
130.81258849,-13.18940847,216.62
130.81258844,-13.18940142,231.88
130.81258834,-13.18938814,218.16
130.81258833,-13.18938696,218.70
130.81258826,-13.18937738,216.48
130.81258810,-13.18935506,216.61
130.81258790,-13.18932822,218.38
130.81258781,-13.18931565,216.56
130.81258756,-13.18928212,237.79
130.81258748,-13.18927083,216.58
130.81258737,-13.18925655,216.59
130.81258704,-13.18921154,216.52
130.81258690,-13.18919256,216.51
130.81258666,-13.18915921,216.53
130.81258662,-13.18915442,216.52
130.81258646,-13.18913200,217.26
130.81258620,-13.18909766,216.56
130.81258557,-13.18901161,227.63
130.81258549,-13.18900041,216.31
130.81258544,-13.18899408,216.46
130.81258538,-13.18898540,216.47
130.81258537,-13.18898468,216.34
130.81258511,-13.18894970,216.43
130.81258498,-13.18893127,216.41
130.81258488,-13.18891870,216.32
130.81258467,-13.18889014,216.40
130.81258446,-13.18886095,216.29
130.81258433,-13.18884278,237.25
130.81258420,-13.18882579,216.62
130.81258320,-13.18869076,216.36
130.81258305,-13.18867061,229.74
130.81258304,-13.18866916,227.42
130.81258286,-13.18864377,216.19
130.81258279,-13.18863509,216.22
130.81258250,-13.18859460,219.73
130.81258174,-13.18849256,216.33
130.81258171,-13.18848849,232.69
130.81258145,-13.18845198,216.15
130.81258119,-13.18841800,216.19
130.81258111,-13.18840670,216.12
130.81258107,-13.18840091,216.14
130.81258049,-13.18832210,223.90
130.81258044,-13.18831614,216.08
130.81257985,-13.18823516,216.03
130.81257979,-13.18822738,216.13
130.81257964,-13.18820696,216.01
130.81257920,-13.18814713,216.09
130.81257895,-13.18811360,224.69
130.81257833,-13.18803008,215.92
130.81257788,-13.18796862,223.48
130.81257785,-13.18796483,215.87
130.81257760,-13.18793067,215.99
130.81257753,-13.18792154,215.84
130.81257747,-13.18791331,222.67
130.81257720,-13.18787644,234.43
130.81257704,-13.18785438,216.05
130.81257690,-13.18783513,216.08
130.81257686,-13.18783043,215.85
130.81257680,-13.18782230,215.87
130.81257664,-13.18780052,216.38
130.81257645,-13.18777458,215.96
130.81257623,-13.18774475,216.01
130.81257605,-13.18772080,215.94
130.81257603,-13.18771737,215.84
130.81257587,-13.18769504,219.76
130.81257576,-13.18768076,226.30
130.81257561,-13.18765998,224.39
130.81257525,-13.18761171,224.86
130.81257414,-13.18746096,215.64
130.81257412,-13.18745771,215.85
130.81257404,-13.18744695,233.54
130.81257393,-13.18743249,231.63
130.81257342,-13.18736326,228.30
130.81257308,-13.18731644,216.19
130.81257304,-13.18731219,218.28
130.81257292,-13.18729502,215.71
130.81257262,-13.18725489,217.51
130.81257246,-13.18723202,215.73
130.81257209,-13.18718214,230.46
130.81257174,-13.18713541,222.51
130.81257172,-13.18713279,215.69
130.81257170,-13.18712926,215.70
130.81257160,-13.18711634,226.50
130.81257083,-13.18701105,215.63
130.81257071,-13.18699550,215.64
130.81257065,-13.18698673,215.64
130.81257062,-13.18698357,215.61
130.81256999,-13.18689753,237.82
130.81256957,-13.18684032,215.53
130.81256911,-13.18677768,215.52
130.81256910,-13.18677606,223.28
130.81256903,-13.18676756,223.34
130.81256884,-13.18674171,223.78
130.81256873,-13.18672698,218.41
130.81256872,-13.18672517,215.57
130.81256854,-13.18670104,219.26
130.81256824,-13.18665920,215.30
130.81256811,-13.18664284,215.52
130.81256808,-13.18663823,215.38
130.81256786,-13.18660858,215.35
130.81256727,-13.18652778,233.07
130.81256700,-13.18649217,231.52
130.81256678,-13.18646226,215.34
130.81256673,-13.18645539,215.35
130.81256671,-13.18645268,215.38
130.81256664,-13.18644246,215.34
130.81256655,-13.18643090,215.31
130.81256645,-13.18641779,215.37
130.81256567,-13.18631051,215.35
130.81256527,-13.18625628,218.51
130.81256524,-13.18625339,219.31
130.81256479,-13.18619139,229.23
130.81256470,-13.18617892,215.25
130.81256441,-13.18614059,215.29
130.81256407,-13.18609359,215.15
130.81256391,-13.18607299,215.14
130.81256337,-13.18599824,215.15
130.81256304,-13.18595423,215.22
130.81256287,-13.18593046,215.11
130.81256202,-13.18581540,215.04
130.81256169,-13.18577039,219.53
130.81256146,-13.18573894,214.95
130.81256133,-13.18572258,214.87
130.81256127,-13.18571436,214.98
130.81256123,-13.18570830,215.01
130.81256120,-13.18570478,215.05
130.81256116,-13.18569863,214.95
130.81256114,-13.18569664,228.32
130.81256111,-13.18569222,226.70
130.81256068,-13.18563437,215.08
130.81256044,-13.18560129,214.92
130.81256036,-13.18558973,214.91
130.81256024,-13.18557364,214.83
130.81256022,-13.18557065,214.85
130.81255981,-13.18551489,231.78
130.81255903,-13.18541014,214.82
130.81255873,-13.18536893,214.80
130.81255863,-13.18535528,214.79
130.81255798,-13.18526770,214.75
130.81255789,-13.18525514,214.68
130.81255787,-13.18525252,214.72
130.81255780,-13.18524321,214.71
130.81255716,-13.18515671,228.75
130.81255648,-13.18506326,214.62
130.81255612,-13.18501436,226.94
130.81255586,-13.18497993,214.57
130.81255580,-13.18497179,214.55
130.81255486,-13.18484327,214.38
130.81255485,-13.18484183,227.70
130.81255478,-13.18483360,226.31
130.81255449,-13.18479393,214.48
130.81255405,-13.18473301,232.54
130.81255344,-13.18465013,214.41
130.81255312,-13.18460720,214.40
130.81255262,-13.18453923,214.38
130.81255244,-13.18451528,214.39
130.81255224,-13.18448772,214.58
130.81255190,-13.18444162,214.39
130.81255170,-13.18441406,214.43
130.81255024,-13.18421639,220.40
130.81255015,-13.18420401,214.31
130.81254950,-13.18411652,236.92
130.81254905,-13.18405552,215.42
130.81254902,-13.18405118,237.75
130.81254892,-13.18403663,214.30
130.81254857,-13.18398909,214.16
130.81254851,-13.18398222,214.23
130.81254846,-13.18397526,214.39
130.81254796,-13.18390630,214.20
130.81254742,-13.18383382,228.50
130.81254729,-13.18381628,214.17
130.81254706,-13.18378510,226.63
130.81254704,-13.18378185,226.70
130.81254689,-13.18376232,227.47
130.81254651,-13.18370963,214.12
130.81254649,-13.18370801,227.90
130.81254635,-13.18368839,229.47
130.81254634,-13.18368749,229.56
130.81254623,-13.18367285,214.13
130.81254609,-13.18365314,226.82
130.81254602,-13.18364393,227.59
130.81254581,-13.18361509,214.00
130.81254563,-13.18359105,214.05
130.81254496,-13.18350022,214.04
130.81254493,-13.18349570,223.13
130.81254456,-13.18344500,214.00
130.81254397,-13.18336583,213.88
130.81254389,-13.18335534,225.09
130.81254359,-13.18331386,224.70
130.81254349,-13.18330048,216.63
130.81254297,-13.18322962,213.86
130.81254278,-13.18320413,217.02
130.81254276,-13.18320133,216.56
130.81254242,-13.18315551,213.92
130.81254241,-13.18315316,213.84
130.81254206,-13.18310616,213.69
130.81254167,-13.18305365,213.69
130.81254145,-13.18302319,213.76
130.81254137,-13.18301199,221.97
130.81254124,-13.18299463,213.87
130.81254111,-13.18297728,213.74
130.81254093,-13.18295279,213.65
130.81254089,-13.18294673,213.75
130.81254072,-13.18292468,213.74
130.81254006,-13.18283538,213.70
130.81253994,-13.18281776,213.69
130.81253931,-13.18273244,213.69
130.81253915,-13.18271075,213.72
130.81253891,-13.18267812,213.67
130.81253876,-13.18265833,213.65
130.81253853,-13.18262660,222.82
130.81253814,-13.18257328,223.19
130.81253792,-13.18254445,214.66
130.81253761,-13.18250170,223.50
130.81253748,-13.18248489,213.52
130.81253704,-13.18242506,223.50
130.81253630,-13.18232410,213.45
130.81253540,-13.18220191,213.47
130.81253484,-13.18212590,232.78
130.81253483,-13.18212481,224.30
130.81253480,-13.18212011,229.54
130.81253460,-13.18209264,213.44
130.81253459,-13.18209219,231.39
130.81253457,-13.18208974,231.50
130.81253453,-13.18208369,232.15
130.81253448,-13.18207700,213.37
130.81253426,-13.18204754,219.67
130.81253388,-13.18199602,213.30
130.81253251,-13.18180920,213.23
130.81253193,-13.18173048,213.19
130.81253163,-13.18168936,213.14
130.81253136,-13.18165375,216.80
130.81253111,-13.18161977,213.08
130.81253040,-13.18152234,225.22
130.81252959,-13.18141307,213.01
130.81252951,-13.18140150,213.18
130.81252917,-13.18135631,230.87
130.81252872,-13.18129503,212.92
130.81252861,-13.18128003,212.77
130.81252841,-13.18125318,213.08
130.81252670,-13.18102073,212.72
130.81252662,-13.18100988,215.51
130.81252651,-13.18099434,212.79
130.81252599,-13.18092375,212.64
130.81252593,-13.18091679,212.66
130.81252558,-13.18086898,212.65
130.81252541,-13.18084539,212.52
130.81252533,-13.18083400,212.55
130.81252523,-13.18082171,219.62
130.81252518,-13.18081439,212.62
130.81252514,-13.18080905,212.50
130.81252477,-13.18075826,212.55
130.81252459,-13.18073368,212.61
130.81252458,-13.18073296,225.92
130.81252434,-13.18069996,219.43
130.81252413,-13.18067168,212.44
130.81252383,-13.18063019,212.55
130.81252382,-13.18062866,212.49
130.81252333,-13.18056331,212.56
130.81252302,-13.18052110,223.96
130.81252291,-13.18050547,212.40
130.81252259,-13.18046281,212.51
130.81252243,-13.18044103,212.49
130.81252233,-13.18042611,212.33
130.81252227,-13.18041924,226.85
130.81252225,-13.18041572,213.85
130.81252222,-13.18041274,223.69
130.81252219,-13.18040750,227.82
130.81252206,-13.18039005,212.46
130.81252180,-13.18035517,212.25
130.81252159,-13.18032624,214.63
130.81252093,-13.18023722,212.36
130.81252076,-13.18021426,212.40
130.81252034,-13.18015642,219.84
130.81251981,-13.18008438,230.67
130.81251976,-13.18007824,212.15
130.81251970,-13.18007020,225.63
130.81251969,-13.18006839,229.32
130.81251930,-13.18001542,212.25
130.81251921,-13.18000322,212.15
130.81251813,-13.17985653,212.44
130.81251809,-13.17985084,212.11
130.81251807,-13.17984931,216.60
130.81251763,-13.17978866,212.22
130.81251736,-13.17975251,212.25
130.81251721,-13.17973226,212.17
130.81251676,-13.17966990,212.17
130.81251669,-13.17966023,226.23
130.81251659,-13.17964803,211.95
130.81251646,-13.17962950,212.13
130.81251624,-13.17959977,212.19
130.81251598,-13.17956533,227.91
130.81251594,-13.17956000,212.81
130.81251534,-13.17947784,212.16
130.81251469,-13.17938954,212.06
130.81251467,-13.17938683,211.98
130.81251448,-13.17936035,211.99
130.81251416,-13.17931742,212.03
130.81251399,-13.17929473,212.22
130.81251389,-13.17928072,211.85
130.81251356,-13.17923671,211.84
130.81251301,-13.17916124,211.94
130.81251261,-13.17910755,211.89
130.81251248,-13.17908993,211.89
130.81251247,-13.17908767,225.38
130.81251240,-13.17907845,211.86
130.81251228,-13.17906236,212.36
130.81251204,-13.17902955,211.76
130.81251200,-13.17902386,211.87
130.81251190,-13.17901012,211.83
130.81251152,-13.17895897,211.87
130.81251150,-13.17895680,212.56
130.81251107,-13.17889769,211.69
130.81251085,-13.17886759,211.68
130.81251071,-13.17884870,211.78
130.81251061,-13.17883451,230.82
130.81251016,-13.17877423,211.73
130.81251006,-13.17876022,211.73
130.81250964,-13.17870346,211.95
130.81250911,-13.17863188,211.67
130.81250893,-13.17860649,211.59
130.81250874,-13.17858190,228.72
130.81250798,-13.17847814,211.64
130.81250776,-13.17844814,211.48
130.81250770,-13.17843991,211.71
130.81250766,-13.17843494,211.61
130.81250756,-13.17842148,226.89
130.81250710,-13.17835848,215.76
130.81250703,-13.17834926,223.86
130.81250695,-13.17833778,223.64
130.81250683,-13.17832224,211.58
130.81250680,-13.17831745,211.45
130.81250650,-13.17827768,211.47
130.81250619,-13.17823457,211.40
130.81250618,-13.17823321,211.53
130.81250605,-13.17821667,211.34
130.81250576,-13.17817627,211.50
130.81250564,-13.17816000,211.66
130.81250492,-13.17806239,211.33
130.81250410,-13.17795068,211.33
130.81250405,-13.17794373,211.44
130.81250392,-13.17792637,212.26
130.81250386,-13.17791788,212.19
130.81250377,-13.17790676,219.31
130.81250372,-13.17790025,212.23
130.81250365,-13.17789076,224.67
130.81250334,-13.17784765,211.35
130.81250332,-13.17784557,211.28
130.81250312,-13.17781873,211.37
130.81250290,-13.17778845,211.38
130.81250285,-13.17778167,211.38
130.81250260,-13.17774697,228.66
130.81250259,-13.17774579,227.37
130.81250213,-13.17768352,211.58
130.81250191,-13.17765378,228.88
130.81250190,-13.17765297,211.38
130.81250172,-13.17762857,211.36
130.81250151,-13.17759956,211.42
130.81250129,-13.17756928,211.38
130.81250116,-13.17755183,214.32
130.81250114,-13.17754921,211.37
130.81250073,-13.17749309,211.33
130.81250063,-13.17748016,211.34
130.81250042,-13.17745151,211.19
130.81250003,-13.17739765,211.28
130.81249889,-13.17724400,212.05
130.81249889,-13.17724337,211.21
130.81249868,-13.17721544,222.60
130.81249838,-13.17717432,211.25
130.81249822,-13.17715235,211.19
130.81249819,-13.17714765,211.13
130.81249808,-13.17713382,211.16
130.81249753,-13.17705836,211.19
130.81249747,-13.17705050,211.01
130.81249737,-13.17703757,219.14
130.81249735,-13.17703486,218.73
130.81249732,-13.17702998,224.99
130.81249721,-13.17701570,211.07
130.81249712,-13.17700241,219.05
130.81249707,-13.17699654,211.23
130.81249677,-13.17695514,211.20
130.81249618,-13.17687615,228.04
130.81249617,-13.17687380,224.89
130.81249597,-13.17684723,226.38
130.81249595,-13.17684425,225.82
130.81249570,-13.17681081,211.15
130.81249509,-13.17672775,211.06
130.81249505,-13.17672187,211.11
130.81249486,-13.17669575,228.65
130.81249465,-13.17666683,210.95
130.81249409,-13.17659236,210.95
130.81249402,-13.17658260,211.03
130.81249401,-13.17658115,210.97
130.81249391,-13.17656696,211.02
130.81249360,-13.17652448,211.07
130.81249338,-13.17649466,210.97
130.81249295,-13.17643754,210.95
130.81249288,-13.17642768,211.11
130.81249268,-13.17640021,212.96
130.81249250,-13.17637571,211.19
130.81249245,-13.17636839,210.93
130.81249208,-13.17631778,210.87
130.81249171,-13.17626880,210.97
130.81249137,-13.17622198,210.94
130.81249135,-13.17621963,211.06
130.81249115,-13.17619242,210.97
130.81249038,-13.17608803,222.36
130.81249024,-13.17606905,210.75
130.81249016,-13.17605794,210.98
130.81248966,-13.17599006,210.78
130.81248920,-13.17592689,218.16
130.81248882,-13.17587627,210.84
130.81248880,-13.17587320,211.11
130.81248863,-13.17584934,210.74
130.81248795,-13.17575787,210.83
130.81248781,-13.17573790,210.78
130.81248740,-13.17568214,210.92
130.81248714,-13.17564797,212.41
130.81248714,-13.17564680,210.88
130.81248650,-13.17556039,210.83
130.81248632,-13.17553644,210.65
130.81248611,-13.17550689,210.76
130.81248600,-13.17549297,210.65
130.81248505,-13.17536264,210.85
130.81248445,-13.17528220,210.78
130.81248391,-13.17520917,211.75
130.81248347,-13.17514880,210.87
130.81248333,-13.17513018,210.72
130.81248263,-13.17503420,210.62
130.81248252,-13.17501956,210.70
130.81248205,-13.17495638,210.73
130.81248147,-13.17487766,210.70
130.81248145,-13.17487422,210.84
130.81247921,-13.17456955,224.21
130.81247906,-13.17454949,210.62
130.81247866,-13.17449535,210.62
130.81247796,-13.17440045,210.62
130.81247723,-13.17430130,210.53
130.81247672,-13.17423153,210.46
130.81247657,-13.17421147,210.45
130.81247622,-13.17416420,216.02
130.81247616,-13.17415597,213.37
130.81247562,-13.17408231,226.59
130.81247549,-13.17406424,210.40
130.81247456,-13.17393788,210.55
130.81247446,-13.17392496,210.41
130.81247380,-13.17383476,210.41
130.81247363,-13.17381234,210.45
130.81247335,-13.17377357,210.79
130.81247297,-13.17372151,210.52
130.81247242,-13.17364695,210.54
130.81247162,-13.17353876,210.54
130.81247088,-13.17343799,210.50
130.81247086,-13.17343528,210.52
130.81247054,-13.17339253,210.51
130.81246894,-13.17317453,210.61
130.81246807,-13.17305668,211.90
130.81246806,-13.17305550,210.29
130.81246804,-13.17305297,210.28
130.81246760,-13.17299259,210.46
130.81246755,-13.17298591,210.28
130.81246745,-13.17297208,210.34
130.81246733,-13.17295581,210.32
130.81246708,-13.17292237,210.38
130.81246690,-13.17289742,211.95
130.81246683,-13.17288820,229.17
130.81246680,-13.17288333,229.58
130.81246671,-13.17287212,225.86
130.81246670,-13.17287040,210.44
130.81246646,-13.17283741,210.46
130.81246636,-13.17282422,210.42
130.81246623,-13.17280623,210.27
130.81246622,-13.17280496,210.41
130.81246593,-13.17276511,210.27
130.81246559,-13.17271910,210.59
130.81246543,-13.17269796,222.51
130.81246536,-13.17268828,227.67
130.81246527,-13.17267608,210.42
130.81246520,-13.17266614,210.41
130.81246507,-13.17264843,225.05
130.81246469,-13.17259727,226.09
130.81246461,-13.17258643,224.38
130.81246455,-13.17257865,223.47
130.81246452,-13.17257467,210.58
130.81246452,-13.17257341,227.93
130.81246448,-13.17256826,225.56
130.81246445,-13.17256446,210.33
130.81246442,-13.17256103,227.06
130.81246411,-13.17251782,228.36
130.81246377,-13.17247273,210.25
130.81246357,-13.17244435,226.79
130.81246355,-13.17244191,210.38
130.81246315,-13.17238714,210.56
130.81246279,-13.17233842,210.53
130.81246253,-13.17230353,210.30
130.81246251,-13.17230064,210.36
130.81246225,-13.17226557,210.37
130.81246110,-13.17210940,222.49
130.81246097,-13.17209186,226.98
130.81246089,-13.17208084,227.47
130.81246035,-13.17200690,219.27
130.81246030,-13.17200076,219.31
130.81246016,-13.17198115,210.35
130.81246001,-13.17196117,210.34
130.81246000,-13.17196009,210.21
130.81245983,-13.17193650,210.16
130.81245959,-13.17190451,220.44
130.81245937,-13.17187387,210.81
130.81245927,-13.17186112,210.40
130.81245919,-13.17185028,210.11
130.81245858,-13.17176631,210.21
130.81245724,-13.17158519,210.23
130.81245710,-13.17156603,210.30
130.81245695,-13.17154506,210.05
130.81245663,-13.17150132,210.30
130.81245637,-13.17146643,210.04
130.81245598,-13.17141374,210.20
130.81245596,-13.17141031,210.25
130.81245587,-13.17139874,224.17
130.81245553,-13.17135291,225.90
130.81245536,-13.17132932,210.21
130.81245447,-13.17120740,210.15
130.81245428,-13.17118218,210.13
130.81245420,-13.17117188,210.05
130.81245419,-13.17117061,210.23
130.81245406,-13.17115200,221.27
130.81245375,-13.17111024,209.99
130.81245355,-13.17108304,210.01
130.81245349,-13.17107536,210.14
130.81245290,-13.17099491,210.08
130.81245287,-13.17099058,209.96
130.81245258,-13.17095090,209.93
130.81245252,-13.17094268,210.21
130.81245243,-13.17093093,223.53
130.81245229,-13.17091177,212.18
130.81245213,-13.17089089,210.08
130.81245207,-13.17088158,210.14
130.81245170,-13.17083124,210.12
130.81245144,-13.17079717,209.84
130.81245092,-13.17072630,228.34
130.81245083,-13.17071284,231.91
130.81244958,-13.17054364,227.58
130.81244958,-13.17054328,226.76
130.81244951,-13.17053470,210.03
130.81244929,-13.17050469,210.16
130.81244879,-13.17043618,210.74
130.81244859,-13.17040871,210.05
130.81244858,-13.17040735,227.44
130.81244814,-13.17034752,227.21
130.81244802,-13.17033134,209.85
130.81244795,-13.17032149,229.06
130.81244785,-13.17030775,227.55
130.81244775,-13.17029483,210.01
130.81244772,-13.17029094,210.01
130.81244745,-13.17025362,209.83
130.81244727,-13.17022921,209.91
130.81244713,-13.17021014,209.97
130.81244696,-13.17018755,211.78
130.81244691,-13.17018095,209.96
130.81244676,-13.17016025,209.98
130.81244650,-13.17012555,225.57
130.81244643,-13.17011533,209.89
130.81244547,-13.16998482,209.89
130.81244496,-13.16991613,224.51
130.81244482,-13.16989679,229.22
130.81244481,-13.16989508,210.11
130.81244471,-13.16988161,229.91
130.81244460,-13.16986697,229.81
130.81244432,-13.16982892,209.89
130.81244376,-13.16975255,209.74
130.81244358,-13.16972760,209.74
130.81244351,-13.16971811,209.73
130.81244344,-13.16970943,209.67
130.81244342,-13.16970591,209.81
130.81244315,-13.16966949,209.85
130.81244301,-13.16965132,209.78
130.81244295,-13.16964192,209.77
130.81244276,-13.16961679,209.83
130.81244262,-13.16959727,225.52
130.81244228,-13.16955199,227.96
130.81244221,-13.16954187,209.84
130.81244200,-13.16951376,209.66
130.81244191,-13.16950201,209.76
130.81244144,-13.16943703,209.71
130.81244143,-13.16943640,209.97
130.81244113,-13.16939527,209.57
130.81244107,-13.16938641,209.55
130.81244095,-13.16937033,228.71
130.81244065,-13.16932993,209.56
130.81244027,-13.16927814,209.64
130.81243999,-13.16924000,228.77
130.81243990,-13.16922762,230.22
130.81243918,-13.16913073,209.60
130.81243896,-13.16910072,209.46
130.81243883,-13.16908201,229.97
130.81243880,-13.16907876,209.58
130.81243873,-13.16906828,231.64
130.81243849,-13.16903583,209.46
130.81243836,-13.16901947,229.75
130.81243819,-13.16899507,209.57
130.81243803,-13.16897437,209.62
130.81243798,-13.16896687,209.62
130.81243776,-13.16893695,209.58
130.81243726,-13.16886908,209.51
130.81243666,-13.16878764,209.53
130.81243613,-13.16871570,209.46
130.81243609,-13.16871019,209.47
130.81243606,-13.16870621,210.20
130.81243554,-13.16863472,209.37
130.81243547,-13.16862559,209.31
130.81243544,-13.16862107,209.48
130.81243540,-13.16861565,209.40
130.81243533,-13.16860688,209.47
130.81243529,-13.16860137,225.99
130.81243511,-13.16857715,209.27
130.81243498,-13.16855961,225.10
130.81243487,-13.16854461,209.54
130.81243472,-13.16852428,209.44
130.81243460,-13.16850791,209.45
130.81243456,-13.16850186,209.29
130.81243408,-13.16843769,209.30
130.81243363,-13.16837497,226.13
130.81243356,-13.16836620,209.41
130.81243338,-13.16834243,227.56
130.81243336,-13.16833936,227.07
130.81243330,-13.16833122,224.28
130.81243310,-13.16830447,209.30
130.81243310,-13.16830311,224.74
130.81243308,-13.16830077,221.78
130.81243307,-13.16830040,224.93
130.81243298,-13.16828739,209.43
130.81243262,-13.16823786,209.33
130.81243218,-13.16817830,209.19
130.81243210,-13.16816809,209.14
130.81243170,-13.16811305,209.05
130.81243150,-13.16808674,209.22
130.81243081,-13.16799257,212.41
130.81242927,-13.16778252,209.30
130.81242917,-13.16776942,219.57
130.81242893,-13.16773733,226.39
130.81242868,-13.16770299,227.33
130.81242856,-13.16768627,221.77
130.81242822,-13.16763972,225.93
130.81242814,-13.16762924,208.96
130.81242776,-13.16757736,208.94
130.81242738,-13.16752584,209.09
130.81242737,-13.16752548,226.43
130.81242733,-13.16751970,209.80
130.81242719,-13.16750026,227.28
130.81242708,-13.16748589,226.73
130.81242659,-13.16741883,209.05
130.81242636,-13.16738774,209.10
130.81242615,-13.16735846,225.72
130.81242573,-13.16730143,219.68
130.81242563,-13.16728778,208.76
130.81242544,-13.16726256,208.94
130.81242542,-13.16725958,209.03
130.81242542,-13.16725886,209.16
130.81242538,-13.16725452,208.97
130.81242511,-13.16721692,208.93
130.81242486,-13.16718312,208.78
130.81242436,-13.16711579,219.75
130.81242414,-13.16708596,208.69
130.81242397,-13.16706219,208.71
130.81242387,-13.16704854,208.64
130.81242385,-13.16704601,215.22
130.81242359,-13.16701139,208.80
130.81242353,-13.16700236,208.82
130.81242328,-13.16696846,208.96
130.81242292,-13.16691966,208.67
130.81242275,-13.16689634,208.85
130.81242268,-13.16688757,208.83
130.81242254,-13.16686760,208.59
130.81242224,-13.16682729,208.69
130.81242221,-13.16682277,208.80
130.81242214,-13.16681437,208.73
130.81242213,-13.16681202,208.96
130.81242184,-13.16677306,209.49
130.81242179,-13.16676556,208.69
130.81242164,-13.16674559,208.52
130.81242148,-13.16672372,208.53
130.81242123,-13.16668955,208.70
130.81242117,-13.16668205,208.52
130.81242066,-13.16661282,208.75
130.81242062,-13.16660785,208.94
130.81241976,-13.16648972,208.62
130.81241934,-13.16643242,208.45
130.81241915,-13.16640738,208.43
130.81241913,-13.16640413,208.49
130.81241902,-13.16638904,223.63
130.81241900,-13.16638732,208.48
130.81241897,-13.16638298,222.77
130.81241821,-13.16627995,208.50
130.81241816,-13.16627317,223.85
130.81241799,-13.16624940,208.80
130.81241794,-13.16624190,208.59
130.81241779,-13.16622247,208.34
130.81241777,-13.16621957,208.36
130.81241732,-13.16615884,208.52
130.81241725,-13.16614853,208.67
130.81241720,-13.16614239,223.73
130.81241717,-13.16613769,208.52
130.81241713,-13.16613217,208.42
130.81241669,-13.16607243,208.26
130.81241631,-13.16602128,224.89
130.81241614,-13.16599769,223.22
130.81241614,-13.16599760,223.47
130.81241608,-13.16598964,208.38
130.81241603,-13.16598278,224.09
130.81241586,-13.16595964,208.13
130.81241556,-13.16591879,208.14
130.81241539,-13.16589646,208.49
130.81241533,-13.16588806,208.14
130.81241526,-13.16587866,208.61
130.81241520,-13.16587098,208.30
130.81241509,-13.16585435,208.18
130.81241506,-13.16585055,221.84
130.81241457,-13.16578466,208.26
130.81241453,-13.16577842,216.78
130.81241450,-13.16577562,215.13
130.81241447,-13.16577174,220.52
130.81241431,-13.16574914,208.21
130.81241411,-13.16572185,208.13
130.81241364,-13.16565759,219.28
130.81241357,-13.16564773,208.18
130.81241346,-13.16563300,208.06
130.81241345,-13.16563174,219.59
130.81241341,-13.16562632,214.69
130.81241298,-13.16556802,216.61
130.81241265,-13.16552364,208.34
130.81241260,-13.16551605,218.99
130.81241209,-13.16544772,208.09
130.81241131,-13.16534134,215.01
130.81241125,-13.16533303,213.15
130.81241103,-13.16530339,208.05
130.81241101,-13.16530013,208.10
130.81241064,-13.16525033,208.22
130.81241039,-13.16521608,207.91
130.81240905,-13.16503469,208.07
130.81240871,-13.16498787,208.23
130.81240848,-13.16495587,208.04
130.81240842,-13.16494774,208.04
130.81240838,-13.16494286,220.59
130.81240777,-13.16486025,208.03
130.81240771,-13.16485203,208.01
130.81240750,-13.16482274,207.83
130.81240695,-13.16474872,207.84
130.81240654,-13.16469260,208.04
130.81240648,-13.16468500,208.02
130.81240636,-13.16466792,208.17
130.81240635,-13.16466675,208.29
130.81240603,-13.16462300,208.10
130.81240544,-13.16454274,207.78
130.81240512,-13.16449981,207.89
130.81240505,-13.16449014,208.75
130.81240494,-13.16447460,208.10
130.81240491,-13.16447134,207.87
130.81240477,-13.16445236,222.44
130.81240458,-13.16442579,221.63
130.81240455,-13.16442236,207.87
130.81240452,-13.16441793,219.00
130.81240451,-13.16441666,216.85
130.81240423,-13.16437879,218.32
130.81240394,-13.16433894,207.77
130.81240363,-13.16429700,223.90
130.81240327,-13.16424828,208.00
130.81240318,-13.16423500,207.77
130.81240313,-13.16422867,222.15
130.81240283,-13.16418827,221.05
130.81240277,-13.16418041,222.23
130.81240276,-13.16417923,222.38
130.81240249,-13.16414218,207.90
130.81240248,-13.16414046,207.73
130.81240244,-13.16413558,207.90
130.81240145,-13.16400055,207.67
130.81240113,-13.16395644,222.53
130.81240106,-13.16394795,221.38
130.81240105,-13.16394596,207.89
130.81240094,-13.16393123,222.33
130.81240093,-13.16393042,220.28
130.81240039,-13.16385702,207.81
130.81240006,-13.16381111,207.78
130.81239973,-13.16376628,207.62
130.81239911,-13.16368250,207.76
130.81239897,-13.16366262,207.75
130.81239879,-13.16363903,222.19
130.81239846,-13.16359420,207.83
130.81239841,-13.16358688,207.57
130.81239839,-13.16358426,219.49
130.81239837,-13.16358236,226.29
130.81239834,-13.16357739,219.66
130.81239832,-13.16357477,221.68
130.81239824,-13.16356374,226.82
130.81239821,-13.16355968,226.51
130.81239815,-13.16355154,225.14
130.81239808,-13.16354187,224.44
130.81239781,-13.16350554,207.75
130.81239757,-13.16347318,207.71
130.81239723,-13.16342727,207.59
130.81239708,-13.16340702,226.09
130.81239708,-13.16340630,207.70
130.81239704,-13.16340124,225.70
130.81239693,-13.16338642,224.69
130.81239686,-13.16337720,223.02
130.81239664,-13.16334655,207.86
130.81239635,-13.16330643,207.65
130.81239621,-13.16328718,224.40
130.81239572,-13.16322111,207.65
130.81239537,-13.16317366,207.44
130.81239420,-13.16301441,207.61
130.81239400,-13.16298766,207.60
130.81239384,-13.16296542,207.41
130.81239340,-13.16290550,207.51
130.81239338,-13.16290279,207.56
130.81239299,-13.16285010,207.45
130.81239240,-13.16277038,207.48
130.81239234,-13.16276215,224.39
130.81239225,-13.16274932,224.70
130.81239223,-13.16274661,207.46
130.81239186,-13.16269609,207.33
130.81239165,-13.16266843,207.55
130.81239162,-13.16266328,207.39
130.81239154,-13.16265280,207.52
130.81239143,-13.16263806,207.53
130.81239138,-13.16263065,207.46
130.81239075,-13.16254507,207.43
130.81238944,-13.16236756,207.18
130.81238867,-13.16226317,207.23
130.81238855,-13.16224572,207.33
130.81238854,-13.16224410,207.11
130.81238819,-13.16219719,224.13
130.81238780,-13.16214377,207.32
130.81238779,-13.16214278,217.94
130.81238778,-13.16214197,208.42
130.81238771,-13.16213166,221.27
130.81238760,-13.16211747,207.26
130.81238697,-13.16203125,206.98
130.81238670,-13.16199483,224.67
130.81238664,-13.16198705,207.01
130.81238547,-13.16182726,207.26
130.81238542,-13.16182130,207.23
130.81238539,-13.16181678,219.98
130.81238530,-13.16180395,221.49
130.81238520,-13.16179111,222.03
130.81238444,-13.16168807,217.06
130.81238399,-13.16162653,207.86
130.81238353,-13.16156380,212.72
130.81238306,-13.16149882,207.09
130.81238300,-13.16149132,206.94
130.81238262,-13.16143998,206.84
130.81238234,-13.16140148,207.01
130.81238204,-13.16136126,206.80
130.81238176,-13.16132185,207.65
130.81238175,-13.16132140,206.82
130.81238160,-13.16130125,212.62
130.81238155,-13.16129365,207.18
130.81238146,-13.16128208,206.97
130.81238095,-13.16121331,206.78
130.81238016,-13.16110548,206.95
130.81238002,-13.16108542,206.75
130.81237993,-13.16107376,217.22
130.81237986,-13.16106354,206.85
130.81237984,-13.16106101,206.94
130.81237979,-13.16105478,206.76
130.81237899,-13.16094578,207.10
130.81237890,-13.16093358,223.40
130.81237725,-13.16070898,206.95
130.81237724,-13.16070871,206.77
130.81237692,-13.16066443,207.00
130.81237674,-13.16063975,206.84
130.81237661,-13.16062168,221.56
130.81237640,-13.16059366,206.83
130.81237546,-13.16046568,206.70
130.81237528,-13.16044200,206.82
130.81237515,-13.16042365,217.27
130.81237510,-13.16041724,220.23
130.81237492,-13.16039301,206.62
130.81237474,-13.16036770,207.59
130.81237422,-13.16029721,221.75
130.81237416,-13.16028908,207.50
130.81237411,-13.16028167,206.79
130.81237409,-13.16027922,223.71
130.81237387,-13.16024976,206.71
130.81237378,-13.16023765,206.57
130.81237311,-13.16014582,206.75
130.81237308,-13.16014212,206.57
130.81237303,-13.16013597,216.66
130.81237297,-13.16012774,221.51
130.81237285,-13.16011121,206.76
130.81237285,-13.16011030,206.60
130.81237271,-13.16009150,206.51
130.81237252,-13.16006620,206.52
130.81237223,-13.16002670,206.92
130.81237217,-13.16001829,206.63
130.81237204,-13.16000013,206.73
130.81237202,-13.15999733,227.05
130.81237179,-13.15996723,206.68
130.81237163,-13.15994526,206.74
130.81237161,-13.15994237,206.49
130.81237154,-13.15993289,206.52
130.81237134,-13.15990487,206.68
130.81237125,-13.15989384,220.76
130.81237124,-13.15989240,221.62
130.81237119,-13.15988526,206.64
130.81237109,-13.15987070,206.78
130.81237091,-13.15984675,206.88
130.81237076,-13.15982615,217.27
130.81237074,-13.15982416,218.79
130.81237074,-13.15982325,217.22
130.81237068,-13.15981621,218.77
130.81237061,-13.15980653,206.66
130.81237057,-13.15980057,207.47
130.81237053,-13.15979596,206.64
130.81236950,-13.15965524,206.63
130.81236939,-13.15964077,219.78
130.81236900,-13.15958673,215.55
     </coordinates>
    </LineString>
   </MultiGeometry>
  </Placemark>
 </Document>
</kml>
