<kml>
 <Document>
  <Style id="yellow">
   <LineStyle>
   <color>ff00ffff</color>
   <width>1</width>
   </LineStyle>
  </Style>
  <Style id="red">
   <LineStyle>
   <color>ffff0000</color>
   <width>2</width>
   </LineStyle>
  </Style>
  <Style id="green">
   <LineStyle>
   <color>ff00ff00</color>
   <width>1</width>
   </LineStyle>
  </Style>
  <Placemark>
  <styleUrl>#yellow</styleUrl>
   <MultiGeometry>
    <LineString>
     <coordinates>
145.64538860,-17.10091668,976.45
145.64538883,-17.10088577,963.43
145.64538885,-17.10088316,971.74
145.64538889,-17.10087737,977.34
145.64538907,-17.10085225,958.92
145.64538908,-17.10084981,981.96
145.64538910,-17.10084827,981.80
145.64538911,-17.10084601,970.83
145.64538914,-17.10084285,981.20
145.64538923,-17.10082957,979.51
145.64538924,-17.10082893,981.42
145.64538928,-17.10082252,961.73
145.64538936,-17.10081140,979.40
145.64538947,-17.10079712,975.81
145.64538956,-17.10078447,969.66
145.64538959,-17.10077986,975.77
145.64538963,-17.10077525,967.12
145.64538982,-17.10074896,969.57
145.64538998,-17.10072582,972.20
145.64539028,-17.10068434,973.13
145.64539034,-17.10067648,972.06
145.64539088,-17.10060229,972.25
145.64539094,-17.10059307,969.25
145.64539112,-17.10056912,960.99
145.64539122,-17.10055430,963.66
145.64539136,-17.10053541,959.33
145.64539142,-17.10052746,948.14
145.64539149,-17.10051770,953.18
145.64539153,-17.10051174,950.74
145.64539212,-17.10043077,932.40
145.64539242,-17.10038947,959.34
145.64539248,-17.10038125,957.39
145.64539255,-17.10037112,957.15
145.64539261,-17.10036208,960.50
145.64539277,-17.10034067,955.80
145.64539289,-17.10032386,952.95
145.64539307,-17.10029892,957.35
145.64539315,-17.10028807,946.15
145.64539359,-17.10022762,939.55
145.64539367,-17.10021605,939.74
145.64539384,-17.10019273,935.22
145.64539423,-17.10013851,939.97
145.64539444,-17.10010959,920.90
145.64539461,-17.10008664,939.77
145.64539463,-17.10008321,921.94
145.64539490,-17.10004634,918.46
145.64539493,-17.10004136,918.78
145.64539537,-17.09998100,929.91
145.64539617,-17.09987030,929.60
145.64539626,-17.09985765,925.59
145.64539641,-17.09983668,930.68
145.64539687,-17.09977288,916.56
145.64539701,-17.09975426,923.07
145.64539709,-17.09974215,917.36
145.64539740,-17.09969968,927.78
145.64539745,-17.09969290,927.49
145.64539794,-17.09962521,927.70
145.64539832,-17.09957262,908.10
145.64539839,-17.09956286,903.48
145.64539851,-17.09954668,907.09
145.64539892,-17.09948948,923.85
145.64539920,-17.09945152,904.47
145.64539921,-17.09945035,908.91
145.64539923,-17.09944692,896.82
145.64539933,-17.09943264,905.98
145.64539952,-17.09940679,894.77
145.64539985,-17.09936143,899.68
145.64539999,-17.09934191,889.48
145.64540032,-17.09929645,881.59
145.64540110,-17.09918783,889.51
145.64540117,-17.09917906,889.04
145.64540146,-17.09913885,891.17
145.64540155,-17.09912665,865.00
145.64540159,-17.09912069,866.03
145.64540159,-17.09911987,882.61
145.64540176,-17.09909692,869.89
145.64540272,-17.09896435,868.28
145.64540430,-17.09874520,874.04
145.64540468,-17.09869288,869.76
145.64540495,-17.09865483,869.39
145.64540523,-17.09861751,878.26
145.64540533,-17.09860341,867.77
145.64540535,-17.09860043,869.71
145.64540539,-17.09859528,872.98
145.64540544,-17.09858850,857.98
145.64540547,-17.09858461,873.58
145.64540563,-17.09856202,871.10
145.64540613,-17.09849262,864.31
145.64540649,-17.09844337,868.19
145.64540686,-17.09839167,869.71
145.64540690,-17.09838634,847.46
145.64540696,-17.09837722,867.93
145.64540752,-17.09830067,869.65
145.64540789,-17.09824871,869.10
145.64540820,-17.09820660,873.08
145.64540820,-17.09820588,861.74
145.64540839,-17.09817940,870.75
145.64540870,-17.09813701,872.43
145.64540886,-17.09811524,856.54
145.64540888,-17.09811198,856.55
145.64540922,-17.09806499,865.58
145.64540958,-17.09801520,856.95
145.64540959,-17.09801348,862.05
145.64540979,-17.09798628,864.75
145.64540981,-17.09798357,868.33
145.64540994,-17.09796504,868.27
145.64541016,-17.09793522,859.60
145.64541061,-17.09787241,865.14
145.64541063,-17.09786952,864.98
145.64541082,-17.09784331,863.89
145.64541089,-17.09783464,863.41
145.64541097,-17.09782298,862.90
145.64541121,-17.09779063,839.81
145.64541127,-17.09778204,860.98
145.64541128,-17.09777969,862.82
145.64541131,-17.09777644,861.24
145.64541137,-17.09776777,860.43
145.64541137,-17.09776732,860.33
145.64541141,-17.09776135,860.09
145.64541178,-17.09771093,857.84
145.64541185,-17.09770098,860.89
145.64541194,-17.09768960,852.89
145.64541195,-17.09768707,856.70
145.64541199,-17.09768156,851.99
145.64541203,-17.09767695,844.79
145.64541230,-17.09763845,829.37
145.64541231,-17.09763781,842.51
145.64541232,-17.09763637,842.80
145.64541279,-17.09757157,826.43
145.64541286,-17.09756191,826.93
145.64541380,-17.09743132,837.24
145.64541388,-17.09741967,840.12
145.64541399,-17.09740493,842.98
145.64541526,-17.09722980,841.43
145.64541534,-17.09721913,845.08
145.64541543,-17.09720594,827.58
145.64541550,-17.09719627,844.50
145.64541610,-17.09711331,834.08
145.64541618,-17.09710292,820.93
145.64541651,-17.09705674,825.82
145.64541651,-17.09705629,820.47
145.64541654,-17.09705204,826.62
145.64541673,-17.09702620,820.25
145.64541749,-17.09692164,829.36
145.64541783,-17.09687374,805.94
145.64541799,-17.09685188,808.54
145.64541804,-17.09684546,808.05
145.64541804,-17.09684455,821.86
145.64541806,-17.09684184,824.45
145.64541814,-17.09683064,810.34
145.64541856,-17.09677352,814.95
145.64541897,-17.09671704,815.96
145.64541902,-17.09670936,815.62
145.64541916,-17.09669011,814.69
145.64541953,-17.09663897,820.70
145.64541974,-17.09660950,818.95
145.64541976,-17.09660661,818.78
145.64541999,-17.09657525,820.43
145.64542000,-17.09657444,820.74
145.64542015,-17.09655302,815.09
145.64542018,-17.09654878,809.52
145.64542040,-17.09651823,790.24
145.64542071,-17.09647648,810.57
145.64542077,-17.09646717,791.93
145.64542079,-17.09646518,810.48
145.64542083,-17.09645895,810.15
145.64542095,-17.09644295,809.44
145.64542095,-17.09644232,809.69
145.64542110,-17.09642127,802.89
145.64542118,-17.09641078,807.70
145.64542133,-17.09638964,809.21
145.64542171,-17.09633740,807.31
145.64542179,-17.09632683,801.90
145.64542188,-17.09631390,802.17
145.64542219,-17.09627089,800.12
145.64542225,-17.09626194,801.09
145.64542258,-17.09621767,803.32
145.64542270,-17.09620076,797.04
145.64542272,-17.09619724,791.10
145.64542284,-17.09618115,799.67
145.64542320,-17.09613109,780.61
145.64542327,-17.09612142,790.95
145.64542344,-17.09609747,775.56
145.64542352,-17.09608672,788.11
145.64542358,-17.09607876,789.87
145.64542374,-17.09605654,795.90
145.64542376,-17.09605319,793.97
145.64542377,-17.09605138,795.08
145.64542388,-17.09603774,794.49
145.64542389,-17.09603494,793.60
145.64542413,-17.09600276,800.68
145.64542419,-17.09599436,797.80
145.64542427,-17.09598343,781.74
145.64542429,-17.09598116,798.12
145.64542442,-17.09596219,768.57
145.64542446,-17.09595667,773.67
145.64542471,-17.09592225,775.52
145.64542475,-17.09591709,787.03
145.64542480,-17.09590987,773.35
145.64542483,-17.09590607,793.49
145.64542499,-17.09588294,792.58
145.64542512,-17.09586622,780.75
145.64542539,-17.09582790,794.12
145.64542554,-17.09580775,792.46
145.64542577,-17.09577576,785.45
145.64542579,-17.09577323,792.42
145.64542591,-17.09575597,804.41
145.64542591,-17.09575587,800.36
145.64542598,-17.09574702,804.16
145.64542598,-17.09574693,804.28
145.64542604,-17.09573816,804.45
145.64542630,-17.09570192,800.39
145.64542630,-17.09570165,800.10
145.64542638,-17.09569153,785.24
145.64542733,-17.09556005,772.13
145.64542734,-17.09555896,789.22
145.64542752,-17.09553303,772.38
145.64542768,-17.09551134,800.85
145.64542773,-17.09550411,773.43
145.64542787,-17.09548567,801.53
145.64542801,-17.09546570,780.99
145.64542820,-17.09543958,804.19
145.64542863,-17.09537931,797.88
145.64542879,-17.09535807,790.64
145.64542887,-17.09534641,784.73
145.64542890,-17.09534307,797.48
145.64542896,-17.09533376,792.10
145.64542911,-17.09531415,796.97
145.64542917,-17.09530475,787.58
145.64542918,-17.09530403,797.43
145.64542928,-17.09528957,788.64
145.64542946,-17.09526562,785.89
145.64542968,-17.09523526,795.07
145.64542974,-17.09522685,779.81
145.64542974,-17.09522640,794.58
145.64542986,-17.09520950,793.59
145.64543003,-17.09518646,792.83
145.64543005,-17.09518393,797.09
145.64543012,-17.09517408,770.94
145.64543013,-17.09517227,773.18
145.64543017,-17.09516676,796.04
145.64543028,-17.09515239,792.48
145.64543055,-17.09511380,786.63
145.64543064,-17.09510124,784.44
145.64543070,-17.09509311,785.36
145.64543072,-17.09509103,785.06
145.64543074,-17.09508787,790.91
145.64543086,-17.09507115,791.57
145.64543087,-17.09506961,788.75
145.64543089,-17.09506762,790.99
145.64543142,-17.09499460,795.52
145.64543147,-17.09498710,795.40
145.64543186,-17.09493297,789.67
145.64543192,-17.09492502,786.13
145.64543227,-17.09487631,768.72
145.64543254,-17.09483818,789.62
145.64543297,-17.09477971,779.05
145.64543330,-17.09473362,781.31
145.64543333,-17.09473000,781.13
145.64543338,-17.09472287,781.17
145.64543343,-17.09471500,780.33
145.64543363,-17.09468825,785.42
145.64543371,-17.09467687,775.57
145.64543372,-17.09467542,788.45
145.64543423,-17.09460520,788.36
145.64543424,-17.09460457,788.82
145.64543427,-17.09459915,788.96
145.64543429,-17.09459734,788.83
145.64543429,-17.09459725,778.31
145.64543430,-17.09459526,774.07
145.64543440,-17.09458126,768.79
145.64543453,-17.09456373,753.37
145.64543461,-17.09455261,762.98
145.64543478,-17.09452857,779.95
145.64543481,-17.09452532,779.45
145.64543494,-17.09450743,779.33
145.64543504,-17.09449278,773.28
145.64543525,-17.09446396,778.80
145.64543553,-17.09442564,767.37
145.64543555,-17.09442257,781.33
145.64543555,-17.09442229,781.71
145.64543556,-17.09442094,777.56
145.64543624,-17.09432669,771.00
145.64543625,-17.09432515,764.14
145.64543629,-17.09432036,771.21
145.64543631,-17.09431675,771.07
145.64543646,-17.09429686,770.41
145.64543689,-17.09423731,768.21
145.64543689,-17.09423704,769.54
145.64543701,-17.09422050,758.81
145.64543703,-17.09421834,758.72
145.64543712,-17.09420487,747.52
145.64543727,-17.09418426,748.95
145.64543732,-17.09417704,762.03
145.64543758,-17.09414206,748.59
145.64543791,-17.09409543,757.56
145.64543794,-17.09409218,748.13
145.64543799,-17.09408459,759.42
145.64543802,-17.09408025,760.25
145.64543803,-17.09407917,760.33
145.64543818,-17.09405874,755.83
145.64543818,-17.09405820,764.36
145.64543820,-17.09405621,755.83
145.64543825,-17.09404907,771.15
145.64543827,-17.09404564,763.33
145.64543848,-17.09401726,757.98
145.64543862,-17.09399783,758.32
145.64543866,-17.09399178,751.15
145.64543872,-17.09398365,742.29
145.64543883,-17.09396828,744.52
145.64543898,-17.09394777,737.63
145.64543916,-17.09392229,749.62
145.64543921,-17.09391587,750.16
145.64543931,-17.09390177,739.17
145.64543944,-17.09388361,760.36
145.64543949,-17.09387683,744.12
145.64543961,-17.09385984,757.58
145.64544000,-17.09380670,756.46
145.64544006,-17.09379839,727.71
145.64544006,-17.09379812,727.84
145.64544007,-17.09379757,756.20
145.64544008,-17.09379495,748.11
145.64544010,-17.09379269,756.42
145.64544013,-17.09378899,731.70
145.64544037,-17.09375492,754.02
145.64544072,-17.09370630,751.16
145.64544107,-17.09365877,743.44
145.64544128,-17.09362921,743.54
145.64544128,-17.09362904,748.94
145.64544162,-17.09358277,750.75
145.64544193,-17.09354011,743.44
145.64544226,-17.09349484,741.64
145.64544252,-17.09345842,745.15
145.64544307,-17.09338178,744.70
145.64544308,-17.09337998,717.42
145.64544309,-17.09337862,745.22
145.64544332,-17.09334744,743.50
145.64544332,-17.09334708,743.63
145.64544339,-17.09333777,739.71
145.64544393,-17.09326277,744.33
145.64544406,-17.09324479,744.93
145.64544433,-17.09320728,719.92
145.64544450,-17.09318352,745.23
145.64544455,-17.09317656,716.78
145.64544487,-17.09313300,734.51
145.64544491,-17.09312713,723.19
145.64544524,-17.09308239,730.81
145.64544528,-17.09307679,735.10
145.64544529,-17.09307426,735.11
145.64544536,-17.09306567,718.53
145.64544539,-17.09306179,735.55
145.64544552,-17.09304263,743.84
145.64544555,-17.09303883,745.88
145.64544601,-17.09297431,743.04
145.64544605,-17.09296988,743.10
145.64544644,-17.09291647,748.74
145.64544668,-17.09288295,748.23
145.64544671,-17.09287825,748.00
145.64544680,-17.09286623,746.39
145.64544680,-17.09286524,734.89
145.64544687,-17.09285575,746.41
145.64544705,-17.09283090,730.27
145.64544711,-17.09282330,740.43
145.64544712,-17.09282186,740.36
145.64544723,-17.09280632,729.35
145.64544724,-17.09280451,738.69
145.64544732,-17.09279348,733.94
145.64544736,-17.09278905,733.87
145.64544739,-17.09278444,733.91
145.64544739,-17.09278417,731.75
145.64544755,-17.09276285,738.33
145.64544758,-17.09275851,738.45
145.64544826,-17.09266344,737.72
145.64544828,-17.09266091,737.77
145.64544832,-17.09265558,737.04
145.64544888,-17.09257732,738.01
145.64544891,-17.09257388,734.03
145.64544894,-17.09256954,736.95
145.64544894,-17.09256946,736.79
145.64544897,-17.09256548,736.14
145.64544902,-17.09255834,730.85
145.64544905,-17.09255391,734.11
145.64544913,-17.09254406,721.53
145.64544915,-17.09254054,737.39
145.64544938,-17.09250954,736.79
145.64544949,-17.09249391,740.11
145.64544960,-17.09247864,739.91
145.64544978,-17.09245360,738.34
145.64544994,-17.09243182,742.35
145.64544995,-17.09242966,734.19
145.64544997,-17.09242704,741.99
145.64545001,-17.09242170,741.50
145.64545005,-17.09241619,741.54
145.64545005,-17.09241556,741.61
145.64545011,-17.09240778,740.58
145.64545016,-17.09240046,742.88
145.64545039,-17.09236920,740.55
145.64545041,-17.09236558,738.14
145.64545086,-17.09230395,735.68
145.64545088,-17.09230142,735.52
145.64545090,-17.09229880,744.36
145.64545091,-17.09229772,735.48
145.64545091,-17.09229745,729.50
145.64545092,-17.09229600,736.53
145.64545093,-17.09229446,728.79
145.64545098,-17.09228732,728.93
145.64545110,-17.09227015,723.77
145.64545114,-17.09226563,723.33
145.64545115,-17.09226392,723.19
145.64545130,-17.09224322,732.16
145.64545136,-17.09223473,736.13
145.64545139,-17.09223048,732.91
145.64545139,-17.09222994,732.99
145.64545158,-17.09220464,723.73
145.64545166,-17.09219307,730.62
145.64545175,-17.09218087,743.41
145.64545183,-17.09216912,741.38
145.64545190,-17.09215990,739.46
145.64545195,-17.09215376,723.88
145.64545204,-17.09214074,737.60
145.64545210,-17.09213216,736.20
145.64545279,-17.09203727,743.11
145.64545290,-17.09202110,739.68
145.64545325,-17.09197365,743.46
145.64545347,-17.09194238,748.01
145.64545357,-17.09192874,747.81
145.64545396,-17.09187452,749.37
145.64545421,-17.09184027,749.13
145.64545445,-17.09180665,739.02
145.64545448,-17.09180385,742.85
145.64545452,-17.09179788,744.82
145.64545469,-17.09177448,732.26
145.64545516,-17.09170842,748.60
145.64545529,-17.09169026,746.96
145.64545569,-17.09163612,736.73
145.64545570,-17.09163377,741.90
145.64545579,-17.09162212,743.13
145.64545653,-17.09151909,743.05
145.64545715,-17.09143379,745.00
145.64545754,-17.09137875,744.21
145.64545774,-17.09135146,743.63
145.64545775,-17.09135083,740.03
145.64545782,-17.09134070,741.60
145.64545820,-17.09128874,752.39
145.64545824,-17.09128287,752.69
145.64545828,-17.09127663,753.19
145.64545909,-17.09116431,751.06
145.64545958,-17.09109753,749.04
145.64545984,-17.09106128,754.36
145.64546020,-17.09101077,742.79
145.64546025,-17.09100462,755.26
145.64546029,-17.09099875,753.10
145.64546075,-17.09093504,746.44
145.64546085,-17.09092230,745.86
145.64546139,-17.09084711,751.50
145.64546144,-17.09083970,737.18
145.64546239,-17.09070848,748.39
145.64546254,-17.09068797,734.80
145.64546261,-17.09067748,735.11
145.64546269,-17.09066664,737.48
145.64546336,-17.09057392,729.12
145.64546365,-17.09053371,727.27
145.64546401,-17.09048473,728.03
145.64546420,-17.09045798,729.67
145.64546427,-17.09044876,726.52
145.64546450,-17.09041686,727.83
145.64546478,-17.09037827,710.09
145.64546482,-17.09037131,731.59
145.64546483,-17.09037050,731.74
145.64546486,-17.09036580,732.84
145.64546498,-17.09034954,729.51
145.64546500,-17.09034718,729.18
145.64546540,-17.09029161,728.44
145.64546571,-17.09024941,731.37
145.64546591,-17.09022166,727.92
145.64546595,-17.09021624,730.85
145.64546603,-17.09020377,731.70
145.64546662,-17.09012334,731.50
145.64546667,-17.09011620,731.99
145.64546795,-17.08993836,721.86
145.64546801,-17.08993031,728.47
145.64546808,-17.08992073,726.80
145.64546837,-17.08988124,727.56
145.64546838,-17.08987934,710.39
145.64546843,-17.08987275,728.51
145.64546848,-17.08986534,726.90
145.64546880,-17.08982106,713.70
145.64546891,-17.08980614,708.51
145.64546893,-17.08980334,729.17
145.64546899,-17.08979476,708.83
145.64546903,-17.08978978,708.47
145.64546917,-17.08976973,729.65
145.64546927,-17.08975617,724.33
145.64546952,-17.08972210,709.96
145.64546961,-17.08970836,731.57
145.64546974,-17.08969165,727.55
145.64546993,-17.08966409,724.79
145.64547018,-17.08963010,733.75
145.64547021,-17.08962568,722.36
145.64547034,-17.08960797,726.64
145.64547049,-17.08958691,727.93
145.64547067,-17.08956305,722.77
145.64547089,-17.08953188,735.13
145.64547162,-17.08943175,732.86
145.64547164,-17.08942795,733.78
145.64547169,-17.08942163,730.08
145.64547178,-17.08940942,722.23
145.64547196,-17.08938358,737.26
145.64547199,-17.08937933,727.19
145.64547217,-17.08935520,740.78
145.64547232,-17.08933433,737.67
145.64547256,-17.08930116,740.41
145.64547261,-17.08929411,717.65
145.64547262,-17.08929248,719.44
145.64547292,-17.08925110,730.81
145.64547316,-17.08921811,737.34
145.64547346,-17.08917672,734.22
145.64547387,-17.08912024,735.99
145.64547408,-17.08908961,734.93
145.64547439,-17.08904732,735.91
145.64547459,-17.08902002,739.15
145.64547474,-17.08899887,724.22
145.64547482,-17.08898821,721.16
145.64547483,-17.08898740,741.21
145.64547499,-17.08896445,732.17
145.64547560,-17.08888058,747.47
145.64547566,-17.08887128,744.96
145.64547577,-17.08885736,747.80
145.64547626,-17.08878831,753.58
145.64547663,-17.08873825,748.47
145.64547686,-17.08870535,750.21
145.64547707,-17.08867608,749.22
145.64547708,-17.08867472,748.50
145.64547726,-17.08865005,747.34
145.64547727,-17.08864960,748.62
145.64547735,-17.08863740,745.51
145.64547736,-17.08863658,733.85
145.64547744,-17.08862502,738.38
145.64547768,-17.08859293,750.51
145.64547819,-17.08852146,753.52
145.64547829,-17.08850835,749.20
145.64547855,-17.08847130,750.05
145.64547865,-17.08845820,750.61
145.64547867,-17.08845512,750.32
145.64547871,-17.08844961,749.74
145.64547886,-17.08842946,748.44
145.64547909,-17.08839656,745.99
145.64547910,-17.08839548,752.50
145.64547960,-17.08832680,753.30
145.64547963,-17.08832219,753.60
145.64547971,-17.08831144,755.05
145.64547982,-17.08829598,754.51
145.64547987,-17.08828930,755.44
145.64548005,-17.08826399,755.86
145.64548015,-17.08825035,755.75
145.64548121,-17.08810395,746.35
145.64548145,-17.08807060,751.12
145.64548171,-17.08803445,748.14
145.64548189,-17.08800924,745.28
145.64548232,-17.08795032,748.56
145.64548251,-17.08792366,743.74
145.64548264,-17.08790541,752.40
145.64548269,-17.08789881,751.43
145.64548293,-17.08786492,749.95
145.64548313,-17.08783763,727.63
145.64548326,-17.08781955,749.35
145.64548335,-17.08780772,750.96
145.64548355,-17.08777989,753.64
145.64548370,-17.08775910,754.19
145.64548391,-17.08772928,748.53
145.64548407,-17.08770732,726.10
145.64548421,-17.08768762,756.66
145.64548425,-17.08768247,748.66
145.64548462,-17.08763105,749.83
145.64548471,-17.08761839,736.62
145.64548472,-17.08761695,749.34
145.64548494,-17.08758740,741.78
145.64548513,-17.08756128,748.05
145.64548518,-17.08755369,747.56
145.64548538,-17.08752559,750.71
145.64548557,-17.08750073,748.93
145.64548568,-17.08748528,748.05
145.64548585,-17.08746152,751.02
145.64548588,-17.08745799,749.02
145.64548589,-17.08745573,745.13
145.64548596,-17.08744624,751.13
145.64548599,-17.08744217,751.73
145.64548602,-17.08743820,751.18
145.64548628,-17.08740169,745.02
145.64548633,-17.08739410,744.32
145.64548638,-17.08738804,746.89
145.64548641,-17.08738425,749.14
145.64548688,-17.08731828,750.23
145.64548698,-17.08730454,743.10
145.64548712,-17.08728538,744.10
145.64548733,-17.08725611,751.15
145.64548737,-17.08725141,732.66
145.64548747,-17.08723703,750.27
145.64548789,-17.08717929,741.04
145.64548800,-17.08716375,750.49
145.64548807,-17.08715362,749.16
145.64548808,-17.08715281,749.92
145.64548817,-17.08714052,747.70
145.64548829,-17.08712389,729.66
145.64548830,-17.08712281,747.97
145.64548830,-17.08712245,748.37
145.64548832,-17.08711965,748.40
145.64548835,-17.08711467,748.44
145.64548850,-17.08709407,746.03
145.64548854,-17.08708946,730.31
145.64548856,-17.08708630,736.76
145.64548895,-17.08703253,746.83
145.64548898,-17.08702810,748.03
145.64548927,-17.08698816,747.59
145.64548930,-17.08698382,746.34
145.64548940,-17.08697008,730.31
145.64548959,-17.08694334,723.28
145.64548994,-17.08689526,735.64
145.64548994,-17.08689472,739.26
145.64549032,-17.08684275,740.51
145.64549033,-17.08684077,740.66
145.64549047,-17.08682179,739.62
145.64549062,-17.08680082,737.38
145.64549098,-17.08675076,738.66
145.64549104,-17.08674244,735.77
145.64549127,-17.08671072,735.85
145.64549147,-17.08668280,725.43
145.64549152,-17.08667638,734.53
145.64549154,-17.08667403,734.83
145.64549164,-17.08665975,739.83
145.64549166,-17.08665650,729.53
145.64549182,-17.08663400,736.25
145.64549185,-17.08663084,735.08
145.64549268,-17.08651607,734.94
145.64549336,-17.08642181,725.05
145.64549389,-17.08634807,734.81
145.64549435,-17.08628445,732.00
145.64549448,-17.08626665,735.28
145.64549462,-17.08624695,730.97
145.64549478,-17.08622535,736.99
145.64549509,-17.08618225,739.48
145.64549510,-17.08618161,739.63
145.64549524,-17.08616092,728.87
145.64549540,-17.08613968,737.65
145.64549548,-17.08612803,739.76
145.64549551,-17.08612369,739.84
145.64549561,-17.08611040,739.60
145.64549584,-17.08607769,740.07
145.64549605,-17.08604877,725.94
145.64549663,-17.08596924,739.96
145.64549686,-17.08593771,726.34
145.64549693,-17.08592777,756.75
145.64549731,-17.08587499,753.58
145.64549732,-17.08587354,744.88
145.64549738,-17.08586514,754.96
145.64549755,-17.08584183,765.28
145.64549755,-17.08584173,763.20
145.64549761,-17.08583387,721.31
145.64549765,-17.08582691,764.49
145.64549766,-17.08582664,759.52
145.64549769,-17.08582176,761.94
145.64549790,-17.08579257,759.88
145.64549804,-17.08577350,756.93
145.64549806,-17.08577052,749.45
145.64549812,-17.08576239,746.44
145.64549858,-17.08569886,747.73
145.64549858,-17.08569850,747.85
145.64549872,-17.08567979,750.94
145.64549872,-17.08567952,750.84
145.64549895,-17.08564816,747.48
145.64549898,-17.08564419,746.90
145.64549910,-17.08562729,743.46
145.64549929,-17.08560117,741.00
145.64549995,-17.08550972,754.39
145.64550002,-17.08549897,753.14
145.64550019,-17.08547565,749.55
145.64550033,-17.08545649,752.41
145.64550034,-17.08545513,751.19
145.64550041,-17.08544610,748.38
145.64550062,-17.08541636,753.34
145.64550073,-17.08540146,755.65
145.64550074,-17.08540073,754.96
145.64550077,-17.08539667,755.65
145.64550082,-17.08538926,750.13
145.64550091,-17.08537669,756.94
145.64550126,-17.08532798,759.52
145.64550129,-17.08532328,760.65
145.64550132,-17.08531913,760.96
145.64550146,-17.08530042,761.78
145.64550148,-17.08529789,761.17
145.64550154,-17.08528931,759.49
145.64550154,-17.08528876,753.34
145.64550219,-17.08519930,764.01
145.64550225,-17.08519089,765.50
145.64550228,-17.08518683,763.81
145.64550239,-17.08517101,760.21
145.64550274,-17.08512285,762.99
145.64550284,-17.08510857,762.74
145.64550290,-17.08510116,762.37
145.64550296,-17.08509338,762.08
145.64550318,-17.08506221,757.90
145.64550330,-17.08504549,749.57
145.64550362,-17.08500202,759.28
145.64550374,-17.08498485,760.68
145.64550408,-17.08493677,762.95
145.64550410,-17.08493425,762.28
145.64550448,-17.08488301,763.68
145.64550449,-17.08488129,755.14
145.64550466,-17.08485725,762.84
145.64550483,-17.08483321,762.84
145.64550489,-17.08482562,764.82
145.64550489,-17.08482517,762.78
145.64550492,-17.08482147,764.56
145.64550509,-17.08479734,764.65
145.64550517,-17.08478649,762.22
145.64550546,-17.08474628,760.59
145.64550549,-17.08474248,763.27
145.64550552,-17.08473814,760.98
145.64550553,-17.08473751,748.13
145.64550563,-17.08472269,760.16
145.64550594,-17.08468067,764.52
145.64550622,-17.08464109,764.44
145.64550625,-17.08463774,764.78
145.64550630,-17.08462952,765.67
145.64550649,-17.08460377,758.65
145.64550668,-17.08457684,762.84
145.64550670,-17.08457467,740.88
145.64550683,-17.08455750,761.79
145.64550723,-17.08450237,763.45
145.64550742,-17.08447580,760.50
145.64550784,-17.08441625,768.24
145.64550792,-17.08440613,765.31
145.64550796,-17.08440062,767.31
145.64550802,-17.08439221,745.22
145.64550806,-17.08438634,764.37
145.64550811,-17.08437965,765.20
145.64550827,-17.08435787,766.45
145.64550836,-17.08434486,757.85
145.64550839,-17.08434097,766.99
145.64550868,-17.08430121,774.73
145.64550875,-17.08429154,771.47
145.64550880,-17.08428350,769.03
145.64550911,-17.08424048,773.76
145.64550937,-17.08420469,755.34
145.64550974,-17.08415390,773.41
145.64551008,-17.08410719,768.01
145.64551010,-17.08410384,767.98
145.64551092,-17.08399088,762.31
145.64551187,-17.08385876,755.09
145.64551237,-17.08378918,754.76
145.64551249,-17.08377381,757.67
145.64551275,-17.08373721,759.44
145.64551278,-17.08373233,762.74
145.64551287,-17.08372040,750.56
145.64551299,-17.08370341,763.90
145.64551313,-17.08368471,757.95
145.64551330,-17.08366139,754.52
145.64551346,-17.08363880,759.77
145.64551370,-17.08360581,758.31
145.64551432,-17.08351951,750.32
145.64551457,-17.08348545,746.43
145.64551461,-17.08347912,749.92
145.64551481,-17.08345156,750.14
145.64551502,-17.08342255,749.47
145.64551527,-17.08338784,747.55
145.64551534,-17.08337935,718.87
145.64551542,-17.08336688,745.18
145.64551543,-17.08336598,745.29
145.64551550,-17.08335622,744.89
145.64551654,-17.08321244,747.51
145.64551710,-17.08313517,728.49
145.64551715,-17.08312849,758.30
145.64551728,-17.08311050,758.02
145.64551740,-17.08309297,758.05
145.64551772,-17.08303513,756.96
145.64551699,-17.08303223,762.66
145.64545329,-17.08303181,767.63
145.64541542,-17.08303156,760.59
145.64537530,-17.08303129,766.76
145.64537229,-17.08303127,766.98
145.64531075,-17.08303086,747.21
145.64529327,-17.08303074,749.72
145.64528059,-17.08303066,755.04
145.64525982,-17.08303051,763.07
145.64524695,-17.08303043,761.27
145.64522703,-17.08303030,764.59
145.64522392,-17.08303028,764.50
145.64520964,-17.08303018,764.90
145.64519790,-17.08303010,764.76
145.64518888,-17.08303004,764.09
145.64517920,-17.08302998,755.43
145.64516896,-17.08302991,762.75
145.64515637,-17.08302982,752.12
145.64513617,-17.08302969,753.06
145.64513194,-17.08302966,753.01
145.64510187,-17.08302946,745.44
145.64506025,-17.08302918,745.33
145.64502538,-17.08302895,744.09
145.64500377,-17.08302880,745.25
145.64497230,-17.08302860,750.19
145.64496252,-17.08302853,751.05
145.64488623,-17.08302802,756.07
145.64482572,-17.08302762,754.20
145.64482543,-17.08302761,758.95
145.64481679,-17.08302756,751.19
145.64479875,-17.08302743,758.09
145.64478625,-17.08302735,757.80
145.64477394,-17.08302727,758.10
145.64473175,-17.08302699,755.66
145.64468121,-17.08302665,753.95
145.64463676,-17.08302635,749.38
145.64463535,-17.08302634,749.33
145.64463451,-17.08302634,748.23
145.64463413,-17.08302633,749.20
145.64462435,-17.08302627,750.85
145.64460077,-17.08302611,751.85
145.64459485,-17.08302607,749.48
145.64453885,-17.08302570,744.07
145.64449958,-17.08302544,753.86
145.64445823,-17.08302516,751.68
145.64443615,-17.08302501,744.98
145.64441576,-17.08302487,748.55
145.64441304,-17.08302485,748.34
145.64439312,-17.08302472,751.17
145.64436934,-17.08302456,752.31
145.64436634,-17.08302454,751.75
145.64436098,-17.08302451,751.36
145.64435553,-17.08302447,750.91
145.64435309,-17.08302446,750.31
145.64434623,-17.08302441,743.74
145.64433204,-17.08302431,750.19
145.64432753,-17.08302428,744.54
145.64432734,-17.08302428,750.10
145.64427416,-17.08302393,747.36
145.64425762,-17.08302382,753.85
145.64425461,-17.08302380,753.97
145.64422173,-17.08302358,755.59
145.64422023,-17.08302357,742.73
145.64421233,-17.08302351,755.30
145.64420923,-17.08302349,755.06
145.64419786,-17.08302342,755.30
145.64419138,-17.08302337,755.85
145.64415182,-17.08302311,755.96
145.64413961,-17.08302303,755.67
145.64411978,-17.08302290,756.51
145.64409122,-17.08302271,756.24
145.64406265,-17.08302251,747.07
145.64404508,-17.08302240,759.45
145.64398044,-17.08302196,758.66
145.64397019,-17.08302189,747.13
145.64395807,-17.08302182,759.94
145.64394567,-17.08302173,757.99
145.64394257,-17.08302171,744.35
145.64391926,-17.08302155,764.83
145.64391344,-17.08302151,765.11
145.64390320,-17.08302145,761.31
145.64389202,-17.08302137,753.42
145.64388882,-17.08302135,753.40
145.64387614,-17.08302126,745.58
145.64387341,-17.08302125,746.56
145.64384833,-17.08302108,743.90
145.64381948,-17.08302089,746.91
145.64377626,-17.08302060,740.77
145.64375652,-17.08302047,753.37
145.64375305,-17.08302044,753.85
145.64374017,-17.08302035,754.49
145.64372232,-17.08302024,753.62
145.64367290,-17.08301991,746.22
145.64357574,-17.08301926,762.38
145.64357273,-17.08301924,762.37
145.64353647,-17.08301900,761.09
145.64353224,-17.08301897,761.00
145.64347454,-17.08301858,767.73
145.64345068,-17.08301842,755.40
145.64344288,-17.08301837,765.86
145.64343207,-17.08301829,750.30
145.64343085,-17.08301829,752.12
145.64338397,-17.08301797,761.27
145.64335549,-17.08301778,754.22
145.64334422,-17.08301771,758.49
145.64333661,-17.08301766,764.13
145.64333238,-17.08301763,760.19
145.64332092,-17.08301755,760.01
145.64329790,-17.08301740,765.40
145.64322414,-17.08301691,773.39
145.64322301,-17.08301690,773.47
145.64322282,-17.08301689,769.06
145.64321615,-17.08301685,768.70
145.64320450,-17.08301677,763.03
145.64319445,-17.08301670,767.12
145.64319332,-17.08301670,763.59
145.64316372,-17.08301650,770.77
145.64313797,-17.08301633,768.88
145.64311101,-17.08301615,766.27
145.64304965,-17.08301574,765.57
145.64298482,-17.08301530,771.88
145.64296668,-17.08301518,768.73
145.64295766,-17.08301512,769.72
145.64290730,-17.08301478,739.38
145.64289132,-17.08301468,757.63
145.64286464,-17.08301450,755.44
145.64285938,-17.08301446,756.73
145.64279351,-17.08301402,745.94
145.64278571,-17.08301397,745.31
145.64275141,-17.08301374,734.88
145.64270039,-17.08301340,731.18
145.64269889,-17.08301339,739.08
145.64269090,-17.08301334,731.81
145.64268959,-17.08301333,734.27
145.64267578,-17.08301323,761.19
145.64266675,-17.08301317,730.07
145.64266619,-17.08301317,757.95
145.64266130,-17.08301314,762.32
145.64261216,-17.08301281,771.26
145.64259346,-17.08301268,770.78
145.64258651,-17.08301264,774.35
145.64257364,-17.08301255,775.55
145.64257035,-17.08301253,773.63
145.64255428,-17.08301242,746.83
145.64253239,-17.08301227,747.39
145.64252074,-17.08301220,778.06
145.64251905,-17.08301219,774.40
145.64251501,-17.08301216,777.96
145.64247301,-17.08301188,739.65
145.64246661,-17.08301184,773.08
145.64245976,-17.08301179,739.76
145.64241155,-17.08301147,758.65
145.64238440,-17.08301128,763.68
145.64233667,-17.08301096,758.90
145.64232361,-17.08301088,776.70
145.64229185,-17.08301066,779.15
145.64225718,-17.08301043,777.36
145.64225314,-17.08301040,776.90
145.64223115,-17.08301026,773.59
145.64222401,-17.08301021,773.03
145.64218257,-17.08300993,762.24
145.64217891,-17.08300991,762.55
145.64214141,-17.08300966,770.54
145.64213080,-17.08300958,751.26
145.64211849,-17.08300950,743.49
145.64208983,-17.08300931,744.88
145.64205666,-17.08300909,774.06
145.64205196,-17.08300906,757.14
145.64204736,-17.08300903,774.26
145.64204078,-17.08300898,776.29
145.64203778,-17.08300896,776.27
145.64202894,-17.08300890,777.24
145.64201880,-17.08300884,777.70
145.64201626,-17.08300882,775.96
145.64199277,-17.08300866,770.91
145.64197999,-17.08300858,776.89
145.64197820,-17.08300856,777.05
145.64195659,-17.08300842,772.47
145.64194457,-17.08300834,774.92
145.64192606,-17.08300821,774.76
145.64192502,-17.08300821,771.83
145.64192286,-17.08300819,774.72
145.64191976,-17.08300817,774.70
145.64186780,-17.08300782,782.33
145.64185061,-17.08300771,765.44
145.64184919,-17.08300770,785.30
145.64176688,-17.08300715,767.92
145.64176378,-17.08300713,767.83
145.64174687,-17.08300701,767.54
145.64170008,-17.08300670,795.14
145.64168908,-17.08300663,784.67
145.64166165,-17.08300644,794.58
145.64163553,-17.08300627,796.90
145.64160724,-17.08300608,793.64
145.64159315,-17.08300598,776.45
145.64159268,-17.08300598,800.96
145.64158093,-17.08300590,776.46
145.64150952,-17.08300542,791.56
145.64149834,-17.08300535,793.87
145.64141509,-17.08300479,800.22
145.64138859,-17.08300461,800.28
145.64138070,-17.08300456,796.63
145.64137478,-17.08300452,796.34
145.64130845,-17.08300408,780.85
145.64126729,-17.08300380,797.46
145.64124765,-17.08300367,799.65
145.64124370,-17.08300364,796.92
145.64123431,-17.08300358,800.02
145.64123168,-17.08300356,800.24
145.64116177,-17.08300309,796.09
145.64111197,-17.08300276,793.68
145.64110455,-17.08300271,790.81
145.64106405,-17.08300244,798.71
145.64104798,-17.08300233,798.42
145.64102562,-17.08300218,793.43
145.64102346,-17.08300216,793.02
145.64100674,-17.08300205,793.40
145.64098240,-17.08300189,793.49
145.64095449,-17.08300170,796.50
145.64095196,-17.08300169,796.35
145.64094425,-17.08300164,796.11
145.64093175,-17.08300155,777.81
145.64089454,-17.08300130,792.30
145.64087265,-17.08300115,795.05
145.64086551,-17.08300111,776.71
145.64085846,-17.08300106,777.88
145.64084089,-17.08300094,774.09
145.64083986,-17.08300093,785.66
145.64080707,-17.08300072,787.00
145.64077258,-17.08300048,781.92
145.64075924,-17.08300039,790.74
145.64075886,-17.08300039,786.51
145.64075774,-17.08300038,790.47
145.64073509,-17.08300023,778.14
145.64072475,-17.08300016,789.38
145.64070662,-17.08300004,791.01
145.64069327,-17.08299995,795.16
145.64062356,-17.08299949,797.01
145.64060928,-17.08299939,797.41
145.64060364,-17.08299935,812.80
145.64056512,-17.08299909,805.13
145.64056399,-17.08299909,775.69
145.64054971,-17.08299899,805.14
145.64054708,-17.08299897,797.08
145.64053890,-17.08299892,790.38
145.64051155,-17.08299873,778.58
145.64050874,-17.08299871,778.59
145.64050676,-17.08299870,778.76
145.64050376,-17.08299868,812.53
145.64047651,-17.08299850,815.68
145.64046335,-17.08299841,813.12
145.64046082,-17.08299839,813.16
145.64045856,-17.08299838,801.85
145.64044532,-17.08299829,817.89
145.64043094,-17.08299819,797.36
145.64041045,-17.08299806,819.40
145.64037794,-17.08299784,820.01
145.64032392,-17.08299748,818.43
145.64032185,-17.08299746,808.43
145.64029958,-17.08299731,813.51
145.64027552,-17.08299715,812.42
145.64021041,-17.08299671,813.42
145.64020975,-17.08299671,810.55
145.64019152,-17.08299659,808.87
145.64013261,-17.08299619,816.83
145.64012274,-17.08299613,822.20
145.64011945,-17.08299610,822.01
145.64011024,-17.08299604,822.16
145.64004231,-17.08299559,831.66
145.64003977,-17.08299557,816.70
145.64002314,-17.08299546,832.53
145.64000529,-17.08299534,833.34
145.64000238,-17.08299532,833.44
145.63997870,-17.08299516,824.87
145.63985805,-17.08299435,829.23
145.63985430,-17.08299433,824.83
145.63984199,-17.08299424,828.36
145.63984189,-17.08299424,828.03
145.63982263,-17.08299411,835.99
145.63982131,-17.08299411,824.37
145.63981821,-17.08299408,837.22
145.63981671,-17.08299407,824.68
145.63981370,-17.08299405,824.48
145.63976343,-17.08299372,822.17
145.63975103,-17.08299363,836.10
145.63971420,-17.08299339,831.23
145.63971382,-17.08299338,831.08
145.63970583,-17.08299333,831.73
145.63968639,-17.08299320,836.26
145.63966130,-17.08299303,840.77
145.63966036,-17.08299303,828.68
145.63962399,-17.08299278,810.53
145.63959684,-17.08299260,843.60
145.63957767,-17.08299247,843.12
145.63955427,-17.08299231,845.51
145.63954967,-17.08299228,845.46
145.63954817,-17.08299227,842.82
145.63954413,-17.08299224,844.10
145.63947948,-17.08299181,848.86
145.63946877,-17.08299174,849.22
145.63946135,-17.08299169,846.07
145.63944603,-17.08299159,849.78
145.63942311,-17.08299143,847.01
145.63937725,-17.08299113,846.38
145.63931759,-17.08299072,853.58
145.63931524,-17.08299071,853.61
145.63928338,-17.08299050,857.18
145.63916687,-17.08298971,853.45
145.63913990,-17.08298953,855.83
145.63911285,-17.08298935,844.21
145.63907770,-17.08298911,853.71
145.63907159,-17.08298907,844.48
145.63905271,-17.08298895,841.90
145.63903862,-17.08298885,841.57
145.63903589,-17.08298884,841.06
145.63898139,-17.08298847,848.53
145.63888677,-17.08298783,848.38
145.63888264,-17.08298781,852.92
145.63886873,-17.08298771,830.02
145.63886788,-17.08298771,850.12
145.63885915,-17.08298765,829.85
145.63885605,-17.08298763,827.85
145.63881029,-17.08298732,864.40
145.63880051,-17.08298726,868.53
145.63876068,-17.08298699,858.24
145.63875147,-17.08298692,859.46
145.63873493,-17.08298682,861.43
145.63865262,-17.08298626,852.28
145.63863909,-17.08298617,849.75
145.63861814,-17.08298603,849.91
145.63860686,-17.08298596,857.81
145.63854203,-17.08298552,860.08
145.63853780,-17.08298549,841.07
145.63851449,-17.08298533,862.32
145.63849824,-17.08298523,857.86
145.63849533,-17.08298521,863.40
145.63845671,-17.08298495,837.16
145.63844703,-17.08298488,844.75
145.63844365,-17.08298486,859.31
145.63844196,-17.08298485,837.77
145.63843190,-17.08298478,847.16
145.63842504,-17.08298473,858.40
145.63840465,-17.08298460,858.60
145.63840165,-17.08298458,861.71
145.63840080,-17.08298457,858.38
145.63839780,-17.08298455,861.31
145.63837139,-17.08298437,868.02
145.63836698,-17.08298434,872.37
145.63836613,-17.08298434,869.08
145.63836059,-17.08298430,869.59
145.63835561,-17.08298427,865.43
145.63830149,-17.08298390,875.20
145.63827640,-17.08298374,877.66
145.63826578,-17.08298366,876.77
145.63822697,-17.08298340,878.55
145.63820245,-17.08298324,872.19
145.63819305,-17.08298318,878.90
145.63817595,-17.08298306,880.34
145.63815528,-17.08298292,863.79
145.63815040,-17.08298289,873.11
145.63805775,-17.08298227,868.78
145.63804450,-17.08298218,872.72
145.63803811,-17.08298213,885.01
145.63801114,-17.08298195,887.81
145.63800776,-17.08298193,888.03
145.63800072,-17.08298188,881.70
145.63799339,-17.08298184,887.95
145.63796943,-17.08298168,886.22
145.63796435,-17.08298164,875.29
145.63794810,-17.08298153,885.63
145.63792385,-17.08298137,895.17
145.63789801,-17.08298119,894.79
145.63787687,-17.08298105,891.23
145.63785385,-17.08298090,897.34
145.63785320,-17.08298089,893.24
145.63784135,-17.08298081,896.10
145.63781496,-17.08298064,883.88
145.63774401,-17.08298016,881.90
145.63771423,-17.08297996,900.23
145.63768669,-17.08297978,895.21
145.63765475,-17.08297956,903.75
145.63763934,-17.08297945,893.96
145.63763868,-17.08297945,903.02
145.63763323,-17.08297941,903.44
145.63761284,-17.08297928,901.97
145.63761078,-17.08297926,901.70
145.63759527,-17.08297916,893.59
145.63759076,-17.08297913,901.79
145.63750610,-17.08297856,910.89
145.63750328,-17.08297854,911.25
145.63749830,-17.08297851,918.10
145.63749717,-17.08297850,913.81
145.63746466,-17.08297828,907.96
145.63745893,-17.08297824,908.29
145.63740998,-17.08297792,904.08
145.63740246,-17.08297786,914.29
145.63738517,-17.08297775,913.88
145.63737483,-17.08297768,912.19
145.63736854,-17.08297764,903.62
145.63736601,-17.08297762,903.42
145.63736234,-17.08297760,903.92
145.63734796,-17.08297750,890.23
145.63734336,-17.08297747,913.10
145.63734045,-17.08297745,911.18
145.63733556,-17.08297741,911.05
145.63730643,-17.08297722,916.33
145.63725541,-17.08297688,922.75
145.63725428,-17.08297687,900.87
145.63721021,-17.08297657,911.21
145.63719039,-17.08297644,922.82
145.63718438,-17.08297640,922.21
145.63717545,-17.08297634,916.00
145.63717517,-17.08297634,925.07
145.63714802,-17.08297615,912.51
145.63713448,-17.08297606,909.89
145.63713392,-17.08297606,898.99
145.63712283,-17.08297599,910.42
145.63712208,-17.08297598,910.56
145.63712189,-17.08297598,910.66
145.63710977,-17.08297590,916.79
145.63710075,-17.08297584,920.24
145.63709643,-17.08297581,918.85
145.63708647,-17.08297574,919.39
145.63705809,-17.08297555,915.62
145.63702511,-17.08297533,927.85
145.63699890,-17.08297515,926.90
145.63699382,-17.08297512,924.74
145.63698386,-17.08297505,926.95
145.63696986,-17.08297496,917.30
145.63692777,-17.08297468,926.88
145.63692344,-17.08297465,929.49
145.63691396,-17.08297458,909.67
145.63690710,-17.08297453,929.12
145.63690071,-17.08297449,929.58
145.63688821,-17.08297441,927.85
145.63686866,-17.08297428,928.39
145.63686143,-17.08297423,923.31
145.63685354,-17.08297418,926.89
145.63683700,-17.08297406,908.61
145.63683456,-17.08297405,926.28
145.63683249,-17.08297403,922.05
145.63682281,-17.08297397,922.19
145.63681051,-17.08297389,907.47
145.63676287,-17.08297357,919.23
145.63676258,-17.08297356,922.15
145.63676023,-17.08297355,922.29
145.63675591,-17.08297352,927.30
145.63675432,-17.08297351,927.48
145.63671504,-17.08297324,913.71
145.63670273,-17.08297316,921.85
145.63669587,-17.08297311,912.95
145.63668140,-17.08297302,919.21
145.63665613,-17.08297285,918.89
145.63665124,-17.08297281,917.79
145.63665114,-17.08297281,919.34
145.63664598,-17.08297278,912.47
145.63663837,-17.08297273,902.73
145.63663526,-17.08297271,902.38
145.63663292,-17.08297269,914.10
145.63663179,-17.08297268,914.31
145.63661534,-17.08297257,914.07
145.63661450,-17.08297257,915.36
145.63659721,-17.08297245,910.88
145.63659552,-17.08297244,911.04
145.63659533,-17.08297244,911.86
145.63659214,-17.08297242,911.36
145.63658913,-17.08297240,911.13
145.63655944,-17.08297220,907.27
145.63655793,-17.08297219,907.29
145.63655784,-17.08297219,910.62
145.63654938,-17.08297213,909.98
145.63654807,-17.08297212,918.68
145.63654656,-17.08297211,909.96
145.63653642,-17.08297204,914.86
145.63653632,-17.08297204,914.46
145.63652740,-17.08297198,918.58
145.63652533,-17.08297197,918.97
145.63651124,-17.08297187,914.48
145.63650146,-17.08297181,907.20
145.63649244,-17.08297175,918.67
145.63647121,-17.08297161,918.45
145.63646416,-17.08297156,893.31
145.63645392,-17.08297149,914.64
145.63644650,-17.08297144,909.12
145.63643663,-17.08297137,895.06
145.63642611,-17.08297130,895.93
145.63642366,-17.08297129,904.01
145.63639285,-17.08297108,905.86
145.63637537,-17.08297096,896.04
145.63635169,-17.08297080,904.35
145.63633243,-17.08297067,895.80
145.63632106,-17.08297059,907.93
145.63631974,-17.08297058,908.18
145.63630659,-17.08297050,900.26
145.63630471,-17.08297048,900.18
145.63630105,-17.08297046,896.82
145.63624373,-17.08297007,891.21
145.63621977,-17.08296991,898.85
145.63620943,-17.08296984,899.86
145.63618162,-17.08296966,899.23
145.63615127,-17.08296945,890.73
145.63614357,-17.08296940,901.06
145.63614159,-17.08296939,900.99
145.63613643,-17.08296935,861.30
145.63613078,-17.08296931,877.86
145.63612759,-17.08296929,860.66
145.63612525,-17.08296928,860.64
145.63610627,-17.08296915,891.73
145.63610138,-17.08296912,892.58
145.63606445,-17.08296887,897.67
145.63600497,-17.08296847,884.46
145.63600075,-17.08296844,892.18
145.63599905,-17.08296843,861.16
145.63599586,-17.08296841,891.62
145.63599360,-17.08296839,861.35
145.63598721,-17.08296835,892.57
145.63598514,-17.08296833,892.67
145.63597350,-17.08296826,874.58
145.63594606,-17.08296807,879.25
145.63594502,-17.08296806,878.02
145.63592576,-17.08296794,880.02
145.63592154,-17.08296791,876.39
145.63591496,-17.08296786,875.97
145.63588649,-17.08296767,891.63
145.63587051,-17.08296756,878.91
145.63586300,-17.08296751,888.11
145.63577110,-17.08296689,866.95
145.63574122,-17.08296669,875.74
145.63573502,-17.08296665,874.39
145.63569208,-17.08296636,878.62
145.63568569,-17.08296632,872.13
145.63567601,-17.08296626,883.25
145.63567395,-17.08296624,881.93
145.63563439,-17.08296597,884.28
145.63562997,-17.08296594,884.47
145.63562847,-17.08296594,858.20
145.63561607,-17.08296585,883.51
145.63560686,-17.08296579,882.97
145.63559107,-17.08296568,883.75
145.63558365,-17.08296563,874.66
145.63556993,-17.08296554,875.92
145.63554992,-17.08296541,852.47
145.63552924,-17.08296527,878.92
145.63552380,-17.08296523,880.28
145.63551788,-17.08296519,880.00
145.63551477,-17.08296517,881.51
145.63549410,-17.08296503,877.75
145.63542730,-17.08296458,875.75
145.63541884,-17.08296452,877.88
145.63537985,-17.08296426,862.60
145.63534583,-17.08296403,853.17
145.63533052,-17.08296393,873.81
145.63528175,-17.08296360,856.67
145.63527715,-17.08296357,861.91
145.63524933,-17.08296338,854.46
145.63524792,-17.08296337,871.31
145.63524689,-17.08296337,854.70
145.63524492,-17.08296335,873.08
145.63523862,-17.08296331,866.40
145.63521993,-17.08296319,876.36
145.63520884,-17.08296311,876.94
145.63520677,-17.08296310,873.17
145.63512944,-17.08296258,871.74
145.63510304,-17.08296240,876.81
145.63502890,-17.08296190,874.90
145.63501537,-17.08296181,874.48
145.63498972,-17.08296164,873.60
145.63496830,-17.08296149,871.73
145.63492940,-17.08296123,874.95
145.63490722,-17.08296108,874.50
145.63489181,-17.08296098,872.17
145.63488702,-17.08296094,870.90
145.63486795,-17.08296082,856.22
145.63485094,-17.08296070,882.17
145.63484342,-17.08296065,881.61
145.63483346,-17.08296058,883.33
145.63479860,-17.08296035,871.48
145.63479634,-17.08296033,886.09
145.63479315,-17.08296031,885.24
145.63474833,-17.08296001,883.75
145.63474485,-17.08295999,882.94
145.63470746,-17.08295974,886.97
145.63470408,-17.08295971,887.22
145.63465193,-17.08295936,879.96
145.63464685,-17.08295933,889.28
145.63462271,-17.08295916,888.24
145.63452762,-17.08295852,885.48
145.63448101,-17.08295821,896.30
145.63446945,-17.08295813,891.74
145.63446748,-17.08295812,893.12
145.63445940,-17.08295806,891.80
145.63444916,-17.08295800,897.77
145.63443826,-17.08295792,899.38
145.63443102,-17.08295787,899.20
145.63439701,-17.08295764,895.56
145.63439579,-17.08295764,895.49
145.63437822,-17.08295752,896.85
145.63437277,-17.08295748,896.33
145.63437249,-17.08295748,884.53
145.63436487,-17.08295743,897.33
145.63436074,-17.08295740,889.20
145.63435895,-17.08295739,893.84
145.63434805,-17.08295732,894.46
145.63434044,-17.08295726,894.68
145.63433378,-17.08295722,895.54
145.63433180,-17.08295720,895.34
145.63433096,-17.08295720,895.34
145.63428266,-17.08295688,899.47
145.63426838,-17.08295678,895.34
145.63422252,-17.08295647,900.03
145.63421726,-17.08295643,900.65
145.63420270,-17.08295634,900.65
145.63413270,-17.08295586,901.20
145.63413129,-17.08295586,901.40
145.63406627,-17.08295542,886.04
145.63406016,-17.08295537,891.65
145.63405772,-17.08295536,891.01
145.63405321,-17.08295533,896.48
145.63403385,-17.08295520,903.51
145.63399805,-17.08295496,920.02
145.63398668,-17.08295488,920.42
145.63397550,-17.08295480,903.09
145.63397249,-17.08295479,922.95
145.63397212,-17.08295478,903.75
145.63396535,-17.08295474,903.66
145.63396112,-17.08295471,922.53
145.63392880,-17.08295449,919.43
145.63390381,-17.08295432,919.70
145.63390296,-17.08295432,923.37
145.63389789,-17.08295428,923.91
145.63386895,-17.08295409,913.42
145.63386547,-17.08295406,920.80
145.63384781,-17.08295394,924.15
145.63384038,-17.08295390,924.05
145.63379913,-17.08295362,913.34
145.63379472,-17.08295359,916.45
145.63377358,-17.08295344,916.96
145.63375995,-17.08295335,909.72
145.63375638,-17.08295333,904.47
145.63374078,-17.08295323,913.19
145.63372199,-17.08295310,917.37
145.63370827,-17.08295301,920.61
145.63370677,-17.08295299,920.84
145.63368676,-17.08295286,918.35
145.63368591,-17.08295285,915.12
145.63366881,-17.08295274,917.60
145.63365613,-17.08295266,922.74
145.63364325,-17.08295257,924.97
145.63363799,-17.08295253,926.06
145.63362737,-17.08295246,895.97
145.63359233,-17.08295222,927.18
145.63357739,-17.08295212,923.32
145.63357382,-17.08295210,925.85
145.63356958,-17.08295207,922.75
145.63356837,-17.08295206,922.90
145.63356470,-17.08295204,924.77
145.63355380,-17.08295196,930.81
145.63343503,-17.08295116,931.82
145.63342958,-17.08295113,918.74
145.63341098,-17.08295100,932.25
145.63340891,-17.08295099,931.60
145.63339952,-17.08295092,931.60
145.63338364,-17.08295082,919.46
145.63337687,-17.08295077,919.99
145.63337452,-17.08295076,924.46
145.63337152,-17.08295074,924.87
145.63335996,-17.08295066,915.01
145.63332256,-17.08295041,927.21
145.63329343,-17.08295021,935.07
145.63328564,-17.08295016,913.73
145.63328131,-17.08295013,934.24
145.63325303,-17.08294994,936.33
145.63323706,-17.08294983,937.23
145.63322465,-17.08294975,929.14
145.63321892,-17.08294971,934.93
145.63321667,-17.08294969,934.75
145.63319478,-17.08294954,935.41
145.63317223,-17.08294939,935.49
145.63315343,-17.08294927,934.75
145.63314836,-17.08294923,938.18
145.63313943,-17.08294917,911.25
145.63313614,-17.08294915,939.17
145.63313577,-17.08294915,938.57
145.63312008,-17.08294904,939.97
145.63311481,-17.08294900,940.28
145.63311162,-17.08294898,921.60
145.63310598,-17.08294894,939.06
145.63310495,-17.08294894,939.25
145.63310307,-17.08294893,939.17
145.63308973,-17.08294884,939.03
145.63308240,-17.08294878,939.56
145.63305073,-17.08294857,942.51
145.63301719,-17.08294834,937.53
145.63301005,-17.08294830,939.78
145.63300704,-17.08294828,940.34
145.63299774,-17.08294821,916.12
145.63299454,-17.08294819,944.23
145.63297096,-17.08294804,925.92
145.63294061,-17.08294783,925.41
145.63293112,-17.08294777,947.60
145.63292360,-17.08294772,943.00
145.63290321,-17.08294758,944.78
145.63290039,-17.08294756,944.48
145.63289720,-17.08294754,934.11
145.63289278,-17.08294751,954.38
145.63285435,-17.08294725,946.02
145.63284937,-17.08294722,948.04
145.63284702,-17.08294720,947.48
145.63284486,-17.08294719,946.88
145.63284383,-17.08294718,946.74
145.63284364,-17.08294718,946.59
145.63284045,-17.08294716,945.82
145.63283462,-17.08294712,943.32
145.63281169,-17.08294696,927.78
145.63280014,-17.08294688,950.87
145.63275992,-17.08294661,951.03
145.63274357,-17.08294650,950.94
145.63274329,-17.08294650,955.79
145.63273878,-17.08294647,956.06
145.63273737,-17.08294646,956.09
145.63269321,-17.08294616,956.85
145.63269124,-17.08294615,956.87
145.63268616,-17.08294611,954.77
145.63267611,-17.08294605,958.19
145.63265590,-17.08294591,963.54
145.63262668,-17.08294571,936.68
145.63261231,-17.08294562,960.61
145.63261175,-17.08294561,957.31
145.63258365,-17.08294542,961.98
145.63257059,-17.08294533,971.80
145.63257022,-17.08294533,971.83
145.63253094,-17.08294507,974.19
145.63251308,-17.08294495,974.50
145.63246930,-17.08294465,957.87
145.63242063,-17.08294433,968.46
145.63241819,-17.08294431,977.73
145.63239206,-17.08294413,972.92
145.63235251,-17.08294386,965.35
145.63232920,-17.08294371,981.81
145.63231708,-17.08294362,982.47
145.63229387,-17.08294347,968.30
145.63226775,-17.08294329,979.43
145.63226484,-17.08294327,978.85
145.63225591,-17.08294321,980.94
145.63224426,-17.08294313,974.63
145.63224116,-17.08294311,980.59
145.63219221,-17.08294278,981.62
145.63217727,-17.08294268,981.81
145.63217285,-17.08294265,985.37
145.63217229,-17.08294265,985.44
145.63214870,-17.08294249,986.82
145.63213790,-17.08294242,987.57
145.63212070,-17.08294230,990.03
145.63209439,-17.08294212,993.82
145.63209111,-17.08294210,993.15
145.63205624,-17.08294187,1004.24
145.63204610,-17.08294180,1006.15
145.63197985,-17.08294135,1005.87
145.63197459,-17.08294132,1005.61
145.63197403,-17.08294131,993.86
145.63195777,-17.08294120,984.11
145.63193813,-17.08294107,1003.09
145.63189303,-17.08294076,1010.36
145.63183290,-17.08294036,1022.67
145.63182407,-17.08294030,1022.58
145.63177474,-17.08293997,1021.25
145.63175491,-17.08293983,1023.84
145.63173377,-17.08293969,1035.64
145.63171902,-17.08293959,1033.34
145.63167429,-17.08293929,1033.32
145.63164019,-17.08293906,1036.80
145.63158672,-17.08293870,1037.03
145.63156361,-17.08293854,1035.76
145.63156079,-17.08293852,1037.21
145.63155966,-17.08293851,1024.34
145.63153654,-17.08293836,1039.34
145.63153410,-17.08293834,1039.82
145.63148590,-17.08293802,1042.53
145.63148553,-17.08293801,1044.26
145.63143779,-17.08293769,1029.99
145.63141571,-17.08293754,1044.76
145.63140443,-17.08293747,1024.62
145.63132757,-17.08293695,1053.08
145.63128097,-17.08293663,1050.61
145.63122732,-17.08293627,1048.13
145.63120176,-17.08293610,1041.53
145.63114050,-17.08293569,1040.79
145.63112687,-17.08293559,1041.11
145.63112622,-17.08293559,1045.13
145.63112020,-17.08293555,1040.56
145.63108967,-17.08293534,1039.50
145.63108572,-17.08293532,1045.88
145.63105330,-17.08293510,1041.95
145.63105227,-17.08293509,1044.71
145.63104785,-17.08293506,1045.23
145.63104475,-17.08293504,1045.09
145.63103742,-17.08293499,1040.31
145.63103235,-17.08293496,1039.04
145.63099439,-17.08293470,1033.71
145.63098490,-17.08293464,1040.68
145.63096470,-17.08293450,1042.93
145.63094299,-17.08293435,1035.17
145.63094055,-17.08293433,1035.54
145.63090043,-17.08293407,1011.26
145.63089714,-17.08293404,1018.27
145.63086378,-17.08293382,1008.42
145.63085373,-17.08293375,1008.38
145.63082028,-17.08293352,1042.33
145.63080919,-17.08293345,1041.23
145.63076080,-17.08293312,1011.16
145.63070114,-17.08293272,1043.12
145.63065538,-17.08293241,1048.21
145.63065181,-17.08293239,1017.71
145.63064091,-17.08293231,1006.91
145.63062390,-17.08293220,1046.93
145.63059956,-17.08293203,1030.05
145.63059083,-17.08293197,1036.17
145.63055907,-17.08293176,1017.29
145.63055315,-17.08293172,1039.64
145.63053313,-17.08293158,1032.46
145.63044105,-17.08293096,1043.27
145.63043852,-17.08293094,1032.93
145.63043476,-17.08293092,1044.43
145.63042649,-17.08293086,1044.45
145.63042310,-17.08293084,1032.69
145.63041794,-17.08293081,1041.88
145.63041559,-17.08293079,1042.35
145.63037688,-17.08293053,1044.79
145.63034906,-17.08293034,1043.80
145.63028235,-17.08292989,1051.05
145.63027643,-17.08292985,1047.68
145.63024909,-17.08292967,1048.09
145.63024805,-17.08292966,1047.42
145.63024496,-17.08292964,1051.04
145.63024383,-17.08292963,1044.40
145.63024223,-17.08292962,1053.73
145.63022579,-17.08292951,1050.03
145.63014038,-17.08292893,1051.52
145.63013389,-17.08292889,1034.51
145.63013258,-17.08292888,1050.33
145.63012854,-17.08292885,1050.70
145.63012609,-17.08292884,1032.01
145.63012544,-17.08292883,1034.54
145.63011877,-17.08292878,1037.89
145.63011125,-17.08292873,1035.43
145.63010270,-17.08292868,1034.60
145.63009640,-17.08292863,1031.02
145.63008879,-17.08292858,1049.86
145.63008870,-17.08292858,1049.56
145.63008334,-17.08292855,1049.57
145.63006671,-17.08292843,1051.49
145.63004519,-17.08292829,1047.56
145.63003993,-17.08292825,1049.17
145.63001024,-17.08292805,1052.83
145.63000921,-17.08292805,1052.78
145.63000310,-17.08292800,1054.26
145.62999774,-17.08292797,1048.84
145.62999539,-17.08292795,1052.57
145.62998853,-17.08292790,1055.42
145.62995236,-17.08292766,1058.47
145.62994907,-17.08292764,1058.56
145.62994447,-17.08292761,1060.32
145.62991261,-17.08292739,1047.66
145.62989363,-17.08292726,1065.06
145.62988978,-17.08292724,1055.39
145.62988781,-17.08292723,1065.30
145.62988593,-17.08292721,1053.48
145.62987916,-17.08292717,1064.75
145.62985521,-17.08292700,1059.27
145.62984928,-17.08292697,1065.22
145.62984440,-17.08292693,1065.58
145.62982072,-17.08292677,1055.73
145.62981941,-17.08292676,1061.60
145.62981546,-17.08292673,1064.18
145.62980334,-17.08292665,1066.61
145.62980052,-17.08292663,1064.60
145.62978764,-17.08292655,1064.89
145.62978567,-17.08292653,1064.99
145.62977759,-17.08292648,1066.65
145.62977590,-17.08292647,1066.35
145.62973737,-17.08292621,1066.32
145.62973080,-17.08292616,1066.35
145.62972037,-17.08292609,1063.64
145.62971370,-17.08292605,1060.53
145.62970703,-17.08292600,1059.77
145.62968917,-17.08292588,1055.82
145.62960865,-17.08292534,1067.36
145.62959587,-17.08292525,1066.13
145.62959362,-17.08292524,1055.50
145.62957257,-17.08292510,1066.33
145.62955622,-17.08292498,1068.35
145.62954748,-17.08292492,1069.07
145.62952897,-17.08292480,1065.92
145.62952643,-17.08292478,1072.48
145.62951262,-17.08292469,1069.87
145.62951102,-17.08292468,1069.93
145.62949270,-17.08292456,1056.22
145.62949073,-17.08292454,1069.14
145.62948471,-17.08292450,1069.90
145.62948039,-17.08292447,1069.68
145.62943971,-17.08292420,1072.78
145.62943886,-17.08292419,1067.73
145.62942881,-17.08292412,1072.73
145.62939310,-17.08292388,1068.69
145.62938784,-17.08292385,1068.53
145.62937130,-17.08292374,1068.54
145.62935787,-17.08292364,1064.99
145.62935232,-17.08292361,1072.68
145.62930130,-17.08292326,1077.78
145.62929144,-17.08292320,1077.75
145.62927678,-17.08292309,1072.11
145.62926485,-17.08292301,1065.18
145.62924850,-17.08292290,1065.28
145.62924088,-17.08292285,1069.84
145.62923318,-17.08292280,1070.76
145.62923271,-17.08292280,1070.79
145.62922557,-17.08292275,1060.66
145.62922256,-17.08292273,1071.27
145.62921016,-17.08292264,1079.59
145.62920358,-17.08292260,1080.72
145.62920086,-17.08292258,1080.72
145.62918470,-17.08292247,1083.49
145.62917868,-17.08292243,1072.43
145.62916769,-17.08292236,1080.90
145.62916628,-17.08292235,1073.24
145.62916299,-17.08292232,1080.74
145.62914927,-17.08292223,1072.85
145.62912804,-17.08292209,1073.01
145.62910737,-17.08292195,1078.74
145.62910464,-17.08292193,1079.18
145.62910398,-17.08292193,1079.40
145.62910380,-17.08292193,1078.87
145.62909994,-17.08292190,1079.26
145.62909318,-17.08292185,1079.39
145.62908698,-17.08292181,1079.47
145.62906217,-17.08292164,1075.99
145.62906039,-17.08292163,1079.03
145.62905804,-17.08292162,1079.06
145.62905306,-17.08292158,1078.62
145.62904517,-17.08292153,1072.99
145.62903248,-17.08292144,1073.87
145.62900241,-17.08292124,1057.32
145.62898935,-17.08292115,1059.11
145.62898390,-17.08292111,1074.39
145.62895966,-17.08292095,1066.45
145.62895900,-17.08292095,1076.90
145.62895177,-17.08292090,1079.08
145.62894867,-17.08292087,1078.92
145.62894246,-17.08292083,1082.35
145.62894087,-17.08292082,1085.48
145.62894040,-17.08292082,1082.39
145.62892010,-17.08292068,1078.99
145.62890845,-17.08292060,1078.27
145.62889746,-17.08292053,1058.30
145.62884193,-17.08292016,1086.70
145.62883328,-17.08292010,1083.96
145.62880650,-17.08291991,1086.82
145.62880284,-17.08291989,1087.87
145.62880143,-17.08291988,1087.37
145.62879945,-17.08291987,1087.73
145.62879729,-17.08291985,1087.82
145.62879654,-17.08291985,1088.30
145.62879598,-17.08291984,1085.93
145.62878489,-17.08291977,1085.26
145.62878311,-17.08291976,1086.10
145.62876911,-17.08291966,1086.83
145.62876347,-17.08291962,1087.02
145.62876234,-17.08291962,1079.49
145.62874759,-17.08291951,1081.43
145.62874693,-17.08291951,1085.69
145.62874064,-17.08291947,1087.02
145.62873528,-17.08291943,1086.39
145.62872993,-17.08291940,1079.36
145.62872551,-17.08291937,1083.77
145.62871931,-17.08291932,1074.62
145.62871592,-17.08291930,1084.06
145.62871151,-17.08291927,1080.73
145.62870953,-17.08291926,1081.62
145.62868745,-17.08291911,1077.91
145.62866368,-17.08291895,1069.76
145.62865288,-17.08291888,1082.64
145.62864423,-17.08291882,1081.19
145.62864310,-17.08291881,1082.12
145.62863493,-17.08291875,1081.46
145.62863465,-17.08291875,1067.61
145.62863108,-17.08291873,1081.74
145.62863032,-17.08291873,1078.14
145.62861294,-17.08291861,1080.32
145.62859124,-17.08291846,1068.84
145.62859077,-17.08291846,1068.80
145.62857282,-17.08291833,1069.03
145.62855121,-17.08291819,1067.62
145.62854078,-17.08291812,1060.26
145.62853928,-17.08291811,1084.85
145.62853251,-17.08291806,1084.82
145.62850047,-17.08291785,1080.75
145.62850028,-17.08291784,1080.95
145.62849737,-17.08291782,1073.26
145.62849690,-17.08291782,1069.27
145.62849662,-17.08291782,1081.08
145.62848619,-17.08291775,1081.01
145.62848459,-17.08291774,1081.12
145.62847520,-17.08291767,1074.40
145.62846975,-17.08291764,1079.72
145.62846439,-17.08291760,1074.35
145.62844541,-17.08291747,1064.78
145.62842981,-17.08291737,1067.00
145.62841807,-17.08291729,1077.86
145.62837221,-17.08291698,1090.77
145.62836808,-17.08291695,1090.77
145.62835991,-17.08291690,1082.06
145.62834806,-17.08291681,1088.15
145.62832692,-17.08291667,1091.80
145.62830729,-17.08291654,1093.78
145.62830362,-17.08291651,1092.54
145.62829686,-17.08291647,1093.19
145.62829319,-17.08291644,1091.57
145.62828276,-17.08291637,1083.04
145.62828117,-17.08291636,1090.32
145.62827045,-17.08291629,1092.64
145.62826472,-17.08291625,1089.64
145.62826350,-17.08291624,1087.05
145.62826096,-17.08291623,1093.11
145.62823870,-17.08291607,1091.58
145.62822554,-17.08291599,1091.82
145.62822319,-17.08291597,1090.19
145.62822131,-17.08291596,1093.94
145.62821784,-17.08291593,1093.03
145.62821727,-17.08291593,1093.14
145.62821680,-17.08291593,1094.25
145.62821633,-17.08291592,1094.10
145.62821182,-17.08291589,1089.78
145.62821051,-17.08291588,1088.06
145.62818805,-17.08291573,1094.65
145.62818241,-17.08291569,1089.70
145.62817837,-17.08291567,1095.58
145.62816898,-17.08291560,1093.28
145.62815253,-17.08291549,1094.22
145.62814981,-17.08291547,1072.77
145.62814455,-17.08291544,1094.77
145.62813759,-17.08291539,1094.67
145.62811504,-17.08291524,1094.37
145.62811166,-17.08291522,1094.61
145.62809663,-17.08291511,1093.59
145.62808648,-17.08291504,1084.18
145.62807736,-17.08291498,1092.35
145.62805998,-17.08291487,1088.89
145.62805246,-17.08291481,1098.04
145.62804006,-17.08291473,1099.00
145.62803245,-17.08291468,1093.26
145.62803048,-17.08291466,1099.38
145.62803001,-17.08291466,1099.32
145.62802681,-17.08291464,1096.49
145.62801122,-17.08291453,1084.30
145.62799628,-17.08291443,1085.87
145.62799055,-17.08291440,1093.70
145.62798669,-17.08291437,1072.97
145.62795634,-17.08291417,1083.76
145.62795512,-17.08291415,1072.79
145.62795446,-17.08291415,1084.98
145.62795211,-17.08291414,1084.96
145.62794723,-17.08291410,1076.64
145.62794037,-17.08291406,1084.43
145.62793915,-17.08291405,1079.58
145.62787563,-17.08291362,1089.38
145.62786172,-17.08291352,1092.05
145.62785195,-17.08291346,1091.54
145.62781643,-17.08291322,1097.53
145.62781127,-17.08291318,1088.91
145.62780460,-17.08291314,1089.17
145.62780365,-17.08291313,1096.11
145.62776861,-17.08291290,1073.10
145.62776034,-17.08291284,1093.21
145.62775865,-17.08291282,1089.09
145.62775451,-17.08291280,1091.17
145.62774916,-17.08291276,1090.53
145.62773525,-17.08291267,1091.53
145.62773149,-17.08291264,1091.64
145.62772849,-17.08291262,1092.41
145.62771759,-17.08291255,1087.10
145.62771364,-17.08291252,1092.39
145.62771035,-17.08291250,1091.36
145.62769617,-17.08291240,1087.72
145.62769569,-17.08291240,1090.15
145.62767925,-17.08291229,1091.49
145.62764477,-17.08291206,1086.56
145.62764345,-17.08291205,1086.48
145.62764101,-17.08291203,1087.91
145.62760333,-17.08291177,1074.67
145.62759713,-17.08291173,1075.47
145.62759243,-17.08291170,1066.04
145.62758501,-17.08291165,1077.09
145.62757843,-17.08291161,1073.93
145.62757712,-17.08291160,1078.07
145.62757007,-17.08291155,1075.29
145.62756800,-17.08291154,1076.43
145.62756481,-17.08291151,1074.05
145.62756368,-17.08291151,1074.21
145.62754470,-17.08291138,1080.94
145.62753916,-17.08291134,1080.77
145.62753821,-17.08291133,1062.92
145.62753089,-17.08291129,1068.97
145.62752534,-17.08291125,1082.93
145.62752327,-17.08291123,1067.33
145.62750909,-17.08291114,1060.95
145.62750862,-17.08291113,1072.49
145.62750129,-17.08291108,1059.72
145.62748954,-17.08291101,1087.28
145.62747000,-17.08291087,1082.37
145.62746596,-17.08291085,1085.85
145.62746013,-17.08291081,1086.11
145.62745957,-17.08291080,1082.01
145.62744360,-17.08291069,1081.41
145.62743777,-17.08291065,1087.19
145.62743241,-17.08291062,1087.59
145.62742837,-17.08291059,1072.21
145.62741485,-17.08291050,1078.99
145.62740366,-17.08291042,1079.95
145.62740197,-17.08291041,1079.80
145.62738055,-17.08291027,1077.82
145.62736862,-17.08291019,1075.59
145.62736721,-17.08291018,1083.89
145.62736580,-17.08291017,1076.20
145.62736401,-17.08291015,1083.68
145.62736336,-17.08291015,1070.53
145.62734447,-17.08291002,1053.16
145.62733244,-17.08290994,1079.86
145.62732803,-17.08290991,1083.32
145.62731036,-17.08290979,1053.67
145.62728161,-17.08290960,1057.16
145.62727644,-17.08290956,1075.82
145.62726958,-17.08290952,1075.76
145.62726657,-17.08290949,1074.43
145.62725210,-17.08290940,1071.92
145.62724844,-17.08290937,1070.91
145.62724769,-17.08290937,1046.93
145.62724017,-17.08290932,1070.16
145.62724008,-17.08290932,1074.58
145.62723867,-17.08290931,1067.94
145.62723566,-17.08290929,1046.27
145.62723538,-17.08290929,1074.52
145.62723378,-17.08290927,1046.20
145.62723181,-17.08290926,1071.93
145.62723171,-17.08290926,1046.07
145.62722984,-17.08290925,1072.81
145.62722965,-17.08290924,1045.96
145.62722777,-17.08290923,1045.90
145.62722589,-17.08290922,1045.82
145.62722392,-17.08290921,1045.75
145.62722213,-17.08290920,1045.73
145.62721799,-17.08290917,1045.47
145.62721612,-17.08290915,1045.41
145.62719911,-17.08290904,1068.11
145.62719667,-17.08290902,1068.08
145.62715354,-17.08290873,1051.78
145.62715072,-17.08290871,1054.05
145.62714443,-17.08290867,1054.25
145.62713512,-17.08290860,1054.91
145.62712450,-17.08290853,1058.56
145.62711943,-17.08290850,1064.37
145.62710430,-17.08290839,1056.87
145.62710355,-17.08290839,1059.36
145.62709256,-17.08290832,1056.82
145.62708786,-17.08290829,1039.52
145.62708636,-17.08290828,1064.81
145.62708589,-17.08290827,1062.53
145.62708185,-17.08290825,1048.03
145.62708138,-17.08290824,1061.16
145.62708044,-17.08290823,1066.84
145.62707555,-17.08290820,1058.76
145.62707339,-17.08290819,1067.36
145.62707170,-17.08290818,1067.22
145.62707076,-17.08290817,1059.49
145.62706888,-17.08290816,1067.17
145.62706803,-17.08290815,1067.03
145.62706559,-17.08290813,1067.07
145.62706540,-17.08290813,1064.53
145.62706080,-17.08290810,1059.13
145.62706052,-17.08290810,1059.94
145.62705460,-17.08290806,1053.92
145.62704530,-17.08290800,1053.31
145.62704163,-17.08290797,1058.06
145.62703355,-17.08290792,1057.24
145.62703177,-17.08290791,1048.50
145.62702857,-17.08290788,1048.92
145.62702519,-17.08290786,1049.19
145.62700621,-17.08290773,1036.23
145.62700226,-17.08290771,1058.82
145.62699709,-17.08290767,1036.50
145.62699550,-17.08290766,1037.54
145.62698384,-17.08290758,1049.50
145.62697680,-17.08290753,1036.38
145.62697285,-17.08290751,1053.14
145.62696778,-17.08290747,1060.47
145.62696712,-17.08290747,1060.51
145.62696627,-17.08290746,1060.35
145.62696515,-17.08290745,1060.46
145.62695885,-17.08290741,1048.65
145.62695547,-17.08290739,1048.37
145.62695415,-17.08290738,1062.25
145.62695359,-17.08290737,1049.49
145.62694184,-17.08290730,1041.00
145.62692690,-17.08290720,1062.48
145.62692324,-17.08290717,1040.71
145.62691864,-17.08290714,1035.26
145.62688960,-17.08290694,1032.26
145.62686799,-17.08290680,1058.47
145.62684845,-17.08290666,1065.00
145.62683557,-17.08290658,1065.04
145.62683059,-17.08290654,1062.30
145.62682552,-17.08290651,1067.38
145.62681772,-17.08290646,1068.54
145.62681396,-17.08290643,1065.16
145.62680410,-17.08290636,1056.39
145.62679160,-17.08290628,1056.43
145.62678559,-17.08290624,1069.27
145.62678164,-17.08290621,1069.55
145.62677769,-17.08290619,1056.21
145.62677121,-17.08290614,1068.47
145.62677008,-17.08290613,1057.20
145.62675026,-17.08290600,1056.72
145.62671794,-17.08290578,1059.51
145.62671183,-17.08290574,1057.75
145.62670206,-17.08290567,1062.31
145.62669228,-17.08290560,1060.43
145.62669069,-17.08290560,1061.83
145.62668589,-17.08290556,1061.65
145.62668420,-17.08290555,1061.54
145.62668260,-17.08290554,1061.37
145.62667265,-17.08290547,1060.91
145.62667199,-17.08290547,1061.82
145.62666851,-17.08290544,1059.59
145.62665009,-17.08290532,1056.85
145.62664474,-17.08290528,1056.16
145.62663271,-17.08290520,1056.43
145.62662369,-17.08290514,1051.70
145.62661909,-17.08290511,1057.80
145.62661232,-17.08290506,1059.46
145.62658855,-17.08290490,1046.36
145.62657136,-17.08290479,1060.20
145.62655886,-17.08290470,1059.90
145.62655378,-17.08290467,1059.96
145.62653029,-17.08290451,1047.74
145.62652879,-17.08290450,1047.59
145.62652306,-17.08290446,1057.53
145.62651930,-17.08290443,1036.82
145.62651169,-17.08290438,1059.61
145.62650380,-17.08290433,1051.87
145.62649233,-17.08290425,1057.43
145.62649215,-17.08290425,1037.56
145.62648792,-17.08290422,1037.59
145.62646528,-17.08290407,1027.76
145.62646246,-17.08290405,1043.57
145.62645945,-17.08290403,1049.09
145.62643239,-17.08290385,1046.41
145.62642534,-17.08290380,1046.19
145.62637094,-17.08290343,1041.38
145.62636013,-17.08290335,1025.91
145.62635760,-17.08290334,1054.24
145.62635750,-17.08290334,1026.38
145.62635318,-17.08290331,1026.15
145.62634040,-17.08290322,1030.16
145.62633955,-17.08290322,1047.73
145.62628496,-17.08290285,1032.50
145.62628421,-17.08290284,1046.50
145.62626608,-17.08290272,1053.09
145.62626269,-17.08290270,1052.89
145.62624738,-17.08290259,1048.77
145.62622182,-17.08290242,1030.06
145.62621740,-17.08290239,1027.80
145.62619777,-17.08290226,1053.24
145.62618799,-17.08290219,1028.45
145.62618631,-17.08290218,1032.41
145.62617061,-17.08290207,1036.45
145.62616028,-17.08290200,1054.26
145.62615257,-17.08290195,1053.25
145.62612993,-17.08290180,1039.28
145.62610597,-17.08290163,1038.65
145.62609375,-17.08290155,1045.72
145.62606434,-17.08290135,1050.99
145.62603550,-17.08290116,1037.80
145.62602084,-17.08290106,1037.05
145.62598241,-17.08290080,1046.64
145.62597198,-17.08290072,1046.29
145.62596211,-17.08290066,1039.88
145.62595817,-17.08290063,1042.30
145.62595676,-17.08290062,1026.58
145.62594727,-17.08290056,1045.05
145.62591729,-17.08290036,1037.43
145.62591551,-17.08290034,1031.03
145.62591194,-17.08290032,1042.91
145.62589127,-17.08290018,1042.31
145.62587191,-17.08290005,1030.90
145.62585716,-17.08289995,1040.82
145.62583451,-17.08289979,1045.71
145.62577137,-17.08289937,1039.90
145.62575841,-17.08289928,1037.18
145.62575277,-17.08289924,1041.00
145.62574328,-17.08289917,1021.12
145.62573774,-17.08289914,1042.01
145.62572749,-17.08289907,1040.24
145.62569103,-17.08289882,1040.40
145.62564856,-17.08289853,1039.43
145.62564490,-17.08289851,1043.22
145.62562235,-17.08289836,1031.07
145.62561643,-17.08289832,1031.59
145.62557481,-17.08289803,1032.57
145.62557020,-17.08289801,1031.92
145.62555507,-17.08289790,1035.46
145.62549635,-17.08289750,1031.92
145.62549090,-17.08289746,1031.56
145.62546872,-17.08289732,1025.13
145.62545031,-17.08289719,1031.55
145.62543151,-17.08289706,1038.07
145.62543029,-17.08289706,1036.33
145.62540990,-17.08289692,1034.65
145.62540915,-17.08289691,1035.09
145.62539975,-17.08289685,1035.44
145.62536302,-17.08289660,1032.82
145.62535588,-17.08289655,1031.07
145.62534300,-17.08289646,1034.96
145.62533116,-17.08289638,1030.14
145.62532957,-17.08289637,1030.03
145.62532675,-17.08289635,1029.00
145.62531989,-17.08289631,1032.07
145.62531895,-17.08289630,1031.86
145.62531698,-17.08289629,1028.87
145.62529659,-17.08289615,1033.33
145.62529311,-17.08289612,1033.35
145.62529114,-17.08289611,1036.57
145.62528569,-17.08289608,1036.87
145.62526718,-17.08289595,1034.56
145.62526060,-17.08289590,1034.97
145.62525985,-17.08289590,1037.32
145.62525975,-17.08289590,1034.87
145.62525919,-17.08289590,1037.07
145.62525412,-17.08289586,1035.89
145.62525064,-17.08289584,1034.70
145.62525008,-17.08289583,1036.70
145.62524914,-17.08289583,1036.91
145.62522039,-17.08289563,1036.52
145.62521465,-17.08289559,1029.40
145.62519774,-17.08289548,1020.71
145.62519558,-17.08289546,1036.12
145.62519342,-17.08289545,1019.96
145.62518731,-17.08289541,1032.63
145.62518581,-17.08289540,1013.95
145.62518534,-17.08289539,1013.86
145.62517472,-17.08289532,1027.16
145.62517340,-17.08289531,1036.16
145.62516842,-17.08289528,1035.65
145.62516476,-17.08289526,1035.57
145.62515780,-17.08289521,1034.00
145.62515424,-17.08289519,1033.25
145.62515113,-17.08289516,1033.43
145.62512840,-17.08289501,1028.68
145.62512154,-17.08289496,1029.23
145.62511665,-17.08289493,1029.68
145.62511092,-17.08289489,1029.75
145.62509805,-17.08289480,1021.67
145.62509157,-17.08289476,1030.23
145.62506347,-17.08289457,1031.20
145.62505501,-17.08289451,1021.98
145.62502824,-17.08289433,1002.51
145.62502006,-17.08289427,1007.50
145.62501621,-17.08289425,1009.21
145.62501273,-17.08289422,1012.05
145.62501038,-17.08289421,1028.02
145.62500822,-17.08289419,1028.13
145.62499507,-17.08289410,1022.05
145.62499244,-17.08289409,1007.72
145.62499206,-17.08289408,1021.45
145.62498811,-17.08289406,1021.82
145.62498266,-17.08289402,1021.61
145.62494546,-17.08289377,1004.30
145.62490759,-17.08289351,1003.93
145.62484144,-17.08289306,997.66
145.62482518,-17.08289295,1015.31
145.62481739,-17.08289290,997.33
145.62480996,-17.08289285,1012.78
145.62479352,-17.08289274,1012.58
145.62478666,-17.08289269,1012.44
145.62478412,-17.08289267,1013.16
145.62477238,-17.08289259,1013.43
145.62477106,-17.08289258,1017.03
145.62475331,-17.08289247,1015.55
145.62474861,-17.08289243,996.57
145.62474823,-17.08289243,1019.31
145.62474118,-17.08289238,1018.53
145.62473912,-17.08289237,1016.17
145.62473789,-17.08289236,1019.12
145.62473517,-17.08289234,1022.18
145.62472718,-17.08289229,1016.82
145.62472653,-17.08289228,1022.85
145.62472249,-17.08289226,1007.33
145.62472192,-17.08289225,1024.09
145.62471863,-17.08289223,1023.45
145.62470736,-17.08289215,1023.02
145.62470256,-17.08289212,1023.27
145.62467748,-17.08289195,1017.09
145.62467316,-17.08289192,1023.56
145.62466968,-17.08289190,1006.87
145.62465953,-17.08289183,1026.17
145.62465211,-17.08289178,990.79
145.62464468,-17.08289173,993.52
145.62463322,-17.08289165,997.85
145.62462467,-17.08289159,1016.69
145.62461152,-17.08289150,1016.84
145.62460541,-17.08289146,1016.33
145.62459949,-17.08289142,999.89
145.62456651,-17.08289120,1026.17
145.62454819,-17.08289107,1022.85
145.62454800,-17.08289107,1022.69
145.62454574,-17.08289106,1021.97
145.62454415,-17.08289105,1023.67
145.62454302,-17.08289104,1004.35
145.62454114,-17.08289102,1026.82
145.62453766,-17.08289100,1023.08
145.62453578,-17.08289099,1025.03
145.62450685,-17.08289079,1023.00
145.62448580,-17.08289065,1026.01
145.62448542,-17.08289065,1005.35
145.62448195,-17.08289063,1026.40
145.62447631,-17.08289058,1025.37
145.62447180,-17.08289055,1008.37
145.62446945,-17.08289054,1033.52
145.62445094,-17.08289041,1028.67
145.62443835,-17.08289033,1033.82
145.62443449,-17.08289030,1026.19
145.62442266,-17.08289022,1026.07
145.62441937,-17.08289020,1034.81
145.62441251,-17.08289015,1035.25
145.62440856,-17.08289013,1027.69
145.62440132,-17.08289008,1035.15
145.62434824,-17.08288972,1029.99
145.62434147,-17.08288967,1020.13
145.62433894,-17.08288965,1021.08
145.62430896,-17.08288945,1023.27
145.62430398,-17.08288941,1023.73
145.62429637,-17.08288937,1018.84
145.62429355,-17.08288934,1016.28
145.62425776,-17.08288910,1024.07
145.62423746,-17.08288896,1019.90
145.62423022,-17.08288892,1022.42
145.62422327,-17.08288887,1019.78
145.62420748,-17.08288876,1022.55
145.62420354,-17.08288873,1022.18
145.62419386,-17.08288867,1023.47
145.62415449,-17.08288840,1029.19
145.62415327,-17.08288839,1035.88
145.62411428,-17.08288813,1031.41
145.62410873,-17.08288809,1030.96
145.62410159,-17.08288804,1028.92
145.62408440,-17.08288792,1025.95
145.62408280,-17.08288792,1021.31
145.62406335,-17.08288778,1027.75
145.62405687,-17.08288774,1029.85
145.62404850,-17.08288768,1029.87
145.62401111,-17.08288743,1024.55
145.62400039,-17.08288735,1024.60
145.62399955,-17.08288735,1027.19
145.62397906,-17.08288721,1023.69
145.62397380,-17.08288718,1016.83
145.62394186,-17.08288696,1020.66
145.62392833,-17.08288687,1029.07
145.62392692,-17.08288686,1028.82
145.62388652,-17.08288658,1020.88
145.62386960,-17.08288647,1023.37
145.62384743,-17.08288632,1018.54
145.62380796,-17.08288605,1021.63
145.62379603,-17.08288597,1039.48
145.62379208,-17.08288594,1039.66
145.62377996,-17.08288586,1037.04
145.62377912,-17.08288585,1034.80
145.62377207,-17.08288580,1035.41
145.62374896,-17.08288565,1032.56
145.62372246,-17.08288547,1028.81
145.62372077,-17.08288546,1048.56
145.62372030,-17.08288545,1048.52
145.62369061,-17.08288525,1045.71
145.62367839,-17.08288517,1019.59
145.62367679,-17.08288516,1047.62
145.62366242,-17.08288506,1048.96
145.62366166,-17.08288506,1049.00
145.62365763,-17.08288503,1047.76
145.62364616,-17.08288495,1034.50
145.62361234,-17.08288472,1043.88
145.62360801,-17.08288469,1030.74
145.62360125,-17.08288465,1044.58
145.62359702,-17.08288462,1044.61
145.62358913,-17.08288456,1026.18
145.62358668,-17.08288455,1044.77
145.62358415,-17.08288453,1044.50
145.62358217,-17.08288452,1035.04
145.62356705,-17.08288442,1043.12
145.62356000,-17.08288437,1042.30
145.62355333,-17.08288432,1033.09
145.62354891,-17.08288429,1031.88
145.62354121,-17.08288424,1039.55
145.62353923,-17.08288423,1041.48
145.62352881,-17.08288415,1039.43
145.62351819,-17.08288408,1032.92
145.62351499,-17.08288406,1032.98
145.62349958,-17.08288396,1034.86
145.62349742,-17.08288394,1032.41
145.62349319,-17.08288391,1034.40
145.62349160,-17.08288390,1033.09
145.62348474,-17.08288386,1032.12
145.62342846,-17.08288347,1014.28
145.62342564,-17.08288345,1014.40
145.62342272,-17.08288344,1015.01
145.62341182,-17.08288336,1017.72
145.62338392,-17.08288317,1021.05
145.62337734,-17.08288313,1021.61
145.62334718,-17.08288292,1012.68
145.62334539,-17.08288291,1012.55
145.62334229,-17.08288289,1012.42
145.62330527,-17.08288264,1028.16
145.62328206,-17.08288248,1031.44
145.62328009,-17.08288247,1037.30
145.62327426,-17.08288243,1036.70
145.62324486,-17.08288223,1013.57
145.62322014,-17.08288206,1007.74
145.62321554,-17.08288203,1003.41
145.62321065,-17.08288199,1008.33
145.62320549,-17.08288196,1024.69
145.62320436,-17.08288195,1024.39
145.62320192,-17.08288193,1006.56
145.62314638,-17.08288156,1024.82
145.62314488,-17.08288155,1021.82
145.62314460,-17.08288155,1026.41
145.62313558,-17.08288149,1020.33
145.62313154,-17.08288146,1016.44
145.62313041,-17.08288145,1016.17
145.62312524,-17.08288142,1026.95
145.62311848,-17.08288137,1013.96
145.62311641,-17.08288136,1026.86
145.62311453,-17.08288134,1024.26
145.62311275,-17.08288133,1024.95
145.62308484,-17.08288114,1026.17
145.62308033,-17.08288111,1021.26
145.62307404,-17.08288107,1012.54
145.62306370,-17.08288100,1018.57
145.62304068,-17.08288084,1010.81
145.62300366,-17.08288059,1017.29
145.62298045,-17.08288043,1002.56
145.62297538,-17.08288040,1001.58
145.62296964,-17.08288036,1002.62
145.62296175,-17.08288031,1006.83
145.62295461,-17.08288026,1002.48
145.62294822,-17.08288021,1001.12
145.62294042,-17.08288016,1003.82
145.62292323,-17.08288004,1000.23
145.62291891,-17.08288002,1001.70
145.62290152,-17.08287990,1001.35
145.62289353,-17.08287984,1007.01
145.62288029,-17.08287975,1010.67
145.62285623,-17.08287959,1004.94
145.62285576,-17.08287958,994.75
145.62285257,-17.08287956,997.14
145.62284759,-17.08287953,992.34
145.62284129,-17.08287949,996.08
145.62283678,-17.08287946,995.96
145.62282607,-17.08287938,1004.31
145.62282410,-17.08287937,1007.54
145.62282316,-17.08287936,998.77
145.62282072,-17.08287935,1008.47
145.62280700,-17.08287925,1008.24
145.62276753,-17.08287899,1019.51
145.62276537,-17.08287897,1004.77
145.62274996,-17.08287887,995.08
145.62274085,-17.08287880,1006.72
145.62272666,-17.08287871,1018.35
145.62272300,-17.08287868,1012.51
145.62271332,-17.08287862,1018.59
145.62271040,-17.08287860,1005.41
145.62270909,-17.08287859,1017.85
145.62269763,-17.08287851,1006.68
145.62269678,-17.08287851,1015.19
145.62268861,-17.08287845,1005.39
145.62265384,-17.08287821,1010.73
145.62263026,-17.08287805,1003.02
145.62260329,-17.08287787,1009.90
145.62259784,-17.08287783,1009.63
145.62259690,-17.08287783,1009.60
145.62259202,-17.08287779,1002.22
145.62257228,-17.08287766,1002.26
145.62256289,-17.08287759,997.47
145.62255951,-17.08287757,1006.92
145.62253489,-17.08287740,1017.13
145.62249843,-17.08287716,1023.74
145.62249721,-17.08287715,1010.02
145.62248997,-17.08287710,1023.96
145.62248377,-17.08287706,1023.44
145.62248274,-17.08287705,1006.97
145.62247616,-17.08287701,1023.35
145.62246930,-17.08287696,1015.41
145.62246038,-17.08287690,1008.46
145.62245323,-17.08287685,1009.25
145.62244844,-17.08287682,1007.30
145.62242806,-17.08287668,1003.03
145.62242552,-17.08287666,1016.36
145.62241114,-17.08287657,1021.00
145.62240795,-17.08287654,1020.76
145.62238436,-17.08287638,1011.32
145.62236463,-17.08287625,1026.77
145.62235984,-17.08287622,1025.29
145.62231455,-17.08287591,1014.37
145.62229388,-17.08287577,1011.58
145.62225300,-17.08287549,1024.36
145.62224098,-17.08287541,1012.06
145.62223111,-17.08287534,1017.56
145.62221345,-17.08287522,1015.71
145.62217737,-17.08287498,1018.48
145.62217257,-17.08287495,1018.31
145.62215801,-17.08287484,1015.09
145.62210567,-17.08287449,1008.16
145.62208801,-17.08287437,1001.55
145.62204103,-17.08287405,1003.01
145.62203727,-17.08287403,1005.47
145.62202233,-17.08287392,987.03
145.62200203,-17.08287378,1004.05
145.62185940,-17.08287281,998.55
145.62183507,-17.08287265,1000.14
145.62182003,-17.08287255,996.61
145.62180321,-17.08287243,998.81
145.62179147,-17.08287235,998.52
145.62178827,-17.08287233,998.51
145.62178649,-17.08287232,997.38
145.62178000,-17.08287227,995.23
145.62174251,-17.08287202,992.74
145.62173199,-17.08287195,993.10
145.62173114,-17.08287194,992.38
145.62172447,-17.08287190,994.18
145.62170813,-17.08287179,997.01
145.62170493,-17.08287176,1010.83
145.62170361,-17.08287176,997.22
145.62170315,-17.08287175,1010.78
145.62169826,-17.08287172,1011.57
145.62169553,-17.08287170,996.98
145.62169121,-17.08287167,996.80
145.62168802,-17.08287165,998.35
145.62164301,-17.08287134,1014.77
145.62163972,-17.08287132,1014.94
145.62163343,-17.08287128,1019.16
145.62163108,-17.08287126,1007.04
145.62163051,-17.08287126,1014.76
145.62163004,-17.08287126,1018.91
145.62162046,-17.08287119,1012.08
145.62161567,-17.08287116,1022.91
145.62160965,-17.08287112,1020.02
145.62160646,-17.08287110,1019.83
145.62160571,-17.08287109,1013.90
145.62160242,-17.08287107,1004.94
145.62159772,-17.08287104,1015.55
145.62159020,-17.08287099,1015.15
145.62157451,-17.08287088,1011.20
145.62157329,-17.08287087,1021.34
145.62157292,-17.08287087,1011.01
145.62157188,-17.08287086,1021.23
145.62157028,-17.08287085,1021.31
145.62156916,-17.08287084,1001.17
145.62156756,-17.08287083,1012.30
145.62153383,-17.08287060,1023.90
145.62153317,-17.08287060,1022.96
145.62150028,-17.08287037,1026.10
145.62145312,-17.08287005,1013.31
145.62144494,-17.08287000,1019.44
145.62144184,-17.08286998,1021.03
145.62143198,-17.08286991,1013.59
145.62139674,-17.08286967,1015.14
145.62139665,-17.08286967,1020.66
145.62131142,-17.08286909,1026.72
145.62130964,-17.08286908,1026.17
145.62128493,-17.08286891,1025.97
145.62127825,-17.08286887,1016.58
145.62127628,-17.08286885,1025.78
145.62124180,-17.08286862,1024.58
145.62121840,-17.08286846,1026.76
145.62116710,-17.08286811,1030.94
145.62115714,-17.08286804,1025.59
145.62114464,-17.08286796,1029.46
145.62113957,-17.08286792,1033.50
145.62112811,-17.08286785,1034.23
145.62112228,-17.08286780,1027.91
145.62108845,-17.08286757,1026.03
145.62108808,-17.08286757,1034.22
145.62108601,-17.08286756,1026.23
145.62108516,-17.08286755,1026.73
145.62108197,-17.08286753,1031.59
145.62104241,-17.08286726,1038.09
145.62103706,-17.08286722,1038.34
145.62102015,-17.08286711,1038.18
145.62100295,-17.08286699,1039.05
145.62099590,-17.08286694,1040.18
145.62099412,-17.08286693,1038.44
145.62099214,-17.08286692,1031.25
145.62098463,-17.08286687,1027.06
145.62095700,-17.08286668,1038.93
145.62095343,-17.08286666,1038.93
145.62094610,-17.08286660,1046.20
145.62094112,-17.08286657,1039.27
145.62093577,-17.08286653,1040.58
145.62092900,-17.08286649,1043.80
145.62088522,-17.08286619,1046.90
145.62088296,-17.08286618,1035.64
145.62088005,-17.08286616,1047.01
145.62087901,-17.08286615,1047.05
145.62085806,-17.08286601,1046.17
145.62085515,-17.08286599,1046.14
145.62085383,-17.08286598,1047.17
145.62084970,-17.08286595,1047.65
145.62083965,-17.08286588,1048.65
145.62083955,-17.08286588,1040.38
145.62081916,-17.08286574,1047.05
145.62081879,-17.08286574,1040.11
145.62080770,-17.08286567,1052.10
145.62080206,-17.08286562,1050.69
145.62078026,-17.08286548,1046.04
145.62077462,-17.08286544,1050.43
145.62077274,-17.08286543,1054.86
145.62076692,-17.08286539,1038.20
145.62073300,-17.08286516,1048.58
145.62073178,-17.08286515,1058.44
145.62071985,-17.08286507,1048.69
145.62071900,-17.08286506,1056.85
145.62071083,-17.08286501,1052.93
145.62070960,-17.08286500,1052.85
145.62070801,-17.08286499,1049.84
145.62068452,-17.08286483,1051.87
145.62066431,-17.08286469,1054.12
145.62066187,-17.08286467,1044.39
145.62065642,-17.08286463,1050.67
145.62065558,-17.08286463,1041.51
145.62065463,-17.08286462,1048.19
145.62062974,-17.08286446,1049.66
145.62062946,-17.08286445,1049.67
145.62060277,-17.08286427,1048.42
145.62059554,-17.08286422,1036.98
145.62057590,-17.08286409,1053.63
145.62056434,-17.08286401,1053.90
145.62054649,-17.08286389,1054.17
145.62054367,-17.08286387,1053.04
145.62054066,-17.08286385,1035.85
145.62053465,-17.08286381,1045.56
145.62053315,-17.08286380,1054.18
145.62053127,-17.08286378,1054.03
145.62052572,-17.08286375,1052.03
145.62050345,-17.08286359,1055.06
145.62046888,-17.08286336,1036.53
145.62046634,-17.08286334,1044.44
145.62046559,-17.08286334,1041.65
145.62045412,-17.08286326,1043.83
145.62045159,-17.08286324,1044.28
145.62042979,-17.08286309,1054.56
145.62042594,-17.08286307,1053.18
145.62039934,-17.08286289,1032.15
145.62037304,-17.08286271,1048.28
145.62036092,-17.08286263,1041.74
145.62035735,-17.08286260,1047.48
145.62031957,-17.08286234,1048.55
145.62029242,-17.08286216,1044.49
145.62027973,-17.08286207,1031.20
145.62023059,-17.08286174,1044.59
145.62022974,-17.08286173,1044.54
145.62022251,-17.08286168,1044.86
145.62020024,-17.08286153,1034.90
145.62017309,-17.08286135,1023.16
145.62017300,-17.08286134,1023.09
145.62017187,-17.08286134,1020.86
145.62015486,-17.08286122,1032.61
145.62015307,-17.08286121,1033.04
145.62013494,-17.08286109,1033.90
145.62013118,-17.08286106,1033.88
145.62010938,-17.08286091,1038.04
145.62009970,-17.08286085,1014.94
145.62007321,-17.08286067,1029.90
145.62004558,-17.08286048,1035.82
145.62003947,-17.08286044,1015.79
145.62001542,-17.08286028,1035.65
145.62001260,-17.08286025,1033.23
145.61999832,-17.08286016,1029.87
145.61998817,-17.08286009,1032.90
145.61998798,-17.08286009,1034.76
145.61997831,-17.08286002,1032.51
145.61997671,-17.08286001,1034.37
145.61996957,-17.08285996,1027.23
145.61996684,-17.08285994,1033.32
145.61995613,-17.08285987,1036.17
145.61995331,-17.08285985,1036.32
145.61995040,-17.08285983,1034.95
145.61993950,-17.08285976,1035.38
145.61992174,-17.08285963,1033.94
145.61989402,-17.08285945,1034.67
145.61988820,-17.08285941,1034.01
145.61987551,-17.08285932,1021.80
145.61986941,-17.08285928,1022.22
145.61985371,-17.08285917,1033.82
145.61982487,-17.08285898,1012.53
145.61980598,-17.08285885,1026.95
145.61979583,-17.08285878,1008.27
145.61976859,-17.08285860,1029.67
145.61976126,-17.08285854,1030.80
145.61975712,-17.08285852,1018.81
145.61971437,-17.08285822,1015.05
145.61969464,-17.08285809,1033.35
145.61968609,-17.08285803,1033.40
145.61968477,-17.08285802,1030.07
145.61966645,-17.08285790,1033.82
145.61966157,-17.08285787,1033.63
145.61966138,-17.08285787,1033.49
145.61966081,-17.08285786,1018.52
145.61964052,-17.08285772,1028.03
145.61962680,-17.08285763,1020.59
145.61961242,-17.08285753,1022.91
145.61960810,-17.08285750,1022.83
145.61958696,-17.08285736,1028.30
145.61956084,-17.08285718,1032.16
145.61954656,-17.08285708,1027.39
145.61951546,-17.08285687,1011.79
145.61950305,-17.08285678,1001.02
145.61948511,-17.08285666,1002.21
145.61947703,-17.08285661,1013.77
145.61947477,-17.08285659,1012.07
145.61945062,-17.08285643,1010.78
145.61945025,-17.08285643,1010.81
145.61942319,-17.08285624,1012.85
145.61941266,-17.08285617,1020.62
145.61940590,-17.08285613,1019.32
145.61940440,-17.08285611,1019.35
145.61936042,-17.08285582,1005.78
145.61935995,-17.08285581,994.51
145.61935929,-17.08285581,1005.68
145.61935084,-17.08285575,1004.67
145.61930583,-17.08285544,1017.31
145.61930329,-17.08285543,1019.01
145.61930076,-17.08285541,1018.79
145.61929399,-17.08285536,1018.65
145.61928901,-17.08285533,1019.26
145.61928347,-17.08285529,1020.27
145.61927247,-17.08285522,1010.50
145.61926796,-17.08285519,1019.07
145.61926646,-17.08285518,1019.17
145.61925039,-17.08285506,1009.00
145.61923827,-17.08285498,1017.04
145.61921347,-17.08285481,991.97
145.61917870,-17.08285458,1017.95
145.61917541,-17.08285455,1017.86
145.61917231,-17.08285453,1017.87
145.61915653,-17.08285443,1018.05
145.61914610,-17.08285436,1018.25
145.61913238,-17.08285426,1017.52
145.61911932,-17.08285417,1016.89
145.61910250,-17.08285406,1016.36
145.61909649,-17.08285402,1008.49
145.61909602,-17.08285401,1014.30
145.61906304,-17.08285379,1014.26
145.61904124,-17.08285364,1009.54
145.61903344,-17.08285359,1008.69
145.61902996,-17.08285356,1013.00
145.61902686,-17.08285354,1012.90
145.61902216,-17.08285351,1011.12
145.61899999,-17.08285336,1004.12
145.61897490,-17.08285319,1013.64
145.61894371,-17.08285298,1008.23
145.61893910,-17.08285294,1008.74
145.61890687,-17.08285272,1011.72
145.61889917,-17.08285267,1000.17
145.61888517,-17.08285258,1008.21
145.61887859,-17.08285253,1003.42
145.61884984,-17.08285234,1002.24
145.61882672,-17.08285218,1001.91
145.61882503,-17.08285217,1001.90
145.61881714,-17.08285211,987.42
145.61880915,-17.08285206,997.78
145.61880530,-17.08285203,1000.94
145.61878858,-17.08285192,1008.36
145.61878181,-17.08285187,1003.04
145.61874564,-17.08285163,1008.06
145.61871519,-17.08285142,1009.61
145.61871434,-17.08285141,1003.75
145.61866116,-17.08285105,1006.87
145.61865910,-17.08285104,1014.51
145.61865290,-17.08285100,1016.30
145.61865196,-17.08285099,1011.37
145.61859445,-17.08285060,1004.22
145.61857078,-17.08285044,1006.94
145.61856805,-17.08285042,1007.31
145.61854757,-17.08285028,1000.16
145.61854700,-17.08285027,1000.13
145.61854475,-17.08285026,1009.02
145.61853873,-17.08285022,1008.85
145.61852229,-17.08285011,1009.56
145.61850651,-17.08285000,1001.35
145.61848677,-17.08284986,1010.53
145.61847146,-17.08284976,992.81
145.61845595,-17.08284965,1004.79
145.61844177,-17.08284956,1002.39
145.61843970,-17.08284954,1001.33
145.61838577,-17.08284917,1018.32
145.61837703,-17.08284911,1018.62
145.61835645,-17.08284898,1011.50
145.61835307,-17.08284895,1018.83
145.61834583,-17.08284890,1018.38
145.61833390,-17.08284882,1021.75
145.61830722,-17.08284864,1017.74
145.61830318,-17.08284861,1017.88
145.61829058,-17.08284853,1023.39
145.61828138,-17.08284846,1025.62
145.61827339,-17.08284841,1026.22
145.61820151,-17.08284792,1021.15
145.61820029,-17.08284791,1022.52
145.61818864,-17.08284783,1023.36
145.61815302,-17.08284759,1010.43
145.61814889,-17.08284756,1003.74
145.61812305,-17.08284739,1022.39
145.61810529,-17.08284726,1003.83
145.61807410,-17.08284705,1015.25
145.61802242,-17.08284670,1030.25
145.61797939,-17.08284641,1027.79
145.61797675,-17.08284639,1025.74
145.61797243,-17.08284636,1027.99
145.61796980,-17.08284634,1026.33
145.61795270,-17.08284622,1025.91
145.61794011,-17.08284614,1016.32
145.61793926,-17.08284613,1016.41
145.61792827,-17.08284606,1028.37
145.61791342,-17.08284596,1030.43
145.61788279,-17.08284575,1031.09
145.61787340,-17.08284568,1026.19
145.61786569,-17.08284563,1031.84
145.61785536,-17.08284556,1029.00
145.61784399,-17.08284548,1031.87
145.61784230,-17.08284547,1023.36
145.61783967,-17.08284545,1031.89
145.61783234,-17.08284540,1033.12
145.61781665,-17.08284530,1033.66
145.61780171,-17.08284520,1033.54
145.61777173,-17.08284499,1030.99
145.61777089,-17.08284499,1033.23
145.61775745,-17.08284489,1032.26
145.61773847,-17.08284476,1035.74
145.61771179,-17.08284458,1032.66
145.61770643,-17.08284455,1032.20
145.61769102,-17.08284444,1027.39
145.61767721,-17.08284435,1028.24
145.61767138,-17.08284431,1028.38
145.61766706,-17.08284428,1027.97
145.61765156,-17.08284417,1026.39
145.61761510,-17.08284392,1025.05
145.61759941,-17.08284382,1019.12
145.61756004,-17.08284355,1035.93
145.61755544,-17.08284352,1033.77
145.61750047,-17.08284314,1028.61
145.61749746,-17.08284312,1027.21
145.61748102,-17.08284301,1030.83
145.61747548,-17.08284297,1030.20
145.61744484,-17.08284276,1029.30
145.61744400,-17.08284276,1008.36
145.61743874,-17.08284272,1016.81
145.61743329,-17.08284268,1021.97
145.61742436,-17.08284262,1017.35
145.61742126,-17.08284260,1017.25
145.61738010,-17.08284232,1028.59
145.61736357,-17.08284221,1027.83
145.61735925,-17.08284218,1024.98
145.61734055,-17.08284205,1013.45
145.61733735,-17.08284203,1007.08
145.61730372,-17.08284180,1017.14
145.61726106,-17.08284151,1022.14
145.61724818,-17.08284142,1023.59
145.61723681,-17.08284134,1018.17
145.61721050,-17.08284116,1018.77
145.61716127,-17.08284083,1015.22
145.61715441,-17.08284078,1016.05
145.61711833,-17.08284054,1011.70
145.61711175,-17.08284049,1011.67
145.61708911,-17.08284034,986.11
145.61706599,-17.08284018,1001.61
145.61706364,-17.08284016,1001.64
145.61704645,-17.08284004,984.83
145.61704448,-17.08284003,1006.68
145.61702268,-17.08283988,976.27
145.61700962,-17.08283979,1002.84
145.61700530,-17.08283976,998.69
145.61698603,-17.08283963,986.22
145.61698246,-17.08283961,977.55
145.61693990,-17.08283932,974.11
145.61690701,-17.08283909,982.05
145.61690438,-17.08283907,982.39
145.61690213,-17.08283906,980.83
145.61689893,-17.08283904,979.14
145.61689348,-17.08283900,969.86
145.61688963,-17.08283897,975.39
145.61688756,-17.08283896,983.41
145.61688512,-17.08283894,982.01
145.61687770,-17.08283889,980.31
145.61687450,-17.08283887,973.94
145.61687375,-17.08283887,977.09
145.61684782,-17.08283869,979.81
145.61683654,-17.08283861,980.31
145.61680854,-17.08283842,989.28
145.61680178,-17.08283837,988.86
145.61678627,-17.08283827,966.55
145.61674578,-17.08283799,977.06
145.61674465,-17.08283799,979.26
145.61673281,-17.08283790,970.13
145.61670096,-17.08283769,974.16
145.61666215,-17.08283742,957.51
145.61666178,-17.08283742,974.13
145.61660089,-17.08283701,965.50
145.61658839,-17.08283692,963.19
145.61657853,-17.08283685,971.30
145.61657787,-17.08283685,969.90
145.61657383,-17.08283682,953.40
145.61657007,-17.08283679,969.74
145.61651632,-17.08283643,971.81
145.61650251,-17.08283633,967.87
145.61649951,-17.08283631,959.90
145.61649180,-17.08283626,969.45
145.61645882,-17.08283603,976.18
145.61645469,-17.08283601,975.66
145.61645093,-17.08283598,971.58
145.61644661,-17.08283595,975.37
145.61644585,-17.08283595,975.50
145.61644069,-17.08283591,971.31
145.61643223,-17.08283586,975.25
145.61641334,-17.08283573,971.61
145.61639427,-17.08283560,982.00
145.61639051,-17.08283557,985.52
145.61638074,-17.08283550,970.06
145.61633498,-17.08283519,978.22
145.61633113,-17.08283516,984.37
145.61631403,-17.08283505,985.32
145.61630961,-17.08283502,955.29
145.61630726,-17.08283500,982.45
145.61630444,-17.08283498,984.01
145.61630022,-17.08283495,959.36
145.61629589,-17.08283492,983.05
145.61628791,-17.08283487,979.77
145.61628462,-17.08283485,979.61
145.61627757,-17.08283480,968.28
145.61624384,-17.08283457,957.22
145.61623642,-17.08283452,968.94
145.61622561,-17.08283444,971.85
145.61616538,-17.08283403,968.01
145.61614236,-17.08283388,965.74
145.61613766,-17.08283384,962.48
145.61609031,-17.08283352,960.37
145.61607095,-17.08283339,964.45
145.61603656,-17.08283316,964.29
145.61597455,-17.08283273,958.67
145.61597239,-17.08283272,953.97
145.61596478,-17.08283266,962.10
145.61596102,-17.08283264,955.15
145.61581829,-17.08283167,947.31
145.61581378,-17.08283164,952.62
145.61580514,-17.08283158,954.70
145.61577770,-17.08283139,960.46
145.61577244,-17.08283135,955.34
145.61574820,-17.08283118,938.67
145.61574782,-17.08283118,937.83
145.61574134,-17.08283114,953.49
145.61571127,-17.08283093,948.35
145.61569154,-17.08283080,947.03
145.61566391,-17.08283061,942.02
145.61565612,-17.08283056,947.25
145.61564822,-17.08283050,951.30
145.61564653,-17.08283049,951.47
145.61562736,-17.08283036,942.70
145.61561205,-17.08283026,948.99
145.61559730,-17.08283016,948.79
145.61557785,-17.08283002,956.83
145.61557165,-17.08282998,956.11
145.61553669,-17.08282974,959.60
145.61552617,-17.08282967,958.50
145.61552354,-17.08282965,945.46
145.61551113,-17.08282957,960.14
145.61550897,-17.08282955,958.81
145.61545485,-17.08282918,957.77
145.61544827,-17.08282914,959.62
145.61541370,-17.08282890,944.12
145.61540956,-17.08282887,949.31
145.61540656,-17.08282885,949.38
145.61538053,-17.08282868,943.26
145.61533909,-17.08282839,959.02
145.61531363,-17.08282822,953.23
145.61530696,-17.08282817,953.08
145.61529625,-17.08282810,937.62
145.61529023,-17.08282806,935.01
145.61528685,-17.08282804,935.35
145.61528591,-17.08282803,954.48
145.61528196,-17.08282800,956.81
145.61525988,-17.08282785,932.53
145.61525368,-17.08282781,953.22
145.61519618,-17.08282742,956.32
145.61519345,-17.08282740,962.09
145.61515324,-17.08282712,953.69
145.61512637,-17.08282694,936.08
145.61508352,-17.08282665,936.45
145.61507779,-17.08282661,936.25
145.61505242,-17.08282643,919.60
145.61503156,-17.08282629,949.04
145.61500206,-17.08282609,950.71
145.61498383,-17.08282597,933.32
145.61497593,-17.08282591,948.41
145.61496024,-17.08282581,937.62
145.61495696,-17.08282578,950.53
145.61494408,-17.08282569,923.31
145.61493713,-17.08282565,941.22
145.61492463,-17.08282556,947.34
145.61491289,-17.08282548,946.93
145.61490283,-17.08282541,938.37
145.61488874,-17.08282532,953.09
145.61488545,-17.08282529,952.97
145.61487869,-17.08282525,941.97
145.61486948,-17.08282519,952.45
145.61486017,-17.08282512,934.95
145.61485332,-17.08282508,948.72
145.61482456,-17.08282488,951.63
145.61480812,-17.08282477,950.00
145.61478425,-17.08282460,957.99
145.61477524,-17.08282454,945.99
145.61477514,-17.08282454,962.48
145.61476631,-17.08282448,963.80
145.61475081,-17.08282437,964.63
145.61474564,-17.08282434,959.25
145.61472280,-17.08282418,963.14
145.61471745,-17.08282415,963.16
145.61470411,-17.08282405,963.53
145.61470326,-17.08282405,963.71
145.61469415,-17.08282399,963.86
145.61469105,-17.08282396,960.97
145.61468475,-17.08282392,960.89
145.61468297,-17.08282391,957.03
145.61466211,-17.08282377,941.20
145.61464097,-17.08282362,961.36
145.61455762,-17.08282306,967.12
145.61455114,-17.08282301,961.48
145.61454757,-17.08282299,960.43
145.61454193,-17.08282295,967.91
145.61454099,-17.08282294,953.26
145.61452972,-17.08282286,965.43
145.61450134,-17.08282267,959.74
145.61446977,-17.08282245,965.13
145.61445596,-17.08282236,966.75
145.61441001,-17.08282205,966.89
145.61440963,-17.08282204,968.95
145.61440071,-17.08282198,969.35
145.61439723,-17.08282196,969.13
145.61439075,-17.08282191,969.10
145.61436322,-17.08282173,952.35
145.61435664,-17.08282168,952.16
145.61430384,-17.08282132,964.63
145.61428157,-17.08282117,963.66
145.61427123,-17.08282110,964.35
145.61422209,-17.08282076,960.07
145.61418563,-17.08282051,943.30
145.61417332,-17.08282043,964.47
145.61415979,-17.08282034,960.86
145.61415745,-17.08282032,960.89
145.61414297,-17.08282022,960.99
145.61411150,-17.08282000,945.36
145.61405343,-17.08281961,963.44
145.61404798,-17.08281957,963.41
145.61402731,-17.08281943,962.89
145.61402026,-17.08281938,962.16
145.61394613,-17.08281888,967.31
145.61393654,-17.08281881,976.62
145.61390422,-17.08281859,977.78
145.61385978,-17.08281828,979.41
145.61384305,-17.08281817,980.18
145.61384108,-17.08281816,965.92
145.61381684,-17.08281799,980.33
145.61381468,-17.08281798,980.64
145.61381092,-17.08281795,973.29
145.61380970,-17.08281794,980.38
145.61379626,-17.08281785,974.95
145.61376328,-17.08281762,948.32
145.61376253,-17.08281762,963.70
145.61375078,-17.08281754,950.66
145.61374421,-17.08281749,961.40
145.61374280,-17.08281749,953.29
145.61372006,-17.08281733,959.84
145.61371968,-17.08281733,967.65
145.61367693,-17.08281704,978.31
145.61367646,-17.08281703,978.42
145.61366819,-17.08281698,977.83
145.61365654,-17.08281689,975.74
145.61365306,-17.08281687,973.07
145.61364714,-17.08281683,982.64
145.61364254,-17.08281680,982.48
145.61363869,-17.08281678,981.69
145.61363681,-17.08281676,982.51
145.61362863,-17.08281670,982.57
145.61361153,-17.08281659,987.85
145.61360702,-17.08281656,978.72
145.61359782,-17.08281650,987.72
145.61358335,-17.08281640,987.93
145.61358288,-17.08281639,965.34
145.61358024,-17.08281637,988.05
145.61356681,-17.08281628,988.08
145.61355149,-17.08281618,987.70
145.61354717,-17.08281615,986.32
145.61353721,-17.08281608,983.52
145.61350827,-17.08281588,979.79
145.61350677,-17.08281587,980.85
145.61349728,-17.08281581,964.62
145.61347229,-17.08281564,975.57
145.61344786,-17.08281547,976.80
145.61343705,-17.08281539,977.53
145.61343611,-17.08281539,975.25
145.61342079,-17.08281529,977.61
145.61340022,-17.08281514,977.72
145.61336724,-17.08281492,977.89
145.61336169,-17.08281488,977.79
145.61335436,-17.08281483,976.59
145.61333134,-17.08281467,975.89
145.61331922,-17.08281459,973.40
145.61331518,-17.08281456,975.78
145.61331180,-17.08281454,977.93
145.61330654,-17.08281450,977.76
145.61329583,-17.08281443,973.79
145.61327393,-17.08281428,973.02
145.61325730,-17.08281416,978.41
145.61320234,-17.08281379,970.98
145.61314136,-17.08281337,971.16
145.61313309,-17.08281331,969.74
145.61310349,-17.08281311,968.67
145.61310302,-17.08281311,953.88
145.61309222,-17.08281303,958.46
145.61309137,-17.08281303,962.22
145.61309109,-17.08281303,968.53
145.61308987,-17.08281302,945.56
145.61308554,-17.08281299,968.46
145.61308075,-17.08281296,956.21
145.61307774,-17.08281294,957.17
145.61307436,-17.08281292,954.72
145.61307417,-17.08281291,946.83
145.61305059,-17.08281275,967.55
145.61304881,-17.08281274,967.34
145.61304871,-17.08281274,945.96
145.61299478,-17.08281237,944.05
145.61298613,-17.08281231,961.52
145.61297570,-17.08281224,958.85
145.61296762,-17.08281219,959.93
145.61292600,-17.08281190,946.86
145.61291378,-17.08281182,946.52
145.61288766,-17.08281164,944.09
145.61286943,-17.08281151,950.14
145.61286117,-17.08281146,957.95
145.61284651,-17.08281135,952.69
145.61283815,-17.08281130,971.21
145.61282640,-17.08281122,961.76
145.61275706,-17.08281074,970.70
145.61274954,-17.08281069,974.07
145.61274306,-17.08281065,978.35
145.61273911,-17.08281062,965.88
145.61269561,-17.08281032,973.31
145.61269288,-17.08281030,976.16
145.61269194,-17.08281030,976.28
145.61266620,-17.08281012,979.42
145.61262542,-17.08280984,981.22
145.61259704,-17.08280965,984.65
145.61258342,-17.08280956,986.33
145.61257562,-17.08280950,983.08
145.61257449,-17.08280950,984.52
145.61256369,-17.08280942,986.93
145.61255993,-17.08280940,970.19
145.61254518,-17.08280929,973.35
145.61253653,-17.08280924,974.67
145.61252291,-17.08280914,971.55
145.61250233,-17.08280900,974.18
145.61247443,-17.08280881,976.42
145.61247217,-17.08280880,976.54
145.61246155,-17.08280872,984.38
145.61246118,-17.08280872,982.05
145.61245977,-17.08280871,984.35
145.61245573,-17.08280868,982.53
145.61244746,-17.08280862,980.42
145.61242481,-17.08280847,979.70
145.61242312,-17.08280846,983.01
145.61241354,-17.08280839,983.51
145.61236815,-17.08280808,984.75
145.61235199,-17.08280797,966.54
145.61235105,-17.08280796,975.17
145.61235077,-17.08280796,979.30
145.61234767,-17.08280794,974.92
145.61234551,-17.08280793,975.15
145.61234523,-17.08280792,975.30
145.61233752,-17.08280787,975.92
145.61233658,-17.08280787,975.86
145.61233189,-17.08280783,968.05
145.61232888,-17.08280781,974.04
145.61232860,-17.08280781,974.04
145.61232606,-17.08280779,969.15
145.61232550,-17.08280779,964.99
145.61231883,-17.08280775,970.36
145.61231723,-17.08280773,970.28
145.61229759,-17.08280760,970.37
145.61229750,-17.08280760,953.64
145.61229740,-17.08280760,970.34
145.61228669,-17.08280753,962.07
145.61226236,-17.08280736,954.31
145.61224864,-17.08280726,950.91
145.61221801,-17.08280706,946.99
145.61221491,-17.08280703,955.16
145.61220466,-17.08280696,949.25
145.61219292,-17.08280688,972.65
145.61219264,-17.08280688,972.20
145.61216107,-17.08280666,953.28
145.61215712,-17.08280664,972.80
145.61214566,-17.08280656,971.26
145.61213692,-17.08280650,951.89
145.61212574,-17.08280642,970.62
145.61209586,-17.08280622,960.33
145.61209276,-17.08280620,957.11
145.61208768,-17.08280616,958.36
145.61208496,-17.08280614,960.31
145.61208167,-17.08280612,960.51
145.61207509,-17.08280608,962.65
145.61205508,-17.08280594,961.49
145.61204700,-17.08280588,964.41
145.61203694,-17.08280582,943.63
145.61202642,-17.08280574,965.19
145.61200707,-17.08280561,963.21
145.61198217,-17.08280544,958.93
145.61195717,-17.08280527,947.39
145.61193124,-17.08280509,958.00
145.61185353,-17.08280456,941.72
145.61185259,-17.08280455,941.72
145.61183484,-17.08280443,944.81
145.61180796,-17.08280425,950.03
145.61179340,-17.08280415,948.15
145.61178889,-17.08280412,931.31
145.61178034,-17.08280406,953.26
145.61176765,-17.08280397,949.67
145.61172716,-17.08280370,952.34
145.61171100,-17.08280358,924.03
145.61163094,-17.08280304,944.73
145.61161159,-17.08280290,942.30
145.61160257,-17.08280284,946.83
145.61159928,-17.08280282,946.82
145.61157879,-17.08280268,947.85
145.61157287,-17.08280264,947.42
145.61155850,-17.08280254,924.26
145.61153491,-17.08280238,946.46
145.61153454,-17.08280238,952.57
145.61153078,-17.08280235,946.67
145.61150344,-17.08280216,953.50
145.61147938,-17.08280200,949.30
145.61145063,-17.08280180,948.89
145.61141399,-17.08280155,950.50
145.61138655,-17.08280136,945.70
145.61137885,-17.08280131,957.10
145.61137462,-17.08280128,957.56
145.61132877,-17.08280096,940.13
145.61129626,-17.08280075,946.15
145.61128451,-17.08280066,958.22
145.61127728,-17.08280061,957.33
145.61126778,-17.08280055,952.44
145.61124768,-17.08280041,954.53
145.61124739,-17.08280041,958.57
145.61124204,-17.08280037,952.08
145.61121366,-17.08280018,950.88
145.61117711,-17.08279993,957.85
145.61117636,-17.08279992,943.71
145.61116603,-17.08279985,959.14
145.61116123,-17.08279982,958.20
145.61115748,-17.08279979,957.47
145.61110918,-17.08279946,954.45
145.61104115,-17.08279900,956.58
145.61103580,-17.08279896,952.90
145.61102602,-17.08279889,955.85
145.61102245,-17.08279887,959.43
145.61100376,-17.08279874,960.23
145.61100037,-17.08279872,953.12
145.61094146,-17.08279831,943.67
145.61091703,-17.08279814,958.72
145.61091130,-17.08279811,961.22
145.61089955,-17.08279803,961.45
145.61088959,-17.08279796,957.74
145.61088537,-17.08279793,959.76
145.61087221,-17.08279784,960.50
145.61083087,-17.08279756,948.18
145.61081367,-17.08279744,947.05
145.61078906,-17.08279727,955.72
145.61078624,-17.08279725,949.13
145.61077647,-17.08279718,955.74
145.61077158,-17.08279715,956.07
145.61076942,-17.08279714,946.39
145.61076651,-17.08279711,956.44
145.61076425,-17.08279710,956.45
145.61074800,-17.08279699,948.02
145.61072977,-17.08279686,943.65
145.61072657,-17.08279684,942.06
145.61069810,-17.08279665,956.50
145.61068410,-17.08279655,957.05
145.61065253,-17.08279633,958.00
145.61064464,-17.08279628,957.84
145.61064304,-17.08279627,956.38
145.61063731,-17.08279623,956.65
145.61062632,-17.08279616,948.80
145.61061579,-17.08279608,955.57
145.61061175,-17.08279606,948.47
145.61059785,-17.08279596,954.91
145.61059428,-17.08279594,954.78
145.61055961,-17.08279570,953.23
145.61051272,-17.08279538,951.68
145.61050191,-17.08279530,956.54
145.61049026,-17.08279522,956.51
145.61043116,-17.08279482,950.66
145.61042252,-17.08279476,952.66
145.61038174,-17.08279448,946.40
145.61036210,-17.08279435,933.64
145.61035928,-17.08279432,942.78
145.61035092,-17.08279427,936.47
145.61032076,-17.08279406,941.06
145.61031475,-17.08279402,941.66
145.61031061,-17.08279399,941.52
145.61029896,-17.08279391,942.22
145.61029708,-17.08279390,939.24
145.61028787,-17.08279383,937.88
145.61020312,-17.08279325,927.51
145.61019814,-17.08279322,927.51
145.61019485,-17.08279320,927.23
145.61018179,-17.08279311,925.71
145.61015623,-17.08279293,913.85
145.61013800,-17.08279281,940.34
145.61009939,-17.08279254,945.71
145.61007684,-17.08279239,944.93
145.61007383,-17.08279237,941.60
145.61005429,-17.08279223,942.33
145.61000928,-17.08279192,942.84
145.61000242,-17.08279188,932.51
145.60999180,-17.08279180,936.90
145.60997151,-17.08279167,923.42
145.60996540,-17.08279163,929.29
145.60991917,-17.08279131,949.01
145.60991729,-17.08279129,952.06
145.60989268,-17.08279113,953.02
145.60982380,-17.08279065,943.87
145.60980510,-17.08279053,945.70
145.60978988,-17.08279042,945.84
145.60977175,-17.08279030,945.49
145.60976827,-17.08279027,944.62
145.60975906,-17.08279021,945.24
145.60974882,-17.08279014,941.10
145.60974572,-17.08279012,945.26
145.60974318,-17.08279010,946.41
145.60973952,-17.08279008,935.74
145.60973435,-17.08279004,945.79
145.60972449,-17.08278997,929.33
145.60972063,-17.08278995,944.47
145.60972007,-17.08278994,944.50
145.60971490,-17.08278991,944.25
145.60966153,-17.08278954,935.79
145.60963785,-17.08278938,948.47
145.60963222,-17.08278934,948.92
145.60961859,-17.08278925,949.74
145.60958101,-17.08278899,949.35
145.60957020,-17.08278891,949.83
145.60956194,-17.08278886,926.93
145.60952867,-17.08278863,940.01
145.60950518,-17.08278847,951.31
145.60948179,-17.08278831,947.22
145.60947840,-17.08278828,958.60
145.60945623,-17.08278813,953.62
145.60937251,-17.08278756,947.37
145.60934564,-17.08278738,956.09
145.60933258,-17.08278729,961.18
145.60932187,-17.08278721,961.28
145.60931548,-17.08278717,965.20
145.60929612,-17.08278704,969.02
145.60929452,-17.08278702,969.16
145.60929236,-17.08278701,938.51
145.60928766,-17.08278698,967.98
145.60925497,-17.08278675,939.48
145.60922969,-17.08278658,961.08
145.60920864,-17.08278644,961.77
145.60920799,-17.08278643,965.28
145.60919042,-17.08278631,965.58
145.60916862,-17.08278616,967.09
145.60914033,-17.08278597,967.76
145.60910679,-17.08278574,968.66
145.60909918,-17.08278568,968.44
145.60909335,-17.08278564,946.24
145.60907672,-17.08278553,955.81
145.60907005,-17.08278548,962.25
145.60906968,-17.08278548,962.22
145.60906808,-17.08278547,966.49
145.60906272,-17.08278543,962.20
145.60903313,-17.08278523,973.63
145.60899272,-17.08278495,970.97
145.60899141,-17.08278495,976.54
145.60898427,-17.08278489,977.19
145.60895514,-17.08278470,977.15
145.60890421,-17.08278435,981.89
145.60886719,-17.08278409,980.10
145.60886296,-17.08278406,982.96
145.60885526,-17.08278401,983.84
145.60885159,-17.08278399,983.97
145.60885112,-17.08278398,983.64
145.60884774,-17.08278396,980.52
145.60884389,-17.08278393,983.56
145.60881861,-17.08278376,982.53
145.60880602,-17.08278367,979.70
145.60880339,-17.08278365,982.32
145.60880217,-17.08278365,983.82
145.60879954,-17.08278363,976.58
145.60879841,-17.08278362,984.38
145.60878347,-17.08278352,985.38
145.60877173,-17.08278344,988.71
145.60876581,-17.08278340,974.14
145.60875623,-17.08278333,987.83
145.60875284,-17.08278331,973.49
145.60872945,-17.08278315,987.76
145.60872371,-17.08278311,967.25
145.60870690,-17.08278299,988.78
145.60867871,-17.08278280,989.50
145.60867401,-17.08278277,987.38
145.60864272,-17.08278255,992.51
145.60862524,-17.08278243,997.45
145.60861500,-17.08278236,998.13
145.60860476,-17.08278229,998.58
145.60858822,-17.08278218,997.81
145.60858494,-17.08278216,998.02
145.60857535,-17.08278209,998.19
145.60856962,-17.08278205,998.61
145.60853626,-17.08278182,991.12
145.60853316,-17.08278180,997.62
145.60852593,-17.08278175,995.70
145.60851963,-17.08278171,997.75
145.60850573,-17.08278161,998.83
145.60846965,-17.08278137,1001.97
145.60846138,-17.08278131,992.86
145.60845302,-17.08278125,1003.87
145.60844512,-17.08278119,1004.34
145.60843911,-17.08278115,1003.67
145.60843798,-17.08278115,1003.99
145.60840500,-17.08278092,1002.80
145.60840171,-17.08278090,1003.15
145.60839532,-17.08278086,1003.50
145.60839485,-17.08278085,1003.39
145.60838771,-17.08278080,999.97
145.60837616,-17.08278072,1003.55
145.60833462,-17.08278044,998.39
145.60828614,-17.08278010,1005.03
145.60826650,-17.08277997,1002.15
145.60825767,-17.08277991,1002.43
145.60825203,-17.08277987,996.32
145.60824518,-17.08277982,1005.59
145.60824339,-17.08277981,996.18
145.60823390,-17.08277975,1003.33
145.60819350,-17.08277947,1001.48
145.60817912,-17.08277937,1005.53
145.60817508,-17.08277934,1005.94
145.60815958,-17.08277924,992.57
145.60815591,-17.08277921,997.57
145.60815234,-17.08277919,1006.82
145.60814558,-17.08277914,1004.84
145.60814473,-17.08277913,1004.76
145.60813449,-17.08277906,990.81
145.60811842,-17.08277895,988.01
145.60806703,-17.08277860,1003.92
145.60803066,-17.08277835,1002.31
145.60802606,-17.08277832,994.19
145.60802089,-17.08277829,1000.24
145.60801328,-17.08277823,991.32
145.60799862,-17.08277813,1002.61
145.60796987,-17.08277794,991.54
145.60795531,-17.08277783,996.14
145.60794835,-17.08277779,996.97
145.60792853,-17.08277765,1000.78
145.60792580,-17.08277763,1000.12
145.60789442,-17.08277742,1000.59
145.60789226,-17.08277740,1000.59
145.60788005,-17.08277732,995.20
145.60785120,-17.08277712,997.71
145.60783476,-17.08277701,988.86
145.60781390,-17.08277686,987.51
145.60779182,-17.08277671,978.74
145.60776034,-17.08277649,983.66
145.60773976,-17.08277636,984.89
145.60773008,-17.08277629,981.84
145.60768423,-17.08277597,990.24
145.60765060,-17.08277574,990.08
145.60761498,-17.08277550,989.65
145.60755616,-17.08277509,972.74
145.60754884,-17.08277504,966.89
145.60753174,-17.08277493,964.19
145.60749321,-17.08277466,982.44
145.60746164,-17.08277444,969.46
145.60743580,-17.08277427,984.68
145.60741335,-17.08277411,982.84
145.60740028,-17.08277402,980.23
145.60740000,-17.08277402,976.66
145.60739709,-17.08277400,979.75
145.60738722,-17.08277393,980.26
145.60735969,-17.08277374,967.44
145.60734842,-17.08277367,973.57
145.60734663,-17.08277365,973.41
145.60731572,-17.08277344,970.29
145.60728453,-17.08277323,959.94
145.60727823,-17.08277319,959.95
145.60727118,-17.08277314,959.29
145.60726498,-17.08277309,958.12
145.60723961,-17.08277292,970.26
145.60721293,-17.08277273,960.37
145.60718108,-17.08277252,960.54
145.60717506,-17.08277247,970.69
145.60716567,-17.08277241,972.36
145.60716529,-17.08277241,960.25
145.60715975,-17.08277237,971.26
145.60714424,-17.08277227,977.92
145.60714048,-17.08277224,977.96
145.60711793,-17.08277208,973.45
145.60709989,-17.08277196,971.63
145.60709303,-17.08277191,974.33
145.60705714,-17.08277167,963.26
145.60705273,-17.08277164,968.98
145.60702350,-17.08277143,965.10
145.60700903,-17.08277133,971.39
145.60700697,-17.08277132,971.40
145.60697746,-17.08277112,971.10
145.60696065,-17.08277100,971.17
145.60695379,-17.08277095,969.45
145.60691940,-17.08277072,965.01
145.60690117,-17.08277059,964.34
145.60688134,-17.08277046,958.70
145.60687693,-17.08277043,956.75
145.60686922,-17.08277037,956.85
145.60682675,-17.08277008,966.42
145.60679988,-17.08276990,966.38
145.60678701,-17.08276981,957.76
145.60677639,-17.08276974,963.99
145.60677460,-17.08276972,958.37
145.60677254,-17.08276971,958.30
145.60676944,-17.08276969,964.30
145.60676718,-17.08276967,963.97
145.60675121,-17.08276956,952.74
145.60674792,-17.08276954,949.98
145.60674144,-17.08276950,954.75
145.60673072,-17.08276942,939.98
145.60672997,-17.08276942,964.66
145.60672321,-17.08276937,966.33
145.60671372,-17.08276931,959.27
145.60669229,-17.08276916,960.68
145.60667689,-17.08276905,963.24
145.60667660,-17.08276905,956.29
145.60667425,-17.08276904,962.95
145.60665311,-17.08276889,951.92
145.60663780,-17.08276879,967.40
145.60662051,-17.08276867,964.32
145.60659599,-17.08276850,970.13
145.60657578,-17.08276836,967.24
145.60656827,-17.08276831,966.69
145.60656686,-17.08276830,965.81
145.60652260,-17.08276799,956.65
145.60650437,-17.08276787,961.11
145.60650071,-17.08276784,963.38
145.60648135,-17.08276771,958.42
145.60646040,-17.08276756,952.41
145.60645270,-17.08276751,964.83
145.60643926,-17.08276742,962.37
145.60642939,-17.08276735,962.23
145.60642329,-17.08276731,962.35
145.60641990,-17.08276729,962.27
145.60640929,-17.08276721,960.57
145.60637828,-17.08276700,945.59
145.60636719,-17.08276692,946.64
145.60635742,-17.08276686,946.34
145.60633280,-17.08276669,957.81
145.60632322,-17.08276662,945.43
145.60631439,-17.08276656,959.45
145.60631091,-17.08276654,951.47
145.60630330,-17.08276648,958.46
145.60630283,-17.08276648,937.76
145.60629437,-17.08276642,947.95
145.60629353,-17.08276642,961.33
145.60629240,-17.08276641,948.45
145.60625031,-17.08276612,958.38
145.60624880,-17.08276611,958.31
145.60623725,-17.08276603,956.69
145.60623321,-17.08276600,951.11
145.60621385,-17.08276587,956.05
145.60619938,-17.08276577,958.77
145.60619806,-17.08276576,955.68
145.60619496,-17.08276574,955.79
145.60619374,-17.08276573,955.96
145.60619355,-17.08276573,955.88
145.60619158,-17.08276572,956.10
145.60618510,-17.08276567,958.18
145.60616988,-17.08276557,957.78
145.60612684,-17.08276527,958.69
145.60611500,-17.08276519,958.12
145.60611378,-17.08276518,958.00
145.60597754,-17.08276424,941.80
145.60595302,-17.08276408,957.22
145.60589833,-17.08276370,941.26
145.60589805,-17.08276370,938.48
145.60589100,-17.08276365,952.06
145.60587437,-17.08276354,953.92
145.60584609,-17.08276334,946.51
145.60583829,-17.08276329,957.91
145.60580437,-17.08276306,963.60
145.60579601,-17.08276300,939.95
145.60578746,-17.08276294,965.29
145.60578220,-17.08276290,965.47
145.60578013,-17.08276289,965.29
145.60576387,-17.08276278,964.56
145.60572573,-17.08276252,951.11
145.60570956,-17.08276240,961.25
145.60568438,-17.08276223,954.54
145.60567161,-17.08276214,958.24
145.60564332,-17.08276195,959.83
145.60562359,-17.08276181,962.45
145.60558657,-17.08276156,962.90
145.60557389,-17.08276147,961.81
145.60557332,-17.08276147,961.74
145.60557060,-17.08276145,960.44
145.60556891,-17.08276144,960.46
145.60554964,-17.08276130,966.01
145.60553471,-17.08276120,968.95
145.60553311,-17.08276119,971.68
145.60552484,-17.08276113,972.53
145.60550454,-17.08276099,973.54
145.60550032,-17.08276096,969.37
145.60547147,-17.08276077,970.67
145.60546236,-17.08276070,977.19
145.60540147,-17.08276028,972.74
145.60536943,-17.08276007,949.47
145.60535646,-17.08275998,979.18
145.60532734,-17.08275977,977.56
145.60531174,-17.08275967,979.98
145.60530864,-17.08275965,978.82
145.60526363,-17.08275933,974.27
145.60526184,-17.08275932,978.66
145.60522736,-17.08275909,982.11
145.60522379,-17.08275906,982.18
145.60521909,-17.08275903,982.33
145.60518950,-17.08275883,984.63
145.60514515,-17.08275852,984.89
145.60513923,-17.08275848,986.10
145.60513735,-17.08275847,985.02
145.60511461,-17.08275831,984.81
145.60506622,-17.08275798,984.78
145.60505213,-17.08275788,997.10
145.60502873,-17.08275772,990.67
145.60502281,-17.08275768,986.83
145.60501501,-17.08275762,1000.51
145.60499998,-17.08275752,994.91
145.60499086,-17.08275746,994.96
145.60498353,-17.08275741,990.04
145.60492594,-17.08275701,1002.33
145.60492472,-17.08275701,1005.02
145.60491617,-17.08275695,1006.12
145.60491072,-17.08275691,1000.44
145.60490865,-17.08275689,1004.07
145.60488629,-17.08275674,1003.30
145.60485472,-17.08275652,1007.55
145.60484974,-17.08275649,1005.89
145.60482850,-17.08275634,1007.88
145.60482493,-17.08275632,1006.49
145.60482268,-17.08275630,999.55
145.60478284,-17.08275603,1004.07
145.60476104,-17.08275588,1006.79
145.60472646,-17.08275564,1007.40
145.60471838,-17.08275558,1009.75
145.60469160,-17.08275540,1000.80
145.60467957,-17.08275532,1002.16
145.60467722,-17.08275530,1001.30
145.60466745,-17.08275523,1011.65
145.60466670,-17.08275523,1000.41
145.60459905,-17.08275476,1007.88
145.60458364,-17.08275466,1017.81
145.60457706,-17.08275461,1008.25
145.60457612,-17.08275461,1008.39
145.60456203,-17.08275451,1010.04
145.60456184,-17.08275451,1014.57
145.60454502,-17.08275439,1006.97
145.60453591,-17.08275433,1011.41
145.60452849,-17.08275428,1012.31
145.60452078,-17.08275422,1009.70
145.60449926,-17.08275408,1016.77
145.60449851,-17.08275407,1009.25
145.60448141,-17.08275396,1005.30
145.60447192,-17.08275389,1009.37
145.60445012,-17.08275374,1019.22
145.60444900,-17.08275373,1019.26
145.60442504,-17.08275357,1009.18
145.60441611,-17.08275350,1017.15
145.60440220,-17.08275341,1015.33
145.60439328,-17.08275335,1019.69
145.60438651,-17.08275330,1020.12
145.60432290,-17.08275286,1030.28
145.60432149,-17.08275285,1034.26
145.60431886,-17.08275283,1031.22
145.60430768,-17.08275276,1030.29
145.60427630,-17.08275254,1024.56
145.60421485,-17.08275212,1031.09
145.60418572,-17.08275192,1034.78
145.60417360,-17.08275184,1030.28
145.60417022,-17.08275181,1034.11
145.60416899,-17.08275180,1032.65
145.60415537,-17.08275171,1028.48
145.60413977,-17.08275160,1028.08
145.60413836,-17.08275159,1028.05
145.60411741,-17.08275145,1020.63
145.60411703,-17.08275144,1035.00
145.60410830,-17.08275139,1035.83
145.60410726,-17.08275138,1033.47
145.60406827,-17.08275111,1026.07
145.60405840,-17.08275104,1041.14
145.60403454,-17.08275088,1034.18
145.60402232,-17.08275079,1038.60
145.60399639,-17.08275061,1041.74
145.60399132,-17.08275058,1040.06
145.60397985,-17.08275050,1044.24
145.60397271,-17.08275045,1042.27
145.60395946,-17.08275036,1042.77
145.60395533,-17.08275033,1038.52
145.60392376,-17.08275011,1035.76
145.60389068,-17.08274989,1044.30
145.60388740,-17.08274987,1033.12
145.60387622,-17.08274979,1041.75
145.60386729,-17.08274973,1037.18
145.60384756,-17.08274959,1039.07
145.60383497,-17.08274950,1039.29
145.60381655,-17.08274938,1040.18
145.60379334,-17.08274922,1037.43
145.60378507,-17.08274916,1038.10
145.60374289,-17.08274887,1045.28
145.60373377,-17.08274881,1021.32
145.60370267,-17.08274859,1042.75
145.60369281,-17.08274852,1041.45
145.60368435,-17.08274847,1030.77
145.60366668,-17.08274835,1030.83
145.60366631,-17.08274834,1025.18
145.60366048,-17.08274830,1027.86
145.60364611,-17.08274820,1028.55
145.60361482,-17.08274799,1031.87
145.60358287,-17.08274777,1028.67
145.60356549,-17.08274765,1036.89
145.60356323,-17.08274763,1037.46
145.60355224,-17.08274756,1011.80
145.60350272,-17.08274722,1028.81
145.60350066,-17.08274720,1006.53
145.60349126,-17.08274714,1006.58
145.60347378,-17.08274702,1024.70
145.60339683,-17.08274649,1019.90
145.60330560,-17.08274586,1030.41
145.60329235,-17.08274577,1033.07
145.60328333,-17.08274570,1013.26
145.60327957,-17.08274568,1033.41
145.60326999,-17.08274561,1028.28
145.60324800,-17.08274546,1029.02
145.60324264,-17.08274542,1030.58
145.60322817,-17.08274532,1005.60
145.60316033,-17.08274486,1015.66
145.60315892,-17.08274485,1033.83
145.60312707,-17.08274463,1035.06
145.60312313,-17.08274460,1020.33
145.60311223,-17.08274453,1035.70
145.60309907,-17.08274443,1036.16
145.60308770,-17.08274436,1033.76
145.60308113,-17.08274431,1031.19
145.60307802,-17.08274429,1003.58
145.60306440,-17.08274420,1008.94
145.60304993,-17.08274410,1012.85
145.60299863,-17.08274374,1003.54
145.60290739,-17.08274311,1007.17
145.60290495,-17.08274310,1034.22
145.60289480,-17.08274303,1034.83
145.60285092,-17.08274273,1030.97
145.60284190,-17.08274266,1031.79
145.60280761,-17.08274243,1010.46
145.60276918,-17.08274216,1028.93
145.60276720,-17.08274215,1040.78
145.60275649,-17.08274208,1040.89
145.60270585,-17.08274173,1022.50
145.60269673,-17.08274166,1036.38
145.60269222,-17.08274163,1020.21
145.60268311,-17.08274157,1031.97
145.60266263,-17.08274143,1038.83
145.60265887,-17.08274140,1040.59
145.60265877,-17.08274140,1038.71
145.60265765,-17.08274139,1040.81
145.60265257,-17.08274136,1040.35
145.60265098,-17.08274135,1037.27
145.60264374,-17.08274130,1038.11
145.60263970,-17.08274127,1039.44
145.60258107,-17.08274086,1032.71
145.60256510,-17.08274076,1036.79
145.60256350,-17.08274075,1004.21
145.60255016,-17.08274065,1033.60
145.60254884,-17.08274065,1038.85
145.60254659,-17.08274063,1033.74
145.60254283,-17.08274060,1035.54
145.60254076,-17.08274059,1035.65
145.60253982,-17.08274058,1035.72
145.60252986,-17.08274051,1035.27
145.60252526,-17.08274048,1040.06
145.60251220,-17.08274039,1032.43
145.60247771,-17.08274015,1039.16
145.60242867,-17.08273981,1040.69
145.60241899,-17.08273975,1039.78
145.60238545,-17.08273952,1035.18
145.60235256,-17.08273929,1024.95
145.60233226,-17.08273915,1023.22
145.60229374,-17.08273889,1017.63
145.60228425,-17.08273882,1020.33
145.60228387,-17.08273882,1028.87
145.60225804,-17.08273864,1033.97
145.60222477,-17.08273841,1022.33
145.60221791,-17.08273836,1015.70
145.60221340,-17.08273833,1014.27
145.60221190,-17.08273832,1031.41
145.60212593,-17.08273773,1031.74
145.60212123,-17.08273769,1002.68
145.60210310,-17.08273757,1010.67
145.60210122,-17.08273756,1033.35
145.60204014,-17.08273714,1031.68
145.60202614,-17.08273704,1018.72
145.60201881,-17.08273699,1014.03
145.60200472,-17.08273689,1029.57
145.60199485,-17.08273683,1024.84
145.60199297,-17.08273681,1029.68
145.60198536,-17.08273676,1023.28
145.60198151,-17.08273673,1029.69
145.60198095,-17.08273673,1031.19
145.60197935,-17.08273672,1018.45
145.60196403,-17.08273661,1029.21
145.60193754,-17.08273643,1020.58
145.60192138,-17.08273632,1027.33
145.60189009,-17.08273610,1026.03
145.60188548,-17.08273607,1022.12
145.60188069,-17.08273604,1024.70
145.60187919,-17.08273603,1024.71
145.60187562,-17.08273600,1017.38
145.60186472,-17.08273593,1022.69
145.60186209,-17.08273591,1022.55
145.60185814,-17.08273588,1022.26
145.60185673,-17.08273587,1022.36
145.60178645,-17.08273539,1028.80
145.60177480,-17.08273531,1023.03
145.60176662,-17.08273525,1029.46
145.60175958,-17.08273520,1002.66
145.60175836,-17.08273519,1025.78
145.60175281,-17.08273516,1028.60
145.60172359,-17.08273495,1013.19
145.60171025,-17.08273486,1013.33
145.60170470,-17.08273482,1017.76
145.60169099,-17.08273473,1025.28
145.60168573,-17.08273469,1021.13
145.60168413,-17.08273468,1025.45
145.60162615,-17.08273428,1037.82
145.60162127,-17.08273425,1037.68
145.60160172,-17.08273411,1040.01
145.60159919,-17.08273410,1039.77
145.60159308,-17.08273406,1042.22
145.60158763,-17.08273402,1042.50
145.60157551,-17.08273393,1041.50
145.60157006,-17.08273389,1027.88
145.60156489,-17.08273386,1043.66
145.60154084,-17.08273369,1014.01
145.60153398,-17.08273365,1033.82
145.60151528,-17.08273352,1019.74
145.60149489,-17.08273338,1016.63
145.60149095,-17.08273335,1020.27
145.60148879,-17.08273334,1016.76
145.60148709,-17.08273332,1013.56
145.60145261,-17.08273309,1021.19
145.60143861,-17.08273299,1032.57
145.60141108,-17.08273280,1031.83
145.60140554,-17.08273276,1031.87
145.60139229,-17.08273267,1031.14
145.60138862,-17.08273264,1033.09
145.60138703,-17.08273263,1014.69
145.60136842,-17.08273251,1030.73
145.60135405,-17.08273240,1021.87
145.60135019,-17.08273238,1022.20
145.60134850,-17.08273237,1033.04
145.60134738,-17.08273236,1022.29
145.60134042,-17.08273231,1033.05
145.60133845,-17.08273230,1020.97
145.60133150,-17.08273225,1023.72
145.60132595,-17.08273221,1023.53
145.60131881,-17.08273216,1035.59
145.60130763,-17.08273208,1029.36
145.60128715,-17.08273194,1029.18
145.60126911,-17.08273182,1030.98
145.60126572,-17.08273180,1035.43
145.60126065,-17.08273176,1030.22
145.60124336,-17.08273164,1024.97
145.60119648,-17.08273132,1014.61
145.60118069,-17.08273121,1019.26
145.60116848,-17.08273113,1022.58
145.60115729,-17.08273105,1028.38
145.60115297,-17.08273102,1029.16
145.60113211,-17.08273087,1020.28
145.60111652,-17.08273077,1023.26
145.60108964,-17.08273058,1035.61
145.60108870,-17.08273058,1026.45
145.60108175,-17.08273053,1039.61
145.60105582,-17.08273035,1026.25
145.60103750,-17.08273022,1042.06
145.60103627,-17.08273021,1038.20
145.60097351,-17.08272978,1030.56
145.60097013,-17.08272976,1034.65
145.60096994,-17.08272976,1040.97
145.60096693,-17.08272973,1034.76
145.60096468,-17.08272972,1032.68
145.60095678,-17.08272967,1034.48
145.60094955,-17.08272961,1032.21
145.60093038,-17.08272948,1026.33
145.60092380,-17.08272944,1024.34
145.60091873,-17.08272940,1022.47
145.60086950,-17.08272906,1008.92
145.60085305,-17.08272895,1020.48
145.60084788,-17.08272891,1017.45
145.60084225,-17.08272887,1018.64
145.60080617,-17.08272863,1023.66
145.60080400,-17.08272861,1023.58
145.60080081,-17.08272859,1019.91
145.60080062,-17.08272859,1019.03
145.60078935,-17.08272851,1023.78
145.60073898,-17.08272816,1012.57
145.60073523,-17.08272814,1019.50
145.60073194,-17.08272811,1019.89
145.60072912,-17.08272809,1019.94
145.60071719,-17.08272801,1020.92
145.60071277,-17.08272798,1021.23
145.60070610,-17.08272793,1021.00
145.60070215,-17.08272791,1015.70
145.60069426,-17.08272785,1020.36
145.60068834,-17.08272781,1020.42
145.60068139,-17.08272776,1020.95
145.60067584,-17.08272773,1018.80
145.60066654,-17.08272766,1020.88
145.60064221,-17.08272749,1018.61
145.60062839,-17.08272740,1018.27
145.60060631,-17.08272725,1023.09
145.60060199,-17.08272722,1023.19
145.60059889,-17.08272720,1020.58
145.60059870,-17.08272719,1013.93
145.60056845,-17.08272698,1017.61
145.60046349,-17.08272626,990.74
145.60045156,-17.08272618,1016.10
145.60044686,-17.08272615,1015.87
145.60039697,-17.08272580,998.65
145.60038391,-17.08272571,997.85
145.60037376,-17.08272564,1003.05
145.60037076,-17.08272562,1002.83
145.60036437,-17.08272558,1004.14
145.60035901,-17.08272554,1007.48
145.60034924,-17.08272547,1006.74
145.60033721,-17.08272539,1001.98
145.60033139,-17.08272535,1014.99
145.60032810,-17.08272533,1013.34
145.60030714,-17.08272518,1005.28
145.60028544,-17.08272503,1017.65
145.60027200,-17.08272494,1014.86
145.60026261,-17.08272487,1017.99
145.60024034,-17.08272472,1006.65
145.60023987,-17.08272472,1017.91
145.60020614,-17.08272448,1012.79
145.60020473,-17.08272447,1003.83
145.60019016,-17.08272437,1012.13
145.60018331,-17.08272433,1011.70
145.60017250,-17.08272425,1010.01
145.60015333,-17.08272412,1006.03
145.60013670,-17.08272400,992.57
145.60012731,-17.08272394,1021.91
145.60012524,-17.08272393,1022.05
145.60011932,-17.08272389,1009.98
145.60011481,-17.08272386,1020.43
145.60006022,-17.08272348,1024.60
145.60005843,-17.08272346,1024.60
145.60003833,-17.08272333,1016.81
145.60003551,-17.08272331,1029.11
145.60003438,-17.08272330,1017.41
145.60002301,-17.08272322,1020.61
145.60002254,-17.08272322,1025.10
145.60002169,-17.08272321,1025.62
145.60001211,-17.08272314,1026.53
145.60001202,-17.08272314,1026.71
145.60000131,-17.08272307,1031.11
145.59993675,-17.08272263,1034.89
145.59992924,-17.08272257,1026.29
145.59990960,-17.08272244,1035.77
145.59989870,-17.08272236,1019.46
145.59989795,-17.08272236,1029.55
145.59987371,-17.08272219,1032.60
145.59985078,-17.08272203,1029.24
145.59984994,-17.08272203,1029.20
145.59984759,-17.08272201,1007.50
145.59984740,-17.08272201,1025.91
145.59980841,-17.08272174,1025.49
145.59980343,-17.08272170,1024.77
145.59978914,-17.08272161,1000.92
145.59976415,-17.08272143,1023.09
145.59974301,-17.08272128,1020.96
145.59974094,-17.08272127,1020.25
145.59972619,-17.08272117,1018.57
145.59972497,-17.08272116,1018.61
145.59971858,-17.08272112,1010.13
145.59970683,-17.08272104,1026.26
145.59965732,-17.08272070,1025.72
145.59964548,-17.08272061,1024.79
145.59959530,-17.08272027,1038.77
145.59958600,-17.08272020,1035.89
145.59958553,-17.08272020,1020.64
145.59956665,-17.08272007,1039.34
145.59954043,-17.08271989,1008.85
145.59953639,-17.08271986,1008.38
145.59952474,-17.08271978,1025.01
145.59952070,-17.08271975,1024.51
145.59952023,-17.08271975,1024.72
145.59951826,-17.08271974,1023.58
145.59949270,-17.08271956,1011.90
145.59948988,-17.08271954,1006.33
145.59948697,-17.08271952,1037.84
145.59945352,-17.08271929,1037.87
145.59944083,-17.08271920,1027.12
145.59942674,-17.08271910,1025.25
145.59942402,-17.08271908,1026.59
145.59941575,-17.08271903,1029.22
145.59938681,-17.08271883,1037.20
145.59937328,-17.08271873,1033.57
145.59937168,-17.08271872,1037.46
145.59935655,-17.08271862,1037.45
145.59935636,-17.08271862,1036.96
145.59932113,-17.08271837,1040.78
145.59930065,-17.08271823,1038.62
145.59926663,-17.08271800,1040.95
145.59926626,-17.08271799,1039.55
145.59925799,-17.08271794,1040.75
145.59923722,-17.08271779,1017.01
145.59923384,-17.08271777,1034.20
145.59923196,-17.08271776,1034.20
145.59918367,-17.08271742,1040.82
145.59915905,-17.08271725,1043.17
145.59914787,-17.08271718,1042.43
145.59913518,-17.08271709,1043.22
145.59911771,-17.08271697,1037.25
145.59911461,-17.08271694,1041.41
145.59908811,-17.08271676,1018.68
145.59908407,-17.08271674,1035.92
145.59907495,-17.08271667,1043.84
145.59907279,-17.08271666,1046.79
145.59904432,-17.08271646,1041.88
145.59903455,-17.08271639,1038.64
145.59903098,-17.08271637,1038.67
145.59901595,-17.08271626,1038.76
145.59901407,-17.08271625,1038.72
145.59901322,-17.08271624,1038.78
145.59901266,-17.08271624,1038.65
145.59900862,-17.08271621,1033.59
145.59899885,-17.08271615,1035.52
145.59899603,-17.08271613,1038.61
145.59898588,-17.08271605,1038.78
145.59897987,-17.08271601,1035.50
145.59897827,-17.08271600,1037.08
145.59897489,-17.08271598,1039.56
145.59897197,-17.08271596,1036.16
145.59894614,-17.08271578,1036.72
145.59892659,-17.08271565,1037.81
145.59891738,-17.08271558,1036.45
145.59890893,-17.08271553,1037.54
145.59888704,-17.08271537,1045.98
145.59886411,-17.08271522,1044.68
145.59886007,-17.08271519,1040.31
145.59885734,-17.08271517,1044.49
145.59884814,-17.08271510,1044.71
145.59882577,-17.08271495,1043.66
145.59881882,-17.08271490,1051.23
145.59881356,-17.08271487,1048.23
145.59881281,-17.08271486,1051.25
145.59879683,-17.08271475,1049.47
145.59879345,-17.08271473,1028.22
145.59876724,-17.08271455,1054.14
145.59870034,-17.08271408,1017.06
145.59867346,-17.08271390,1049.11
145.59864979,-17.08271373,1052.17
145.59864452,-17.08271370,1051.38
145.59863832,-17.08271366,1048.38
145.59863278,-17.08271361,1038.07
145.59858627,-17.08271329,1045.10
145.59855385,-17.08271307,1042.98
145.59854474,-17.08271301,1038.24
145.59853825,-17.08271314,1044.47
145.59853747,-17.08271820,1043.33
145.59853712,-17.08276384,1056.03
145.59853670,-17.08282122,1053.78
145.59853667,-17.08282456,1059.46
145.59853645,-17.08285411,1058.10
145.59853637,-17.08286432,1033.50
145.59853623,-17.08288321,1056.79
145.59853606,-17.08290589,1030.94
145.59853603,-17.08291032,1041.59
145.59853600,-17.08291475,1031.22
145.59853566,-17.08295975,1056.10
145.59853562,-17.08296527,1057.97
145.59853543,-17.08299102,1058.88
145.59853538,-17.08299690,1059.23
145.59853530,-17.08300846,1057.14
145.59853528,-17.08301072,1047.71
145.59853528,-17.08301127,1043.38
145.59853526,-17.08301316,1047.87
145.59853523,-17.08301786,1052.90
145.59853522,-17.08301867,1043.94
145.59853518,-17.08302347,1061.16
145.59853510,-17.08303503,1062.30
145.59853491,-17.08305970,1056.37
145.59853486,-17.08306702,1062.68
145.59853470,-17.08308798,1058.04
145.59853458,-17.08310425,1068.73
145.59853458,-17.08310452,1067.79
145.59853442,-17.08312513,1070.88
145.59853441,-17.08312657,1071.27
145.59853440,-17.08312829,1071.57
145.59853428,-17.08314392,1073.76
145.59853424,-17.08314925,1074.64
145.59853421,-17.08315341,1075.02
145.59853418,-17.08315838,1058.56
145.59853417,-17.08315946,1062.88
145.59853416,-17.08316109,1063.20
145.59853413,-17.08316507,1073.57
145.59853410,-17.08316841,1076.07
145.59853403,-17.08317853,1073.94
145.59853396,-17.08318721,1062.23
145.59853393,-17.08319190,1076.91
145.59853382,-17.08320610,1075.08
145.59853380,-17.08320926,1066.68
145.59853376,-17.08321459,1076.52
145.59853374,-17.08321703,1063.83
145.59853372,-17.08321974,1076.15
145.59853366,-17.08322760,1073.66
145.59853343,-17.08325824,1074.56
145.59853341,-17.08326104,1074.66
145.59853335,-17.08326854,1073.21
145.59853332,-17.08327333,1061.74
145.59853279,-17.08334436,1081.79
145.59853273,-17.08335213,1082.03
145.59853271,-17.08335484,1082.12
145.59853269,-17.08335692,1059.05
145.59853256,-17.08337508,1082.85
145.59853248,-17.08338538,1085.14
145.59853239,-17.08339804,1079.23
145.59853232,-17.08340725,1081.71
145.59853224,-17.08341737,1081.98
145.59853218,-17.08342488,1080.93
145.59853209,-17.08343689,1077.61
145.59853206,-17.08344205,1069.33
145.59853194,-17.08345741,1084.89
145.59853189,-17.08346437,1085.32
145.59853182,-17.08347430,1085.66
145.59853177,-17.08347982,1085.21
145.59853167,-17.08349319,1085.56
145.59853153,-17.08351289,1085.81
145.59853151,-17.08351470,1081.39
145.59853145,-17.08352265,1079.53
145.59853128,-17.08354534,1086.63
145.59853115,-17.08356287,1088.53
145.59853111,-17.08356820,1088.22
145.59853110,-17.08356955,1075.60
145.59853110,-17.08357001,1088.41
145.59853108,-17.08357317,1068.15
145.59853106,-17.08357525,1080.34
145.59853105,-17.08357651,1080.57
145.59853102,-17.08358076,1089.32
145.59853092,-17.08359404,1084.77
145.59853083,-17.08360579,1087.55
145.59853080,-17.08361013,1074.71
145.59853075,-17.08361655,1074.87
145.59853062,-17.08363462,1068.02
145.59853049,-17.08365134,1091.72
145.59853046,-17.08365586,1091.89
145.59853044,-17.08365875,1091.67
145.59853041,-17.08366236,1089.38
145.59853036,-17.08366842,1089.43
145.59853025,-17.08368387,1068.89
145.59853022,-17.08368757,1068.61
145.59853010,-17.08370330,1088.20
145.59853008,-17.08370683,1085.05
145.59852998,-17.08372029,1092.95
145.59852997,-17.08372128,1091.13
145.59852991,-17.08372932,1092.53
145.59852989,-17.08373194,1091.91
145.59852974,-17.08375246,1091.59
145.59852964,-17.08376511,1093.76
145.59852953,-17.08377948,1094.63
145.59852934,-17.08380596,1094.47
145.59852928,-17.08381318,1093.80
145.59852870,-17.08389135,1072.28
145.59852869,-17.08389253,1074.20
145.59852850,-17.08391819,1074.80
145.59852847,-17.08392235,1076.12
145.59852846,-17.08392361,1075.73
145.59852834,-17.08393997,1092.45
145.59852833,-17.08394115,1090.62
145.59852824,-17.08395253,1092.86
145.59852824,-17.08395280,1092.64
145.59852802,-17.08398227,1079.33
145.59852795,-17.08399130,1080.14
145.59852776,-17.08401687,1096.37
145.59852774,-17.08402022,1101.77
145.59852765,-17.08403215,1097.50
145.59852763,-17.08403486,1100.91
145.59852762,-17.08403567,1096.95
145.59852760,-17.08403874,1097.61
145.59852759,-17.08404019,1097.71
145.59852728,-17.08408131,1099.23
145.59852715,-17.08409820,1099.56
145.59852670,-17.08415857,1096.61
145.59852654,-17.08417999,1095.22
145.59852654,-17.08418035,1075.69
145.59852650,-17.08418595,1095.41
145.59852638,-17.08420212,1094.99
145.59852636,-17.08420411,1098.44
145.59852618,-17.08422806,1089.37
145.59852615,-17.08423294,1081.75
145.59852608,-17.08424243,1078.94
145.59852582,-17.08427641,1075.89
145.59852574,-17.08428698,1076.16
145.59852571,-17.08429141,1084.36
145.59852570,-17.08429222,1086.27
145.59852569,-17.08429421,1086.32
145.59852564,-17.08430036,1086.52
145.59852560,-17.08430623,1088.32
145.59852535,-17.08433940,1093.86
145.59852534,-17.08434048,1084.87
145.59852526,-17.08435123,1094.20
145.59852520,-17.08435982,1094.35
145.59852497,-17.08439054,1095.29
145.59852472,-17.08442326,1097.95
145.59852468,-17.08442967,1096.40
145.59852458,-17.08444205,1093.52
145.59852456,-17.08444485,1101.01
145.59852442,-17.08446338,1100.33
145.59852435,-17.08447332,1099.42
145.59852428,-17.08448218,1101.59
145.59852425,-17.08448606,1101.71
145.59852425,-17.08448660,1101.85
145.59852412,-17.08450467,1102.83
145.59852409,-17.08450757,1096.27
145.59852403,-17.08451642,1102.58
145.59852402,-17.08451733,1096.57
145.59852402,-17.08451751,1102.91
145.59852401,-17.08451823,1102.67
145.59852371,-17.08455926,1100.03
145.59852368,-17.08456323,1100.10
145.59852360,-17.08457399,1104.28
145.59852359,-17.08457507,1104.25
145.59852358,-17.08457661,1102.33
145.59852325,-17.08462008,1099.47
145.59852310,-17.08464095,1096.23
145.59852308,-17.08464294,1096.29
145.59852291,-17.08466634,1097.01
145.59852277,-17.08468496,1097.57
145.59852263,-17.08470276,1074.25
145.59852249,-17.08472273,1093.70
145.59852246,-17.08472589,1080.07
145.59852234,-17.08474279,1081.53
145.59852204,-17.08478238,1078.56
145.59852202,-17.08478491,1084.68
145.59852197,-17.08479123,1083.87
145.59852194,-17.08479593,1077.86
145.59852191,-17.08480009,1094.89
145.59852185,-17.08480777,1096.28
145.59852175,-17.08482132,1067.77
145.59852160,-17.08484084,1091.15
145.59852143,-17.08486443,1089.54
145.59852142,-17.08486561,1069.00
145.59852129,-17.08488268,1069.92
145.59852099,-17.08492236,1073.62
145.59852090,-17.08493519,1066.09
145.59852083,-17.08494396,1083.07
145.59852072,-17.08495959,1074.54
145.59852070,-17.08496230,1082.58
145.59852058,-17.08497820,1068.85
145.59852043,-17.08499736,1073.32
145.59852026,-17.08502013,1093.64
145.59852009,-17.08504264,1090.47
145.59852005,-17.08504896,1090.67
145.59851993,-17.08506514,1094.40
145.59851983,-17.08507815,1075.06
145.59851975,-17.08508873,1067.67
145.59851975,-17.08508899,1068.32
145.59851944,-17.08513011,1093.68
145.59851922,-17.08515957,1087.02
145.59851902,-17.08518659,1083.86
145.59851901,-17.08518731,1069.80
145.59851898,-17.08519211,1070.02
145.59851875,-17.08522256,1091.89
145.59851862,-17.08523936,1094.32
145.59851855,-17.08524921,1077.74
145.59851838,-17.08527235,1095.45
145.59851827,-17.08528663,1091.11
145.59851777,-17.08535368,1099.14
145.59851744,-17.08539796,1092.11
145.59851692,-17.08546763,1095.27
145.59851650,-17.08552330,1098.94
145.59851590,-17.08560336,1098.71
145.59851569,-17.08563219,1084.93
145.59851557,-17.08564864,1095.19
145.59851542,-17.08566789,1093.03
145.59851520,-17.08569708,1086.01
145.59851492,-17.08573521,1084.87
145.59851477,-17.08575446,1078.73
145.59851458,-17.08578022,1084.60
145.59851457,-17.08578175,1093.68
145.59851454,-17.08578627,1070.74
145.59851447,-17.08579476,1090.88
145.59851444,-17.08579946,1089.58
145.59851438,-17.08580669,1088.64
145.59851438,-17.08580678,1077.22
145.59851353,-17.08592074,1091.44
145.59851283,-17.08601526,1082.92
145.59851254,-17.08605330,1084.41
145.59851244,-17.08606632,1072.36
145.59851242,-17.08606957,1077.19
145.59851232,-17.08608313,1071.89
145.59851228,-17.08608855,1070.81
145.59851197,-17.08612939,1078.35
145.59851184,-17.08614657,1060.62
145.59851159,-17.08618046,1079.49
145.59851086,-17.08627769,1066.12
145.59851070,-17.08629920,1073.69
145.59851056,-17.08631889,1070.02
145.59851020,-17.08636634,1074.76
145.59850989,-17.08640872,1058.56
145.59850983,-17.08641568,1073.84
145.59850960,-17.08644668,1060.67
145.59850934,-17.08648219,1077.46
145.59850887,-17.08654409,1082.00
145.59850876,-17.08655891,1086.14
145.59850853,-17.08659027,1065.04
145.59850845,-17.08660030,1086.83
145.59850845,-17.08660039,1083.38
145.59850843,-17.08660292,1083.13
145.59850806,-17.08665253,1059.85
145.59850785,-17.08668118,1078.17
145.59850783,-17.08668425,1061.62
145.59850779,-17.08668859,1095.57
145.59850740,-17.08674127,1084.08
145.59850728,-17.08675700,1082.38
145.59850720,-17.08676847,1086.72
145.59850715,-17.08677471,1087.29
145.59850711,-17.08678022,1080.92
145.59850655,-17.08685505,1086.22
145.59850626,-17.08689345,1083.76
145.59850603,-17.08692436,1082.13
145.59850602,-17.08692617,1087.62
145.59850579,-17.08695698,1092.36
145.59850578,-17.08695780,1092.31
145.59850480,-17.08708892,1077.83
145.59850400,-17.08719609,1071.43
145.59850346,-17.08726857,1066.77
145.59850297,-17.08733354,1092.71
145.59850290,-17.08734267,1093.71
145.59850269,-17.08737177,1087.07
145.59850241,-17.08740936,1094.30
145.59850238,-17.08741243,1094.48
145.59850209,-17.08745211,1095.21
145.59850206,-17.08745545,1066.97
145.59850193,-17.08747253,1088.20
145.59850183,-17.08748608,1077.51
145.59850181,-17.08748888,1096.35
145.59850165,-17.08751021,1084.53
145.59850140,-17.08754338,1100.63
145.59850116,-17.08757582,1102.57
145.59850109,-17.08758477,1099.11
145.59850103,-17.08759298,1101.81
145.59850100,-17.08759741,1103.99
145.59850095,-17.08760393,1100.42
145.59850088,-17.08761287,1104.99
145.59850076,-17.08762959,1101.53
145.59850073,-17.08763347,1100.39
145.59850065,-17.08764369,1088.85
145.59850063,-17.08764721,1096.67
145.59850059,-17.08765236,1103.42
145.59850058,-17.08765408,1103.73
145.59850053,-17.08766022,1097.79
145.59850047,-17.08766854,1103.76
145.59850042,-17.08767522,1103.01
145.59850024,-17.08769899,1104.29
145.59849999,-17.08773297,1103.74
145.59849994,-17.08773947,1102.27
145.59849974,-17.08776595,1099.59
145.59849974,-17.08776604,1101.19
145.59849947,-17.08780147,1097.46
145.59849946,-17.08780309,1097.69
145.59849923,-17.08783409,1119.09
145.59849919,-17.08783987,1111.51
145.59849895,-17.08787168,1109.60
145.59849890,-17.08787891,1118.52
145.59849887,-17.08788261,1111.26
145.59849886,-17.08788397,1117.46
145.59849879,-17.08789274,1118.97
145.59849852,-17.08792870,1114.63
145.59849805,-17.08799187,1122.02
145.59849778,-17.08802802,1112.56
145.59849775,-17.08803227,1113.28
145.59849763,-17.08804790,1115.97
145.59849758,-17.08805459,1117.28
145.59849756,-17.08805748,1117.73
145.59849738,-17.08808179,1118.70
145.59849660,-17.08818598,1123.34
145.59849646,-17.08820441,1122.32
145.59849622,-17.08823713,1119.99
145.59849606,-17.08825881,1125.32
145.59849539,-17.08834747,1106.66
145.59849533,-17.08835542,1131.70
145.59849514,-17.08838126,1137.44
145.59849502,-17.08839735,1121.31
145.59849500,-17.08839952,1138.16
145.59849497,-17.08840350,1139.10
145.59849463,-17.08844940,1132.84
145.59849421,-17.08850624,1133.33
145.59849416,-17.08851221,1144.52
145.59849404,-17.08852883,1145.72
145.59849390,-17.08854736,1146.76
145.59849378,-17.08856345,1145.66
145.59849374,-17.08856914,1146.63
145.59849340,-17.08861405,1151.98
145.59849330,-17.08862806,1149.03
145.59849284,-17.08868851,1152.06
145.59849261,-17.08871933,1127.11
145.59849261,-17.08872005,1132.27
145.59849252,-17.08873198,1147.18
145.59849216,-17.08878032,1153.70
145.59849196,-17.08880744,1147.56
145.59849167,-17.08884539,1153.85
145.59849158,-17.08885741,1155.04
145.59849139,-17.08888308,1152.80
145.59849062,-17.08898573,1140.79
145.59849032,-17.08902622,1164.08
145.59849016,-17.08904727,1146.35
145.59848999,-17.08907059,1159.28
145.59848997,-17.08907248,1154.13
145.59848997,-17.08907312,1154.22
145.59848995,-17.08907583,1144.89
145.59848955,-17.08912923,1162.65
145.59848950,-17.08913547,1167.42
145.59848918,-17.08917921,1168.45
145.59848913,-17.08918481,1158.76
145.59848910,-17.08918924,1168.68
145.59848903,-17.08919882,1163.03
145.59848900,-17.08920334,1158.30
145.59848894,-17.08921048,1164.04
145.59848891,-17.08921517,1164.48
145.59848889,-17.08921789,1174.82
145.59848865,-17.08924915,1170.58
145.59848860,-17.08925584,1170.10
145.59848858,-17.08925946,1170.23
145.59848849,-17.08927102,1172.52
145.59848839,-17.08928422,1164.52
145.59848837,-17.08928684,1171.31
145.59848826,-17.08930183,1172.34
145.59848814,-17.08931729,1176.40
145.59848810,-17.08932262,1178.38
145.59848804,-17.08933121,1160.60
145.59848804,-17.08933157,1172.34
145.59848802,-17.08933338,1160.82
145.59848802,-17.08933401,1161.82
145.59848801,-17.08933482,1154.53
145.59848801,-17.08933509,1172.19
145.59848785,-17.08935633,1179.67
145.59848782,-17.08936058,1178.31
145.59848775,-17.08937052,1177.59
145.59848771,-17.08937503,1178.88
145.59848763,-17.08938651,1168.00
145.59848749,-17.08940414,1163.19
145.59848734,-17.08942429,1165.85
145.59848720,-17.08944380,1167.52
145.59848704,-17.08946495,1159.10
145.59848697,-17.08947453,1164.25
145.59848672,-17.08950824,1173.01
145.59848665,-17.08951709,1174.14
145.59848660,-17.08952324,1175.48
145.59848655,-17.08953020,1175.41
145.59848654,-17.08953155,1175.50
145.59848653,-17.08953327,1175.59
145.59848650,-17.08953679,1175.93
145.59848650,-17.08953715,1172.67
145.59848648,-17.08954022,1173.32
145.59848644,-17.08954510,1170.49
145.59848638,-17.08955324,1174.07
145.59848626,-17.08956906,1181.06
145.59848620,-17.08957791,1182.75
145.59848611,-17.08958966,1184.72
145.59848610,-17.08959065,1184.35
145.59848610,-17.08959092,1184.60
145.59848599,-17.08960538,1182.10
145.59848581,-17.08963006,1181.03
145.59848580,-17.08963032,1178.13
145.59848549,-17.08967180,1189.84
145.59848525,-17.08970415,1192.29
145.59848520,-17.08971039,1192.46
145.59848503,-17.08973325,1187.36
145.59848502,-17.08973479,1187.48
145.59848498,-17.08974039,1191.34
145.59848488,-17.08975385,1191.42
145.59848485,-17.08975847,1187.83
145.59848475,-17.08977076,1186.67
145.59848470,-17.08977735,1184.24
145.59848469,-17.08977880,1183.47
145.59848443,-17.08981458,1188.03
145.59848436,-17.08982317,1186.46
145.59848435,-17.08982452,1187.27
145.59848426,-17.08983726,1184.68
145.59848421,-17.08984404,1184.96
145.59848410,-17.08985832,1174.98
145.59848402,-17.08986935,1189.06
145.59848401,-17.08986962,1189.39
145.59848400,-17.08987142,1189.67
145.59848399,-17.08987287,1189.79
145.59848398,-17.08987450,1190.09
145.59848396,-17.08987649,1184.31
145.59848378,-17.08990079,1200.12
145.59848375,-17.08990549,1193.60
145.59848369,-17.08991272,1189.79
145.59848368,-17.08991444,1193.52
145.59848365,-17.08991805,1188.93
145.59848323,-17.08997499,1189.59
145.59848313,-17.08998854,1203.61
145.59848311,-17.08999080,1184.68
145.59848310,-17.08999224,1188.26
145.59848308,-17.08999432,1203.39
145.59848304,-17.08999984,1204.60
145.59848303,-17.09000137,1203.48
145.59848286,-17.09002405,1205.70
145.59848286,-17.09002433,1206.16
145.59848265,-17.09005152,1196.67
145.59848252,-17.09007005,1198.76
145.59848251,-17.09007041,1207.25
145.59848247,-17.09007637,1210.12
145.59848247,-17.09007647,1199.90
145.59848245,-17.09007909,1201.40
145.59848243,-17.09008189,1210.45
145.59848233,-17.09009553,1210.52
145.59848223,-17.09010837,1204.73
145.59848216,-17.09011722,1209.20
145.59848213,-17.09012210,1209.00
145.59848205,-17.09013249,1203.36
145.59848201,-17.09013819,1211.21
145.59848185,-17.09015961,1212.02
145.59848182,-17.09016268,1215.80
145.59848178,-17.09016846,1215.37
145.59848170,-17.09017957,1211.47
145.59848168,-17.09018174,1217.50
145.59848168,-17.09018220,1217.56
145.59848167,-17.09018292,1217.61
145.59848166,-17.09018409,1217.66
145.59848131,-17.09023127,1210.61
145.59848114,-17.09025359,1214.70
145.59848114,-17.09025476,1214.78
145.59848111,-17.09025865,1206.19
145.59848107,-17.09026398,1205.39
145.59848102,-17.09026949,1194.85
145.59848079,-17.09030076,1196.91
145.59848078,-17.09030203,1206.98
145.59848078,-17.09030266,1207.73
145.59848077,-17.09030311,1206.82
145.59848077,-17.09030410,1206.96
145.59848072,-17.09031016,1211.74
145.59848071,-17.09031133,1207.60
145.59848070,-17.09031341,1211.70
145.59848068,-17.09031621,1214.32
145.59848067,-17.09031739,1214.42
145.59848060,-17.09032606,1217.11
145.59848057,-17.09032986,1218.30
145.59848056,-17.09033121,1215.59
145.59848051,-17.09033862,1210.02
145.59848046,-17.09034468,1212.86
145.59848041,-17.09035136,1217.69
145.59848041,-17.09035145,1217.45
145.59848039,-17.09035480,1217.78
145.59848031,-17.09036564,1212.17
145.59848024,-17.09037441,1220.70
145.59848023,-17.09037559,1220.28
145.59848022,-17.09037667,1220.66
145.59848020,-17.09037965,1221.39
145.59848019,-17.09038119,1217.87
145.59848017,-17.09038426,1219.31
145.59848012,-17.09039040,1213.56
145.59848008,-17.09039564,1210.00
145.59848007,-17.09039673,1210.10
145.59848007,-17.09039682,1221.98
145.59847993,-17.09041652,1221.39
145.59847982,-17.09043071,1226.84
145.59847981,-17.09043260,1205.10
145.59847967,-17.09045068,1226.10
145.59847931,-17.09049921,1223.67
145.59847902,-17.09053734,1225.06
145.59847900,-17.09054014,1226.17
145.59847895,-17.09054710,1228.56
145.59847889,-17.09055469,1217.89
145.59847883,-17.09056301,1229.71
145.59847881,-17.09056635,1229.48
145.59847880,-17.09056716,1229.91
145.59847868,-17.09058307,1230.20
145.59847867,-17.09058388,1219.32
145.59847867,-17.09058487,1219.69
145.59847863,-17.09059039,1230.39
145.59847844,-17.09061488,1231.06
145.59847843,-17.09061686,1231.71
145.59847834,-17.09062825,1223.79
145.59847827,-17.09063864,1232.05
145.59847806,-17.09066620,1229.56
145.59847800,-17.09067352,1225.23
145.59847794,-17.09068220,1218.52
145.59847787,-17.09069124,1215.25
145.59847787,-17.09069169,1215.31
145.59847770,-17.09071383,1216.28
145.59847770,-17.09071455,1234.51
145.59847755,-17.09073371,1217.30
145.59847753,-17.09073760,1218.69
145.59847736,-17.09075937,1232.52
145.59847733,-17.09076416,1240.12
145.59847699,-17.09080853,1230.90
145.59847692,-17.09081884,1221.12
145.59847591,-17.09095403,1235.68
145.59847580,-17.09096885,1223.05
145.59847556,-17.09100030,1235.06
145.59847553,-17.09100391,1223.02
145.59847533,-17.09103066,1222.11
145.59847478,-17.09110530,1219.77
145.59847471,-17.09111353,1222.47
145.59847443,-17.09115193,1219.18
145.59847433,-17.09116458,1219.72
145.59847424,-17.09117759,1224.01
145.59847415,-17.09118889,1225.62
145.59847405,-17.09120263,1225.79
145.59847405,-17.09120299,1221.08
145.59847394,-17.09121663,1223.29
145.59847388,-17.09122558,1224.77
145.59847380,-17.09123534,1224.43
145.59847366,-17.09125423,1224.83
145.59847353,-17.09127257,1220.19
145.59847341,-17.09128820,1224.61
145.59847325,-17.09130989,1223.01
145.59847317,-17.09132001,1220.88
145.59847301,-17.09134197,1222.70
145.59847300,-17.09134260,1224.11
145.59847272,-17.09138056,1214.24
145.59847269,-17.09138409,1214.84
145.59847266,-17.09138770,1215.48
145.59847255,-17.09140288,1209.90
145.59847231,-17.09143451,1208.79
145.59847229,-17.09143794,1219.41
145.59847211,-17.09146126,1222.80
145.59847206,-17.09146822,1220.73
145.59847164,-17.09152415,1204.03
145.59847134,-17.09156509,1210.98
145.59847114,-17.09159202,1209.99
145.59847105,-17.09160368,1201.76
145.59847095,-17.09161660,1197.90
145.59847083,-17.09163296,1202.02
145.59847041,-17.09168989,1220.65
145.59846942,-17.09182155,1204.82
145.59846941,-17.09182354,1200.81
145.59846935,-17.09183050,1202.12
145.59846927,-17.09184180,1200.15
145.59846865,-17.09192502,1193.69
145.59846862,-17.09192909,1202.54
145.59846821,-17.09198322,1188.20
145.59846806,-17.09200292,1185.18
145.59846803,-17.09200735,1185.40
145.59846777,-17.09204268,1181.86
145.59846761,-17.09206365,1185.44
145.59846716,-17.09212356,1190.04
145.59846689,-17.09216034,1188.36
145.59846687,-17.09216269,1187.96
145.59846685,-17.09216504,1187.90
145.59846670,-17.09218492,1187.82
145.59846654,-17.09220697,1179.10
145.59846605,-17.09227276,1185.85
145.59846579,-17.09230701,1184.12
145.59846506,-17.09240451,1182.25
145.59846441,-17.09249190,1187.73
145.59846437,-17.09249714,1181.53
145.59846433,-17.09250247,1186.97
145.59846427,-17.09251052,1188.57
145.59846422,-17.09251765,1189.55
145.59846406,-17.09253871,1188.31
145.59846397,-17.09255073,1188.90
145.59846369,-17.09258769,1185.23
145.59846296,-17.09268610,1177.49
145.59846288,-17.09269695,1185.80
145.59846245,-17.09275334,1188.28
145.59846240,-17.09275993,1187.85
145.59846201,-17.09281334,1176.60
145.59846189,-17.09282870,1181.59
145.59846183,-17.09283728,1173.97
145.59846181,-17.09283900,1183.08
145.59846173,-17.09285012,1178.59
145.59846148,-17.09288419,1203.14
145.59846102,-17.09294573,1196.84
145.59846052,-17.09301187,1192.42
145.59845988,-17.09309691,1203.44
145.59845967,-17.09312574,1194.23
145.59845872,-17.09325234,1187.15
145.59845869,-17.09325713,1188.54
145.59845842,-17.09329346,1202.88
145.59845831,-17.09330783,1189.03
145.59845826,-17.09331451,1192.67
145.59845825,-17.09331578,1207.31
145.59845818,-17.09332446,1210.03
145.59845809,-17.09333666,1190.46
145.59845793,-17.09335880,1200.96
145.59845753,-17.09341238,1197.29
145.59845744,-17.09342413,1204.08
145.59845742,-17.09342621,1204.19
145.59845695,-17.09348956,1206.02
145.59845662,-17.09353302,1196.11
145.59845634,-17.09357044,1213.72
145.59845633,-17.09357215,1189.51
145.59845631,-17.09357450,1213.92
145.59845625,-17.09358363,1202.57
145.59845595,-17.09362348,1204.43
145.59845593,-17.09362556,1204.52
145.59845593,-17.09362637,1203.64
145.59845591,-17.09362854,1200.89
145.59845576,-17.09364878,1218.13
145.59845499,-17.09375153,1197.50
145.59845487,-17.09376771,1197.17
145.59845458,-17.09380684,1217.46
145.59845416,-17.09386187,1212.77
145.59845416,-17.09386196,1225.52
145.59845413,-17.09386639,1212.53
145.59845400,-17.09388338,1208.42
145.59845325,-17.09398441,1217.24
145.59845238,-17.09410071,1217.86
145.59845234,-17.09410641,1208.40
145.59845232,-17.09410885,1208.55
145.59845228,-17.09411364,1208.96
145.59845195,-17.09415764,1207.76
145.59845191,-17.09416334,1228.37
145.59845151,-17.09421638,1222.03
145.59845141,-17.09423021,1210.33
145.59845140,-17.09423174,1218.27
145.59845105,-17.09427829,1229.25
145.59845089,-17.09429961,1215.10
145.59845081,-17.09431009,1226.04
145.59844961,-17.09447158,1214.76
145.59844932,-17.09451035,1227.37
145.59844909,-17.09453981,1215.05
145.59844876,-17.09458499,1225.02
145.59844873,-17.09458887,1223.15
145.59844865,-17.09459927,1227.75
145.59844840,-17.09463334,1232.16
145.59844830,-17.09464635,1222.63
145.59844818,-17.09466171,1222.43
145.59844768,-17.09472850,1218.96
145.59844747,-17.09475678,1217.78
145.59844745,-17.09476030,1217.80
145.59844674,-17.09485447,1205.79
145.59844651,-17.09488528,1207.33
145.59844637,-17.09490426,1196.27
145.59844615,-17.09493318,1210.81
145.59844594,-17.09496128,1214.44
145.59844579,-17.09498116,1211.51
145.59844574,-17.09498794,1213.50
145.59844572,-17.09499074,1214.12
145.59844544,-17.09502843,1218.15
145.59844510,-17.09507334,1190.44
145.59844502,-17.09508445,1188.39
145.59844467,-17.09513171,1196.01
145.59844457,-17.09514527,1212.23
145.59844444,-17.09516172,1207.38
145.59844443,-17.09516343,1195.04
145.59844425,-17.09518738,1196.92
145.59844403,-17.09521747,1207.37
145.59844380,-17.09524793,1197.73
145.59844355,-17.09528109,1194.43
145.59844352,-17.09528543,1203.40
145.59844338,-17.09530405,1198.94
145.59844322,-17.09532582,1198.58
145.59844287,-17.09537227,1201.61
145.59844284,-17.09537625,1201.48
145.59844282,-17.09537896,1194.49
145.59844277,-17.09538610,1200.00
145.59844270,-17.09539550,1199.22
145.59844252,-17.09541926,1197.51
145.59844229,-17.09544954,1194.89
145.59844202,-17.09548632,1199.11
145.59844163,-17.09553837,1190.78
145.59844161,-17.09554018,1195.34
145.59844146,-17.09556042,1190.46
145.59844143,-17.09556530,1197.11
145.59844137,-17.09557325,1195.18
145.59844113,-17.09560506,1186.78
145.59844030,-17.09571576,1180.37
145.59844020,-17.09572895,1174.08
145.59844002,-17.09575335,1185.29
145.59844000,-17.09575606,1185.24
145.59843983,-17.09577884,1183.22
145.59843967,-17.09580025,1172.11
145.59843964,-17.09580450,1179.59
145.59843878,-17.09591927,1169.93
145.59843805,-17.09601713,1163.41
145.59843771,-17.09606187,1172.75
145.59843770,-17.09606304,1156.05
145.59843769,-17.09606539,1172.61
145.59843768,-17.09606548,1156.26
145.59843760,-17.09607623,1144.65
145.59843742,-17.09610045,1145.29
145.59843733,-17.09611238,1171.78
145.59843713,-17.09613976,1145.62
145.59843706,-17.09614880,1157.71
145.59843683,-17.09617934,1162.66
145.59843683,-17.09618043,1159.19
145.59843681,-17.09618214,1162.56
145.59843679,-17.09618477,1162.83
145.59843678,-17.09618675,1162.81
145.59843673,-17.09619281,1144.27
145.59843667,-17.09620058,1146.22
145.59843655,-17.09621721,1173.22
145.59843651,-17.09622236,1171.83
145.59843646,-17.09622950,1147.14
145.59843645,-17.09623104,1147.03
145.59843643,-17.09623384,1172.00
145.59843641,-17.09623528,1171.95
145.59843640,-17.09623673,1171.91
145.59843638,-17.09623989,1146.78
145.59843635,-17.09624414,1173.76
145.59843617,-17.09626781,1172.44
145.59843613,-17.09627324,1171.36
145.59843602,-17.09628788,1156.74
145.59843600,-17.09629140,1162.26
145.59843590,-17.09630477,1159.48
145.59843584,-17.09631237,1160.22
145.59843559,-17.09634580,1173.71
145.59843558,-17.09634707,1173.62
145.59843557,-17.09634887,1142.86
145.59843553,-17.09635393,1173.16
145.59843549,-17.09635891,1156.00
145.59843548,-17.09635990,1177.89
145.59843537,-17.09637562,1175.60
145.59843525,-17.09639081,1174.53
145.59843524,-17.09639243,1174.54
145.59843523,-17.09639433,1167.24
145.59843522,-17.09639442,1173.99
145.59843518,-17.09640002,1172.68
145.59843514,-17.09640508,1148.55
145.59843514,-17.09640562,1159.37
145.59843493,-17.09643436,1161.06
145.59843492,-17.09643536,1133.06
145.59843489,-17.09643906,1162.39
145.59843489,-17.09643924,1133.18
145.59843486,-17.09644304,1138.82
145.59843483,-17.09644692,1137.06
145.59843477,-17.09645569,1161.81
145.59843475,-17.09645731,1161.87
145.59843474,-17.09645975,1139.42
145.59843462,-17.09647521,1131.50
145.59843461,-17.09647665,1132.75
145.59843451,-17.09649012,1131.34
145.59843448,-17.09649391,1131.12
145.59843392,-17.09656919,1135.43
145.59843390,-17.09657090,1135.54
145.59843387,-17.09657488,1128.21
145.59843386,-17.09657624,1135.55
145.59843370,-17.09659811,1143.14
145.59843369,-17.09659964,1143.01
145.59843368,-17.09660154,1152.71
145.59843366,-17.09660308,1157.69
145.59843366,-17.09660317,1152.72
145.59843362,-17.09660868,1159.74
145.59843326,-17.09665666,1153.30
145.59843318,-17.09666823,1153.63
145.59843295,-17.09669796,1144.40
145.59843290,-17.09670465,1144.46
145.59843281,-17.09671676,1170.15
145.59843278,-17.09672074,1145.43
145.59843274,-17.09672634,1165.47
145.59843273,-17.09672769,1165.37
145.59843263,-17.09674071,1137.70
145.59843226,-17.09679077,1172.69
145.59843220,-17.09679890,1161.18
145.59843219,-17.09680017,1159.83
145.59843216,-17.09680460,1157.52
145.59843215,-17.09680577,1158.56
145.59843214,-17.09680631,1160.14
145.59843211,-17.09681110,1160.05
145.59843203,-17.09682186,1169.51
145.59843195,-17.09683270,1167.13
145.59843194,-17.09683315,1151.54
145.59843194,-17.09683396,1167.32
145.59843192,-17.09683559,1168.76
145.59843191,-17.09683794,1155.65
145.59843176,-17.09685719,1140.67
145.59843172,-17.09686361,1164.38
145.59843166,-17.09687156,1167.68
145.59843165,-17.09687291,1167.77
145.59843144,-17.09690002,1161.27
145.59843142,-17.09690265,1161.48
145.59843138,-17.09690834,1159.17
145.59843119,-17.09693445,1156.85
145.59843083,-17.09698208,1141.71
145.59843078,-17.09698904,1162.58
145.59843073,-17.09699572,1163.72
145.59843055,-17.09701985,1161.59
145.59843050,-17.09702618,1155.37
145.59843046,-17.09703097,1162.11
145.59843025,-17.09705907,1167.56
145.59843022,-17.09706350,1150.39
145.59843021,-17.09706531,1150.34
145.59843020,-17.09706567,1163.55
145.59843016,-17.09707127,1165.40
145.59843013,-17.09707588,1165.86
145.59843006,-17.09708456,1143.33
145.59843004,-17.09708826,1143.22
145.59842996,-17.09709793,1159.72
145.59842994,-17.09710082,1172.01
145.59842992,-17.09710299,1164.60
145.59842991,-17.09710516,1173.04
145.59842985,-17.09711347,1168.24
145.59842979,-17.09712133,1173.06
145.59842975,-17.09712703,1172.83
145.59842967,-17.09713733,1171.73
145.59842966,-17.09713887,1171.72
145.59842963,-17.09714212,1163.05
145.59842962,-17.09714438,1172.03
145.59842959,-17.09714781,1158.51
145.59842951,-17.09715793,1172.24
145.59842938,-17.09717619,1157.76
145.59842919,-17.09720158,1169.19
145.59842898,-17.09722987,1173.24
145.59842893,-17.09723538,1164.66
145.59842893,-17.09723565,1147.31
145.59842887,-17.09724342,1161.55
145.59842885,-17.09724667,1161.56
145.59842879,-17.09725481,1152.29
145.59842878,-17.09725580,1159.85
145.59842867,-17.09727026,1161.01
145.59842867,-17.09727116,1161.21
145.59842864,-17.09727415,1161.19
145.59842862,-17.09727731,1160.63
145.59842846,-17.09729927,1162.26
145.59842844,-17.09730099,1162.27
145.59842835,-17.09731300,1171.32
145.59842834,-17.09731517,1162.68
145.59842827,-17.09732421,1174.31
145.59842824,-17.09732882,1174.40
145.59842821,-17.09733180,1174.51
145.59842816,-17.09733885,1150.33
145.59842816,-17.09733912,1173.35
145.59842815,-17.09734084,1147.44
145.59842804,-17.09735539,1172.92
145.59842796,-17.09736632,1178.87
145.59842782,-17.09738421,1147.89
145.59842780,-17.09738774,1177.45
145.59842776,-17.09739190,1147.91
145.59842760,-17.09741376,1157.66
145.59842742,-17.09743753,1180.03
145.59842741,-17.09743970,1180.25
145.59842724,-17.09746157,1158.58
145.59842721,-17.09746581,1177.82
145.59842720,-17.09746780,1177.60
145.59842717,-17.09747106,1150.12
145.59842711,-17.09747928,1153.72
145.59842709,-17.09748154,1154.19
145.59842689,-17.09750937,1162.18
145.59842684,-17.09751525,1163.71
145.59842678,-17.09752329,1164.48
145.59842674,-17.09752907,1151.93
145.59842672,-17.09753169,1157.03
145.59842668,-17.09753630,1167.36
145.59842665,-17.09754028,1160.05
145.59842662,-17.09754543,1167.10
145.59842652,-17.09755790,1167.96
145.59842646,-17.09756567,1168.84
145.59842628,-17.09759088,1165.10
145.59842626,-17.09759269,1165.52
145.59842622,-17.09759884,1165.73
145.59842610,-17.09761465,1167.07
145.59842608,-17.09761646,1165.38
145.59842608,-17.09761754,1166.54
145.59842605,-17.09762043,1169.81
145.59842596,-17.09763336,1163.84
145.59842595,-17.09763453,1169.23
145.59842591,-17.09763977,1167.74
145.59842588,-17.09764357,1167.86
145.59842577,-17.09765893,1169.67
145.59842571,-17.09766643,1168.51
145.59842556,-17.09768694,1165.58
145.59842554,-17.09768866,1155.61
145.59842534,-17.09771595,1160.12
145.59842532,-17.09771912,1166.85
145.59842529,-17.09772327,1151.13
145.59842527,-17.09772571,1162.75
145.59842513,-17.09774351,1165.23
145.59842511,-17.09774613,1165.28
145.59842497,-17.09776593,1163.21
145.59842487,-17.09777857,1162.75
145.59842482,-17.09778581,1163.11
145.59842476,-17.09779376,1160.65
145.59842475,-17.09779539,1160.70
145.59842472,-17.09779819,1162.96
145.59842471,-17.09780008,1160.37
145.59842460,-17.09781518,1162.82
145.59842451,-17.09782647,1163.99
145.59842423,-17.09786406,1156.92
145.59842419,-17.09786994,1144.10
145.59842415,-17.09787545,1156.07
145.59842414,-17.09787599,1156.62
145.59842409,-17.09788286,1156.86
145.59842407,-17.09788575,1158.38
145.59842407,-17.09788638,1161.39
145.59842396,-17.09790048,1154.62
145.59842375,-17.09792868,1156.36
145.59842375,-17.09792877,1156.28
145.59842371,-17.09793437,1130.86
145.59842359,-17.09794964,1156.54
145.59842353,-17.09795768,1141.88
145.59842349,-17.09796311,1154.68
145.59842342,-17.09797314,1151.21
145.59842337,-17.09797901,1151.02
145.59842336,-17.09798028,1155.39
145.59842335,-17.09798181,1147.54
145.59842319,-17.09800395,1155.41
145.59842315,-17.09800811,1146.34
145.59842306,-17.09802013,1156.04
145.59842301,-17.09802754,1140.45
145.59842297,-17.09803242,1155.87
145.59842282,-17.09805293,1155.20
145.59842267,-17.09807326,1144.67
145.59842265,-17.09807534,1154.14
145.59842257,-17.09808637,1153.90
145.59842257,-17.09808673,1145.36
145.59842256,-17.09808781,1154.06
145.59842252,-17.09809342,1156.27
145.59842245,-17.09810263,1155.78
145.59842242,-17.09810607,1158.03
145.59842228,-17.09812495,1152.92
145.59842224,-17.09813029,1153.37
145.59842213,-17.09814493,1149.40
145.59842200,-17.09816273,1151.05
145.59842196,-17.09816716,1140.86
145.59842191,-17.09817384,1139.08
145.59842180,-17.09818876,1142.12
145.59842136,-17.09824758,1149.93
145.59842130,-17.09825662,1150.30
145.59842124,-17.09826349,1149.30
145.59842111,-17.09828111,1145.97
145.59842085,-17.09831662,1136.90
145.59842067,-17.09833976,1140.54
145.59842046,-17.09836886,1140.07
145.59842040,-17.09837681,1130.44
145.59842039,-17.09837753,1141.88
145.59842031,-17.09838820,1132.98
145.59842031,-17.09838865,1144.87
145.59842029,-17.09839109,1133.14
145.59842027,-17.09839407,1133.02
145.59842017,-17.09840735,1128.01
145.59842009,-17.09841757,1128.44
145.59842008,-17.09841937,1135.24
145.59842007,-17.09842018,1135.59
145.59842005,-17.09842344,1135.24
145.59842002,-17.09842696,1135.44
145.59841977,-17.09846013,1129.89
145.59841965,-17.09847630,1132.19
145.59841958,-17.09848633,1139.89
145.59841914,-17.09854480,1150.51
145.59841907,-17.09855474,1148.74
145.59841900,-17.09856396,1147.52
145.59841899,-17.09856441,1138.62
145.59841897,-17.09856821,1147.00
145.59841893,-17.09857272,1144.50
145.59841887,-17.09858059,1149.34
145.59841874,-17.09859803,1136.90
145.59841849,-17.09863201,1133.54
145.59841798,-17.09870005,1125.88
145.59841783,-17.09872056,1137.38
145.59841741,-17.09877614,1138.44
145.59841719,-17.09880542,1127.16
145.59841708,-17.09881997,1126.30
145.59841686,-17.09884961,1120.35
145.59841667,-17.09887518,1136.90
145.59841663,-17.09887970,1129.29
145.59841587,-17.09898191,1123.20
145.59841573,-17.09900116,1124.01
145.59841570,-17.09900459,1123.89
145.59841564,-17.09901236,1114.80
145.59841552,-17.09902890,1123.32
145.59841528,-17.09906143,1122.35
145.59841451,-17.09916355,1144.07
145.59841370,-17.09927217,1119.23
145.59841345,-17.09930579,1136.25
145.59841317,-17.09934238,1135.34
145.59841316,-17.09934419,1137.16
145.59841313,-17.09934781,1135.25
145.59841301,-17.09936362,1138.28
145.59841184,-17.09952014,1152.72
145.59841173,-17.09953505,1151.63
145.59841164,-17.09954806,1150.68
145.59841152,-17.09956306,1151.53
145.59841137,-17.09958294,1147.17
145.59841118,-17.09960833,1150.83
145.59841099,-17.09963418,1148.16
145.59841098,-17.09963599,1139.82
145.59841088,-17.09964837,1140.13
145.59841072,-17.09967015,1138.17
145.59841040,-17.09971253,1161.10
145.59841011,-17.09975220,1155.73
145.59841004,-17.09976142,1157.63
145.59840986,-17.09978555,1156.22
145.59840942,-17.09984374,1145.92
145.59840904,-17.09989543,1164.08
145.59840901,-17.09989887,1161.36
145.59840888,-17.09991586,1164.51
145.59840872,-17.09993836,1169.08
145.59840837,-17.09998481,1165.36
145.59840791,-17.10004562,1163.44
145.59840755,-17.10009469,1179.47
145.59840728,-17.10012976,1175.71
145.59840698,-17.10017015,1165.67
145.59840687,-17.10018461,1180.55
145.59840687,-17.10018524,1172.96
145.59840686,-17.10018696,1173.78
145.59840657,-17.10022554,1177.59
145.59840646,-17.10023982,1159.01
145.59840618,-17.10027696,1177.21
145.59840589,-17.10031591,1180.79
145.59840537,-17.10038604,1183.89
145.59840475,-17.10046827,1170.15
145.59840472,-17.10047243,1187.30
145.59840464,-17.10048255,1183.95
145.59840459,-17.10049014,1187.31
145.59840436,-17.10052078,1188.03
145.59840431,-17.10052755,1183.19
145.59840422,-17.10053975,1181.04
145.59840402,-17.10056533,1185.88
145.59840328,-17.10066482,1174.12
145.59840311,-17.10068823,1195.88
145.59840303,-17.10069853,1196.69
145.59840302,-17.10069916,1196.76
145.59840278,-17.10073223,1194.56
145.59840249,-17.10077055,1187.18
145.59840240,-17.10078275,1189.94
145.59840238,-17.10078465,1190.06
145.59840238,-17.10078582,1198.72
145.59840237,-17.10078636,1197.01
145.59840228,-17.10079830,1197.95
145.59840223,-17.10080534,1191.79
145.59840222,-17.10080697,1191.85
145.59840214,-17.10081781,1196.25
145.59840210,-17.10082278,1196.67
145.59840209,-17.10082369,1196.66
145.59840208,-17.10082477,1196.86
145.59840205,-17.10082965,1179.60
145.59840204,-17.10083092,1197.44
145.59840202,-17.10083372,1197.62
145.59840201,-17.10083480,1197.76
145.59840200,-17.10083571,1197.81
145.59840200,-17.10083661,1197.85
145.59840190,-17.10084881,1191.70
145.59840187,-17.10085297,1192.05
145.59840181,-17.10086173,1193.96
145.59840180,-17.10086263,1193.98
145.59840173,-17.10087158,1193.56
145.59840173,-17.10087239,1193.64
145.59840141,-17.10091423,1186.70
145.59840140,-17.10091649,1192.91
145.59840140,-17.10091676,1186.49
145.59840136,-17.10092101,1192.52
145.59840134,-17.10092354,1190.99
145.59840122,-17.10094035,1168.89
145.59840113,-17.10095237,1186.26
145.59840111,-17.10095454,1186.45
145.59840111,-17.10095544,1186.50
145.59840110,-17.10095562,1189.98
145.59840104,-17.10096493,1174.70
145.59840094,-17.10097758,1180.63
145.59840090,-17.10098237,1179.71
145.59840089,-17.10098418,1176.22
145.59840088,-17.10098517,1176.27
145.59840079,-17.10099728,1179.51
145.59840079,-17.10099800,1179.53
145.59840074,-17.10100469,1176.56
145.59840064,-17.10101716,1177.58
145.59840061,-17.10102204,1177.94
145.59840035,-17.10105620,1178.01
145.59840030,-17.10106271,1177.84
145.59840021,-17.10107563,1175.66
145.59840019,-17.10107807,1175.64
145.59840012,-17.10108792,1172.86
145.59840010,-17.10108955,1173.00
145.59840008,-17.10109298,1172.98
145.59840005,-17.10109723,1170.23
145.59840001,-17.10110229,1169.57
145.59839993,-17.10111259,1172.10
145.59839986,-17.10112226,1162.34
145.59839984,-17.10112497,1162.55
145.59839941,-17.10118208,1151.48
145.59839940,-17.10118317,1151.55
145.59839937,-17.10118724,1146.95
145.59839916,-17.10121561,1147.46
145.59839907,-17.10122754,1147.93
145.59839904,-17.10123206,1144.23
145.59839897,-17.10124091,1137.01
145.59839877,-17.10126721,1158.52
145.59839870,-17.10127643,1159.28
145.59839869,-17.10127851,1159.42
145.59839868,-17.10127950,1159.53
145.59839864,-17.10128456,1146.27
145.59839843,-17.10131321,1151.76
145.59839818,-17.10134700,1152.53
145.59839810,-17.10135676,1150.55
145.59839793,-17.10138044,1148.40
145.59839789,-17.10138469,1152.77
145.59839787,-17.10138812,1152.97
145.59839787,-17.10138821,1152.98
145.59839778,-17.10139960,1150.88
145.59839758,-17.10142617,1143.86
145.59839746,-17.10144343,1145.12
145.59839728,-17.10146647,1144.11
145.59839720,-17.10147813,1141.61
145.59839714,-17.10148563,1145.60
145.59839712,-17.10148762,1145.60
145.59839681,-17.10153018,1145.77
145.59839680,-17.10153144,1145.84
145.59839679,-17.10153253,1145.92
145.59839677,-17.10153479,1146.09
145.59839673,-17.10154057,1146.49
145.59839669,-17.10154599,1146.96
145.59839668,-17.10154735,1146.99
145.59839667,-17.10154825,1147.11
145.59839616,-17.10161720,1149.06
145.59839604,-17.10163266,1147.62
145.59839599,-17.10163979,1146.23
145.59839598,-17.10164106,1146.24
145.59839572,-17.10167576,1142.36
145.59839543,-17.10171462,1142.96
145.59839542,-17.10171588,1142.91
145.59839492,-17.10178230,1136.89
145.59839459,-17.10182686,1120.37
145.59839452,-17.10183625,1127.25
145.59839432,-17.10186291,1127.50
145.59839313,-17.10202142,1122.74
145.59839312,-17.10202286,1122.74
145.59839298,-17.10204184,1118.24
145.59839272,-17.10207672,1115.69
145.59839271,-17.10207826,1115.69
145.59839248,-17.10210889,1115.99
145.59839236,-17.10212489,1114.62
145.59839228,-17.10213474,1116.40
145.59839201,-17.10217170,1113.18
145.59839190,-17.10218589,1111.31
145.59839062,-17.10235722,1103.44
145.59839029,-17.10240132,1083.16
145.59839022,-17.10241018,1084.84
145.59839006,-17.10243214,1103.78
145.59838975,-17.10247343,1087.92
145.59838916,-17.10255260,1094.75
145.59838913,-17.10255585,1079.90
145.59838911,-17.10255910,1089.87
145.59838910,-17.10256064,1092.21
145.59838909,-17.10256163,1079.90
145.59838907,-17.10256353,1079.92
145.59838907,-17.10256443,1093.68
145.59838905,-17.10256724,1080.00
145.59838897,-17.10257690,1092.36
145.59838893,-17.10258251,1093.06
145.59838883,-17.10259597,1091.93
145.59838848,-17.10264260,1085.01
145.59838840,-17.10265399,1085.74
145.59838834,-17.10266149,1083.89
145.59838833,-17.10266329,1083.96
145.59838811,-17.10269257,1081.48
145.59838798,-17.10270993,1081.69
145.59838787,-17.10272484,1065.70
145.59838786,-17.10272547,1080.69
145.59838783,-17.10272981,1080.54
145.59838752,-17.10277183,1073.98
145.59838748,-17.10277653,1075.67
145.59838748,-17.10277671,1074.05
145.59838745,-17.10278113,1052.88
145.59838725,-17.10280734,1075.66
145.59838670,-17.10288126,1069.23
145.59838668,-17.10288334,1039.16
145.59838661,-17.10289283,1054.18
145.59838626,-17.10293991,1067.13
145.59838622,-17.10294542,1067.42
145.59838575,-17.10300769,1030.54
145.59838546,-17.10304618,1064.14
145.59838532,-17.10306552,1051.07
145.59838528,-17.10307103,1061.00
145.59838526,-17.10307293,1054.52
145.59838510,-17.10309453,1060.85
145.59838476,-17.10313962,1058.84
145.59838475,-17.10314161,1060.03
145.59838475,-17.10314170,1061.87
145.59838461,-17.10316023,1058.39
145.59838438,-17.10319050,1027.41
145.59838345,-17.10331521,1050.94
145.59838326,-17.10334069,1016.74
145.59838324,-17.10334394,1052.19
145.59838316,-17.10335415,1026.71
145.59838302,-17.10337322,1057.11
145.59838300,-17.10337512,1057.34
145.59838236,-17.10346133,1053.26
145.59838235,-17.10346205,1039.82
145.59838234,-17.10346413,1052.12
145.59838221,-17.10348085,1039.06
145.59838218,-17.10348483,1053.43
145.59838179,-17.10353769,1042.95
145.59838127,-17.10360637,1032.89
145.59838099,-17.10364351,1041.65
145.59838093,-17.10365228,1040.75
145.59838091,-17.10365399,1040.87
145.59838066,-17.10368842,1049.31
145.59838025,-17.10374273,1045.55
145.59838017,-17.10375340,1043.17
145.59837986,-17.10379506,1012.59
145.59837984,-17.10379759,1045.01
145.59837971,-17.10381476,1039.62
145.59837948,-17.10384575,1039.94
145.59837942,-17.10385425,1023.01
145.59837920,-17.10388307,1009.10
145.59837905,-17.10390259,1033.27
145.59837883,-17.10393205,1029.88
145.59837869,-17.10395130,1029.89
145.59837838,-17.10399341,1017.81
145.59837757,-17.10410041,1007.67
145.59837757,-17.10410086,1004.49
145.59837754,-17.10410511,996.29
145.59837753,-17.10410574,1009.51
145.59837742,-17.10412074,1003.94
145.59837739,-17.10412562,1027.77
145.59837728,-17.10413963,1005.62
145.59837724,-17.10414478,1005.61
145.59837724,-17.10414532,993.91
145.59837723,-17.10414632,1001.00
145.59837722,-17.10414758,1005.49
145.59837721,-17.10414920,1000.85
145.59837688,-17.10419312,1013.67
145.59837666,-17.10422249,1015.77
145.59837658,-17.10423388,991.61
145.59837647,-17.10424825,1011.67
145.59837641,-17.10425665,1011.01
145.59837639,-17.10425810,1010.60
145.59837638,-17.10425955,1010.53
145.59837636,-17.10426235,1010.44
145.59837609,-17.10429913,1008.65
145.59837595,-17.10431693,1017.84
145.59837595,-17.10431783,1017.96
145.59837594,-17.10431919,1017.90
145.59837593,-17.10432063,1017.03
145.59837587,-17.10432850,1012.11
145.59837585,-17.10433139,1008.18
145.59837583,-17.10433292,1019.86
145.59837583,-17.10433338,1012.16
145.59837581,-17.10433672,1017.11
145.59837578,-17.10433997,1001.85
145.59837577,-17.10434205,1015.72
145.59837575,-17.10434458,1019.25
145.59837573,-17.10434711,1010.48
145.59837569,-17.10435280,1015.69
145.59837567,-17.10435524,1017.66
145.59837567,-17.10435542,1016.18
145.59837566,-17.10435669,1017.28
145.59837565,-17.10435696,1016.17
145.59837565,-17.10435814,1016.02
145.59837564,-17.10435868,1015.59
145.59837540,-17.10439103,1008.72
145.59837538,-17.10439329,1004.38
145.59837536,-17.10439654,1002.44
145.59837528,-17.10440639,1003.15
145.59837516,-17.10442266,1001.76
145.59837498,-17.10444688,1009.76
145.59837468,-17.10448664,999.97
145.59837467,-17.10448799,999.83
145.59837462,-17.10449549,1005.34
145.59837461,-17.10449631,1005.32
145.59837455,-17.10450426,1003.64
145.59837455,-17.10450462,991.19
145.59837444,-17.10451890,1000.71
145.59837442,-17.10452215,1008.32
145.59837441,-17.10452351,1008.28
145.59837438,-17.10452685,1006.29
145.59837424,-17.10454619,1006.05
145.59837414,-17.10455956,969.78
145.59837396,-17.10458279,1000.46
145.59837392,-17.10458912,1000.51
145.59837375,-17.10461144,993.60
145.59837374,-17.10461243,993.97
145.59837371,-17.10461677,999.50
145.59837371,-17.10461686,986.56
145.59837334,-17.10466575,976.70
145.59837322,-17.10468264,985.27
145.59837319,-17.10468671,985.09
145.59837265,-17.10475855,976.74
145.59837264,-17.10475982,971.83
145.59837264,-17.10475991,991.94
145.59837261,-17.10476397,986.91
145.59837257,-17.10476922,991.39
145.59837254,-17.10477256,986.63
145.59837233,-17.10480112,989.20
145.59837226,-17.10481124,989.57
145.59837224,-17.10481359,984.05
145.59837223,-17.10481503,984.53
145.59837219,-17.10482009,989.64
145.59837218,-17.10482127,984.03
145.59837196,-17.10485082,963.81
145.59837192,-17.10485543,978.37
145.59837190,-17.10485823,981.32
145.59837165,-17.10489248,975.37
145.59837158,-17.10490160,971.64
145.59837154,-17.10490703,973.89
145.59837145,-17.10491896,977.04
145.59837144,-17.10491968,975.57
145.59837128,-17.10494173,973.52
145.59837121,-17.10495086,978.02
145.59837120,-17.10495257,948.72
145.59837113,-17.10496098,972.13
145.59837112,-17.10496296,980.29
145.59837106,-17.10497047,977.20
145.59837105,-17.10497245,977.06
145.59837101,-17.10497761,972.07
145.59837100,-17.10497833,976.81
145.59837096,-17.10498429,976.53
145.59837095,-17.10498565,956.02
145.59837093,-17.10498818,940.87
145.59837090,-17.10499197,976.31
145.59837062,-17.10503020,971.10
145.59837062,-17.10503038,968.84
145.59837054,-17.10504077,973.88
145.59837049,-17.10504701,974.80
145.59837045,-17.10505207,974.96
145.59837045,-17.10505243,974.84
145.59837031,-17.10507158,962.72
145.59837028,-17.10507475,926.14
145.59837028,-17.10507502,939.74
145.59837025,-17.10507891,939.57
145.59837019,-17.10508722,933.86
145.59837017,-17.10508993,928.88
145.59837015,-17.10509237,928.82
145.59837013,-17.10509580,964.84
145.59837011,-17.10509770,964.76
145.59837009,-17.10510005,924.48
145.59836973,-17.10514867,966.55
145.59836971,-17.10515165,958.12
145.59836966,-17.10515816,966.69
145.59836964,-17.10516033,966.56
145.59836964,-17.10516096,957.67
145.59836964,-17.10516132,966.75
145.59836934,-17.10520081,965.39
145.59836932,-17.10520388,965.41
145.59836917,-17.10522395,948.89
145.59836916,-17.10522449,966.76
145.59836912,-17.10523027,967.12
145.59836906,-17.10523876,944.88
145.59836899,-17.10524735,957.03
145.59836897,-17.10525006,964.64
145.59836880,-17.10527265,964.06
145.59836848,-17.10531585,932.34
145.59836807,-17.10537025,968.07
145.59836800,-17.10538010,968.69
145.59836777,-17.10541092,961.65
145.59836776,-17.10541146,931.56
145.59836772,-17.10541706,931.32
145.59836765,-17.10542646,968.38
145.59836761,-17.10543143,960.77
145.59836761,-17.10543224,969.71
145.59836757,-17.10543694,963.66
145.59836748,-17.10544996,955.76
145.59836744,-17.10545402,965.56
145.59836734,-17.10546749,969.40
145.59836734,-17.10546812,950.72
145.59836729,-17.10547517,969.65
145.59836698,-17.10551565,945.07
145.59836660,-17.10556743,948.74
145.59836645,-17.10558749,953.24
145.59836642,-17.10559093,954.18
145.59836637,-17.10559716,962.28
145.59836600,-17.10564768,965.93
145.59836592,-17.10565798,966.82
145.59836588,-17.10566349,964.26
145.59836586,-17.10566575,959.51
145.59836585,-17.10566693,960.57
145.59836546,-17.10571934,965.74
145.59836544,-17.10572151,978.03
145.59836518,-17.10575657,975.81
145.59836516,-17.10575892,955.61
145.59836516,-17.10575937,975.94
145.59836511,-17.10576606,963.45
145.59836498,-17.10578269,976.60
145.59836472,-17.10581829,974.06
145.59836469,-17.10582191,974.66
145.59836452,-17.10584477,974.83
145.59836446,-17.10585236,969.89
145.59836436,-17.10586646,972.95
145.59836429,-17.10587531,975.00
145.59836429,-17.10587558,965.91
145.59836421,-17.10588580,964.82
145.59836417,-17.10589203,974.40
145.59836415,-17.10589402,974.29
145.59836408,-17.10590360,971.48
145.59836403,-17.10590965,971.66
145.59836387,-17.10593224,972.37
145.59836385,-17.10593378,972.40
145.59836384,-17.10593514,969.28
145.59836366,-17.10595908,967.72
145.59836363,-17.10596396,949.67
145.59836358,-17.10597056,979.03
145.59836357,-17.10597119,979.00
145.59836357,-17.10597201,967.27
145.59836339,-17.10599604,949.71
145.59836331,-17.10600680,969.79
145.59836328,-17.10601023,967.87
145.59836313,-17.10603093,965.84
145.59836309,-17.10603635,966.05
145.59836307,-17.10603888,951.91
145.59836299,-17.10604990,966.49
145.59836294,-17.10605632,959.67
145.59836277,-17.10607891,946.86
145.59836271,-17.10608686,969.92
145.59836270,-17.10608822,964.67
145.59836268,-17.10609057,957.71
145.59836266,-17.10609310,970.92
145.59836245,-17.10612165,965.69
145.59836244,-17.10612229,966.03
145.59836244,-17.10612265,964.54
145.59836241,-17.10612662,965.94
145.59836235,-17.10613512,967.05
145.59836232,-17.10613901,942.24
145.59836222,-17.10615166,949.80
145.59836218,-17.10615708,941.64
145.59836217,-17.10615934,941.58
145.59836213,-17.10616395,941.37
145.59836212,-17.10616584,962.04
145.59836196,-17.10618654,960.33
145.59836181,-17.10620714,944.24
145.59836180,-17.10620787,958.67
145.59836164,-17.10622919,958.47
145.59836131,-17.10627401,970.83
145.59836117,-17.10629299,972.69
145.59836105,-17.10630898,978.86
145.59836104,-17.10631007,971.52
145.59836104,-17.10631034,979.69
145.59836101,-17.10631350,956.38
145.59836090,-17.10632878,972.46
145.59836064,-17.10636375,959.41
145.59836051,-17.10638056,968.41
145.59836033,-17.10640414,968.49
145.59836026,-17.10641454,958.80
145.59835979,-17.10647635,967.87
145.59835970,-17.10648945,967.59
145.59835966,-17.10649415,965.89
145.59835964,-17.10649623,965.91
145.59835963,-17.10649776,965.87
145.59835962,-17.10649930,964.88
145.59835954,-17.10650960,975.11
145.59835953,-17.10651132,973.05
145.59835953,-17.10651204,960.22
145.59835952,-17.10651267,949.32
145.59835951,-17.10651448,973.36
145.59835943,-17.10652524,971.90
145.59835938,-17.10653129,954.11
145.59835937,-17.10653246,972.84
145.59835934,-17.10653707,974.13
145.59835928,-17.10654448,970.65
145.59835919,-17.10655714,951.27
145.59835898,-17.10658488,962.47
145.59835891,-17.10659373,962.47
145.59835883,-17.10660485,951.40
145.59835882,-17.10660575,952.57
145.59835865,-17.10662880,965.74
145.59835861,-17.10663431,957.83
145.59835859,-17.10663666,957.71
145.59835835,-17.10666892,980.39
145.59835828,-17.10667922,964.40
145.59835810,-17.10670272,973.98
145.59835790,-17.10673001,975.63
145.59835787,-17.10673308,958.46
145.59835785,-17.10673579,958.77
145.59835776,-17.10674817,961.83
145.59835772,-17.10675287,958.31
145.59835770,-17.10675576,953.56
145.59835768,-17.10675883,956.86
145.59835765,-17.10676218,973.21
145.59835765,-17.10676290,950.54
145.59835762,-17.10676706,974.14
145.59835757,-17.10677347,953.72
145.59835753,-17.10677827,972.79
145.59835752,-17.10677980,967.49
145.59835742,-17.10679335,961.21
145.59835712,-17.10683294,958.90
145.59835712,-17.10683411,977.11
145.59835706,-17.10684143,976.03
145.59835701,-17.10684839,976.10
145.59835692,-17.10686023,974.85
145.59835687,-17.10686728,958.33
145.59835683,-17.10687261,980.27
145.59835660,-17.10690333,976.86
145.59835653,-17.10691291,978.00
145.59835638,-17.10693207,979.34
145.59835633,-17.10693894,979.52
145.59835630,-17.10694264,972.39
145.59835621,-17.10695511,973.02
145.59835619,-17.10695846,979.40
145.59835616,-17.10696207,955.57
145.59835613,-17.10696614,973.41
145.59835606,-17.10697517,965.67
145.59835599,-17.10698430,978.03
145.59835595,-17.10698963,955.55
145.59835594,-17.10699171,959.84
145.59835585,-17.10700274,977.22
145.59835583,-17.10700608,952.18
145.59835570,-17.10702262,959.14
145.59835560,-17.10703662,954.93
145.59835559,-17.10703852,971.35
145.59835556,-17.10704214,955.34
145.59835535,-17.10707006,950.88
145.59835535,-17.10707051,971.21
145.59835523,-17.10708569,973.86
145.59835516,-17.10709600,972.11
145.59835513,-17.10709988,967.90
145.59835503,-17.10711325,972.99
145.59835501,-17.10711561,972.88
145.59835498,-17.10711985,971.46
145.59835495,-17.10712383,971.37
145.59835493,-17.10712591,974.61
145.59835493,-17.10712609,971.39
145.59835485,-17.10713639,972.44
145.59835485,-17.10713675,974.40
145.59835453,-17.10717922,964.53
145.59835451,-17.10718275,971.61
145.59835449,-17.10718510,971.62
145.59835446,-17.10718962,971.54
145.59835439,-17.10719784,965.54
145.59835423,-17.10721998,969.70
145.59835411,-17.10723534,970.26
145.59835401,-17.10724926,970.54
145.59835384,-17.10727122,970.63
145.59835376,-17.10728233,966.77
145.59835373,-17.10728667,955.55
145.59835358,-17.10730682,972.87
145.59835346,-17.10732300,954.10
145.59835343,-17.10732652,965.86
145.59835339,-17.10733231,970.21
145.59835331,-17.10734243,968.78
145.59835329,-17.10734496,970.29
145.59835314,-17.10736547,967.66
145.59835302,-17.10738101,958.95
145.59835300,-17.10738345,952.45
145.59835274,-17.10741834,965.35
145.59835248,-17.10745304,962.78
145.59835247,-17.10745511,962.76
145.59835211,-17.10750256,962.98
145.59835206,-17.10750979,957.28
145.59835205,-17.10751078,963.01
145.59835204,-17.10751268,962.99
145.59835202,-17.10751476,963.00
145.59835174,-17.10755226,948.42
145.59835172,-17.10755515,944.88
145.59835141,-17.10759699,946.08
145.59835127,-17.10761534,934.82
145.59835125,-17.10761760,934.88
145.59835107,-17.10764245,948.45
145.59835104,-17.10764624,961.41
145.59835100,-17.10765112,941.71
145.59835098,-17.10765392,941.66
145.59835092,-17.10766242,957.50
145.59835088,-17.10766721,959.37
145.59835080,-17.10767841,959.13
145.59835058,-17.10770670,931.20
145.59835055,-17.10771167,958.53
145.59835046,-17.10772332,954.95
145.59834990,-17.10779851,946.60
145.59834975,-17.10781875,945.05
145.59834965,-17.10783167,945.15
145.59834956,-17.10784351,933.65
145.59834935,-17.10787207,952.92
145.59834933,-17.10787424,955.37
145.59834932,-17.10787587,932.48
145.59834931,-17.10787641,935.35
145.59834904,-17.10791364,941.38
145.59834896,-17.10792349,940.81
145.59834895,-17.10792484,954.77
145.59834894,-17.10792584,940.87
145.59834893,-17.10792819,940.92
145.59834876,-17.10795006,938.93
145.59834862,-17.10796912,955.78
145.59834854,-17.10797979,928.31
145.59834822,-17.10802253,938.42
145.59834820,-17.10802479,938.42
145.59834805,-17.10804549,949.57
145.59834802,-17.10804991,949.58
145.59834796,-17.10805741,935.65
145.59834794,-17.10805949,937.15
145.59834790,-17.10806500,949.63
145.59834774,-17.10808678,938.51
145.59834747,-17.10812338,946.61
145.59834746,-17.10812483,946.28
145.59834733,-17.10814091,928.67
145.59834722,-17.10815655,952.27
145.59834707,-17.10817679,938.06
145.59834701,-17.10818411,937.76
145.59834699,-17.10818637,937.87
145.59834664,-17.10823417,944.36
145.59834652,-17.10824989,936.73
145.59834645,-17.10825947,926.12
145.59834624,-17.10828695,931.37
145.59834618,-17.10829463,940.86
145.59834616,-17.10829815,943.76
145.59834607,-17.10831017,930.07
145.59834605,-17.10831279,941.35
145.59834596,-17.10832472,941.63
145.59834594,-17.10832671,941.77
145.59834593,-17.10832906,928.95
145.59834584,-17.10833999,944.99
145.59834583,-17.10834189,945.04
145.59834581,-17.10834397,945.14
145.59834576,-17.10835147,933.21
145.59834571,-17.10835770,933.43
145.59834560,-17.10837225,943.04
145.59834560,-17.10837307,935.08
145.59834555,-17.10837975,933.96
145.59834542,-17.10839656,936.35
145.59834533,-17.10840858,931.97
145.59834531,-17.10841193,934.87
145.59834530,-17.10841319,931.22
145.59834527,-17.10841671,928.65
145.59834526,-17.10841870,926.00
145.59834522,-17.10842277,928.78
145.59834507,-17.10844364,929.14
145.59834503,-17.10844934,936.46
145.59834494,-17.10846081,929.17
145.59834476,-17.10848449,936.85
145.59834466,-17.10849859,916.70
145.59834439,-17.10853410,931.81
145.59834428,-17.10854964,935.02
145.59834395,-17.10859320,930.21
145.59834369,-17.10862845,925.07
145.59834367,-17.10863070,923.18
145.59834342,-17.10866342,917.37
145.59834342,-17.10866405,924.08
145.59834316,-17.10869884,919.35
145.59834314,-17.10870101,917.86
145.59834307,-17.10871041,915.98
145.59834302,-17.10871692,916.63
145.59834292,-17.10873056,909.71
145.59834278,-17.10874945,913.50
145.59834276,-17.10875180,910.28
145.59834274,-17.10875469,910.41
145.59834272,-17.10875794,910.46
145.59834259,-17.10877457,894.46
145.59834259,-17.10877466,906.81
145.59834251,-17.10878505,892.93
145.59834242,-17.10879788,907.42
145.59834222,-17.10882373,904.95
145.59834200,-17.10885328,892.63
145.59834200,-17.10885391,905.16
145.59834199,-17.10885427,891.52
145.59834197,-17.10885717,891.49
145.59834196,-17.10885870,905.35
145.59834180,-17.10888075,900.84
145.59834155,-17.10891346,916.65
145.59834149,-17.10892187,891.24
145.59834125,-17.10895350,911.50
145.59834098,-17.10898982,915.00
145.59834081,-17.10901269,915.15
145.59834079,-17.10901567,914.76
145.59834036,-17.10907269,908.97
145.59834032,-17.10907856,904.49
145.59834032,-17.10907866,917.53
145.59833996,-17.10912628,914.67
145.59833967,-17.10916441,915.96
145.59833964,-17.10916839,892.32
145.59833963,-17.10917020,907.15
145.59833941,-17.10919975,914.46
145.59833936,-17.10920589,901.11
145.59833918,-17.10923056,906.05
145.59833910,-17.10924123,909.64
145.59833895,-17.10926056,900.62
145.59833890,-17.10926798,910.98
145.59833870,-17.10929490,905.04
145.59833867,-17.10929825,910.24
145.59833833,-17.10934443,909.98
145.59833832,-17.10934470,912.61
145.59833830,-17.10934849,903.68
145.59833828,-17.10934994,907.81
145.59833825,-17.10935455,910.25
145.59833824,-17.10935653,910.32
145.59833814,-17.10936873,909.91
145.59833813,-17.10937036,908.62
145.59833809,-17.10937551,908.20
145.59833809,-17.10937633,910.68
145.59833803,-17.10938355,901.67
145.59833792,-17.10939855,897.76
145.59833787,-17.10940597,892.65
145.59833767,-17.10943136,887.58
145.59833767,-17.10943253,900.16
145.59833754,-17.10944961,897.55
145.59833740,-17.10946787,887.94
145.59833715,-17.10950157,890.49
145.59833686,-17.10954061,895.09
145.59833680,-17.10954856,895.27
145.59833663,-17.10957043,892.78
145.59833656,-17.10958046,884.19
145.59833656,-17.10958092,894.56
145.59833645,-17.10959456,880.60
145.59833644,-17.10959583,893.95
145.59833637,-17.10960532,886.94
145.59833636,-17.10960748,896.31
145.59833616,-17.10963342,895.12
145.59833597,-17.10965963,886.94
145.59833580,-17.10968140,886.10
145.59833580,-17.10968168,887.27
145.59833571,-17.10969370,886.67
145.59833564,-17.10970382,888.89
145.59833555,-17.10971565,877.70
145.59833551,-17.10972107,881.20
145.59833540,-17.10973490,892.26
145.59833540,-17.10973590,891.95
145.59833539,-17.10973680,892.42
145.59833532,-17.10974593,867.34
145.59833502,-17.10978614,870.74
145.59833496,-17.10979409,888.26
145.59833494,-17.10979635,891.56
145.59833455,-17.10984904,876.46
145.59833454,-17.10984985,885.68
145.59833431,-17.10988130,887.79
145.59833429,-17.10988356,875.59
145.59833422,-17.10989241,888.46
145.59833421,-17.10989422,888.61
145.59833415,-17.10990163,875.09
145.59833415,-17.10990181,887.87
145.59833415,-17.10990244,887.92
145.59833397,-17.10992585,858.47
145.59833381,-17.10994817,857.76
145.59833371,-17.10996037,879.63
145.59833357,-17.10997962,861.17
145.59833352,-17.10998676,874.53
145.59833350,-17.10998856,860.65
145.59833348,-17.10999236,871.68
145.59833325,-17.11002227,872.01
145.59833318,-17.11003239,873.43
145.59833313,-17.11003818,871.79
145.59833310,-17.11004188,872.19
145.59833303,-17.11005137,872.28
145.59833298,-17.11005860,879.46
145.59833297,-17.11005977,879.59
145.59833296,-17.11006185,879.64
145.59833293,-17.11006538,879.10
145.59833290,-17.11006890,879.54
145.59833289,-17.11007098,869.21
145.59833268,-17.11009881,876.79
145.59833267,-17.11010053,851.69
145.59833265,-17.11010306,874.75
145.59833215,-17.11016903,843.76
145.59833197,-17.11019279,859.65
145.59833195,-17.11019587,850.72
145.59833164,-17.11023734,863.18
145.59833164,-17.11023771,863.25
145.59833159,-17.11024421,846.06
145.59833158,-17.11024512,864.40
145.59833156,-17.11024828,857.21
145.59833152,-17.11025415,846.66
145.59833144,-17.11026391,854.86
145.59833141,-17.11026816,864.90
145.59833136,-17.11027485,857.01
145.59833132,-17.11028081,860.66
145.59833108,-17.11031217,853.67
145.59833086,-17.11034154,857.29
145.59833086,-17.11034181,857.45
145.59833080,-17.11035012,858.38
145.59833079,-17.11035039,860.29
145.59833069,-17.11036422,859.89
145.59833064,-17.11037136,860.54
145.59833063,-17.11037299,860.80
145.59833060,-17.11037642,861.17
145.59833053,-17.11038555,859.30
145.59833053,-17.11038627,854.88
145.59833024,-17.11042450,837.08
145.59833009,-17.11044465,855.78
145.59833000,-17.11045621,854.34
145.59832999,-17.11045793,851.01
145.59832998,-17.11045956,851.28
145.59832991,-17.11046868,852.13
145.59832987,-17.11047393,852.31
145.59832984,-17.11047799,852.41
145.59832982,-17.11048052,851.50
145.59832975,-17.11049028,845.92
145.59832951,-17.11052254,849.38
145.59832900,-17.11058951,849.84
145.59832895,-17.11059692,852.47
145.59832894,-17.11059881,849.95
145.59832876,-17.11062177,849.89
145.59832870,-17.11063035,850.89
145.59832856,-17.11064870,834.86
145.59832855,-17.11065032,841.52
145.59832854,-17.11065168,834.79
145.59832842,-17.11066813,842.45
145.59832813,-17.11070581,834.47
145.59832808,-17.11071358,837.01
145.59832787,-17.11074078,827.16
145.59832778,-17.11075307,829.28
145.59832772,-17.11076084,817.93
145.59832765,-17.11077006,834.28
145.59832756,-17.11078262,826.97
145.59832755,-17.11078407,827.09
145.59832745,-17.11079699,823.82
145.59832715,-17.11083738,827.93
145.59832711,-17.11084226,830.59
145.59832710,-17.11084353,832.02
145.59832707,-17.11084859,833.59
145.59832704,-17.11085166,831.19
145.59832686,-17.11087579,831.46
145.59832682,-17.11088076,832.39
145.59832680,-17.11088455,811.41
145.59832672,-17.11089495,828.49
145.59832669,-17.11089847,834.18
145.59832667,-17.11090118,830.02
145.59832666,-17.11090209,829.68
145.59832662,-17.11090823,834.20
145.59832657,-17.11091465,835.15
145.59832638,-17.11094040,834.18
145.59832611,-17.11097564,832.15
145.59832602,-17.11098757,818.63
145.59832600,-17.11099092,808.44
145.59832597,-17.11099426,824.01
145.59832593,-17.11100050,818.09
145.59832589,-17.11100610,818.46
145.59832585,-17.11101026,825.30
145.59832582,-17.11101541,814.38
145.59832569,-17.11103294,812.65
145.59832560,-17.11104396,818.41
145.59832534,-17.11107921,822.11
145.59832529,-17.11108526,822.78
145.59832528,-17.11108662,823.85
145.59832526,-17.11108951,825.93
145.59832522,-17.11109547,826.44
145.59832519,-17.11109909,826.20
145.59832485,-17.11114391,826.32
145.59832481,-17.11114924,826.17
145.59832448,-17.11119325,799.85
145.59832445,-17.11119858,826.95
145.59832444,-17.11119967,827.10
145.59832409,-17.11124566,820.71
145.59832404,-17.11125253,821.31
145.59832397,-17.11126229,819.36
145.59832395,-17.11126509,819.22
145.59832393,-17.11126771,819.34
145.59832383,-17.11128036,821.65
145.59832383,-17.11128136,817.88
145.59832382,-17.11128172,802.46
145.59832382,-17.11128217,821.51
145.59832370,-17.11129798,815.42
145.59832367,-17.11130160,821.46
145.59832365,-17.11130422,821.63
145.59832365,-17.11130494,815.84
145.59832356,-17.11131732,814.65
145.59832354,-17.11131913,821.61
145.59832354,-17.11131995,821.72
145.59832350,-17.11132537,822.41
145.59832336,-17.11134317,795.72
145.59832332,-17.11134886,822.10
145.59832321,-17.11136305,798.28
145.59832321,-17.11136314,795.16
145.59832320,-17.11136477,821.48
145.59832307,-17.11138239,820.85
145.59832306,-17.11138393,820.81
145.59832297,-17.11139522,807.02
145.59832296,-17.11139730,806.97
145.59832295,-17.11139884,806.44
145.59832279,-17.11141926,817.70
145.59832277,-17.11142215,803.65
145.59832277,-17.11142242,816.84
145.59832276,-17.11142360,819.36
145.59832275,-17.11142468,816.97
145.59832274,-17.11142604,817.04
145.59832271,-17.11143019,819.64
145.59832271,-17.11143037,817.11
145.59832261,-17.11144402,792.29
145.59832250,-17.11145830,819.77
145.59832243,-17.11146760,818.38
145.59832239,-17.11147258,818.53
145.59832194,-17.11153303,788.48
145.59832192,-17.11153520,788.40
145.59832180,-17.11155192,815.13
145.59832178,-17.11155391,799.27
145.59832177,-17.11155626,815.56
145.59832172,-17.11156213,815.80
145.59832169,-17.11156629,813.42
145.59832161,-17.11157740,812.80
145.59832159,-17.11157966,814.53
145.59832142,-17.11160252,813.41
145.59832120,-17.11163198,813.32
145.59832098,-17.11166081,799.64
145.59832068,-17.11170084,804.23
145.59832045,-17.11173211,801.23
145.59832039,-17.11174051,806.72
145.59832025,-17.11175859,809.39
145.59832024,-17.11175994,786.81
145.59832024,-17.11176030,806.65
145.59832022,-17.11176229,809.67
145.59832019,-17.11176690,784.65
145.59832018,-17.11176771,809.56
145.59832016,-17.11177097,806.26
145.59832016,-17.11177115,808.96
145.59832011,-17.11177802,809.79
145.59832002,-17.11178976,810.30
145.59831998,-17.11179446,808.82
145.59831990,-17.11180621,809.73
145.59831982,-17.11181579,790.71
145.59831960,-17.11184561,799.61
145.59831954,-17.11185411,786.60
145.59831927,-17.11188926,778.29
145.59831895,-17.11193200,768.58
145.59831883,-17.11194791,797.53
145.59831876,-17.11195821,795.85
145.59831869,-17.11196707,789.93
145.59831866,-17.11197158,796.62
145.59831864,-17.11197448,796.68
145.59831861,-17.11197728,796.47
145.59831850,-17.11199228,776.01
145.59831837,-17.11200936,793.09
145.59831833,-17.11201577,793.89
145.59831831,-17.11201785,794.00
145.59831831,-17.11201848,771.92
145.59831815,-17.11203873,794.40
145.59831811,-17.11204523,791.74
145.59831788,-17.11207496,775.60
145.59831777,-17.11208978,777.88
145.59831774,-17.11209358,775.75
145.59831766,-17.11210424,781.62
145.59831765,-17.11210596,780.35
145.59831759,-17.11211391,779.50
145.59831752,-17.11212376,764.58
145.59831718,-17.11216913,757.67
145.59831689,-17.11220762,760.60
145.59831688,-17.11220925,762.07
145.59831670,-17.11223311,755.20
145.59831666,-17.11223853,754.24
145.59831649,-17.11226139,752.09
145.59831602,-17.11232329,769.71
145.59831600,-17.11232618,769.57
145.59831538,-17.11240986,742.69
145.59831521,-17.11243146,760.50
145.59831501,-17.11245839,751.56
145.59831488,-17.11247619,761.60
145.59831480,-17.11248704,765.99
145.59831478,-17.11248993,766.16
145.59831474,-17.11249508,763.08
145.59831471,-17.11249942,745.05
145.59831444,-17.11253466,740.95
145.59831404,-17.11258807,742.78
145.59831403,-17.11258988,742.89
145.59831399,-17.11259548,750.89
145.59831396,-17.11259837,750.87
145.59831389,-17.11260876,749.27
145.59831369,-17.11263515,748.91
145.59831360,-17.11264699,766.22
145.59831358,-17.11264934,766.30
145.59831355,-17.11265395,768.01
145.59831351,-17.11265919,766.50
145.59831349,-17.11266181,767.28
145.59831346,-17.11266578,768.76
145.59831310,-17.11271350,766.72
145.59831303,-17.11272308,767.85
145.59831301,-17.11272606,767.68
145.59831260,-17.11278109,774.80
145.59831235,-17.11281344,764.59
145.59831219,-17.11283558,775.13
145.59831217,-17.11283757,761.03
145.59831197,-17.11286423,760.71
145.59831150,-17.11292758,768.20
145.59831150,-17.11292794,765.05
145.59831125,-17.11296092,764.47
145.59831124,-17.11296174,761.48
145.59831122,-17.11296526,767.46
145.59831117,-17.11297168,768.21
145.59831084,-17.11301514,766.44
145.59831048,-17.11306385,767.11
145.59831038,-17.11307777,770.44
145.59831037,-17.11307795,770.46
145.59831021,-17.11310018,770.83
145.59831014,-17.11310931,771.03
145.59831012,-17.11311184,765.82
145.59831005,-17.11312087,768.80
145.59830993,-17.11313723,769.70
145.59830985,-17.11314735,765.25
145.59830980,-17.11315467,771.13
145.59830978,-17.11315747,770.23
145.59830972,-17.11316552,770.86
145.59830967,-17.11317193,758.47
145.59830961,-17.11317970,757.79
145.59830940,-17.11320817,760.02
145.59830937,-17.11321151,766.31
145.59830918,-17.11323736,766.17
145.59830900,-17.11326085,764.20
145.59830885,-17.11328101,764.93
145.59830859,-17.11331616,762.86
145.59830858,-17.11331788,753.32
145.59830815,-17.11337454,770.65
145.59830815,-17.11337508,773.57
145.59830814,-17.11337679,758.55
145.59830812,-17.11337878,773.45
145.59830798,-17.11339758,777.30
145.59830795,-17.11340155,777.98
145.59830780,-17.11342162,776.72
145.59830779,-17.11342252,769.39
145.59830774,-17.11342912,776.45
145.59830763,-17.11344394,757.59
145.59830754,-17.11345686,755.74
145.59830746,-17.11346671,771.10
145.59830737,-17.11347882,770.53
145.59830726,-17.11349436,758.38
145.59830720,-17.11350241,742.11
145.59830716,-17.11350710,754.47
145.59830706,-17.11352039,766.90
145.59830700,-17.11352798,765.96
145.59830699,-17.11352979,741.87
145.59830696,-17.11353431,769.27
145.59830693,-17.11353783,757.72
145.59830692,-17.11353864,769.39
145.59830690,-17.11354144,769.33
145.59830688,-17.11354434,762.47
145.59830687,-17.11354641,744.42
145.59830666,-17.11357443,764.80
145.59830661,-17.11357994,773.41
145.59830657,-17.11358609,770.83
145.59830650,-17.11359530,759.26
145.59830639,-17.11360976,761.38
145.59830637,-17.11361292,754.86
145.59830616,-17.11364058,763.73
145.59830614,-17.11364293,742.31
145.59830590,-17.11367555,744.77
145.59830588,-17.11367853,762.32
145.59830581,-17.11368784,744.27
145.59830576,-17.11369453,761.73
145.59830575,-17.11369480,749.29
145.59830570,-17.11370166,740.45
145.59830565,-17.11370835,757.06
145.59830565,-17.11370917,741.22
145.59830542,-17.11373944,755.21
145.59830540,-17.11374179,756.56
145.59830533,-17.11375110,757.81
145.59830531,-17.11375399,763.63
145.59830526,-17.11376086,758.65
145.59830516,-17.11377387,757.60
145.59830513,-17.11377839,752.51
145.59830511,-17.11378146,758.21
145.59830497,-17.11379998,743.05
145.59830494,-17.11380423,740.22
145.59830493,-17.11380450,748.88
145.59830474,-17.11383008,758.41
145.59830450,-17.11386180,742.17
145.59830441,-17.11387390,742.80
145.59830423,-17.11389849,766.71
145.59830407,-17.11392008,769.35
145.59830405,-17.11392261,769.47
145.59830390,-17.11394286,771.03
145.59830389,-17.11394358,764.80
145.59830380,-17.11395632,768.01
145.59830367,-17.11397304,762.80
145.59830362,-17.11398036,769.32
145.59830313,-17.11404506,755.79
145.59830292,-17.11407325,754.69
145.59830261,-17.11411528,753.88
145.59830250,-17.11412955,748.42
145.59830221,-17.11416823,757.23
145.59830219,-17.11417121,737.88
145.59830214,-17.11417736,744.52
145.59830196,-17.11420140,753.90
145.59830192,-17.11420700,752.73
145.59830189,-17.11421070,754.04
145.59830164,-17.11424477,753.26
145.59830144,-17.11427098,753.98
145.59830079,-17.11435737,745.86
145.59830057,-17.11438719,740.63
145.59830048,-17.11439984,743.50
145.59830045,-17.11440301,744.95
145.59830042,-17.11440779,743.43
145.59830037,-17.11441358,743.35
145.59830007,-17.11445433,733.85
145.59830003,-17.11445894,729.81
145.59829954,-17.11452446,728.13
145.59829950,-17.11453042,728.07
145.59829942,-17.11454018,758.96
145.59829934,-17.11455121,727.98
145.59829923,-17.11456648,736.35
145.59829914,-17.11457850,728.64
145.59829880,-17.11462377,749.00
145.59829873,-17.11463344,738.17
145.59829862,-17.11464745,750.60
145.59829853,-17.11465974,750.99
145.59829823,-17.11469941,754.60
145.59829822,-17.11470104,753.04
145.59829776,-17.11476194,747.81
145.59829731,-17.11482204,749.97
145.59829712,-17.11484852,753.52
145.59829702,-17.11486117,753.16
145.59829681,-17.11488981,754.06
145.59829678,-17.11489361,753.66
145.59829672,-17.11490183,745.10
145.59829659,-17.11491900,756.35
145.59829643,-17.11493961,748.23
145.59829608,-17.11498714,759.90
145.59829596,-17.11500241,760.81
145.59829581,-17.11502347,761.43
145.59829574,-17.11503160,751.93
145.59829571,-17.11503684,761.11
145.59829552,-17.11506097,762.38
145.59829535,-17.11508446,758.04
145.59829523,-17.11509992,761.23
145.59829504,-17.11512603,761.20
145.59829503,-17.11512766,759.62
145.59829488,-17.11514682,753.94
145.59829429,-17.11522625,770.86
145.59829426,-17.11522969,766.11
145.59829421,-17.11523601,769.73
145.59829417,-17.11524225,766.68
145.59829409,-17.11525210,765.90
145.59829394,-17.11527216,755.25
145.59829374,-17.11529900,785.85
145.59829341,-17.11534382,769.02
145.59829310,-17.11538485,780.76
145.59829304,-17.11539244,778.63
145.59829295,-17.11540436,773.98
145.59829287,-17.11541575,778.87
145.59829287,-17.11541593,777.46
145.59829282,-17.11542244,779.66
145.59829276,-17.11543012,796.40
145.59829274,-17.11543328,796.64
145.59829267,-17.11544259,797.89
145.59829265,-17.11544485,798.01
145.59829254,-17.11545985,794.80
145.59829251,-17.11546338,797.64
145.59829232,-17.11548949,796.66
145.59829231,-17.11549049,795.39
145.59829195,-17.11553856,792.82
145.59829193,-17.11554055,792.94
145.59829189,-17.11554669,792.43
145.59829157,-17.11558862,799.53
145.59829099,-17.11566670,802.22
145.59829098,-17.11566815,798.86
145.59829077,-17.11569589,791.36
145.59829047,-17.11573610,781.74
145.59829040,-17.11574460,809.47
145.59829001,-17.11579701,794.81
145.59828997,-17.11580325,786.53
145.59828980,-17.11582557,791.72
145.59828957,-17.11585665,803.59
145.59828952,-17.11586226,804.05
145.59828950,-17.11586542,790.58
145.59828942,-17.11587590,796.59
145.59828938,-17.11588123,796.39
145.59828938,-17.11588150,788.26
145.59828930,-17.11589190,788.76
145.59828908,-17.11592217,806.94
145.59828904,-17.11592651,806.46
145.59828902,-17.11592958,800.83
145.59828899,-17.11593374,806.30
145.59828896,-17.11593762,814.61
145.59828896,-17.11593771,794.58
145.59828884,-17.11595353,807.47
145.59828877,-17.11596293,808.53
145.59828876,-17.11596455,808.65
145.59828860,-17.11598543,803.52
145.59828848,-17.11600169,804.75
145.59828846,-17.11600422,799.67
145.59828805,-17.11605853,802.25
145.59828776,-17.11609839,801.48
145.59828774,-17.11610110,798.41
145.59828756,-17.11612450,796.73
145.59828729,-17.11615993,792.16
145.59828697,-17.11620321,789.20
145.59828697,-17.11620357,798.22
145.59828693,-17.11620818,800.68
145.59828682,-17.11622363,802.00
145.59828680,-17.11622653,801.57
145.59828669,-17.11624098,791.71
145.59828640,-17.11627876,802.76
145.59828640,-17.11627885,802.67
145.59828639,-17.11628102,785.92
145.59828620,-17.11630542,805.29
145.59828620,-17.11630632,806.41
145.59828613,-17.11631536,790.88
145.59828612,-17.11631626,808.46
145.59828611,-17.11631816,791.35
145.59828610,-17.11631897,808.57
145.59828610,-17.11631906,808.61
145.59828590,-17.11634563,804.35
145.59828584,-17.11635476,792.15
145.59828583,-17.11635548,804.45
145.59828582,-17.11635693,802.01
145.59828566,-17.11637798,799.39
145.59828563,-17.11638160,803.23
145.59828556,-17.11639099,805.02
145.59828545,-17.11640627,803.59
145.59828544,-17.11640771,803.74
145.59828543,-17.11640916,803.91
145.59828535,-17.11641937,805.12
145.59828533,-17.11642235,786.01
145.59828531,-17.11642461,804.19
145.59828531,-17.11642542,804.30
145.59828529,-17.11642787,804.93
145.59828503,-17.11646238,805.16
145.59828481,-17.11649157,798.06
145.59828448,-17.11653558,799.48
145.59828437,-17.11655031,786.85
145.59828431,-17.11655854,801.25
145.59828424,-17.11656766,793.08
145.59828414,-17.11658049,797.52
145.59828408,-17.11658971,789.25
145.59828403,-17.11659640,798.63
145.59828401,-17.11659857,798.63
145.59828400,-17.11660001,798.78
145.59828384,-17.11662062,800.21
145.59828380,-17.11662676,787.17
145.59828379,-17.11662749,796.53
145.59828373,-17.11663562,803.56
145.59828373,-17.11663598,795.57
145.59828346,-17.11667195,800.42
145.59828344,-17.11667511,803.30
145.59828339,-17.11668116,802.67
145.59828325,-17.11670005,790.29
145.59828316,-17.11671252,815.32
145.59828301,-17.11673249,801.90
145.59828291,-17.11674532,799.62
145.59828290,-17.11674722,799.65
145.59828284,-17.11675517,800.37
145.59828281,-17.11675816,797.06
145.59828262,-17.11678454,807.33
145.59828256,-17.11679232,810.96
145.59828255,-17.11679394,810.64
145.59828252,-17.11679756,812.90
145.59828250,-17.11680000,813.01
145.59828233,-17.11682322,825.38
145.59828230,-17.11682711,825.36
145.59828222,-17.11683795,823.62
145.59828204,-17.11686208,828.85
145.59828197,-17.11687148,829.29
145.59828196,-17.11687265,819.77
145.59828182,-17.11689136,828.81
145.59828171,-17.11690537,814.41
145.59828155,-17.11692633,828.39
145.59828148,-17.11693663,818.86
145.59828136,-17.11695190,827.04
145.59828135,-17.11695353,826.58
145.59828134,-17.11695525,826.21
145.59828129,-17.11696139,813.53
145.59828128,-17.11696239,824.79
145.59828095,-17.11700640,821.98
145.59828073,-17.11703685,834.58
145.59828072,-17.11703730,834.71
145.59828051,-17.11706568,829.59
145.59828038,-17.11708312,829.70
145.59828028,-17.11709676,831.71
145.59828025,-17.11710029,827.82
145.59828022,-17.11710472,828.99
145.59828012,-17.11711728,829.14
145.59828011,-17.11711954,829.22
145.59828007,-17.11712496,830.10
145.59827990,-17.11714746,820.36
145.59827949,-17.11720186,831.37
145.59827923,-17.11723629,804.69
145.59827866,-17.11731283,827.33
145.59827866,-17.11731310,827.29
145.59827861,-17.11731952,832.91
145.59827859,-17.11732160,824.84
145.59827857,-17.11732422,824.64
145.59827854,-17.11732874,823.05
145.59827836,-17.11735277,831.25
145.59827832,-17.11735883,834.92
145.59827830,-17.11736073,835.02
145.59827811,-17.11738621,834.56
145.59827791,-17.11741233,837.24
145.59827751,-17.11746682,836.98
145.59827749,-17.11746871,829.26
145.59827747,-17.11747161,839.10
145.59827741,-17.11747938,838.81
145.59827727,-17.11749790,826.47
145.59827720,-17.11750812,817.16
145.59827713,-17.11751724,835.69
145.59827710,-17.11752131,841.94
145.59827706,-17.11752610,840.81
145.59827697,-17.11753875,837.80
145.59827695,-17.11754173,839.32
145.59827691,-17.11754670,839.34
145.59827660,-17.11758845,845.47
145.59827639,-17.11761547,846.51
145.59827637,-17.11761891,845.49
145.59827630,-17.11762821,840.79
145.59827625,-17.11763481,842.52
145.59827617,-17.11764502,843.24
145.59827607,-17.11765794,820.09
145.59827590,-17.11768099,837.63
145.59827575,-17.11770105,837.38
145.59827570,-17.11770765,839.09
145.59827570,-17.11770864,839.90
145.59827547,-17.11773864,831.22
145.59827537,-17.11775229,842.23
145.59827524,-17.11776919,845.04
145.59827518,-17.11777804,844.94
145.59827512,-17.11778482,845.19
145.59827506,-17.11779340,834.54
145.59827501,-17.11779991,834.34
145.59827492,-17.11781238,825.09
145.59827477,-17.11783235,834.08
145.59827469,-17.11784220,844.05
145.59827466,-17.11784726,838.31
145.59827444,-17.11787600,836.04
145.59827437,-17.11788522,845.01
145.59827398,-17.11793700,832.20
145.59827397,-17.11793935,841.80
145.59827390,-17.11794893,840.47
145.59827376,-17.11796754,839.20
145.59827375,-17.11796881,834.92
145.59827351,-17.11799989,842.92
145.59827350,-17.11800161,842.79
145.59827347,-17.11800514,842.58
145.59827345,-17.11800803,842.70
145.59827341,-17.11801399,840.32
145.59827335,-17.11802140,838.55
145.59827327,-17.11803252,843.16
145.59827322,-17.11803848,843.54
145.59827321,-17.11804002,843.43
145.59827314,-17.11804969,839.02
145.59827291,-17.11808086,834.63
145.59827290,-17.11808186,831.55
145.59827289,-17.11808258,832.75
145.59827277,-17.11809939,835.36
145.59827276,-17.11810011,835.34
145.59827275,-17.11810174,835.45
145.59827270,-17.11810815,835.53
145.59827250,-17.11813535,822.42
145.59827249,-17.11813626,823.71
145.59827231,-17.11816111,816.58
145.59827221,-17.11817421,806.70
145.59827200,-17.11820204,830.40
145.59827191,-17.11821361,829.10
145.59827189,-17.11821659,823.65
145.59827186,-17.11822030,831.40
145.59827183,-17.11822527,831.39
145.59827176,-17.11823458,836.41
145.59827166,-17.11824732,827.10
145.59827161,-17.11825346,822.49
145.59827160,-17.11825500,834.39
145.59827156,-17.11826015,813.07
145.59827156,-17.11826051,818.24
145.59827148,-17.11827127,821.49
145.59827143,-17.11827804,822.73
145.59827139,-17.11828310,822.61
145.59827136,-17.11828744,821.90
145.59827132,-17.11829323,837.53
145.59827121,-17.11830714,825.80
145.59827120,-17.11830814,822.95
145.59827119,-17.11831003,823.77
145.59827109,-17.11832323,826.84
145.59827108,-17.11832440,828.07
145.59827098,-17.11833868,827.59
145.59827004,-17.11846420,812.20
145.59826980,-17.11849538,822.62
145.59826976,-17.11850161,824.69
145.59826910,-17.11858972,828.54
145.59826908,-17.11859117,822.29
145.59826908,-17.11859243,828.69
145.59826906,-17.11859478,821.92
145.59826870,-17.11864286,805.17
145.59826850,-17.11866861,830.59
145.59826843,-17.11867846,819.78
145.59826827,-17.11870060,821.24
145.59826786,-17.11875419,821.92
145.59826780,-17.11876323,800.84
145.59826776,-17.11876810,812.40
145.59826773,-17.11877181,819.12
145.59826772,-17.11877271,812.58
145.59826752,-17.11879946,805.28
145.59826751,-17.11880163,804.25
145.59826738,-17.11881925,810.03
145.59826734,-17.11882422,810.31
145.59826726,-17.11883471,808.05
145.59826722,-17.11883959,811.10
145.59826708,-17.11885901,819.48
145.59826704,-17.11886353,823.88
145.59826700,-17.11886904,798.22
145.59826694,-17.11887700,823.43
145.59826691,-17.11888179,818.67
145.59826680,-17.11889579,811.19
145.59826664,-17.11891766,800.12
145.59826659,-17.11892381,800.09
145.59826645,-17.11894342,795.13
145.59826635,-17.11895661,799.23
145.59826618,-17.11897911,807.24
145.59826609,-17.11899077,819.46
145.59826605,-17.11899619,812.46
145.59826592,-17.11901399,795.95
145.59826572,-17.11904083,827.22
145.59826560,-17.11905638,811.31
145.59826547,-17.11907391,827.11
145.59826545,-17.11907599,821.76
145.59826532,-17.11909388,812.75
145.59826521,-17.11910852,820.44
145.59826515,-17.11911710,814.72
145.59826514,-17.11911756,821.14
145.59826486,-17.11915506,818.38
145.59826482,-17.11916075,804.19
145.59826472,-17.11917431,806.24
145.59826466,-17.11918199,815.08
145.59826465,-17.11918361,823.28
145.59826455,-17.11919690,823.76
145.59826447,-17.11920702,824.06
145.59826439,-17.11921849,822.15
145.59826430,-17.11923015,819.19
145.59826423,-17.11923964,821.43
145.59826414,-17.11925121,822.59
145.59826410,-17.11925672,824.44
145.59826409,-17.11925817,823.95
145.59826408,-17.11925943,823.54
145.59826405,-17.11926332,810.53
145.59826389,-17.11928437,811.32
145.59826387,-17.11928745,814.15
145.59826357,-17.11932730,786.66
145.59826356,-17.11932847,798.92
145.59826354,-17.11933091,814.36
145.59826353,-17.11933335,800.65
145.59826332,-17.11936028,811.80
145.59826326,-17.11936914,809.47
145.59826284,-17.11942489,812.78
145.59826282,-17.11942760,813.43
145.59826276,-17.11943520,806.58
145.59826264,-17.11945219,788.09
145.59826263,-17.11945354,797.13
145.59826231,-17.11949520,787.03
145.59826224,-17.11950433,806.74
145.59826213,-17.11951951,790.10
145.59826209,-17.11952493,779.13
145.59826203,-17.11953315,790.18
145.59826189,-17.11955141,788.07
145.59826188,-17.11955276,784.17
145.59826188,-17.11955358,785.74
145.59826178,-17.11956623,789.01
145.59826172,-17.11957409,788.63
145.59826160,-17.11958990,792.97
145.59826145,-17.11961060,795.37
145.59826120,-17.11964367,792.34
145.59826118,-17.11964638,792.27
145.59826078,-17.11969934,777.66
145.59826073,-17.11970630,781.94
145.59826071,-17.11970910,781.07
145.59826049,-17.11973793,784.67
145.59826031,-17.11976287,761.52
145.59826015,-17.11978356,781.22
145.59826013,-17.11978718,781.38
145.59826011,-17.11978898,781.64
145.59826004,-17.11979811,774.55
145.59825998,-17.11980661,774.93
145.59825992,-17.11981528,769.62
145.59825982,-17.11982784,786.07
145.59825973,-17.11984040,786.35
145.59825959,-17.11985911,758.27
145.59825947,-17.11987456,782.00
145.59825943,-17.11988016,782.80
145.59825940,-17.11988441,770.76
145.59825931,-17.11989544,793.22
145.59825924,-17.11990583,783.70
145.59825902,-17.11993484,785.76
145.59825896,-17.11994324,792.44
145.59825891,-17.11994893,779.44
145.59825891,-17.11994920,774.44
145.59825858,-17.11999385,774.31
145.59825848,-17.12000668,783.35
145.59825842,-17.12001427,775.08
145.59825837,-17.12002186,776.54
145.59825831,-17.12002891,783.81
145.59825815,-17.12005123,782.72
145.59825812,-17.12005439,782.82
145.59825811,-17.12005665,782.78
145.59825798,-17.12007319,778.22
145.59825794,-17.12007951,778.43
145.59825793,-17.12007969,780.76
145.59825793,-17.12008060,780.68
145.59825783,-17.12009397,747.89
145.59825782,-17.12009560,775.49
145.59825778,-17.12010093,776.48
145.59825774,-17.12010581,776.18
145.59825731,-17.12016292,747.67
145.59825728,-17.12016681,747.66
145.59825715,-17.12018416,757.32
145.59825714,-17.12018579,756.47
145.59825691,-17.12021705,749.45
145.59825665,-17.12025058,786.71
145.59825643,-17.12028076,753.29
145.59825636,-17.12028935,752.05
145.59825635,-17.12029070,751.44
145.59825614,-17.12031863,748.38
145.59825613,-17.12032061,775.00
145.59825567,-17.12038179,758.19
145.59825566,-17.12038387,781.43
145.59825558,-17.12039426,779.96
145.59825515,-17.12045074,780.43
145.59825510,-17.12045815,779.87
145.59825496,-17.12047641,780.15
145.59825484,-17.12049249,779.05
145.59825465,-17.12051834,777.82
145.59825463,-17.12052078,774.64
145.59825444,-17.12054626,775.43
145.59825429,-17.12056650,777.99
145.59825421,-17.12057726,778.51
145.59825421,-17.12057735,775.22
145.59825420,-17.12057825,755.43
145.59825414,-17.12058593,758.22
145.59825408,-17.12059379,774.86
145.59825374,-17.12063961,773.00
145.59825372,-17.12064169,772.98
145.59825370,-17.12064485,773.42
145.59825369,-17.12064675,772.85
145.59825345,-17.12067847,737.83
145.59825331,-17.12069672,773.52
145.59825323,-17.12070739,771.98
145.59825316,-17.12071715,769.29
145.59825313,-17.12072166,773.03
145.59825310,-17.12072483,773.62
145.59825290,-17.12075239,771.62
145.59825277,-17.12076965,771.50
145.59825274,-17.12077308,771.48
145.59825264,-17.12078582,767.82
145.59825255,-17.12079866,761.95
145.59825167,-17.12091640,778.93
145.59825157,-17.12092897,782.04
145.59825127,-17.12096963,774.52
145.59825124,-17.12097297,772.73
145.59825116,-17.12098346,747.13
145.59825111,-17.12099096,748.38
145.59825110,-17.12099195,773.32
145.59825102,-17.12100225,770.19
145.59825095,-17.12101156,777.70
145.59825088,-17.12102150,775.97
145.59825072,-17.12104301,780.97
145.59825045,-17.12107843,775.62
145.59825034,-17.12109362,771.00
145.59825026,-17.12110464,786.83
145.59825024,-17.12110645,776.10
145.59825003,-17.12113455,769.55
145.59824997,-17.12114287,769.17
145.59824958,-17.12119437,788.61
145.59824945,-17.12121172,754.57
145.59824926,-17.12123784,762.24
145.59824923,-17.12124218,782.72
145.59824908,-17.12126143,783.49
145.59824893,-17.12128230,784.69
145.59824886,-17.12129161,769.07
145.59824885,-17.12129297,784.49
145.59824875,-17.12130544,781.25
145.59824851,-17.12133833,772.41
145.59824835,-17.12135848,775.76
145.59824835,-17.12135902,794.56
145.59824821,-17.12137800,786.38
145.59824812,-17.12139011,787.49
145.59824810,-17.12139183,787.97
145.59824779,-17.12143340,786.23
145.59824776,-17.12143846,785.49
145.59824762,-17.12145707,793.30
145.59824761,-17.12145734,781.49
145.59824758,-17.12146168,792.63
145.59824742,-17.12148265,802.71
145.59824726,-17.12150497,801.33
145.59824724,-17.12150750,796.39
145.59824721,-17.12151174,783.90
145.59824709,-17.12152738,784.78
145.59824673,-17.12157509,795.69
145.59824640,-17.12161955,803.59
145.59824630,-17.12163302,798.87
145.59824624,-17.12164124,801.35
145.59824606,-17.12166455,802.27
145.59824596,-17.12167748,800.82
145.59824521,-17.12177869,811.65
145.59824507,-17.12179622,812.08
145.59824481,-17.12183092,804.03
145.59824481,-17.12183192,805.05
145.59824480,-17.12183354,805.20
145.59824455,-17.12186589,814.12
145.59824414,-17.12192147,811.15
145.59824399,-17.12194090,816.27
145.59824391,-17.12195111,795.49
145.59824379,-17.12196756,789.35
145.59824351,-17.12200506,810.69
145.59824345,-17.12201256,810.91
145.59824316,-17.12205124,807.44
145.59824314,-17.12205413,815.50
145.59824293,-17.12208241,803.57
145.59824287,-17.12209091,803.89
145.59824278,-17.12210293,806.48
145.59824275,-17.12210645,813.38
145.59824268,-17.12211594,820.67
145.59824260,-17.12212606,797.09
145.59824224,-17.12217504,819.51
145.59824219,-17.12218173,820.41
145.59824210,-17.12219347,800.78
145.59824199,-17.12220820,819.82
145.59824198,-17.12220974,817.81
145.59824174,-17.12224083,819.68
145.59824155,-17.12226622,801.74
145.59824150,-17.12227381,801.24
145.59824134,-17.12229450,815.23
145.59824134,-17.12229478,809.51
145.59824132,-17.12229785,819.98
145.59824128,-17.12230255,803.99
145.59824116,-17.12231927,821.93
145.59824114,-17.12232143,822.01
145.59824112,-17.12232360,822.06
145.59824108,-17.12232884,822.50
145.59824104,-17.12233436,822.37
145.59824101,-17.12233860,822.47
145.59824098,-17.12234312,818.02
145.59824094,-17.12234836,821.39
145.59824065,-17.12238650,819.28
145.59824041,-17.12241858,805.20
145.59823995,-17.12248030,822.00
145.59823988,-17.12249006,822.60
145.59823987,-17.12249042,807.24
145.59823987,-17.12249087,822.38
145.59823985,-17.12249331,822.59
145.59823984,-17.12249467,808.34
145.59823971,-17.12251265,807.88
145.59823945,-17.12254717,800.41
145.59823940,-17.12255323,800.48
145.59823936,-17.12255856,800.71
145.59823914,-17.12258838,806.48
145.59823884,-17.12262778,811.85
145.59823869,-17.12264793,813.78
145.59823835,-17.12269438,776.45
145.59823783,-17.12276369,801.22
145.59823754,-17.12280237,804.46
145.59823750,-17.12280734,798.33
145.59823746,-17.12281312,804.60
145.59823736,-17.12282559,802.39
145.59823732,-17.12283174,796.98
145.59823717,-17.12285153,799.11
145.59823701,-17.12287313,797.44
145.59823694,-17.12288171,796.78
145.59823689,-17.12288912,796.35
145.59823676,-17.12290602,791.33
145.59823675,-17.12290765,762.52
145.59823654,-17.12293503,790.86
145.59823653,-17.12293611,790.78
145.59823645,-17.12294759,792.07
145.59823638,-17.12295654,792.72
145.59823636,-17.12295952,790.87
145.59823625,-17.12297389,791.15
145.59823607,-17.12299837,790.12
145.59823574,-17.12304202,786.89
145.59823565,-17.12305350,787.50
145.59823561,-17.12305910,782.46
145.59823549,-17.12307600,775.04
145.59823535,-17.12309435,773.64
145.59823521,-17.12311260,784.86
145.59823444,-17.12321535,781.80
145.59823435,-17.12322746,773.97
145.59823435,-17.12322791,781.22
145.59823426,-17.12324002,782.51
145.59823416,-17.12325294,782.25
145.59823411,-17.12325972,781.48
145.59823369,-17.12331520,776.02
145.59823365,-17.12332135,748.52
145.59823363,-17.12332352,778.41
145.59823350,-17.12334114,778.36
145.59823341,-17.12335252,784.27
145.59823323,-17.12337765,782.34
145.59823316,-17.12338605,778.68
145.59823312,-17.12339174,778.06
145.59823311,-17.12339328,749.27
145.59823309,-17.12339527,777.80
145.59823300,-17.12340801,778.61
145.59823296,-17.12341307,760.26
145.59823282,-17.12343196,767.34
145.59823279,-17.12343638,778.71
145.59823276,-17.12343928,776.97
145.59823270,-17.12344732,779.32
145.59823269,-17.12344877,778.93
145.59823267,-17.12345202,777.97
145.59823248,-17.12347687,760.69
145.59823248,-17.12347696,771.65
145.59823195,-17.12354781,767.78
145.59823142,-17.12361829,763.50
145.59823140,-17.12362200,763.90
145.59823119,-17.12364884,750.94
145.59823118,-17.12365074,764.08
145.59823094,-17.12368227,743.83
145.59823092,-17.12368526,739.05
145.59823085,-17.12369420,737.76
145.59823074,-17.12370947,735.97
145.59823073,-17.12371038,760.32
145.59823064,-17.12372330,742.00
145.59823063,-17.12372457,765.92
145.59823056,-17.12373306,769.64
145.59823049,-17.12374264,753.92
145.59823030,-17.12376812,774.26
145.59823017,-17.12378565,772.92
145.59822968,-17.12385036,773.24
145.59822966,-17.12385379,758.78
145.59822955,-17.12386798,758.22
145.59822910,-17.12392889,729.83
145.59822892,-17.12395283,769.19
145.59822882,-17.12396585,764.98
145.59822861,-17.12399323,758.65
145.59822857,-17.12399955,768.89
145.59822856,-17.12400019,758.17
145.59822855,-17.12400127,758.27
145.59822836,-17.12402684,748.54
145.59822825,-17.12404230,763.88
145.59822824,-17.12404257,763.76
145.59822819,-17.12404962,764.46
145.59822775,-17.12410881,747.54
145.59822730,-17.12416809,733.58
145.59822724,-17.12417667,732.59
145.59822723,-17.12417740,749.54
145.59822696,-17.12421336,737.55
145.59822679,-17.12423668,735.84
145.59822637,-17.12429261,713.63
145.59822632,-17.12429930,746.16
145.59822621,-17.12431457,747.84
145.59822575,-17.12437503,745.12
145.59822554,-17.12440304,741.82
145.59822470,-17.12451564,733.00
145.59822463,-17.12452531,740.42
145.59822459,-17.12453055,742.31
145.59822453,-17.12453796,741.92
145.59822451,-17.12454058,739.44
145.59822451,-17.12454085,742.32
145.59822441,-17.12455459,728.94
145.59822425,-17.12457519,737.67
145.59822420,-17.12458161,737.66
145.59822396,-17.12461387,740.30
145.59822346,-17.12468155,739.06
145.59822332,-17.12469936,736.33
145.59822313,-17.12472466,740.30
145.59822266,-17.12478719,741.05
145.59822255,-17.12480301,740.14
145.59822227,-17.12483915,739.12
145.59822225,-17.12484196,739.07
145.59822220,-17.12484873,738.14
145.59822210,-17.12486256,737.58
145.59822208,-17.12486545,737.87
145.59822185,-17.12489545,734.61
145.59822175,-17.12490937,751.40
145.59822171,-17.12491398,729.58
145.59822171,-17.12491407,751.06
145.59822171,-17.12491479,743.13
145.59822168,-17.12491904,735.78
145.59822164,-17.12492428,750.23
145.59822161,-17.12492817,739.50
145.59822146,-17.12494796,748.71
145.59822145,-17.12494859,732.19
145.59822115,-17.12498962,739.12
145.59822107,-17.12500055,718.04
145.59822085,-17.12502874,740.12
145.59822084,-17.12503100,735.61
145.59822077,-17.12504004,736.87
145.59822051,-17.12507474,735.16
145.59822047,-17.12508034,721.31
145.59822038,-17.12509137,721.52
145.59822027,-17.12510682,736.10
145.59822027,-17.12510709,735.97
145.59822016,-17.12512083,717.40
145.59822007,-17.12513348,732.51
145.59821998,-17.12514559,746.73
145.59821994,-17.12515083,729.13
145.59821989,-17.12515770,745.11
145.59821988,-17.12515905,719.51
145.59821984,-17.12516448,746.78
145.59821983,-17.12516475,725.28
145.59821983,-17.12516592,734.31
145.59821980,-17.12516990,734.20
145.59821979,-17.12517044,745.85
145.59821977,-17.12517315,734.40
145.59821966,-17.12518869,729.13
145.59821940,-17.12522213,722.69
145.59821922,-17.12524698,738.45
145.59821919,-17.12525096,735.63
145.59821890,-17.12528918,739.23
145.59821826,-17.12537449,737.44
145.59821808,-17.12539889,738.68
145.59821793,-17.12541940,725.14
145.59821792,-17.12542022,733.79
145.59821734,-17.12549757,723.73
145.59821597,-17.12567993,743.37
145.59821512,-17.12579352,744.05
145.59821507,-17.12580066,745.08
145.59821494,-17.12581756,738.66
145.59821492,-17.12582099,743.12
145.59821457,-17.12586717,734.46
145.59821454,-17.12587106,741.40
145.59821449,-17.12587792,742.18
145.59821437,-17.12589419,734.63
145.59821422,-17.12591434,733.18
145.59821411,-17.12592871,732.42
145.59821405,-17.12593657,728.51
145.59821393,-17.12595320,741.64
145.59821347,-17.12601348,735.26
145.59821342,-17.12602043,733.89
145.59821331,-17.12603580,732.04
145.59821328,-17.12603968,730.42
145.59821320,-17.12605071,729.96
145.59821309,-17.12606499,729.87
145.59821305,-17.12607014,730.42
145.59821297,-17.12608080,731.52
145.59821257,-17.12613457,733.55
145.59821253,-17.12613972,733.71
145.59821219,-17.12618472,734.75
145.59821213,-17.12619249,732.91
145.59821199,-17.12621192,727.14
145.59821186,-17.12622945,724.59
145.59821183,-17.12623262,716.63
145.59821171,-17.12624942,721.92
145.59821093,-17.12635253,742.78
145.59821091,-17.12635543,742.78
145.59821076,-17.12637603,716.29
145.59821071,-17.12638208,749.08
145.59821026,-17.12644254,720.18
145.59821023,-17.12644579,720.23
145.59820988,-17.12649269,729.66
145.59820985,-17.12649748,721.38
145.59820957,-17.12653498,745.12
145.59820956,-17.12653607,741.02
145.59820944,-17.12655224,744.23
145.59820942,-17.12655387,742.82
145.59820938,-17.12655993,725.24
145.59820925,-17.12657682,747.90
145.59820890,-17.12662427,729.22
145.59820888,-17.12662653,744.43
145.59820884,-17.12663159,744.78
145.59820851,-17.12667614,724.44
145.59820834,-17.12669792,747.11
145.59820820,-17.12671789,749.90
145.59820803,-17.12674057,751.25
145.59820802,-17.12674184,729.03
145.59820800,-17.12674446,747.70
145.59820799,-17.12674464,729.13
145.59820793,-17.12675277,746.86
145.59820792,-17.12675431,734.82
145.59820790,-17.12675693,747.95
145.59820790,-17.12675711,748.46
145.59820781,-17.12676876,744.17
145.59820768,-17.12678720,739.20
145.59820765,-17.12679099,745.65
145.59820756,-17.12680283,744.42
145.59820728,-17.12684052,738.28
145.59820712,-17.12686139,739.55
145.59820680,-17.12690377,745.69
145.59820676,-17.12690938,745.73
145.59820675,-17.12691055,746.15
145.59820671,-17.12691597,747.05
145.59820643,-17.12695329,746.18
145.59820635,-17.12696369,744.69
145.59820625,-17.12697733,746.74
145.59820621,-17.12698212,746.25
145.59820568,-17.12705333,747.65
145.59820567,-17.12705478,747.60
145.59820566,-17.12705586,736.27
145.59820566,-17.12705613,747.62
145.59820564,-17.12705857,736.44
145.59820561,-17.12706291,742.10
145.59820541,-17.12708957,738.36
145.59820525,-17.12711126,735.94
145.59820519,-17.12711939,740.30
145.59820477,-17.12717433,737.20
145.59820475,-17.12717704,737.36
145.59820470,-17.12718373,737.13
145.59820464,-17.12719277,738.41
145.59820458,-17.12720009,738.50
145.59820421,-17.12724970,731.55
145.59820419,-17.12725232,731.71
145.59820381,-17.12730320,714.59
145.59820357,-17.12733482,731.31
145.59820354,-17.12733925,749.69
145.59820337,-17.12736212,718.43
145.59820329,-17.12737215,749.37
145.59820314,-17.12739221,742.61
145.59820311,-17.12739573,743.17
145.59820307,-17.12740224,742.67
145.59820300,-17.12741055,740.30
145.59820297,-17.12741543,737.97
145.59820295,-17.12741832,738.03
145.59820289,-17.12742519,735.47
145.59820248,-17.12748032,727.35
145.59820210,-17.12753083,737.88
145.59820130,-17.12763819,741.88
145.59820123,-17.12764722,739.21
145.59820122,-17.12764804,741.58
145.59820079,-17.12770650,733.26
145.59820066,-17.12772385,735.15
145.59820061,-17.12772982,734.84
145.59820052,-17.12774238,730.37
145.59820049,-17.12774590,729.19
145.59820047,-17.12774853,730.35
145.59820041,-17.12775612,725.94
145.59820039,-17.12775928,705.33
145.59820015,-17.12779181,716.01
145.59819970,-17.12785127,711.96
145.59819946,-17.12788299,710.49
145.59819939,-17.12789248,713.63
145.59819955,-17.12789637,716.72
145.59820961,-17.12789653,701.35
145.59823583,-17.12789680,707.24
145.59825942,-17.12789696,701.16
145.59827163,-17.12789705,706.26
145.59829475,-17.12789721,728.92
145.59832041,-17.12789739,721.53
145.59835133,-17.12789760,715.70
145.59838131,-17.12789781,720.66
145.59839484,-17.12789790,724.01
145.59846082,-17.12789836,714.94
145.59846580,-17.12789839,705.44
145.59863497,-17.12789956,724.72
145.59868168,-17.12789989,710.11
145.59869719,-17.12790000,731.89
145.59872200,-17.12790017,733.38
145.59875705,-17.12790041,706.55
145.59876749,-17.12790048,733.70
145.59877538,-17.12790054,732.53
145.59883233,-17.12790093,728.67
145.59884023,-17.12790099,730.41
145.59893759,-17.12790166,728.83
145.59895940,-17.12790181,733.54
145.59901391,-17.12790219,735.95
145.59903628,-17.12790234,735.46
145.59904032,-17.12790237,728.03
145.59904182,-17.12790238,735.32
145.59904220,-17.12790239,733.46
145.59909473,-17.12790275,729.35
145.59909802,-17.12790277,730.50
145.59909915,-17.12790278,729.22
145.59910338,-17.12790281,706.47
145.59910874,-17.12790285,730.34
145.59912011,-17.12790292,733.51
145.59913016,-17.12790299,715.47
145.59913872,-17.12790305,732.05
145.59930450,-17.12790420,722.50
145.59931296,-17.12790426,731.09
145.59931879,-17.12790430,703.38
145.59934623,-17.12790449,719.28
145.59944228,-17.12790516,726.48
145.59949820,-17.12790554,724.32
145.59950807,-17.12790561,728.80
145.59952367,-17.12790572,707.72
145.59958410,-17.12790614,725.26
145.59959604,-17.12790622,720.91
145.59960600,-17.12790629,714.17
145.59961596,-17.12790636,714.54
145.59968739,-17.12790685,726.35
145.59969829,-17.12790693,730.12
145.59970919,-17.12790700,729.75
145.59972047,-17.12790708,729.59
145.59972056,-17.12790708,729.56
145.59972977,-17.12790715,715.14
145.59973757,-17.12790720,728.83
145.59977319,-17.12790745,729.60
145.59988823,-17.12790824,718.52
145.60003672,-17.12790927,695.48
145.60003700,-17.12790927,689.00
145.60003879,-17.12790928,713.94
145.60005119,-17.12790937,713.80
145.60005646,-17.12790941,712.46
145.60010890,-17.12790977,715.94
145.60024997,-17.12791075,695.29
145.60026876,-17.12791088,700.05
145.60028154,-17.12791096,701.01
145.60032083,-17.12791124,702.97
145.60035899,-17.12791150,681.69
145.60041528,-17.12791189,690.10
145.60048849,-17.12791240,680.39
145.60053379,-17.12791271,697.21
145.60055212,-17.12791284,702.02
145.60057280,-17.12791298,703.21
145.60058906,-17.12791309,703.31
145.60059451,-17.12791313,689.34
145.60059686,-17.12791315,689.43
145.60062383,-17.12791333,696.41
145.60062392,-17.12791333,696.38
145.60065315,-17.12791354,692.69
145.60065935,-17.12791358,692.48
145.60067524,-17.12791369,692.07
145.60067759,-17.12791370,692.17
145.60069526,-17.12791383,698.34
145.60071358,-17.12791395,697.21
145.60072035,-17.12791400,697.37
145.60073539,-17.12791410,693.95
145.60075174,-17.12791422,686.93
145.60075606,-17.12791425,694.71
145.60077270,-17.12791436,689.51
145.60077599,-17.12791439,689.47
145.60081490,-17.12791465,690.33
145.60083820,-17.12791482,677.02
145.60087833,-17.12791509,686.45
145.60089986,-17.12791524,687.01
145.60090117,-17.12791525,691.76
145.60090164,-17.12791525,687.90
145.60090474,-17.12791528,686.87
145.60096414,-17.12791569,692.05
145.60099412,-17.12791589,686.06
145.60103472,-17.12791617,685.49
145.60107466,-17.12791645,682.84
145.60108096,-17.12791649,685.92
145.60108237,-17.12791650,685.01
145.60109872,-17.12791662,681.14
145.60111414,-17.12791672,692.48
145.60111705,-17.12791674,692.49
145.60117804,-17.12791717,691.35
145.60119261,-17.12791727,692.34
145.60119703,-17.12791730,692.46
145.60119938,-17.12791731,683.76
145.60120624,-17.12791736,693.29
145.60124458,-17.12791763,692.84
145.60124628,-17.12791764,688.98
145.60127090,-17.12791781,703.76
145.60127814,-17.12791786,691.48
145.60128753,-17.12791792,708.16
145.60129082,-17.12791795,706.09
145.60129120,-17.12791795,691.95
145.60129562,-17.12791798,689.05
145.60130408,-17.12791804,708.62
145.60130614,-17.12791805,708.70
145.60130802,-17.12791806,708.83
145.60131225,-17.12791809,700.42
145.60131432,-17.12791811,700.50
145.60131460,-17.12791811,685.87
145.60131648,-17.12791812,700.59
145.60131686,-17.12791813,685.92
145.60137174,-17.12791851,705.96
145.60137419,-17.12791852,707.19
145.60138311,-17.12791858,690.58
145.60138913,-17.12791863,698.82
145.60139571,-17.12791867,716.38
145.60141836,-17.12791883,712.39
145.60142550,-17.12791888,699.90
145.60142964,-17.12791891,700.06
145.60143631,-17.12791895,699.91
145.60144674,-17.12791902,720.48
145.60145276,-17.12791907,713.51
145.60145680,-17.12791909,713.67
145.60146516,-17.12791915,719.50
145.60147747,-17.12791924,716.57
145.60148424,-17.12791928,720.59
145.60151864,-17.12791952,703.04
145.60152926,-17.12791959,703.37
145.60155933,-17.12791980,706.40
145.60156149,-17.12791982,700.27
145.60159025,-17.12792002,703.38
145.60159044,-17.12792002,705.40
145.60159110,-17.12792002,701.80
145.60159899,-17.12792008,705.66
145.60160604,-17.12792012,712.12
145.60160736,-17.12792013,705.92
145.60161215,-17.12792017,718.70
145.60162512,-17.12792026,720.00
145.60164279,-17.12792038,731.35
145.60164486,-17.12792039,727.59
145.60164570,-17.12792040,727.48
145.60166854,-17.12792056,728.05
145.60169439,-17.12792074,724.59
145.60170566,-17.12792081,727.93
145.60170970,-17.12792084,730.92
145.60171534,-17.12792088,731.45
145.60171901,-17.12792091,731.08
145.60173903,-17.12792104,706.07
145.60174128,-17.12792106,719.18
145.60174156,-17.12792106,717.01
145.60176901,-17.12792125,731.48
145.60180622,-17.12792151,726.28
145.60183630,-17.12792172,710.78
145.60184532,-17.12792178,710.14
145.60185350,-17.12792184,707.33
145.60188790,-17.12792207,711.61
145.60188799,-17.12792207,711.60
145.60189598,-17.12792213,714.93
145.60189617,-17.12792213,737.85
145.60190152,-17.12792217,737.59
145.60191825,-17.12792228,712.56
145.60192530,-17.12792233,736.19
145.60195256,-17.12792252,732.84
145.60197257,-17.12792266,739.10
145.60214108,-17.12792382,737.31
145.60214494,-17.12792385,738.06
145.60214907,-17.12792388,737.94
145.60224766,-17.12792456,733.72
145.60226185,-17.12792466,734.59
145.60227200,-17.12792473,738.64
145.60227933,-17.12792478,716.13
145.60228065,-17.12792479,732.11
145.60229766,-17.12792490,728.55
145.60231627,-17.12792503,729.58
145.60232867,-17.12792512,738.40
145.60234756,-17.12792525,736.29
145.60236072,-17.12792534,722.83
145.60236232,-17.12792535,735.51
145.60237905,-17.12792547,733.39
145.60238732,-17.12792552,730.59
145.60241157,-17.12792569,732.70
145.60246401,-17.12792605,722.78
145.60247096,-17.12792610,733.37
145.60249794,-17.12792629,731.87
145.60250602,-17.12792634,735.62
145.60254164,-17.12792659,734.97
145.60254333,-17.12792660,737.11
145.60254512,-17.12792661,737.00
145.60260545,-17.12792703,743.81
145.60261203,-17.12792708,744.22
145.60261325,-17.12792708,743.65
145.60262265,-17.12792715,733.57
145.60267049,-17.12792748,730.16
145.60268412,-17.12792757,723.81
145.60269727,-17.12792767,721.77
145.60272274,-17.12792784,741.01
145.60274351,-17.12792798,736.39
145.60282030,-17.12792852,751.85
145.60283223,-17.12792860,747.35
145.60284417,-17.12792868,742.63
145.60284971,-17.12792872,749.48
145.60291644,-17.12792918,730.16
145.60294323,-17.12792936,742.55
145.60299727,-17.12792974,740.73
145.60302236,-17.12792991,742.36
145.60305789,-17.12793016,743.89
145.60309181,-17.12793039,739.44
145.60309811,-17.12793043,736.21
145.60310469,-17.12793048,742.57
145.60314679,-17.12793077,742.40
145.60314914,-17.12793079,742.04
145.60315309,-17.12793081,742.37
145.60323269,-17.12793136,745.45
145.60324914,-17.12793148,718.70
145.60325497,-17.12793152,740.62
145.60326192,-17.12793156,741.33
145.60329970,-17.12793183,743.07
145.60333382,-17.12793206,728.40
145.60334547,-17.12793214,739.66
145.60334904,-17.12793217,740.80
145.60335243,-17.12793219,740.69
145.60338635,-17.12793242,735.51
145.60340985,-17.12793259,739.31
145.60341276,-17.12793261,739.07
145.60342743,-17.12793271,735.25
145.60346314,-17.12793295,738.15
145.60347423,-17.12793303,737.55
145.60347658,-17.12793305,737.53
145.60349021,-17.12793314,733.02
145.60349265,-17.12793316,742.36
145.60352564,-17.12793339,744.93
145.60353128,-17.12793342,744.66
145.60354359,-17.12793351,740.71
145.60355073,-17.12793356,741.87
145.60359509,-17.12793386,735.98
145.60359528,-17.12793387,742.64
145.60360712,-17.12793395,745.74
145.60361220,-17.12793398,744.70
145.60362902,-17.12793410,739.79
145.60364894,-17.12793424,736.75
145.60365120,-17.12793425,717.42
145.60370392,-17.12793462,731.15
145.60372676,-17.12793477,740.01
145.60372789,-17.12793478,739.86
145.60374011,-17.12793487,744.48
145.60375843,-17.12793499,746.03
145.60380101,-17.12793529,718.23
145.60384866,-17.12793562,735.79
145.60385063,-17.12793563,746.12
145.60385871,-17.12793568,740.04
145.60387826,-17.12793582,733.83
145.60391839,-17.12793610,724.65
145.60396501,-17.12793642,723.36
145.60397018,-17.12793645,718.30
145.60397948,-17.12793652,732.43
145.60401219,-17.12793674,732.79
145.60404940,-17.12793700,724.06
145.60406378,-17.12793710,729.27
145.60407929,-17.12793721,735.74
145.60409311,-17.12793730,733.55
145.60412468,-17.12793752,727.09
145.60412638,-17.12793753,733.83
145.60414987,-17.12793769,741.03
145.60415918,-17.12793776,747.36
145.60417543,-17.12793787,746.53
145.60422609,-17.12793822,724.54
145.60426838,-17.12793851,725.07
145.60429301,-17.12793868,735.59
145.60437656,-17.12793926,743.15
145.60449413,-17.12794007,738.39
145.60450644,-17.12794015,734.95
145.60455663,-17.12794050,731.68
145.60458708,-17.12794071,735.50
145.60459385,-17.12794076,737.13
145.60465305,-17.12794117,739.80
145.60467298,-17.12794130,741.51
145.60473219,-17.12794171,731.37
145.60473585,-17.12794174,732.97
145.60475841,-17.12794189,739.72
145.60476273,-17.12794192,739.42
145.60479055,-17.12794211,740.32
145.60479177,-17.12794212,742.96
145.60481461,-17.12794228,739.97
145.60484158,-17.12794247,737.91
145.60485117,-17.12794253,732.18
145.60486499,-17.12794263,732.44
145.60489111,-17.12794281,729.57
145.60499214,-17.12794350,732.75
145.60500229,-17.12794357,739.66
145.60511094,-17.12794432,734.55
145.60511667,-17.12794436,731.38
145.60520624,-17.12794498,727.80
145.60521018,-17.12794501,727.91
145.60521451,-17.12794504,726.64
145.60525426,-17.12794531,730.29
145.60527184,-17.12794543,725.04
145.60528124,-17.12794550,726.60
145.60543866,-17.12794658,739.29
145.60547071,-17.12794680,743.44
145.60547080,-17.12794680,743.68
145.60549213,-17.12794695,740.70
145.60550454,-17.12794704,738.04
145.60550604,-17.12794705,740.91
145.60559608,-17.12794767,740.80
145.60562972,-17.12794790,745.21
145.60563245,-17.12794792,744.44
145.60567878,-17.12794824,730.74
145.60571299,-17.12794847,737.96
145.60572662,-17.12794857,745.19
145.60576788,-17.12794885,723.72
145.60577521,-17.12794890,738.06
145.60580030,-17.12794908,742.43
145.60584833,-17.12794941,738.03
145.60584852,-17.12794941,737.89
145.60585904,-17.12794948,740.22
145.60586026,-17.12794949,739.25
145.60590086,-17.12794977,721.16
145.60590227,-17.12794978,739.89
145.60592915,-17.12794996,737.99
145.60593761,-17.12795002,739.86
145.60602295,-17.12795061,741.23
145.60609250,-17.12795109,731.49
145.60611327,-17.12795123,735.08
145.60616101,-17.12795156,728.85
145.60622153,-17.12795198,735.94
145.60637773,-17.12795305,735.45
145.60643196,-17.12795343,733.21
145.60644512,-17.12795352,733.13
145.60644831,-17.12795354,719.69
145.60649155,-17.12795384,732.78
145.60651279,-17.12795398,726.20
145.60652237,-17.12795405,729.93
145.60652980,-17.12795410,732.04
145.60663412,-17.12795482,727.90
145.60663741,-17.12795484,728.67
145.60664229,-17.12795488,728.34
145.60666297,-17.12795502,727.09
145.60667011,-17.12795507,728.36
145.60669211,-17.12795522,719.88
145.60670197,-17.12795529,717.31
145.60670987,-17.12795534,716.16
145.60677547,-17.12795579,726.36
145.60679605,-17.12795594,722.60
145.60680582,-17.12795600,706.44
145.60683674,-17.12795622,725.86
145.60684492,-17.12795627,725.66
145.60694125,-17.12795694,722.50
145.60694436,-17.12795696,722.42
145.60696644,-17.12795711,727.57
145.60696983,-17.12795713,728.30
145.60697988,-17.12795720,728.10
145.60701080,-17.12795741,724.52
145.60707311,-17.12795784,724.20
145.60708806,-17.12795795,715.47
145.60709811,-17.12795802,715.65
145.60714247,-17.12795832,723.53
145.60715582,-17.12795841,714.41
145.60717001,-17.12795851,724.76
145.60728345,-17.12795929,719.83
145.60728946,-17.12795933,719.35
145.60729491,-17.12795937,699.61
145.60731925,-17.12795954,721.73
145.60733984,-17.12795968,698.49
145.60734594,-17.12795972,723.07
145.60741136,-17.12796017,714.99
145.60743495,-17.12796033,724.22
145.60750299,-17.12796080,707.79
145.60751540,-17.12796089,727.12
145.60754303,-17.12796108,722.08
145.60761145,-17.12796155,704.09
145.60780947,-17.12796291,730.19
145.60783475,-17.12796309,706.73
145.60788898,-17.12796346,727.79
145.60793681,-17.12796379,726.34
145.60796529,-17.12796398,725.99
145.60801294,-17.12796431,725.51
145.60802826,-17.12796442,726.93
145.60812262,-17.12796507,725.87
145.60812732,-17.12796510,718.21
145.60820175,-17.12796561,724.62
145.60824527,-17.12796591,707.05
145.60825175,-17.12796596,720.43
145.60828756,-17.12796620,717.97
145.60829254,-17.12796624,728.51
145.60831792,-17.12796641,723.88
145.60833474,-17.12796653,724.81
145.60838859,-17.12796690,721.19
145.60841246,-17.12796706,720.37
145.60841463,-17.12796708,725.03
145.60843934,-17.12796725,724.48
145.60846829,-17.12796745,723.96
145.60848173,-17.12796754,724.43
145.60849263,-17.12796761,721.47
145.60851754,-17.12796778,712.73
145.60852863,-17.12796786,717.87
145.60853333,-17.12796789,717.96
145.60859075,-17.12796829,729.20
145.60863219,-17.12796857,727.53
145.60865409,-17.12796872,732.07
145.60869291,-17.12796899,733.11
145.60874497,-17.12796935,730.84
145.60878511,-17.12796962,735.96
145.60881997,-17.12796986,730.26
145.60887664,-17.12797025,735.11
145.60889168,-17.12797036,740.40
145.60891226,-17.12797050,739.89
145.60891837,-17.12797054,740.36
145.60894055,-17.12797069,718.85
145.60898416,-17.12797099,735.91
145.60898595,-17.12797101,737.35
145.60900080,-17.12797111,739.00
145.60904628,-17.12797142,727.62
145.60912608,-17.12797197,739.85
145.60936226,-17.12797359,722.78
145.60936545,-17.12797362,724.75
145.60940304,-17.12797387,709.73
145.60942503,-17.12797402,715.43
145.60943988,-17.12797413,711.88
145.60955624,-17.12797493,706.39
145.60957945,-17.12797509,719.09
145.60961385,-17.12797532,724.63
145.60963105,-17.12797544,706.18
145.60963283,-17.12797545,722.22
145.60963443,-17.12797546,717.91
145.60965811,-17.12797563,730.40
145.60968105,-17.12797578,719.05
145.60970116,-17.12797592,721.97
145.60973565,-17.12797616,716.73
145.60976027,-17.12797633,714.31
145.60976723,-17.12797638,703.55
145.60980801,-17.12797666,707.45
145.60983912,-17.12797687,716.75
145.60984307,-17.12797690,718.00
145.60993846,-17.12797755,718.01
145.60994307,-17.12797759,731.37
145.61001215,-17.12797806,722.29
145.61003066,-17.12797819,723.14
145.61008357,-17.12797855,733.51
145.61012643,-17.12797884,738.79
145.61014062,-17.12797894,726.40
145.61015547,-17.12797904,724.25
145.61018752,-17.12797926,733.34
145.61019353,-17.12797931,727.36
145.61032417,-17.12798020,712.14
145.61034626,-17.12798036,726.71
145.61034767,-17.12798036,728.06
145.61036393,-17.12798048,727.74
145.61040011,-17.12798073,719.86
145.61043328,-17.12798095,723.93
145.61054776,-17.12798174,721.55
145.61064118,-17.12798238,721.38
145.61069352,-17.12798274,717.63
145.61070198,-17.12798280,727.30
145.61078976,-17.12798340,741.19
145.61090104,-17.12798417,732.33
145.61096326,-17.12798459,745.23
145.61097265,-17.12798466,745.06
145.61100630,-17.12798489,748.78
145.61102397,-17.12798501,746.55
145.61115038,-17.12798588,745.66
145.61123722,-17.12798647,738.87
145.61125742,-17.12798661,737.14
145.61126297,-17.12798665,734.38
145.61128637,-17.12798681,736.69
145.61129408,-17.12798686,738.16
145.61138787,-17.12798751,737.96
145.61139501,-17.12798756,738.26
145.61142922,-17.12798779,735.99
145.61151202,-17.12798836,748.90
145.61157743,-17.12798881,752.02
145.61163833,-17.12798923,758.02
145.61166287,-17.12798940,760.23
145.61168683,-17.12798956,759.52
145.61172320,-17.12798981,762.35
145.61174040,-17.12798993,759.94
145.61175121,-17.12799000,757.02
145.61176183,-17.12799007,761.13
145.61178401,-17.12799023,753.65
145.61184839,-17.12799067,755.55
145.61188006,-17.12799089,753.99
145.61191558,-17.12799113,756.61
145.61200064,-17.12799171,764.37
145.61200102,-17.12799172,763.68
145.61208231,-17.12799227,757.45
145.61219152,-17.12799302,736.58
145.61223043,-17.12799329,736.89
145.61227037,-17.12799356,728.70
145.61228860,-17.12799369,755.43
145.61229979,-17.12799377,760.61
145.61230721,-17.12799382,740.90
145.61231605,-17.12799388,746.25
145.61232686,-17.12799395,726.80
145.61234161,-17.12799405,755.02
145.61235768,-17.12799416,751.86
145.61237629,-17.12799429,753.39
145.61240016,-17.12799445,735.36
145.61240402,-17.12799448,747.74
145.61243456,-17.12799469,745.53
145.61243635,-17.12799470,744.28
145.61251134,-17.12799522,742.59
145.61251689,-17.12799525,741.85
145.61251896,-17.12799527,742.67
145.61254368,-17.12799544,738.74
145.61266933,-17.12799630,722.25
145.61271200,-17.12799659,728.16
145.61273869,-17.12799678,727.82
145.61280918,-17.12799726,715.39
145.61293530,-17.12799812,723.77
145.61294470,-17.12799819,708.96
145.61301951,-17.12799870,700.42
145.61304761,-17.12799889,708.87
145.61306180,-17.12799899,716.52
145.61312665,-17.12799944,694.96
145.61319319,-17.12799989,721.21
145.61321002,-17.12800001,703.05
145.61323953,-17.12800021,728.31
145.61327120,-17.12800043,736.18
145.61328765,-17.12800054,729.17
145.61335409,-17.12800100,724.61
145.61340982,-17.12800138,726.66
145.61348407,-17.12800189,723.95
145.61352448,-17.12800216,724.52
145.61358538,-17.12800258,720.24
145.61359478,-17.12800265,724.03
145.61359835,-17.12800267,722.02
145.61366640,-17.12800314,726.84
145.61369675,-17.12800334,726.95
145.61378012,-17.12800392,724.45
145.61383773,-17.12800431,726.52
145.61383970,-17.12800432,726.56
145.61385258,-17.12800441,719.93
145.61388547,-17.12800464,724.00
145.61390784,-17.12800479,720.84
145.61396273,-17.12800517,720.35
145.61400248,-17.12800544,713.71
145.61406395,-17.12800586,724.04
145.61407081,-17.12800591,722.41
145.61407438,-17.12800593,723.78
145.61408688,-17.12800602,722.98
145.61409656,-17.12800608,718.80
145.61412550,-17.12800628,718.45
145.61415699,-17.12800650,719.89
145.61417419,-17.12800662,717.77
145.61418387,-17.12800668,713.55
145.61419120,-17.12800673,717.86
145.61420407,-17.12800682,718.76
145.61424204,-17.12800708,711.24
145.61426685,-17.12800725,715.47
145.61427729,-17.12800732,712.20
145.61428885,-17.12800740,713.95
145.61430285,-17.12800750,715.45
145.61434044,-17.12800775,714.92
145.61438988,-17.12800809,711.75
145.61441065,-17.12800823,720.01
145.61441770,-17.12800828,738.93
145.61444204,-17.12800845,714.64
145.61444486,-17.12800847,739.85
145.61447963,-17.12800871,731.39
145.61448302,-17.12800873,724.09
145.61461516,-17.12800964,718.65
145.61464824,-17.12800986,729.47
145.61465811,-17.12800993,735.39
145.61470942,-17.12801028,716.56
145.61474542,-17.12801053,733.98
145.61474702,-17.12801054,750.92
145.61476957,-17.12801069,739.00
145.61481064,-17.12801097,748.11
145.61484128,-17.12801118,747.23
145.61493423,-17.12801182,748.71
145.61494316,-17.12801188,752.30
145.61496355,-17.12801202,752.59
145.61498056,-17.12801214,753.77
145.61499626,-17.12801225,754.22
145.61502596,-17.12801245,730.84
145.61509325,-17.12801291,754.83
145.61509842,-17.12801294,761.91
145.61521759,-17.12801376,741.34
145.61522276,-17.12801380,741.60
145.61522558,-17.12801382,752.87
145.61526073,-17.12801406,763.38
145.61526298,-17.12801407,760.12
145.61526327,-17.12801407,760.09
145.61527699,-17.12801417,763.97
145.61527859,-17.12801418,765.82
145.61529419,-17.12801428,767.17
145.61532285,-17.12801448,746.41
145.61538375,-17.12801490,766.18
145.61542294,-17.12801517,778.02
145.61542971,-17.12801521,770.14
145.61546975,-17.12801549,769.75
145.61547830,-17.12801555,751.76
145.61547924,-17.12801555,768.49
145.61548432,-17.12801559,766.66
145.61549230,-17.12801564,753.11
145.61561805,-17.12801650,780.47
145.61562520,-17.12801655,770.20
145.61565057,-17.12801672,778.90
145.61569061,-17.12801700,776.67
145.61572190,-17.12801721,771.98
145.61583769,-17.12801800,775.14
145.61584295,-17.12801804,777.80
145.61590621,-17.12801847,780.74
145.61591015,-17.12801850,780.06
145.61596485,-17.12801887,783.08
145.61597829,-17.12801897,782.17
145.61598261,-17.12801900,784.24
145.61598722,-17.12801903,784.70
145.61599399,-17.12801907,762.10
145.61600272,-17.12801913,783.42
145.61604633,-17.12801943,781.94
145.61618975,-17.12802041,775.10
145.61634934,-17.12802150,767.74
145.61638590,-17.12802175,766.05
145.61638778,-17.12802177,764.13
145.61638994,-17.12802178,765.59
145.61642781,-17.12802204,757.20
145.61645093,-17.12802220,758.90
145.61645666,-17.12802224,736.44
145.61648326,-17.12802242,761.56
145.61650958,-17.12802260,764.00
145.61653336,-17.12802276,766.81
145.61653636,-17.12802278,766.87
145.61660976,-17.12802329,759.76
145.61664726,-17.12802354,756.64
145.61665309,-17.12802358,748.72
145.61674501,-17.12802421,749.13
145.61677376,-17.12802441,743.51
145.61677499,-17.12802442,742.33
145.61677640,-17.12802443,743.61
145.61677969,-17.12802445,749.01
145.61678730,-17.12802450,748.94
145.61682536,-17.12802476,743.95
145.61683354,-17.12802482,728.90
145.61683842,-17.12802485,743.77
145.61684726,-17.12802491,737.56
145.61686098,-17.12802500,738.59
145.61693495,-17.12802551,737.78
145.61694068,-17.12802555,721.23
145.61699669,-17.12802593,735.56
145.61701512,-17.12802606,744.72
145.61703203,-17.12802617,744.35
145.61703513,-17.12802619,741.99
145.61704538,-17.12802626,746.28
145.61707930,-17.12802650,749.17
145.61708165,-17.12802651,749.20
145.61712085,-17.12802678,744.94
145.61717714,-17.12802717,740.51
145.61721934,-17.12802745,741.02
145.61727291,-17.12802782,747.05
145.61728701,-17.12802792,725.49
145.61732582,-17.12802818,750.52
145.61734255,-17.12802830,751.38
145.61734857,-17.12802834,750.58
145.61747103,-17.12802917,734.47
145.61747949,-17.12802923,746.95
145.61749339,-17.12802933,728.44
145.61752685,-17.12802956,749.05
145.61757798,-17.12802990,742.75
145.61761379,-17.12803015,748.67
145.61762751,-17.12803024,749.24
145.61765354,-17.12803042,744.89
145.61767271,-17.12803055,734.36
145.61767732,-17.12803058,747.36
145.61767873,-17.12803059,738.28
145.61771341,-17.12803083,731.29
145.61776548,-17.12803119,743.56
145.61780053,-17.12803143,740.70
145.61788559,-17.12803201,721.87
145.61792290,-17.12803226,743.20
145.61793944,-17.12803237,739.80
145.61794677,-17.12803242,739.23
145.61800015,-17.12803279,738.45
145.61802205,-17.12803294,740.64
145.61810231,-17.12803349,731.35
145.61810354,-17.12803350,734.76
145.61811904,-17.12803360,736.29
145.61819122,-17.12803409,725.43
145.61822205,-17.12803431,708.78
145.61825748,-17.12803455,720.76
145.61828380,-17.12803473,716.77
145.61834845,-17.12803517,716.14
145.61835532,-17.12803522,722.55
145.61837026,-17.12803532,723.59
145.61849836,-17.12803619,709.99
145.61854291,-17.12803650,712.38
145.61870399,-17.12803760,706.53
145.61870681,-17.12803762,710.19
145.61876574,-17.12803802,712.40
145.61876931,-17.12803804,711.74
145.61882786,-17.12803844,711.98
145.61883379,-17.12803848,709.47
145.61895653,-17.12803932,722.43
145.61896517,-17.12803938,721.75
145.61932015,-17.12804180,726.70
145.61938613,-17.12804225,724.68
145.61940013,-17.12804235,724.17
145.61944515,-17.12804266,725.16
145.61948359,-17.12804292,721.88
145.61949317,-17.12804298,721.88
145.61950182,-17.12804304,722.50
145.61959082,-17.12804365,723.98
145.61967390,-17.12804422,721.66
145.61973255,-17.12804462,720.98
145.61975764,-17.12804479,700.87
145.61981601,-17.12804519,714.56
145.61982465,-17.12804525,715.01
145.61982484,-17.12804525,721.06
145.61983264,-17.12804530,721.14
145.61984063,-17.12804535,719.75
145.61990858,-17.12804582,713.33
145.62004035,-17.12804672,701.89
145.62009269,-17.12804707,711.26
145.62009843,-17.12804711,690.48
145.62013066,-17.12804733,692.37
145.62016083,-17.12804754,705.50
145.62034541,-17.12804880,698.60
145.62040688,-17.12804922,690.14
145.62040942,-17.12804923,689.91
145.62062332,-17.12805069,695.20
145.62063366,-17.12805076,699.38
145.62064156,-17.12805082,699.09
145.62076524,-17.12805166,699.84
145.62085781,-17.12805229,698.40
145.62086091,-17.12805231,698.84
145.62086411,-17.12805233,695.96
145.62091956,-17.12805271,696.18
145.62092341,-17.12805274,696.37
145.62094860,-17.12805291,701.77
145.62102435,-17.12805343,695.35
145.62104663,-17.12805358,697.90
145.62108469,-17.12805384,704.39
145.62109531,-17.12805391,697.33
145.62115677,-17.12805433,697.51
145.62117811,-17.12805448,692.60
145.62124136,-17.12805491,703.18
145.62126082,-17.12805504,715.59
145.62126908,-17.12805510,714.05
145.62127115,-17.12805511,715.96
145.62128055,-17.12805517,714.20
145.62128469,-17.12805520,707.78
145.62132397,-17.12805547,716.80
145.62132858,-17.12805550,717.04
145.62142726,-17.12805617,711.64
145.62151908,-17.12805680,711.87
145.62155865,-17.12805707,690.09
145.62156250,-17.12805710,693.82
145.62157340,-17.12805717,689.08
145.62161053,-17.12805742,712.73
145.62165837,-17.12805775,697.56
145.62167538,-17.12805786,698.34
145.62169079,-17.12805797,688.80
145.62170930,-17.12805810,697.02
145.62172406,-17.12805820,697.96
145.62173054,-17.12805824,700.23
145.62175808,-17.12805843,705.33
145.62176100,-17.12805845,699.49
145.62180206,-17.12805873,698.39
145.62184088,-17.12805899,696.61
145.62191494,-17.12805950,697.91
145.62191823,-17.12805952,698.90
145.62192744,-17.12805958,710.66
145.62192753,-17.12805958,711.07
145.62194689,-17.12805971,714.51
145.62195582,-17.12805977,715.63
145.62196334,-17.12805983,715.49
145.62199163,-17.12806002,713.87
145.62201484,-17.12806018,708.54
145.62205958,-17.12806048,713.82
145.62207387,-17.12806058,711.78
145.62209604,-17.12806073,708.59
145.62209868,-17.12806075,698.38
145.62212424,-17.12806092,698.37
145.62215920,-17.12806116,699.13
145.62217847,-17.12806129,695.69
145.62219539,-17.12806141,703.07
145.62220056,-17.12806144,703.23
145.62221052,-17.12806151,695.35
145.62221475,-17.12806154,692.33
145.62231493,-17.12806222,718.21
145.62236615,-17.12806257,717.09
145.62239905,-17.12806279,697.80
145.62240093,-17.12806281,718.18
145.62241042,-17.12806287,707.25
145.62241653,-17.12806291,708.83
145.62242264,-17.12806295,712.95
145.62242856,-17.12806299,718.53
145.62244952,-17.12806314,711.39
145.62246775,-17.12806326,717.45
145.62250647,-17.12806353,689.81
145.62254839,-17.12806381,712.07
145.62255224,-17.12806384,699.75
145.62256202,-17.12806390,714.15
145.62257386,-17.12806398,713.86
145.62258457,-17.12806406,713.15
145.62259717,-17.12806414,715.54
145.62259848,-17.12806415,717.16
145.62260421,-17.12806419,714.12
145.62262762,-17.12806435,709.29
145.62263373,-17.12806439,706.86
145.62266671,-17.12806462,712.77
145.62278946,-17.12806545,690.05
145.62281164,-17.12806560,690.24
145.62283081,-17.12806573,696.34
145.62286558,-17.12806597,685.94
145.62286812,-17.12806599,699.26
145.62287461,-17.12806603,699.80
145.62287808,-17.12806606,693.00
145.62291662,-17.12806632,695.93
145.62291784,-17.12806633,695.33
145.62291859,-17.12806633,695.92
145.62293184,-17.12806642,708.78
145.62293485,-17.12806644,700.55
145.62293908,-17.12806647,691.43
145.62294575,-17.12806652,707.88
145.62295863,-17.12806660,707.41
145.62296079,-17.12806662,707.31
145.62296163,-17.12806662,693.31
145.62299500,-17.12806685,699.47
145.62301229,-17.12806697,699.61
145.62301746,-17.12806700,699.63
145.62302761,-17.12806707,698.60
145.62303739,-17.12806714,704.53
145.62304396,-17.12806718,710.41
145.62304810,-17.12806721,710.94
145.62305035,-17.12806723,708.24
145.62305966,-17.12806729,693.47
145.62306267,-17.12806731,693.62
145.62306887,-17.12806735,678.98
145.62307911,-17.12806742,679.75
145.62309208,-17.12806751,699.34
145.62309650,-17.12806754,678.80
145.62311407,-17.12806766,692.13
145.62312611,-17.12806774,695.24
145.62313748,-17.12806782,682.23
145.62315186,-17.12806792,683.41
145.62317112,-17.12806805,696.97
145.62317394,-17.12806807,682.03
145.62317413,-17.12806807,697.16
145.62318691,-17.12806816,696.25
145.62319697,-17.12806823,686.61
145.62322864,-17.12806844,686.73
145.62335449,-17.12806930,706.05
145.62338785,-17.12806953,704.96
145.62346896,-17.12807008,719.68
145.62350505,-17.12807032,694.47
145.62351886,-17.12807042,716.32
145.62353992,-17.12807056,692.21
145.62355044,-17.12807063,706.62
145.62360194,-17.12807098,712.06
145.62363277,-17.12807119,716.99
145.62364762,-17.12807129,714.34
145.62366895,-17.12807144,713.89
145.62373361,-17.12807188,710.25
145.62379311,-17.12807228,710.98
145.62383042,-17.12807254,705.46
145.62387638,-17.12807285,702.29
145.62387647,-17.12807285,709.06
145.62387892,-17.12807287,709.30
145.62390786,-17.12807306,717.31
145.62390899,-17.12807307,715.88
145.62394574,-17.12807332,712.52
145.62398493,-17.12807359,710.35
145.62399151,-17.12807363,705.64
145.62401886,-17.12807382,720.02
145.62404010,-17.12807396,698.57
145.62405316,-17.12807405,718.82
145.62406594,-17.12807414,716.46
145.62408023,-17.12807424,709.54
145.62408624,-17.12807428,710.70
145.62411077,-17.12807444,715.45
145.62412750,-17.12807456,713.47
145.62415870,-17.12807477,711.57
145.62416557,-17.12807482,716.50
145.62420288,-17.12807507,719.61
145.62421228,-17.12807513,720.29
145.62423239,-17.12807527,701.13
145.62427449,-17.12807556,710.35
145.62436490,-17.12807617,710.95
145.62437590,-17.12807625,709.09
145.62442364,-17.12807657,697.27
145.62444629,-17.12807673,702.05
145.62447064,-17.12807689,702.11
145.62451227,-17.12807717,691.42
145.62452712,-17.12807727,698.87
145.62456697,-17.12807755,694.14
145.62459075,-17.12807771,699.15
145.62459920,-17.12807776,698.82
145.62464272,-17.12807806,697.98
145.62469413,-17.12807841,696.90
145.62470014,-17.12807845,677.40
145.62470653,-17.12807849,699.46
145.62478576,-17.12807903,704.37
145.62478858,-17.12807905,684.49
145.62479431,-17.12807909,685.74
145.62480061,-17.12807913,702.37
145.62483670,-17.12807938,673.86
145.62483736,-17.12807938,673.91
145.62484854,-17.12807946,674.91
145.62485136,-17.12807948,676.39
145.62504206,-17.12808078,697.23
145.62504666,-17.12808081,698.51
145.62506160,-17.12808091,701.25
145.62507288,-17.12808098,703.43
145.62513294,-17.12808139,704.21
145.62514196,-17.12808145,675.88
145.62514224,-17.12808146,700.63
145.62514948,-17.12808151,702.22
145.62515042,-17.12808151,701.78
145.62519384,-17.12808181,698.11
145.62527946,-17.12808239,678.97
145.62534515,-17.12808284,699.35
145.62538256,-17.12808309,698.07
145.62539186,-17.12808315,695.97
145.62540417,-17.12808324,695.80
145.62540756,-17.12808326,686.23
145.62540878,-17.12808327,696.01
145.62542100,-17.12808335,695.75
145.62546019,-17.12808362,693.81
145.62546818,-17.12808367,702.08
145.62546837,-17.12808367,695.71
145.62551977,-17.12808402,705.81
145.62554524,-17.12808419,690.49
145.62559590,-17.12808454,698.35
145.62559985,-17.12808457,696.43
145.62566498,-17.12808501,698.62
145.62567024,-17.12808504,698.62
145.62567992,-17.12808511,699.67
145.62568566,-17.12808515,698.78
145.62569440,-17.12808521,688.38
145.62569693,-17.12808523,688.82
145.62571291,-17.12808533,698.52
145.62571319,-17.12808534,699.00
145.62571799,-17.12808537,699.53
145.62572936,-17.12808545,685.35
145.62573970,-17.12808552,687.80
145.62574176,-17.12808553,700.43
145.62576103,-17.12808566,699.12
145.62579364,-17.12808588,698.20
145.62579890,-17.12808592,697.07
145.62581112,-17.12808600,695.66
145.62583378,-17.12808615,677.84
145.62583735,-17.12808618,678.10
145.62586150,-17.12808634,700.78
145.62586281,-17.12808635,683.56
145.62589975,-17.12808660,694.04
145.62590266,-17.12808662,695.94
145.62590530,-17.12808664,696.14
145.62591338,-17.12808670,700.92
145.62592287,-17.12808676,701.68
145.62592879,-17.12808680,678.59
145.62593218,-17.12808682,698.39
145.62594392,-17.12808690,700.21
145.62596131,-17.12808702,692.02
145.62598086,-17.12808715,691.84
145.62600351,-17.12808731,694.07
145.62602014,-17.12808742,699.97
145.62602785,-17.12808747,682.90
145.62603001,-17.12808749,700.07
145.62603819,-17.12808754,696.02
145.62604505,-17.12808759,696.43
145.62607672,-17.12808781,674.53
145.62608669,-17.12808787,699.00
145.62617456,-17.12808847,698.18
145.62617569,-17.12808848,691.89
145.62619176,-17.12808859,689.90
145.62619477,-17.12808861,690.05
145.62621732,-17.12808876,684.05
145.62622202,-17.12808879,672.98
145.62622606,-17.12808882,697.15
145.62623696,-17.12808889,673.03
145.62631027,-17.12808939,688.51
145.62631037,-17.12808939,673.45
145.62631234,-17.12808941,699.14
145.62632935,-17.12808952,679.29
145.62634834,-17.12808965,694.20
145.62637653,-17.12808984,696.19
145.62640999,-17.12809007,695.54
145.62641694,-17.12809012,680.88
145.62641939,-17.12809013,680.90
145.62642559,-17.12809017,681.42
145.62645172,-17.12809035,702.83
145.62645360,-17.12809036,703.16
145.62645510,-17.12809037,703.64
145.62647916,-17.12809054,688.14
145.62648461,-17.12809058,698.64
145.62649880,-17.12809067,696.23
145.62650613,-17.12809072,697.70
145.62651516,-17.12809078,677.98
145.62652662,-17.12809086,687.32
145.62656233,-17.12809110,690.58
145.62656910,-17.12809115,689.68
145.62657061,-17.12809116,689.84
145.62657484,-17.12809119,692.02
145.62657625,-17.12809120,698.58
145.62657737,-17.12809120,699.19
145.62657784,-17.12809121,691.95
145.62657841,-17.12809121,699.89
145.62657869,-17.12809121,692.02
145.62658893,-17.12809128,691.88
145.62659711,-17.12809134,675.61
145.62660002,-17.12809136,690.72
145.62660228,-17.12809137,699.84
145.62660284,-17.12809138,686.86
145.62665726,-17.12809175,691.19
145.62665829,-17.12809175,691.15
145.62666177,-17.12809178,691.91
145.62667117,-17.12809184,694.48
145.62667794,-17.12809189,693.35
145.62672277,-17.12809219,690.41
145.62673395,-17.12809227,683.33
145.62675162,-17.12809239,695.24
145.62675613,-17.12809242,694.41
145.62675914,-17.12809244,695.22
145.62677324,-17.12809253,699.81
145.62677897,-17.12809257,699.76
145.62679288,-17.12809267,699.86
145.62679391,-17.12809267,699.87
145.62679570,-17.12809269,699.50
145.62684429,-17.12809302,699.03
145.62684664,-17.12809303,700.60
145.62688592,-17.12809330,694.88
145.62690190,-17.12809341,693.17
145.62692051,-17.12809353,673.15
145.62692408,-17.12809356,688.07
145.62692690,-17.12809358,682.25
145.62692953,-17.12809360,688.39
145.62699889,-17.12809407,693.28
145.62701233,-17.12809416,679.69
145.62702474,-17.12809424,674.82
145.62703141,-17.12809429,680.35
145.62706318,-17.12809450,690.77
145.62706590,-17.12809452,690.03
145.62707154,-17.12809456,691.83
145.62707192,-17.12809456,691.85
145.62707943,-17.12809461,685.65
145.62708282,-17.12809464,691.20
145.62709034,-17.12809469,693.06
145.62709541,-17.12809472,693.47
145.62709804,-17.12809474,693.68
145.62711393,-17.12809485,695.64
145.62711928,-17.12809488,693.93
145.62712220,-17.12809490,696.08
145.62713206,-17.12809497,695.88
145.62714268,-17.12809504,675.54
145.62719889,-17.12809542,675.34
145.62722774,-17.12809562,688.12
145.62723037,-17.12809564,688.28
145.62723582,-17.12809567,686.77
145.62725077,-17.12809578,687.49
145.62729390,-17.12809607,686.61
145.62729945,-17.12809611,686.92
145.62730218,-17.12809612,687.13
145.62734719,-17.12809643,676.10
145.62735020,-17.12809645,685.92
145.62736740,-17.12809657,687.51
145.62742069,-17.12809693,675.89
145.62744212,-17.12809707,675.74
145.62747708,-17.12809731,684.28
145.62749183,-17.12809741,674.96
145.62749475,-17.12809743,684.02
145.62749672,-17.12809744,683.96
145.62750142,-17.12809748,684.79
145.62751590,-17.12809757,679.85
145.62759541,-17.12809811,699.25
145.62759644,-17.12809812,699.20
145.62760433,-17.12809817,698.31
145.62762811,-17.12809834,694.59
145.62764409,-17.12809844,688.67
145.62767162,-17.12809863,687.42
145.62769136,-17.12809877,685.47
145.62769155,-17.12809877,687.66
145.62773093,-17.12809903,683.43
145.62773159,-17.12809904,692.06
145.62773243,-17.12809904,692.31
145.62774569,-17.12809913,693.12
145.62779465,-17.12809947,689.76
145.62783018,-17.12809971,691.58
145.62783967,-17.12809977,686.50
145.62784775,-17.12809983,686.01
145.62786157,-17.12809992,688.84
145.62786448,-17.12809994,688.97
145.62786467,-17.12809994,689.35
145.62788826,-17.12810010,691.24
145.62788995,-17.12810011,691.02
145.62790771,-17.12810023,691.07
145.62792162,-17.12810033,692.39
145.62792275,-17.12810033,692.41
145.62792407,-17.12810034,686.49
145.62792867,-17.12810037,691.06
145.62793534,-17.12810042,687.96
145.62795696,-17.12810057,694.46
145.62795959,-17.12810058,694.63
145.62796072,-17.12810059,694.62
145.62796420,-17.12810062,694.41
145.62797303,-17.12810068,695.46
145.62797557,-17.12810069,695.65
145.62798835,-17.12810078,694.86
145.62799944,-17.12810085,692.82
145.62800358,-17.12810088,674.37
145.62800846,-17.12810092,674.20
145.62804239,-17.12810115,678.20
145.62804530,-17.12810117,674.58
145.62804803,-17.12810118,678.96
145.62805856,-17.12810126,681.58
145.62807679,-17.12810138,688.16
145.62808431,-17.12810143,696.22
145.62810386,-17.12810156,694.08
145.62810451,-17.12810157,694.85
145.62812735,-17.12810172,688.41
145.62813093,-17.12810175,689.89
145.62814643,-17.12810185,686.42
145.62815705,-17.12810192,697.69
145.62817388,-17.12810204,688.93
145.62822312,-17.12810237,676.01
145.62822500,-17.12810238,683.81
145.62823299,-17.12810244,685.47
145.62823872,-17.12810248,682.04
145.62824079,-17.12810249,682.10
145.62824446,-17.12810252,700.50
145.62826692,-17.12810267,691.93
145.62827134,-17.12810270,692.63
145.62827331,-17.12810271,690.81
145.62827782,-17.12810274,690.40
145.62828487,-17.12810279,702.11
145.62828807,-17.12810281,703.21
145.62828863,-17.12810282,691.33
145.62828976,-17.12810282,703.13
145.62829305,-17.12810285,693.61
145.62833036,-17.12810310,695.36
145.62833562,-17.12810313,690.11
145.62835085,-17.12810324,689.51
145.62838055,-17.12810344,695.77
145.62841729,-17.12810369,695.03
145.62846288,-17.12810400,690.08
145.62846344,-17.12810400,701.84
145.62849849,-17.12810424,691.48
145.62850761,-17.12810430,687.61
145.62852979,-17.12810445,684.00
145.62853515,-17.12810449,681.99
145.62853976,-17.12810452,685.24
145.62857180,-17.12810474,685.80
145.62857923,-17.12810479,686.68
145.62857960,-17.12810479,681.77
145.62858158,-17.12810480,687.05
145.62858722,-17.12810484,697.50
145.62860413,-17.12810496,697.65
145.62863017,-17.12810513,688.00
145.62864793,-17.12810525,680.85
145.62867236,-17.12810542,689.86
145.62869314,-17.12810556,681.10
145.62873092,-17.12810581,684.06
145.62874887,-17.12810594,678.18
145.62875930,-17.12810601,686.89
145.62878317,-17.12810617,689.49
145.62878402,-17.12810617,689.00
145.62878749,-17.12810620,689.32
145.62878947,-17.12810621,688.61
145.62878984,-17.12810621,686.87
145.62879191,-17.12810623,683.43
145.62879671,-17.12810626,683.73
145.62879755,-17.12810627,681.00
145.62882659,-17.12810646,675.91
145.62890046,-17.12810696,677.03
145.62892537,-17.12810713,698.11
145.62894370,-17.12810726,702.17
145.62894821,-17.12810729,703.31
145.62895169,-17.12810731,699.69
145.62898608,-17.12810754,691.68
145.62899135,-17.12810758,696.83
145.62900018,-17.12810764,696.87
145.62900516,-17.12810767,698.94
145.62900902,-17.12810770,707.00
145.62901400,-17.12810773,707.19
145.62901851,-17.12810776,699.10
145.62903251,-17.12810786,700.73
145.62904388,-17.12810794,700.29
145.62905610,-17.12810802,698.06
145.62906202,-17.12810806,702.27
145.62907791,-17.12810817,700.31
145.62915394,-17.12810868,698.59
145.62915826,-17.12810871,707.64
145.62915939,-17.12810872,693.96
145.62916381,-17.12810875,707.14
145.62916663,-17.12810877,707.43
145.62921296,-17.12810908,708.37
145.62921729,-17.12810911,703.50
145.62922950,-17.12810919,719.47
145.62924003,-17.12810927,719.60
145.62924463,-17.12810930,707.02
145.62925300,-17.12810935,706.58
145.62925356,-17.12810936,708.22
145.62926907,-17.12810946,705.41
145.62927179,-17.12810948,698.57
145.62929172,-17.12810962,705.23
145.62933279,-17.12810989,705.87
145.62933749,-17.12810993,706.45
145.62935704,-17.12811006,715.56
145.62935873,-17.12811007,715.40
145.62938316,-17.12811023,719.08
145.62939980,-17.12811035,719.65
145.62940177,-17.12811036,719.46
145.62942715,-17.12811053,718.89
145.62945694,-17.12811073,697.05
145.62946380,-17.12811078,699.94
145.62948871,-17.12811095,698.29
145.62949735,-17.12811101,693.47
145.62953100,-17.12811124,710.00
145.62953683,-17.12811128,704.19
145.62953955,-17.12811129,695.93
145.62954012,-17.12811130,704.38
145.62954284,-17.12811132,709.38
145.62958777,-17.12811162,698.71
145.62960158,-17.12811171,702.68
145.62960610,-17.12811175,686.74
145.62960910,-17.12811177,699.61
145.62961803,-17.12811183,691.77
145.62965788,-17.12811210,700.34
145.62967076,-17.12811218,683.35
145.62968100,-17.12811225,704.07
145.62969199,-17.12811233,703.40
145.62969942,-17.12811238,705.92
145.62974152,-17.12811266,697.22
145.62974979,-17.12811272,689.92
145.62975732,-17.12811277,691.06
145.62980055,-17.12811306,710.88
145.62980092,-17.12811307,712.09
145.62980487,-17.12811309,711.19
145.62981643,-17.12811317,689.80
145.62985384,-17.12811342,711.61
145.62987385,-17.12811356,687.66
145.62990694,-17.12811378,711.41
145.62992639,-17.12811391,701.86
145.62993786,-17.12811399,706.46
145.62998081,-17.12811428,710.38
145.62999134,-17.12811435,711.66
145.63001070,-17.12811449,710.45
145.63001464,-17.12811451,701.72
145.63001727,-17.12811453,711.87
145.63004340,-17.12811471,711.57
145.63004960,-17.12811475,711.32
145.63006774,-17.12811487,714.23
145.63007075,-17.12811489,714.58
145.63007376,-17.12811491,715.04
145.63008184,-17.12811497,713.56
145.63008400,-17.12811498,704.73
145.63008588,-17.12811499,716.16
145.63009331,-17.12811505,715.49
145.63009942,-17.12811509,713.69
145.63010994,-17.12811516,691.22
145.63016126,-17.12811551,692.96
145.63016351,-17.12811552,723.80
145.63018353,-17.12811566,700.71
145.63018513,-17.12811567,694.23
145.63018654,-17.12811568,696.43
145.63018739,-17.12811568,694.82
145.63018992,-17.12811570,717.94
145.63020082,-17.12811577,719.98
145.63021314,-17.12811586,718.91
145.63021605,-17.12811588,719.80
145.63022432,-17.12811593,700.48
145.63022761,-17.12811595,710.37
145.63023269,-17.12811599,705.10
145.63023475,-17.12811600,714.81
145.63026859,-17.12811623,711.01
145.63029472,-17.12811641,712.58
145.63030487,-17.12811648,708.75
145.63031793,-17.12811657,703.02
145.63038475,-17.12811702,712.48
145.63039095,-17.12811706,716.88
145.63039847,-17.12811711,705.84
145.63040928,-17.12811718,718.02
145.63041549,-17.12811723,709.68
145.63042498,-17.12811729,717.52
145.63042563,-17.12811730,718.42
145.63044011,-17.12811739,717.26
145.63044594,-17.12811743,695.02
145.63045477,-17.12811749,719.67
145.63047582,-17.12811764,721.28
145.63048569,-17.12811770,720.07
145.63050204,-17.12811781,710.03
145.63050937,-17.12811786,708.87
145.63050994,-17.12811787,711.81
145.63051022,-17.12811787,725.83
145.63051342,-17.12811789,716.88
145.63051793,-17.12811792,726.21
145.63055336,-17.12811816,719.24
145.63055505,-17.12811817,716.55
145.63056257,-17.12811822,711.95
145.63057657,-17.12811832,713.91
145.63058672,-17.12811839,712.21
145.63059067,-17.12811841,702.45
145.63062037,-17.12811861,725.22
145.63065486,-17.12811885,721.73
145.63065580,-17.12811885,721.81
145.63065824,-17.12811887,721.88
145.63065881,-17.12811887,705.58
145.63066492,-17.12811892,722.18
145.63068127,-17.12811903,713.33
145.63070937,-17.12811922,711.06
145.63073597,-17.12811940,712.45
145.63075853,-17.12811955,711.14
145.63077084,-17.12811963,718.82
145.63077469,-17.12811966,718.60
145.63078700,-17.12811974,719.02
145.63079386,-17.12811979,715.48
145.63079894,-17.12811982,722.27
145.63082845,-17.12812002,721.63
145.63084086,-17.12812011,717.95
145.63087554,-17.12812034,713.09
145.63088653,-17.12812042,712.62
145.63089198,-17.12812045,712.96
145.63092459,-17.12812067,716.67
145.63092741,-17.12812069,722.70
145.63093775,-17.12812076,703.43
145.63094358,-17.12812080,723.28
145.63094508,-17.12812081,704.66
145.63094960,-17.12812084,704.89
145.63094969,-17.12812084,702.94
145.63097328,-17.12812100,715.93
145.63097732,-17.12812103,722.51
145.63098277,-17.12812107,713.20
145.63101454,-17.12812128,720.59
145.63102394,-17.12812135,720.74
145.63102525,-17.12812135,705.42
145.63102581,-17.12812136,720.84
145.63103145,-17.12812140,699.81
145.63106548,-17.12812163,723.53
145.63106839,-17.12812165,722.94
145.63108841,-17.12812178,721.92
145.63111068,-17.12812193,719.72
145.63111388,-17.12812195,723.26
145.63112215,-17.12812201,715.23
145.63112544,-17.12812203,715.51
145.63112676,-17.12812204,719.84
145.63114001,-17.12812213,706.32
145.63114809,-17.12812219,711.18
145.63115974,-17.12812226,717.63
145.63116369,-17.12812229,717.83
145.63118352,-17.12812243,716.60
145.63120119,-17.12812254,716.79
145.63120251,-17.12812255,716.51
145.63120504,-17.12812257,716.70
145.63122187,-17.12812268,716.52
145.63122299,-17.12812269,716.37
145.63125711,-17.12812292,718.13
145.63127168,-17.12812302,718.39
145.63127525,-17.12812305,696.14
145.63127751,-17.12812306,721.11
145.63128004,-17.12812308,721.26
145.63128850,-17.12812314,716.95
145.63130965,-17.12812328,716.82
145.63131030,-17.12812328,718.28
145.63132666,-17.12812339,713.22
145.63133004,-17.12812342,694.24
145.63135438,-17.12812358,715.83
145.63137177,-17.12812370,719.12
145.63137384,-17.12812371,718.96
145.63139827,-17.12812388,716.61
145.63140805,-17.12812394,697.95
145.63141763,-17.12812401,718.08
145.63142393,-17.12812405,720.55
145.63142534,-17.12812406,719.38
145.63142722,-17.12812407,719.71
145.63143107,-17.12812410,720.36
145.63145053,-17.12812423,725.18
145.63147299,-17.12812438,726.13
145.63147910,-17.12812443,725.35
145.63148380,-17.12812446,717.24
145.63149357,-17.12812452,725.80
145.63149771,-17.12812455,712.68
145.63150589,-17.12812461,724.47
145.63150777,-17.12812462,724.98
145.63157543,-17.12812508,725.28
145.63157722,-17.12812509,709.05
145.63158803,-17.12812516,723.41
145.63162750,-17.12812543,721.35
145.63164273,-17.12812553,720.12
145.63167994,-17.12812578,719.08
145.63170128,-17.12812593,715.78
145.63174564,-17.12812623,724.65
145.63176387,-17.12812635,716.60
145.63178962,-17.12812653,717.01
145.63183145,-17.12812681,713.41
145.63185052,-17.12812694,706.76
145.63186453,-17.12812703,701.92
145.63187778,-17.12812712,726.94
145.63199517,-17.12812792,706.81
145.63199949,-17.12812794,712.73
145.63203812,-17.12812821,719.12
145.63204470,-17.12812825,720.75
145.63206302,-17.12812837,716.19
145.63213426,-17.12812886,720.62
145.63213755,-17.12812888,720.58
145.63214423,-17.12812892,721.20
145.63216424,-17.12812906,722.89
145.63216659,-17.12812907,701.76
145.63217740,-17.12812915,718.70
145.63221264,-17.12812939,725.61
145.63222646,-17.12812948,722.35
145.63225569,-17.12812968,724.92
145.63225879,-17.12812970,714.03
145.63225973,-17.12812970,723.26
145.63226706,-17.12812975,714.20
145.63227712,-17.12812982,725.05
145.63227890,-17.12812983,724.15
145.63228905,-17.12812990,724.15
145.63229103,-17.12812992,723.54
145.63229121,-17.12812992,723.99
145.63229901,-17.12812997,715.86
145.63232204,-17.12813013,718.55
145.63232345,-17.12813014,718.60
145.63233182,-17.12813019,719.02
145.63236659,-17.12813043,715.84
145.63237646,-17.12813049,722.58
145.63238144,-17.12813053,722.65
145.63239864,-17.12813064,721.99
145.63242317,-17.12813081,708.18
145.63244432,-17.12813095,704.65
145.63245447,-17.12813102,714.74
145.63247543,-17.12813116,716.37
145.63248623,-17.12813124,709.82
145.63248962,-17.12813126,715.45
145.63250052,-17.12813133,716.13
145.63250540,-17.12813137,716.66
145.63251001,-17.12813140,707.44
145.63251941,-17.12813146,711.83
145.63252505,-17.12813150,715.01
145.63252834,-17.12813152,714.95
145.63253491,-17.12813156,714.06
145.63256743,-17.12813178,706.36
145.63256884,-17.12813179,706.21
145.63258520,-17.12813190,704.27
145.63258952,-17.12813193,698.15
145.63259535,-17.12813197,702.26
145.63259694,-17.12813198,702.24
145.63261311,-17.12813209,709.86
145.63261668,-17.12813212,705.73
145.63263378,-17.12813223,701.75
145.63264553,-17.12813231,702.50
145.63265042,-17.12813235,702.41
145.63265202,-17.12813236,702.08
145.63266095,-17.12813242,705.91
145.63275484,-17.12813305,701.61
145.63278256,-17.12813324,713.09
145.63279046,-17.12813329,712.95
145.63283012,-17.12813356,708.57
145.63283651,-17.12813360,711.71
145.63285963,-17.12813376,703.48
145.63286038,-17.12813376,710.07
145.63286555,-17.12813380,714.26
145.63287965,-17.12813390,706.70
145.63291734,-17.12813415,709.88
145.63291931,-17.12813416,707.58
145.63294516,-17.12813434,714.09
145.63298491,-17.12813461,710.22
145.63301715,-17.12813482,707.73
145.63303651,-17.12813496,715.70
145.63307711,-17.12813523,722.22
145.63308124,-17.12813526,722.68
145.63308228,-17.12813526,722.66
145.63309449,-17.12813535,721.38
145.63310305,-17.12813540,721.66
145.63310963,-17.12813545,721.75
145.63310991,-17.12813545,709.81
145.63312156,-17.12813553,722.79
145.63312278,-17.12813554,722.08
145.63312532,-17.12813556,723.10
145.63315323,-17.12813574,720.73
145.63317730,-17.12813591,713.00
145.63319440,-17.12813602,714.15
145.63320314,-17.12813608,727.61
145.63325765,-17.12813645,718.31
145.63326057,-17.12813647,721.07
145.63331451,-17.12813683,726.13
145.63332598,-17.12813691,720.44
145.63336160,-17.12813715,711.98
145.63337607,-17.12813725,717.01
145.63338021,-17.12813728,715.20
145.63338143,-17.12813729,710.76
145.63343603,-17.12813765,718.08
145.63351601,-17.12813819,733.46
145.63353641,-17.12813833,733.80
145.63353923,-17.12813835,729.35
145.63354064,-17.12813836,708.67
145.63354863,-17.12813842,727.23
145.63354891,-17.12813842,714.54
145.63356799,-17.12813855,725.11
145.63358002,-17.12813863,726.57
145.63359721,-17.12813874,720.12
145.63361348,-17.12813885,717.02
145.63362250,-17.12813891,722.29
145.63362597,-17.12813894,710.81
145.63362645,-17.12813894,722.06
145.63362861,-17.12813896,714.65
145.63364449,-17.12813906,720.83
145.63365098,-17.12813911,713.43
145.63367748,-17.12813929,705.49
145.63367776,-17.12813929,711.82
145.63369881,-17.12813943,707.82
145.63372701,-17.12813962,725.74
145.63373368,-17.12813966,725.67
145.63373989,-17.12813971,726.23
145.63374392,-17.12813973,726.33
145.63375530,-17.12813981,724.59
145.63376949,-17.12813991,719.18
145.63380661,-17.12814016,727.67
145.63380990,-17.12814018,724.24
145.63381282,-17.12814020,727.58
145.63383190,-17.12814033,721.34
145.63383462,-17.12814035,721.33
145.63383725,-17.12814036,721.43
145.63383988,-17.12814038,721.49
145.63384251,-17.12814040,721.52
145.63389787,-17.12814077,718.89
145.63391103,-17.12814086,722.81
145.63391357,-17.12814088,722.97
145.63391366,-17.12814088,730.40
145.63391883,-17.12814092,723.07
145.63395934,-17.12814119,711.23
145.63398067,-17.12814133,714.37
145.63398208,-17.12814134,722.09
145.63399693,-17.12814144,720.98
145.63399900,-17.12814146,721.39
145.63401047,-17.12814153,720.49
145.63401601,-17.12814157,720.72
145.63404787,-17.12814179,720.99
145.63406253,-17.12814189,719.58
145.63408452,-17.12814203,698.00
145.63408857,-17.12814206,713.86
145.63410417,-17.12814217,723.31
145.63411573,-17.12814224,714.37
145.63412738,-17.12814232,724.10
145.63413847,-17.12814240,701.03
145.63415520,-17.12814251,721.88
145.63415990,-17.12814254,720.86
145.63417832,-17.12814267,715.56
145.63421667,-17.12814293,707.08
145.63422804,-17.12814300,720.64
145.63423217,-17.12814303,712.24
145.63424110,-17.12814309,713.11
145.63424646,-17.12814313,719.75
145.63428979,-17.12814342,706.28
145.63429486,-17.12814345,716.80
145.63431112,-17.12814356,716.10
145.63431779,-17.12814361,713.31
145.63434345,-17.12814378,713.96
145.63434702,-17.12814381,704.18
145.63439627,-17.12814414,707.65
145.63440379,-17.12814419,703.08
145.63443771,-17.12814442,706.95
145.63445520,-17.12814454,686.88
145.63445633,-17.12814454,711.17
145.63445933,-17.12814456,711.18
145.63446084,-17.12814457,702.14
145.63449185,-17.12814478,690.80
145.63453198,-17.12814506,707.07
145.63458123,-17.12814539,707.98
145.63458678,-17.12814542,701.29
145.63458969,-17.12814544,708.21
145.63459288,-17.12814547,708.17
145.63466929,-17.12814598,707.53
145.63469044,-17.12814612,716.68
145.63469758,-17.12814617,708.04
145.63471704,-17.12814630,705.99
145.63471816,-17.12814631,715.23
145.63472775,-17.12814638,706.56
145.63480510,-17.12814690,700.87
145.63485143,-17.12814721,703.65
145.63485595,-17.12814724,708.45
145.63485801,-17.12814726,706.99
145.63486525,-17.12814730,707.28
145.63488978,-17.12814747,706.88
145.63489241,-17.12814749,687.71
145.63492079,-17.12814768,703.75
145.63493743,-17.12814779,717.01
145.63496421,-17.12814797,721.80
145.63498010,-17.12814808,715.30
145.63498592,-17.12814812,710.84
145.63498790,-17.12814813,719.69
145.63498846,-17.12814814,720.57
145.63499476,-17.12814818,703.00
145.63501130,-17.12814829,704.87
145.63511459,-17.12814899,702.09
145.63511891,-17.12814902,712.35
145.63512568,-17.12814906,699.96
145.63512652,-17.12814907,701.10
145.63519485,-17.12814953,709.07
145.63524645,-17.12814988,707.27
145.63525359,-17.12814992,712.98
145.63525622,-17.12814994,705.73
145.63525801,-17.12814995,708.27
145.63527079,-17.12815004,714.80
145.63528216,-17.12815012,714.99
145.63529363,-17.12815019,712.95
145.63530143,-17.12815025,714.04
145.63533000,-17.12815044,717.11
145.63534927,-17.12815057,719.31
145.63537558,-17.12815075,724.81
145.63543855,-17.12815117,728.23
145.63543911,-17.12815118,715.73
145.63544898,-17.12815124,724.55
145.63546562,-17.12815136,721.83
145.63547586,-17.12815142,722.17
145.63551327,-17.12815168,721.42
145.63551900,-17.12815172,721.38
145.63556947,-17.12815206,732.37
145.63560397,-17.12815229,728.10
145.63561205,-17.12815234,730.07
145.63565020,-17.12815260,728.43
145.63565359,-17.12815262,728.51
145.63567210,-17.12815275,726.65
145.63568037,-17.12815280,729.68
145.63569682,-17.12815291,730.07
145.63572990,-17.12815314,730.88
145.63579362,-17.12815357,725.81
145.63579973,-17.12815361,731.55
145.63581684,-17.12815372,731.49
145.63584090,-17.12815389,729.51
145.63584889,-17.12815394,732.47
145.63585236,-17.12815396,733.88
145.63586120,-17.12815402,734.63
145.63587107,-17.12815409,729.44
145.63587717,-17.12815413,729.34
145.63587755,-17.12815413,728.42
145.63588939,-17.12815421,730.49
145.63591420,-17.12815438,703.84
145.63592971,-17.12815448,725.81
145.63593272,-17.12815451,726.98
145.63593817,-17.12815454,705.55
145.63594832,-17.12815461,725.32
145.63595922,-17.12815468,726.94
145.63596176,-17.12815470,726.27
145.63596590,-17.12815473,722.10
145.63596702,-17.12815474,724.64
145.63597473,-17.12815479,725.11
145.63598676,-17.12815487,717.68
145.63598827,-17.12815488,725.60
145.63599212,-17.12815491,714.41
145.63599259,-17.12815491,718.94
145.63599494,-17.12815492,725.87
145.63600105,-17.12815497,722.60
145.63604052,-17.12815523,721.62
145.63606430,-17.12815539,702.79
145.63609644,-17.12815561,729.75
145.63610565,-17.12815567,722.01
145.63610725,-17.12815568,728.98
145.63611909,-17.12815576,724.38
145.63613027,-17.12815584,712.97
145.63618215,-17.12815619,710.35
145.63618610,-17.12815621,722.20
145.63619108,-17.12815625,729.18
145.63621073,-17.12815638,723.31
145.63625931,-17.12815671,706.64
145.63630546,-17.12815702,724.94
145.63630772,-17.12815703,730.31
145.63636542,-17.12815742,729.57
145.63636881,-17.12815745,731.26
145.63641007,-17.12815772,730.85
145.63641336,-17.12815775,730.99
145.63641665,-17.12815777,731.17
145.63641693,-17.12815777,724.00
145.63642557,-17.12815783,734.18
145.63644597,-17.12815797,737.74
145.63650170,-17.12815834,728.25
145.63652313,-17.12815849,732.17
145.63656439,-17.12815876,733.80
145.63660396,-17.12815903,737.17
145.63664681,-17.12815932,732.34
145.63665490,-17.12815937,723.29
145.63672472,-17.12815984,735.99
145.63674427,-17.12815998,737.83
145.63674982,-17.12816001,737.60
145.63676401,-17.12816011,738.02
145.63676749,-17.12816013,738.46
145.63677773,-17.12816020,738.28
145.63678112,-17.12816022,738.09
145.63678938,-17.12816028,730.92
145.63679766,-17.12816034,730.73
145.63680602,-17.12816039,740.74
145.63681119,-17.12816043,730.70
145.63694286,-17.12816131,728.37
145.63694521,-17.12816133,729.51
145.63695273,-17.12816138,734.43
145.63699352,-17.12816166,728.46
145.63700367,-17.12816172,729.01
145.63700461,-17.12816173,729.60
145.63701043,-17.12816177,733.09
145.63707689,-17.12816222,731.78
145.63715423,-17.12816274,747.01
145.63718600,-17.12816295,747.24
145.63719531,-17.12816302,729.58
145.63719982,-17.12816305,738.15
145.63720038,-17.12816305,733.14
145.63721466,-17.12816315,734.26
145.63723685,-17.12816329,737.86
145.63731495,-17.12816382,725.84
145.63731749,-17.12816384,730.89
145.63737735,-17.12816424,712.84
145.63741297,-17.12816448,729.55
145.63743158,-17.12816461,723.25
145.63743957,-17.12816466,729.52
145.63744089,-17.12816467,721.75
145.63746532,-17.12816483,714.47
145.63747246,-17.12816488,725.26
145.63748957,-17.12816500,725.99
145.63749991,-17.12816507,715.56
145.63750874,-17.12816513,727.56
145.63755395,-17.12816543,733.14
145.63756523,-17.12816551,730.55
145.63757134,-17.12816555,734.69
145.63759370,-17.12816570,715.90
145.63760601,-17.12816578,729.13
145.63767406,-17.12816624,738.90
145.63768176,-17.12816629,733.08
145.63773411,-17.12816664,731.56
145.63779380,-17.12816705,738.84
145.63782660,-17.12816727,737.75
145.63784342,-17.12816738,722.56
145.63788308,-17.12816765,728.64
145.63788759,-17.12816768,724.66
145.63794248,-17.12816805,724.90
145.63804549,-17.12816874,727.28
145.63806870,-17.12816890,729.45
145.63807960,-17.12816897,722.46
145.63810564,-17.12816915,724.46
145.63813242,-17.12816933,722.61
145.63815986,-17.12816951,720.94
145.63820037,-17.12816978,723.15
145.63822105,-17.12816992,717.78
145.63822199,-17.12816993,717.81
145.63822236,-17.12816993,709.11
145.63823054,-17.12816999,720.56
145.63824567,-17.12817009,709.35
145.63825977,-17.12817018,716.51
145.63827960,-17.12817032,720.78
145.63828138,-17.12817033,720.70
145.63830846,-17.12817051,706.15
145.63831005,-17.12817052,706.05
145.63835883,-17.12817085,709.85
145.63835958,-17.12817086,714.61
145.63838984,-17.12817106,723.64
145.63841447,-17.12817122,706.33
145.63844125,-17.12817140,706.98
145.63846099,-17.12817154,726.59
145.63854435,-17.12817210,729.70
145.63855629,-17.12817218,731.66
145.63856390,-17.12817223,707.35
145.63856419,-17.12817223,710.75
145.63856512,-17.12817224,722.72
145.63862180,-17.12817262,726.00
145.63862828,-17.12817266,727.91
145.63863195,-17.12817269,728.31
145.63866484,-17.12817291,725.63
145.63868965,-17.12817308,729.52
145.63870845,-17.12817320,731.99
145.63872743,-17.12817333,728.39
145.63873871,-17.12817341,729.62
145.63874802,-17.12817347,722.47
145.63874905,-17.12817348,731.35
145.63875318,-17.12817350,731.39
145.63876907,-17.12817361,725.11
145.63880018,-17.12817382,721.94
145.63882189,-17.12817397,725.54
145.63882377,-17.12817398,725.26
145.63884331,-17.12817411,727.88
145.63884933,-17.12817415,711.96
145.63889238,-17.12817444,724.74
145.63889660,-17.12817447,724.79
145.63890638,-17.12817454,721.77
145.63893326,-17.12817472,723.25
145.63896427,-17.12817492,736.18
145.63897048,-17.12817497,708.43
145.63901710,-17.12817528,733.17
145.63901803,-17.12817529,733.04
145.63902066,-17.12817530,732.36
145.63906973,-17.12817563,722.05
145.63910271,-17.12817586,711.99
145.63912818,-17.12817603,712.19
145.63915422,-17.12817620,711.43
145.63920666,-17.12817656,734.21
145.63921879,-17.12817664,712.09
145.63922085,-17.12817665,733.10
145.63922330,-17.12817667,743.67
145.63923364,-17.12817674,744.37
145.63925544,-17.12817688,741.71
145.63929115,-17.12817712,733.54
145.63930253,-17.12817720,733.76
145.63932489,-17.12817735,729.14
145.63933316,-17.12817741,717.78
145.63933523,-17.12817742,709.73
145.63934764,-17.12817750,709.22
145.63935826,-17.12817757,721.92
145.63936239,-17.12817760,709.22
145.63939341,-17.12817781,714.08
145.63939961,-17.12817785,721.65
145.63942395,-17.12817802,732.60
145.63943561,-17.12817810,717.58
145.63948504,-17.12817843,734.98
145.63950826,-17.12817858,732.20
145.63953335,-17.12817875,736.35
145.63955299,-17.12817888,734.15
145.63956813,-17.12817899,734.49
145.63961417,-17.12817930,742.15
145.63963203,-17.12817942,733.82
145.63968936,-17.12817980,728.86
145.63972827,-17.12818006,726.41
145.63976145,-17.12818029,726.80
145.63979491,-17.12818051,742.88
145.63980318,-17.12818057,744.39
145.63981248,-17.12818063,740.58
145.63981991,-17.12818068,719.50
145.63983833,-17.12818080,735.50
145.63985064,-17.12818089,726.25
145.63992056,-17.12818136,731.66
145.63992846,-17.12818141,728.55
145.63994387,-17.12818151,718.22
145.63997536,-17.12818172,724.76
145.64008532,-17.12818246,714.87
145.64009322,-17.12818252,729.36
145.64016408,-17.12818299,720.97
145.64016878,-17.12818303,735.31
145.64019773,-17.12818322,746.67
145.64021662,-17.12818335,750.90
145.64026191,-17.12818365,724.16
145.64029453,-17.12818387,736.91
145.64029763,-17.12818389,733.25
145.64030393,-17.12818393,737.88
145.64032573,-17.12818408,735.73
145.64036652,-17.12818435,737.09
145.64043391,-17.12818481,725.12
145.64044500,-17.12818488,741.87
145.64053353,-17.12818548,732.32
145.64054161,-17.12818553,727.57
145.64056050,-17.12818566,720.21
145.64064744,-17.12818624,744.47
145.64066398,-17.12818635,749.27
145.64068156,-17.12818647,746.14
145.64069810,-17.12818658,748.99
145.64076764,-17.12818705,729.96
145.64080063,-17.12818727,744.86
145.64082141,-17.12818741,731.73
145.64086398,-17.12818770,740.85
145.64091774,-17.12818806,752.93
145.64095139,-17.12818828,758.30
145.64095336,-17.12818830,758.70
145.64095355,-17.12818830,750.39
145.64098296,-17.12818850,756.94
145.64104546,-17.12818892,742.53
145.64109368,-17.12818924,750.23
145.64109979,-17.12818928,751.17
145.64110298,-17.12818930,730.56
145.64113578,-17.12818952,750.88
145.64114011,-17.12818955,747.47
145.64116294,-17.12818971,744.93
145.64119302,-17.12818991,738.49
145.64123841,-17.12819021,750.67
145.64128249,-17.12819051,760.90
145.64130543,-17.12819066,760.40
145.64130721,-17.12819067,760.71
145.64131200,-17.12819071,760.49
145.64137394,-17.12819112,776.45
145.64137563,-17.12819113,776.75
145.64143023,-17.12819150,772.69
145.64144076,-17.12819157,766.81
145.64144170,-17.12819158,754.54
145.64145909,-17.12819169,771.62
145.64148926,-17.12819190,771.32
145.64153051,-17.12819217,782.48
145.64158559,-17.12819254,772.50
145.64160448,-17.12819267,766.95
145.64163005,-17.12819284,770.13
145.64166689,-17.12819309,782.34
145.64166867,-17.12819310,782.57
145.64168268,-17.12819320,758.32
145.64170589,-17.12819335,777.33
145.64172234,-17.12819346,770.32
145.64174142,-17.12819359,780.19
145.64178879,-17.12819391,779.77
145.64180241,-17.12819400,790.32
145.64181867,-17.12819411,780.43
145.64191660,-17.12819477,781.70
145.64192328,-17.12819481,801.82
145.64194499,-17.12819496,795.72
145.64196698,-17.12819510,801.26
145.64207581,-17.12819584,795.22
145.64209386,-17.12819596,788.55
145.64228455,-17.12819724,790.60
145.64229132,-17.12819728,804.52
145.64239320,-17.12819797,778.37
145.64247045,-17.12819848,796.73
145.64247280,-17.12819850,804.58
145.64247478,-17.12819851,804.85
145.64248408,-17.12819858,793.85
145.64250927,-17.12819874,803.44
145.64254291,-17.12819897,806.95
145.64255655,-17.12819906,805.01
145.64256510,-17.12819912,806.92
145.64259574,-17.12819932,792.03
145.64260965,-17.12819942,772.35
145.64261181,-17.12819943,808.76
145.64263963,-17.12819962,810.01
145.64272318,-17.12820018,787.04
145.64273417,-17.12820025,802.63
145.64275504,-17.12820039,794.60
145.64277985,-17.12820056,800.91
145.64290260,-17.12820138,807.41
145.64291867,-17.12820149,793.29
145.64295156,-17.12820171,808.73
145.64300513,-17.12820207,786.94
145.64304855,-17.12820236,793.02
145.64308915,-17.12820264,799.62
145.64311387,-17.12820280,805.11
145.64314724,-17.12820302,806.52
145.64315090,-17.12820305,806.61
145.64319038,-17.12820331,804.14
145.64328389,-17.12820394,807.24
145.64330203,-17.12820406,805.52
145.64332402,-17.12820421,794.72
145.64337365,-17.12820454,798.77
145.64338530,-17.12820462,796.23
145.64340165,-17.12820473,786.79
145.64340391,-17.12820475,797.11
145.64342345,-17.12820488,799.03
145.64342731,-17.12820490,798.01
145.64343117,-17.12820493,798.30
145.64346171,-17.12820513,794.88
145.64346424,-17.12820515,796.51
145.64348586,-17.12820530,796.02
145.64354611,-17.12820570,794.47
145.64354911,-17.12820572,794.64
145.64355165,-17.12820574,794.62
145.64356613,-17.12820583,772.90
145.64361622,-17.12820617,791.27
145.64361829,-17.12820618,782.55
145.64362364,-17.12820622,785.75
145.64364065,-17.12820633,785.88
145.64364329,-17.12820635,785.86
145.64367505,-17.12820656,782.20
145.64371105,-17.12820681,766.88
145.64377233,-17.12820722,771.22
145.64383341,-17.12820763,779.46
145.64385193,-17.12820775,780.06
145.64387505,-17.12820791,750.08
145.64397448,-17.12820857,767.38
145.64406265,-17.12820916,748.49
145.64413915,-17.12820968,768.46
145.64414469,-17.12820971,761.60
145.64418059,-17.12820995,742.90
145.64419394,-17.12821004,732.75
145.64430869,-17.12821081,754.47
145.64432815,-17.12821094,754.38
145.64433727,-17.12821100,752.06
145.64437157,-17.12821123,745.79
145.64438436,-17.12821132,760.05
145.64447524,-17.12821193,766.38
145.64449920,-17.12821209,775.72
145.64452533,-17.12821226,781.07
145.64453755,-17.12821235,772.07
145.64454290,-17.12821238,777.25
145.64454657,-17.12821241,759.60
145.64455559,-17.12821247,777.80
145.64466941,-17.12821323,771.72
145.64468661,-17.12821334,766.63
145.64483736,-17.12821435,786.76
145.64489253,-17.12821472,797.30
145.64492937,-17.12821497,786.95
145.64493163,-17.12821499,787.17
145.64493426,-17.12821500,790.47
145.64496658,-17.12821522,798.08
145.64501170,-17.12821552,799.53
145.64501471,-17.12821554,800.00
145.64502824,-17.12821563,793.66
145.64505164,-17.12821579,782.08
145.64505794,-17.12821583,783.05
145.64518557,-17.12821669,808.76
145.64519008,-17.12821672,804.15
145.64519096,-17.12821257,804.03
145.64519135,-17.12817226,796.47
145.64519162,-17.12813449,791.91
145.64519179,-17.12811126,803.44
145.64519207,-17.12807286,798.56
145.64519213,-17.12806481,799.59
145.64519262,-17.12799595,801.85
145.64519266,-17.12799116,790.66
145.64519280,-17.12797110,810.15
145.64519285,-17.12796514,798.19
145.64519286,-17.12796351,792.08
145.64519289,-17.12795953,799.81
145.64519293,-17.12795366,812.44
145.64519293,-17.12795303,812.12
145.64519332,-17.12789998,804.39
145.64519333,-17.12789871,803.85
145.64519353,-17.12787151,800.66
145.64519357,-17.12786483,796.27
145.64519376,-17.12783844,804.76
145.64519378,-17.12783681,801.63
145.64519391,-17.12781919,790.81
145.64519439,-17.12775259,802.47
145.64519450,-17.12773659,800.90
145.64519457,-17.12772801,799.90
145.64519458,-17.12772656,794.68
145.64519470,-17.12771002,790.70
145.64519500,-17.12766764,790.05
145.64519501,-17.12766683,789.65
145.64519559,-17.12758640,793.38
145.64519570,-17.12757140,793.74
145.64519579,-17.12755902,793.87
145.64519593,-17.12753950,790.67
145.64519597,-17.12753353,794.05
145.64519611,-17.12751483,795.61
145.64519643,-17.12747073,791.46
145.64519665,-17.12744063,793.15
145.64519671,-17.12743160,778.34
145.64519671,-17.12743142,790.93
145.64519706,-17.12738379,786.03
145.64519709,-17.12738000,785.92
145.64519714,-17.12737268,763.89
145.64519740,-17.12733698,787.76
145.64519744,-17.12733038,789.85
145.64519761,-17.12730734,785.28
145.64519768,-17.12729839,789.67
145.64519797,-17.12725773,793.06
145.64519818,-17.12722962,793.92
145.64519842,-17.12719501,775.57
145.64519850,-17.12718408,759.29
145.64519927,-17.12707853,772.76
145.64520010,-17.12696322,772.70
145.64520022,-17.12694767,788.29
145.64520029,-17.12693746,788.04
145.64520040,-17.12692264,775.96
145.64520173,-17.12673892,788.00
145.64520193,-17.12671063,787.64
145.64520195,-17.12670892,787.33
145.64520208,-17.12669111,787.84
145.64520211,-17.12668651,780.13
145.64520281,-17.12658963,763.02
145.64520376,-17.12645841,803.30
145.64520379,-17.12645390,798.54
145.64520403,-17.12642182,792.68
145.64520411,-17.12641007,793.67
145.64520415,-17.12640528,757.56
145.64520477,-17.12631970,796.51
145.64520477,-17.12631861,784.30
145.64520481,-17.12631319,796.53
145.64520487,-17.12630569,794.08
145.64520494,-17.12629575,793.19
145.64520504,-17.12628220,759.38
145.64520506,-17.12627903,766.11
145.64520515,-17.12626737,791.70
145.64520516,-17.12626584,793.20
145.64520550,-17.12621921,781.99
145.64520651,-17.12607868,801.83
145.64520653,-17.12607525,802.04
145.64520686,-17.12603070,805.28
145.64520688,-17.12602690,801.77
145.64520723,-17.12597901,803.16
145.64520764,-17.12592217,801.18
145.64520771,-17.12591295,799.42
145.64520772,-17.12591231,786.12
145.64520780,-17.12590039,793.41
145.64520836,-17.12582276,813.73
145.64520842,-17.12581580,819.38
145.64520847,-17.12580812,819.43
145.64520857,-17.12579402,821.96
145.64520859,-17.12579212,820.03
145.64520865,-17.12578264,808.66
145.64520931,-17.12569236,813.00
145.64520934,-17.12568820,813.82
145.64520950,-17.12566624,811.99
145.64520981,-17.12562413,824.54
145.64520998,-17.12559919,814.28
145.64521019,-17.12557108,818.68
145.64521022,-17.12556647,819.13
145.64521026,-17.12556087,822.51
145.64521033,-17.12555093,823.59
145.64521033,-17.12555084,823.58
145.64521041,-17.12554081,825.89
145.64521086,-17.12547872,828.67
145.64521110,-17.12544502,827.40
145.64521151,-17.12538872,835.47
145.64521168,-17.12536477,834.86
145.64521175,-17.12535609,834.23
145.64521187,-17.12533919,825.46
145.64521207,-17.12531154,836.43
145.64521220,-17.12529320,838.17
145.64521223,-17.12528922,838.29
145.64521317,-17.12515936,848.68
145.64521365,-17.12509321,841.08
145.64521373,-17.12508228,844.09
145.64521392,-17.12505571,847.90
145.64521464,-17.12495549,845.62
145.64521486,-17.12492549,841.59
145.64521531,-17.12486376,842.77
145.64521548,-17.12484018,833.28
145.64521562,-17.12482156,837.59
145.64521616,-17.12474692,856.54
145.64521619,-17.12474195,848.01
145.64521629,-17.12472911,861.58
145.64521631,-17.12472559,861.23
145.64521632,-17.12472478,859.11
145.64521634,-17.12472143,859.27
145.64521647,-17.12470309,854.53
145.64521656,-17.12469134,843.57
145.64521660,-17.12468610,854.77
145.64521692,-17.12464137,858.70
145.64521698,-17.12463296,851.92
145.64521711,-17.12461552,867.43
145.64521725,-17.12459609,873.40
145.64521729,-17.12459085,859.15
145.64521738,-17.12457793,855.57
145.64521791,-17.12450518,877.04
145.64521826,-17.12445656,882.80
145.64521826,-17.12445611,883.59
145.64521878,-17.12438400,884.55
145.64521885,-17.12437514,874.43
145.64521925,-17.12431992,880.46
145.64522006,-17.12420823,893.79
145.64522015,-17.12419585,893.29
145.64522052,-17.12414461,882.26
145.64522127,-17.12404095,890.98
145.64522149,-17.12401005,890.07
145.64522154,-17.12400372,890.24
145.64522186,-17.12395881,904.57
145.64522189,-17.12395538,904.95
145.64522192,-17.12395131,905.18
145.64522193,-17.12395022,903.71
145.64522227,-17.12390233,904.55
145.64522248,-17.12387386,904.64
145.64522317,-17.12377888,909.48
145.64522392,-17.12367550,888.66
145.64522397,-17.12366863,899.60
145.64522403,-17.12365987,909.45
145.64522403,-17.12365933,905.46
145.64522407,-17.12365354,909.04
145.64522424,-17.12363113,894.43
145.64522455,-17.12358766,907.42
145.64522467,-17.12357085,910.34
145.64522486,-17.12354474,908.32
145.64522519,-17.12350010,879.40
145.64522535,-17.12347750,888.23
145.64522586,-17.12340747,874.40
145.64522616,-17.12336508,896.96
145.64522625,-17.12335406,895.85
145.64522654,-17.12331366,878.08
145.64522673,-17.12328710,893.40
145.64522706,-17.12324137,884.82
145.64522711,-17.12323378,892.94
145.64522765,-17.12316022,888.11
145.64522775,-17.12314603,883.28
145.64522806,-17.12310283,860.10
145.64522815,-17.12309072,858.90
145.64522823,-17.12308033,857.48
145.64522874,-17.12300849,869.38
145.64522910,-17.12295969,861.01
145.64522919,-17.12294731,853.06
145.64523031,-17.12279305,862.03
145.64523042,-17.12277696,855.88
145.64523054,-17.12276133,852.38
145.64523074,-17.12273350,846.05
145.64523108,-17.12268641,843.71
145.64523117,-17.12267340,849.64
145.64523167,-17.12260409,824.83
145.64523195,-17.12256622,824.82
145.64523206,-17.12255050,828.57
145.64523207,-17.12254950,820.08
145.64523210,-17.12254580,822.15
145.64523229,-17.12251941,832.03
145.64523248,-17.12249266,827.75
145.64523250,-17.12248950,825.71
145.64523261,-17.12247459,818.57
145.64523311,-17.12240591,829.19
145.64523323,-17.12238874,818.00
145.64523333,-17.12237609,834.29
145.64523340,-17.12236578,835.27
145.64523352,-17.12234934,812.95
145.64523368,-17.12232693,817.52
145.64523402,-17.12228039,813.64
145.64523406,-17.12227523,817.47
145.64523414,-17.12226349,817.89
145.64523415,-17.12226285,817.89
145.64523431,-17.12224053,804.72
145.64523492,-17.12215613,819.38
145.64523492,-17.12215595,823.09
145.64523575,-17.12204172,832.80
145.64523577,-17.12203802,832.74
145.64523600,-17.12200648,819.41
145.64523601,-17.12200557,819.85
145.64523612,-17.12199039,822.58
145.64523620,-17.12197937,823.20
145.64523623,-17.12197440,824.37
145.64523639,-17.12195280,823.51
145.64523656,-17.12192876,817.83
145.64523670,-17.12190996,816.82
145.64523671,-17.12190897,822.58
145.64523677,-17.12190020,823.23
145.64523705,-17.12186180,808.80
145.64523707,-17.12185818,821.58
145.64523726,-17.12183333,812.69
145.64523741,-17.12181164,817.43
145.64523754,-17.12179420,813.86
145.64523770,-17.12177260,813.57
145.64523783,-17.12175408,822.15
145.64523787,-17.12174847,801.85
145.64523790,-17.12174468,817.35
145.64523828,-17.12169181,808.98
145.64523843,-17.12167121,811.26
145.64523853,-17.12165657,811.13
145.64523884,-17.12161373,803.85
145.64523894,-17.12160027,783.85
145.64523949,-17.12152445,790.21
145.64523972,-17.12149291,800.57
145.64524028,-17.12141519,807.66
145.64524037,-17.12140363,799.54
145.64524097,-17.12131994,780.49
145.64524152,-17.12124467,811.88
145.64524154,-17.12124141,811.71
145.64524219,-17.12115195,811.79
145.64524252,-17.12110622,819.11
145.64524294,-17.12104866,821.45
145.64524313,-17.12102227,823.15
145.64524358,-17.12095964,819.40
145.64524387,-17.12092060,813.67
145.64524449,-17.12083457,822.98
145.64524451,-17.12083177,824.21
145.64524511,-17.12074854,806.41
145.64524518,-17.12073923,816.49
145.64524577,-17.12065700,831.73
145.64524594,-17.12063386,832.31
145.64524611,-17.12061046,832.28
145.64524665,-17.12053608,826.79
145.64524698,-17.12049090,820.38
145.64524792,-17.12036122,808.66
145.64524801,-17.12034766,799.34
145.64524802,-17.12034631,804.39
145.64524858,-17.12026949,811.58
145.64524877,-17.12024275,811.87
145.64524896,-17.12021708,784.42
145.64524928,-17.12017235,790.35
145.64524938,-17.12015852,788.14
145.64524984,-17.12009445,772.98
145.64524987,-17.12009047,792.13
145.64525001,-17.12007267,792.24
145.64525043,-17.12001357,791.78
145.64525059,-17.11999161,794.65
145.64525066,-17.11998266,790.07
145.64525079,-17.11996405,794.53
145.64525219,-17.11977057,784.52
145.64525253,-17.11972303,786.99
145.64525254,-17.11972186,776.53
145.64525280,-17.11968598,778.20
145.64525281,-17.11968544,773.20
145.64525320,-17.11963158,770.24
145.64525326,-17.11962272,768.89
145.64525340,-17.11960329,756.73
145.64525410,-17.11950705,765.23
145.64525416,-17.11949883,754.14
145.64525420,-17.11949377,767.16
145.64525421,-17.11949223,755.08
145.64525421,-17.11949205,765.76
145.64525438,-17.11946837,755.06
145.64525463,-17.11943367,741.59
145.64525465,-17.11943087,747.28
145.64525467,-17.11942807,762.62
145.64525535,-17.11933354,753.00
145.64525556,-17.11930490,742.32
145.64525583,-17.11926757,772.19
145.64525605,-17.11923793,774.02
145.64525636,-17.11919456,775.18
145.64525671,-17.11914558,775.77
145.64525719,-17.11907961,781.47
145.64525720,-17.11907879,779.04
145.64525722,-17.11907518,778.90
145.64525726,-17.11907003,766.09
145.64525728,-17.11906677,779.49
145.64525732,-17.11906180,754.80
145.64525736,-17.11905683,766.67
145.64525750,-17.11903767,760.33
145.64525751,-17.11903542,760.34
145.64525787,-17.11898689,750.59
145.64525795,-17.11897514,780.12
145.64525842,-17.11890953,749.77
145.64525849,-17.11890068,781.98
145.64525851,-17.11889814,781.16
145.64525854,-17.11889290,764.57
145.64525868,-17.11887375,765.44
145.64525930,-17.11878808,764.80
145.64525934,-17.11878283,764.65
145.64525958,-17.11874940,761.71
145.64525964,-17.11874145,762.69
145.64525975,-17.11872572,762.92
145.64526008,-17.11868090,755.12
145.64526011,-17.11867674,738.39
145.64526034,-17.11864565,739.46
145.64526088,-17.11857056,736.69
145.64526109,-17.11854092,733.84
145.64526169,-17.11845814,752.36
145.64526169,-17.11845769,755.93
145.64526256,-17.11833786,748.45
145.64526266,-17.11832466,747.31
145.64526271,-17.11831798,738.15
145.64526350,-17.11820854,733.37
145.64526373,-17.11817646,729.90
145.64526379,-17.11816878,714.08
145.64526390,-17.11815341,729.90
145.64526416,-17.11811718,732.91
145.64526500,-17.11800123,719.15
145.64526520,-17.11797367,703.94
145.64526529,-17.11796165,701.81
145.64526558,-17.11792044,711.05
145.64526574,-17.11789857,730.02
145.64526583,-17.11788664,709.89
145.64526605,-17.11785565,731.47
145.64526638,-17.11781083,692.77
145.64526647,-17.11779772,692.41
145.64526650,-17.11779320,722.63
145.64526660,-17.11778010,691.32
145.64526683,-17.11774820,697.96
145.64526724,-17.11769199,699.02
145.64526748,-17.11765873,684.76
145.64526790,-17.11760090,696.51
145.64526839,-17.11753294,715.55
145.64526841,-17.11752969,716.92
145.64526847,-17.11752228,687.15
145.64526856,-17.11750890,691.79
145.64526884,-17.11747022,699.73
145.64526967,-17.11735627,696.06
145.64527136,-17.11712257,729.38
145.64527165,-17.11708209,719.04
145.64527207,-17.11702516,716.42
145.64527216,-17.11701278,741.54
145.64527217,-17.11701025,743.17
145.64527222,-17.11700365,742.52
145.64527226,-17.11699877,735.45
145.64527247,-17.11696931,736.96
145.64527267,-17.11694238,741.14
145.64527270,-17.11693822,734.85
145.64527270,-17.11693705,739.84
145.64527272,-17.11693443,737.50
145.64527360,-17.11681297,729.54
145.64527366,-17.11680520,752.12
145.64527418,-17.11673272,737.89
145.64527432,-17.11671311,744.74
145.64527436,-17.11670742,743.87
145.64527484,-17.11664199,770.40
145.64527498,-17.11662274,758.20
145.64527515,-17.11659861,743.46
145.64527550,-17.11655018,762.53
145.64527555,-17.11654376,751.82
145.64527565,-17.11652984,759.59
145.64527566,-17.11652867,761.86
145.64527567,-17.11652740,759.32
145.64527568,-17.11652623,761.86
145.64527599,-17.11648339,769.77
145.64527631,-17.11643839,770.26
145.64527653,-17.11640884,771.32
145.64527655,-17.11640586,767.72
145.64527665,-17.11639167,757.11
145.64527676,-17.11637640,756.67
145.64527679,-17.11637296,749.79
145.64527689,-17.11635814,748.76
145.64527689,-17.11635805,764.79
145.64527724,-17.11631070,776.85
145.64527767,-17.11625087,764.24
145.64527782,-17.11623054,759.75
145.64527789,-17.11622096,783.21
145.64527806,-17.11619665,771.34
145.64527813,-17.11618653,760.78
145.64527821,-17.11617641,777.17
145.64527822,-17.11617433,777.35
145.64527927,-17.11602956,776.17
145.64527968,-17.11597335,774.71
145.64527977,-17.11596133,786.38
145.64528049,-17.11586102,773.63
145.64528075,-17.11582551,771.81
145.64528092,-17.11580219,789.68
145.64528196,-17.11565860,790.87
145.64528211,-17.11563691,789.00
145.64528237,-17.11560103,769.62
145.64528327,-17.11547750,771.51
145.64528346,-17.11545120,786.53
145.64528352,-17.11544216,786.75
145.64528381,-17.11540285,786.11
145.64528418,-17.11535116,768.05
145.64528431,-17.11533327,758.81
145.64528438,-17.11532360,774.09
145.64528475,-17.11527236,774.90
145.64528511,-17.11522302,755.61
145.64528541,-17.11518208,755.05
145.64528573,-17.11513671,778.44
145.64528576,-17.11513229,752.00
145.64528586,-17.11511900,743.38
145.64528592,-17.11511069,765.79
145.64528619,-17.11507454,751.11
145.64528627,-17.11506315,756.78
145.64528627,-17.11506207,773.95
145.64528657,-17.11502068,751.15
145.64528663,-17.11501246,747.40
145.64528675,-17.11499583,755.29
145.64528730,-17.11492109,743.12
145.64528730,-17.11491992,756.20
145.64528740,-17.11490609,743.51
145.64528860,-17.11474090,744.07
145.64528865,-17.11473421,733.98
145.64528887,-17.11470267,741.10
145.64528922,-17.11465478,737.63
145.64528941,-17.11462839,725.49
145.64528950,-17.11461691,725.48
145.64528967,-17.11459260,733.92
145.64528992,-17.11455790,737.12
145.64529022,-17.11451742,731.30
145.64529050,-17.11447829,747.27
145.64529256,-17.11419380,729.62
145.64529275,-17.11416814,724.90
145.64529317,-17.11410904,727.84
145.64529331,-17.11408997,715.01
145.64529345,-17.11407045,730.22
145.64529374,-17.11403042,725.49
145.64529376,-17.11402761,700.34
145.64529382,-17.11401903,700.50
145.64529390,-17.11400846,726.08
145.64529422,-17.11396454,708.93
145.64529460,-17.11391212,727.93
145.64529480,-17.11388375,723.73
145.64529519,-17.11382998,715.88
145.64529521,-17.11382763,715.97
145.64529581,-17.11374404,725.05
145.64529599,-17.11371946,726.85
145.64529608,-17.11370762,692.85
145.64529608,-17.11370680,725.26
145.64529616,-17.11369578,724.93
145.64529706,-17.11357197,726.58
145.64529712,-17.11356312,717.84
145.64529732,-17.11353510,717.48
145.64529733,-17.11353411,714.44
145.64529738,-17.11352742,717.75
145.64529802,-17.11343958,728.34
145.64529819,-17.11341591,717.78
145.64529901,-17.11330204,725.80
145.64529963,-17.11321610,700.90
145.64530083,-17.11305136,708.27
145.64530084,-17.11304928,713.63
145.64530185,-17.11290984,721.42
145.64530198,-17.11289168,700.14
145.64530222,-17.11285824,725.00
145.64530236,-17.11283917,718.29
145.64530240,-17.11283312,722.73
145.64530290,-17.11276507,730.84
145.64530291,-17.11276290,714.54
145.64530311,-17.11273552,736.61
145.64530337,-17.11270027,736.93
145.64530347,-17.11268600,728.66
145.64530350,-17.11268166,728.39
145.64530445,-17.11255080,738.80
145.64530477,-17.11250562,745.76
145.64530482,-17.11249920,732.76
145.64530496,-17.11248032,742.73
145.64530497,-17.11247905,740.57
145.64530555,-17.11239871,736.32
145.64530575,-17.11237079,715.13
145.64530593,-17.11234657,726.82
145.64530611,-17.11232163,725.58
145.64530653,-17.11226307,702.94
145.64530663,-17.11224978,703.39
145.64530672,-17.11223740,707.87
145.64530709,-17.11218562,716.68
145.64530726,-17.11216276,713.94
145.64530735,-17.11214974,695.37
145.64530736,-17.11214794,695.63
145.64530741,-17.11214098,695.00
145.64530752,-17.11212616,705.20
145.64530753,-17.11212526,721.34
145.64530761,-17.11211333,726.58
145.64530777,-17.11209218,725.08
145.64530786,-17.11207926,701.31
145.64530788,-17.11207618,723.15
145.64530792,-17.11207140,707.11
145.64530806,-17.11205151,708.02
145.64530828,-17.11202187,703.43
145.64530834,-17.11201238,705.05
145.64530842,-17.11200235,704.58
145.64530846,-17.11199621,689.39
145.64530856,-17.11198265,687.65
145.64530887,-17.11193928,710.89
145.64530944,-17.11186129,709.80
145.64530947,-17.11185686,699.14
145.64531027,-17.11174616,685.06
145.64531084,-17.11166708,685.51
145.64531125,-17.11161151,697.79
145.64531128,-17.11160635,696.15
145.64531155,-17.11156958,691.32
145.64531164,-17.11155692,703.60
145.64531169,-17.11154970,691.68
145.64531173,-17.11154500,690.75
145.64531178,-17.11153749,666.12
145.64531196,-17.11151337,674.55
145.64531214,-17.11148797,668.66
145.64531224,-17.11147324,675.20
145.64531232,-17.11146312,678.12
145.64531265,-17.11141712,700.01
145.64531277,-17.11140095,686.59
145.64531282,-17.11139426,685.94
145.64531328,-17.11133010,670.61
145.64531334,-17.11132142,671.80
145.64531336,-17.11131835,672.14
145.64531370,-17.11127262,675.73
145.64531425,-17.11119662,691.44
145.64531429,-17.11119075,696.66
145.64531442,-17.11117222,699.35
145.64531451,-17.11116002,700.63
145.64531457,-17.11115198,693.01
145.64531500,-17.11109288,706.66
145.64531546,-17.11102845,703.86
145.64531559,-17.11101055,685.56
145.64531561,-17.11100784,707.83
145.64531563,-17.11100613,707.30
145.64531634,-17.11090789,708.26
145.64531681,-17.11084210,718.53
145.64531693,-17.11082575,714.65
145.64531757,-17.11073710,720.36
145.64531763,-17.11072878,721.40
145.64531786,-17.11069652,701.62
145.64531832,-17.11063417,694.23
145.64531859,-17.11059693,694.88
145.64531881,-17.11056594,697.76
145.64531942,-17.11048189,732.31
145.64531949,-17.11047195,722.68
145.64531970,-17.11044249,730.83
145.64531999,-17.11040246,730.47
145.64532095,-17.11027043,736.17
145.64532246,-17.11006186,746.67
145.64532283,-17.11001089,752.67
145.64532339,-17.10993335,749.50
145.64532339,-17.10993317,749.50
145.64532339,-17.10993263,749.52
145.64532381,-17.10987552,757.36
145.64532422,-17.10981804,760.23
145.64532443,-17.10979003,762.30
145.64532522,-17.10967987,758.03
145.64532530,-17.10966857,768.74
145.64532550,-17.10964137,766.37
145.64532607,-17.10956284,770.73
145.64532615,-17.10955182,770.24
145.64532619,-17.10954594,770.15
145.64532776,-17.10932960,799.31
145.64532793,-17.10930493,803.19
145.64532822,-17.10926480,802.48
145.64532869,-17.10920037,804.99
145.64532871,-17.10919784,802.97
145.64532942,-17.10909879,815.10
145.64532971,-17.10905930,814.84
145.64533064,-17.10893152,817.88
145.64533070,-17.10892248,818.18
145.64533131,-17.10883871,822.51
145.64533198,-17.10874608,823.05
145.64533316,-17.10858161,831.31
145.64533372,-17.10850507,817.21
145.64533373,-17.10850317,813.33
145.64533391,-17.10847922,819.04
145.64533393,-17.10847651,825.96
145.64533466,-17.10837539,826.28
145.64533473,-17.10836581,816.13
145.64533492,-17.10833924,819.43
145.64533502,-17.10832587,818.52
145.64533530,-17.10828610,813.25
145.64533543,-17.10826948,810.13
145.64533572,-17.10822800,811.70
145.64533582,-17.10821408,801.30
145.64533583,-17.10821345,802.99
145.64533593,-17.10820007,809.84
145.64533604,-17.10818381,810.35
145.64533709,-17.10803940,795.35
145.64533725,-17.10801708,800.37
145.64533734,-17.10800497,793.28
145.64533760,-17.10796927,806.34
145.64533784,-17.10793538,805.71
145.64533807,-17.10790420,807.35
145.64533810,-17.10789951,806.01
145.64533813,-17.10789499,803.00
145.64533842,-17.10785459,770.77
145.64533918,-17.10774976,804.66
145.64533919,-17.10774877,804.23
145.64533929,-17.10773467,803.16
145.64533953,-17.10770151,774.12
145.64534008,-17.10762596,784.93
145.64534044,-17.10757589,814.27
145.64534102,-17.10749601,824.50
145.64534228,-17.10732114,809.35
145.64534249,-17.10729358,822.68
145.64534270,-17.10726367,815.38
145.64534309,-17.10720927,835.88
145.64534319,-17.10719607,833.22
145.64534332,-17.10717737,839.69
145.64534338,-17.10716959,839.76
145.64534345,-17.10716001,829.55
145.64534383,-17.10710751,832.80
145.64534401,-17.10708221,836.19
145.64534444,-17.10702293,841.15
145.64534448,-17.10701741,825.01
145.64534473,-17.10698280,845.99
145.64534499,-17.10694693,849.75
145.64534521,-17.10691647,841.76
145.64534525,-17.10691096,848.65
145.64534575,-17.10684164,858.05
145.64534577,-17.10683975,861.00
145.64534599,-17.10680884,861.90
145.64534600,-17.10680739,861.68
145.64534614,-17.10678824,856.71
145.64534620,-17.10677920,855.39
145.64534635,-17.10675887,858.84
145.64534645,-17.10674586,857.97
145.64534699,-17.10667058,845.15
145.64534700,-17.10666994,857.40
145.64534762,-17.10658319,867.36
145.64534788,-17.10654749,868.78
145.64534832,-17.10648722,866.51
145.64534843,-17.10647113,863.77
145.64534894,-17.10640091,873.55
145.64534940,-17.10633784,876.38
145.64534948,-17.10632609,878.70
145.64534951,-17.10632211,862.98
145.64534973,-17.10629193,875.28
145.64535055,-17.10617915,850.21
145.64535070,-17.10615773,847.73
145.64535071,-17.10615638,870.54
145.64535106,-17.10610830,876.55
145.64535118,-17.10609203,879.71
145.64535125,-17.10608173,880.49
145.64535133,-17.10607152,880.97
145.64535134,-17.10606962,882.88
145.64535135,-17.10606754,881.05
145.64535149,-17.10604820,885.90
145.64535155,-17.10604016,887.65
145.64535161,-17.10603230,887.98
145.64535166,-17.10602507,890.28
145.64535224,-17.10594482,881.09
145.64535229,-17.10593859,887.15
145.64535240,-17.10592277,882.54
145.64535286,-17.10585978,897.56
145.64535304,-17.10583385,897.02
145.64535328,-17.10580113,889.39
145.64535338,-17.10578686,897.32
145.64535413,-17.10568293,884.53
145.64535414,-17.10568212,892.36
145.64535420,-17.10567408,895.13
145.64535467,-17.10560955,890.02
145.64535482,-17.10558759,903.69
145.64535497,-17.10556708,907.18
145.64535520,-17.10553635,910.24
145.64535535,-17.10551467,911.15
145.64535546,-17.10549993,913.17
145.64535564,-17.10547535,910.80
145.64535578,-17.10545511,915.53
145.64535616,-17.10540261,915.43
145.64535653,-17.10535110,918.86
145.64535677,-17.10531874,904.77
145.64535694,-17.10529452,916.62
145.64535717,-17.10526271,918.31
145.64535752,-17.10521536,928.43
145.64535753,-17.10521383,929.05
145.64535774,-17.10518491,929.03
145.64535788,-17.10516512,912.87
145.64535790,-17.10516268,927.81
145.64535824,-17.10511541,915.29
145.64535847,-17.10508270,919.71
145.64535849,-17.10508134,926.03
145.64535859,-17.10506689,933.42
145.64535945,-17.10494841,935.15
145.64535959,-17.10492889,931.81
145.64535966,-17.10491940,932.06
145.64535967,-17.10491732,943.91
145.64535972,-17.10491073,943.87
145.64535979,-17.10490088,934.51
145.64535988,-17.10488850,935.72
145.64536024,-17.10483816,953.76
145.64536028,-17.10483346,949.31
145.64536031,-17.10482912,957.54
145.64536034,-17.10482560,957.72
145.64536066,-17.10478042,958.79
145.64536067,-17.10477942,965.61
145.64536079,-17.10476306,958.30
145.64536085,-17.10475475,966.19
145.64536094,-17.10474119,948.49
145.64536153,-17.10466086,951.99
145.64536155,-17.10465806,961.84
145.64536160,-17.10465019,958.73
145.64536164,-17.10464585,965.10
145.64536175,-17.10463086,967.36
145.64536181,-17.10462136,968.17
145.64536193,-17.10460474,968.59
145.64536196,-17.10460058,967.30
145.64536213,-17.10457790,968.38
145.64536223,-17.10456443,969.88
145.64536234,-17.10454889,971.67
145.64536265,-17.10450596,975.67
145.64536272,-17.10449566,962.99
145.64536290,-17.10447099,975.88
145.64536306,-17.10444921,975.74
145.64536312,-17.10443999,967.28
145.64536348,-17.10439011,988.91
145.64536390,-17.10433309,987.55
145.64536408,-17.10430833,988.62
145.64536421,-17.10429025,989.18
145.64536423,-17.10428646,990.77
145.64536440,-17.10426314,987.87
145.64536440,-17.10426269,986.17
145.64536452,-17.10424697,986.63
145.64536476,-17.10421362,986.91
145.64536482,-17.10420576,990.21
145.64536484,-17.10420323,990.61
145.64536505,-17.10417449,980.29
145.64536509,-17.10416889,992.36
145.64536509,-17.10416852,990.76
145.64536519,-17.10415425,981.28
145.64536566,-17.10408972,994.36
145.64536571,-17.10408258,994.54
145.64536588,-17.10405818,986.47
145.64536591,-17.10405439,970.61
145.64536634,-17.10399583,991.57
145.64536634,-17.10399520,986.66
145.64536638,-17.10398959,992.79
145.64536654,-17.10396845,978.67
145.64536661,-17.10395770,989.90
145.64536663,-17.10395553,980.70
145.64536668,-17.10394820,990.71
145.64536685,-17.10392570,977.74
145.64536692,-17.10391522,973.78
145.64536695,-17.10391097,971.78
145.64536733,-17.10385838,977.98
145.64536775,-17.10380009,984.20
145.64536785,-17.10378581,991.97
145.64536786,-17.10378473,988.37
145.64536803,-17.10376213,995.12
145.64536822,-17.10373557,995.23
145.64536839,-17.10371171,993.89
145.64536861,-17.10368125,995.91
145.64536877,-17.10365930,1001.52
145.64536879,-17.10365658,1001.83
145.64536881,-17.10365432,984.81
145.64536885,-17.10364899,998.72
145.64536889,-17.10364348,998.86
145.64536896,-17.10363291,1000.42
145.64536903,-17.10362333,1001.39
145.64536908,-17.10361637,997.09
145.64536911,-17.10361212,973.03
145.64536911,-17.10361194,1002.38
145.64536912,-17.10361040,997.18
145.64536913,-17.10360923,1002.45
145.64536938,-17.10357489,1001.36
145.64536940,-17.10357245,1001.63
145.64536945,-17.10356540,999.64
145.64536949,-17.10355962,1002.49
145.64536953,-17.10355447,1001.49
145.64536996,-17.10349464,1004.87
145.64537000,-17.10348949,1003.28
145.64537003,-17.10348588,1003.68
145.64537007,-17.10348018,1003.54
145.64537031,-17.10344575,1006.32
145.64537032,-17.10344485,1006.32
145.64537054,-17.10341421,1015.01
145.64537057,-17.10341042,1010.38
145.64537076,-17.10338484,1015.06
145.64537078,-17.10338231,1016.41
145.64537114,-17.10333153,996.49
145.64537115,-17.10332999,1011.91
145.64537116,-17.10332927,1011.96
145.64537123,-17.10331924,1009.24
145.64537135,-17.10330333,1012.41
145.64537143,-17.10329176,1016.25
145.64537146,-17.10328788,1015.14
145.64537158,-17.10327116,1012.66
145.64537161,-17.10326709,1014.56
145.64537220,-17.10318540,1016.53
145.64537232,-17.10316832,1016.14
145.64537268,-17.10311943,1019.37
145.64537272,-17.10311320,1019.64
145.64537338,-17.10302192,1019.89
145.64537339,-17.10301975,1023.06
145.64537348,-17.10300882,1023.71
145.64537376,-17.10296996,1022.71
145.64537376,-17.10296906,1018.42
145.64537393,-17.10294511,1020.88
145.64537399,-17.10293815,999.23
145.64537424,-17.10290291,1019.58
145.64537428,-17.10289784,1023.32
145.64537432,-17.10289242,1022.24
145.64537437,-17.10288438,1021.76
145.64537444,-17.10287507,1019.56
145.64537446,-17.10287308,1023.05
145.64537450,-17.10286621,1020.86
145.64537451,-17.10286558,1020.56
145.64537466,-17.10284480,1020.18
145.64537466,-17.10284426,1025.27
145.64537475,-17.10283188,1010.23
145.64537513,-17.10278027,1031.13
145.64537516,-17.10277512,1030.55
145.64537522,-17.10276681,1030.42
145.64537531,-17.10275479,1011.05
145.64537541,-17.10274132,1027.60
145.64537548,-17.10273166,1026.79
145.64537562,-17.10271213,1026.54
145.64537564,-17.10270979,1026.36
145.64537570,-17.10270048,1023.75
145.64537573,-17.10269686,1024.56
145.64537576,-17.10269253,1025.37
145.64537579,-17.10268927,1020.41
145.64537604,-17.10265376,1014.98
145.64537610,-17.10264589,1015.17
145.64537626,-17.10262366,1025.03
145.64537665,-17.10257026,1027.74
145.64537667,-17.10256718,1039.72
145.64537676,-17.10255489,1028.56
145.64537683,-17.10254504,1033.31
145.64537697,-17.10252543,1037.66
145.64537699,-17.10252326,1037.31
145.64537700,-17.10252092,1036.68
145.64537703,-17.10251775,1034.24
145.64537704,-17.10251576,1025.35
145.64537719,-17.10249507,1023.36
145.64537722,-17.10249136,1035.53
145.64537725,-17.10248612,1023.92
145.64537732,-17.10247636,1032.74
145.64537758,-17.10244094,1038.70
145.64537763,-17.10243470,1038.22
145.64537781,-17.10240904,1041.85
145.64537798,-17.10238599,1044.93
145.64537815,-17.10236205,1033.41
145.64537822,-17.10235283,1044.92
145.64537831,-17.10233991,1045.46
145.64537833,-17.10233792,1045.13
145.64537834,-17.10233557,1043.48
145.64537842,-17.10232499,1043.90
145.64537855,-17.10230647,1039.83
145.64537856,-17.10230529,1044.50
145.64537878,-17.10227538,1037.65
145.64537880,-17.10227186,1037.52
145.64537891,-17.10225641,1041.16
145.64537896,-17.10224963,1045.33
145.64537909,-17.10223182,1037.11
145.64537911,-17.10222920,1045.66
145.64537912,-17.10222830,1045.96
145.64537932,-17.10220083,1048.18
145.64537947,-17.10217968,1037.71
145.64537969,-17.10215004,1049.51
145.64537976,-17.10214010,1049.26
145.64537985,-17.10212727,1051.03
145.64537997,-17.10211055,1052.18
145.64538013,-17.10208868,1051.41
145.64538015,-17.10208561,1051.37
145.64538017,-17.10208235,1037.03
145.64538020,-17.10207901,1051.75
145.64538035,-17.10205795,1044.93
145.64538036,-17.10205687,1032.74
145.64538040,-17.10205145,1045.94
145.64538046,-17.10204241,1045.68
145.64538057,-17.10202813,1044.73
145.64538057,-17.10202741,1037.27
145.64538063,-17.10201891,1045.26
145.64538064,-17.10201792,1025.25
145.64538083,-17.10199198,1045.16
145.64538085,-17.10198918,1044.97
145.64538089,-17.10198295,1042.21
145.64538091,-17.10198078,1044.02
145.64538095,-17.10197490,1040.65
145.64538109,-17.10195539,1046.02
145.64538112,-17.10195195,1046.12
145.64538131,-17.10192475,1048.50
145.64538143,-17.10190930,1049.29
145.64538147,-17.10190342,1047.91
145.64538152,-17.10189692,1050.12
145.64538152,-17.10189637,1047.20
145.64538170,-17.10187152,1050.79
145.64538171,-17.10186944,1046.01
145.64538173,-17.10186755,1047.72
145.64538181,-17.10185688,1050.22
145.64538187,-17.10184803,1050.47
145.64538189,-17.10184514,1031.56
145.64538205,-17.10182263,1038.43
145.64538208,-17.10181866,1045.74
145.64538216,-17.10180709,1045.72
145.64538240,-17.10177483,1035.32
145.64538255,-17.10175422,1018.37
145.64538298,-17.10169395,1024.36
145.64538316,-17.10166928,1027.56
145.64538325,-17.10165708,1030.14
145.64538325,-17.10165635,1009.82
145.64538330,-17.10165012,1024.95
145.64538334,-17.10164497,1026.55
145.64538340,-17.10163584,1020.25
145.64538343,-17.10163177,1012.44
145.64538348,-17.10162472,1013.54
145.64538357,-17.10161234,1013.05
145.64538376,-17.10158613,1019.81
145.64538385,-17.10157421,1022.65
145.64538401,-17.10155243,1021.13
145.64538416,-17.10153146,1023.55
145.64538434,-17.10150580,1016.46
145.64538459,-17.10147164,1006.88
145.64538459,-17.10147137,1021.19
145.64538465,-17.10146296,1006.03
145.64538480,-17.10144263,1019.52
145.64538565,-17.10132542,1010.97
145.64538570,-17.10131783,1011.92
145.64538577,-17.10130852,1001.97
145.64538587,-17.10129461,1001.86
145.64538589,-17.10129217,990.37
145.64538592,-17.10128810,1014.38
145.64538606,-17.10126777,1005.65
145.64538622,-17.10124698,1005.14
145.64538630,-17.10123523,1001.51
145.64538645,-17.10121418,985.95
145.64538654,-17.10120234,989.96
145.64538671,-17.10117884,1004.52
145.64538714,-17.10111875,1009.71
145.64538723,-17.10110718,985.89
145.64538729,-17.10109787,1006.36
145.64538734,-17.10109191,986.99
145.64538738,-17.10108612,970.57
145.64538742,-17.10108016,1004.36
145.64538751,-17.10106805,986.22
145.64538776,-17.10103362,986.97
145.64538787,-17.10101871,986.11
145.64538809,-17.10098780,993.61
145.64538814,-17.10098139,987.55
145.64538816,-17.10097777,988.92
145.64538844,-17.10093946,980.85
145.64538848,-17.10093358,963.49
145.64538860,-17.10091668,976.45
     </coordinates>
    </LineString>
   </MultiGeometry>
  </Placemark>
 </Document>
</kml>
