<kml>
 <Document>
  <Style id="yellow">
   <LineStyle>
   <color>ff00ffff</color>
   <width>1</width>
   </LineStyle>
  </Style>
  <Style id="red">
   <LineStyle>
   <color>ffff0000</color>
   <width>2</width>
   </LineStyle>
  </Style>
  <Style id="green">
   <LineStyle>
   <color>ff00ff00</color>
   <width>1</width>
   </LineStyle>
  </Style>
  <Placemark>
  <styleUrl>#yellow</styleUrl>
   <MultiGeometry>
    <LineString>
     <coordinates>
144.99010932,-36.73094560,180.21
144.99007631,-36.73094504,192.81
144.99007462,-36.73094502,180.29
144.99005180,-36.73094463,191.59
144.99004608,-36.73094453,191.47
144.98987987,-36.73094172,192.69
144.98986924,-36.73094154,198.46
144.98982212,-36.73094075,180.15
144.98981462,-36.73094062,180.14
144.98975989,-36.73093970,180.08
144.98974500,-36.73093945,180.05
144.98973258,-36.73093924,180.09
144.98972709,-36.73093914,190.77
144.98972250,-36.73093907,190.86
144.98971445,-36.73093893,180.07
144.98967964,-36.73093834,180.04
144.98959535,-36.73093692,179.99
144.98947257,-36.73093484,187.30
144.98944627,-36.73093440,179.58
144.98939400,-36.73093351,179.69
144.98929460,-36.73093184,179.76
144.98926964,-36.73093141,188.34
144.98926047,-36.73093126,184.46
144.98919678,-36.73093018,179.61
144.98912336,-36.73092894,179.52
144.98908833,-36.73092835,179.52
144.98905363,-36.73092776,179.59
144.98904076,-36.73092755,193.29
144.98888126,-36.73092485,190.29
144.98885182,-36.73092435,190.05
144.98883526,-36.73092407,185.28
144.98882955,-36.73092397,179.47
144.98872949,-36.73092228,179.43
144.98862237,-36.73092047,179.42
144.98855891,-36.73091940,179.29
144.98848593,-36.73091816,179.30
144.98845918,-36.73091771,179.26
144.98839214,-36.73091658,179.18
144.98836315,-36.73091609,179.09
144.98826140,-36.73091437,194.24
144.98825659,-36.73091429,194.09
144.98822156,-36.73091369,192.84
144.98804684,-36.73091074,177.87
144.98800823,-36.73091009,177.70
144.98800498,-36.73091003,177.67
144.98797588,-36.73090954,181.59
144.98797129,-36.73090946,177.57
144.98790235,-36.73090830,180.52
144.98788589,-36.73090802,182.64
144.98787593,-36.73090785,180.43
144.98786642,-36.73090769,177.27
144.98786295,-36.73090763,177.27
144.98785690,-36.73090753,180.05
144.98782366,-36.73090697,181.35
144.98767412,-36.73090444,177.17
144.98764972,-36.73090402,190.32
144.98760249,-36.73090323,177.19
144.98750534,-36.73090158,194.42
144.98746594,-36.73090092,177.45
144.98745340,-36.73090070,177.42
144.98740494,-36.73089988,177.63
144.98739867,-36.73089978,177.64
144.98731808,-36.73089841,191.39
144.98725328,-36.73089732,187.76
144.98723984,-36.73089709,177.98
144.98722955,-36.73089692,183.51
144.98721903,-36.73089674,178.09
144.98703536,-36.73089363,196.96
144.98701297,-36.73089325,185.32
144.98701219,-36.73089324,181.40
144.98699103,-36.73089288,190.81
144.98698734,-36.73089282,196.90
144.98698499,-36.73089278,196.25
144.98697491,-36.73089261,191.03
144.98697100,-36.73089254,178.17
144.98693809,-36.73089198,178.15
144.98692645,-36.73089179,183.16
144.98692276,-36.73089173,178.15
144.98683971,-36.73089032,186.04
144.98680098,-36.73088967,192.56
144.98679281,-36.73088952,187.11
144.98677926,-36.73088930,193.23
144.98677491,-36.73088922,193.22
144.98672118,-36.73088831,178.12
144.98671938,-36.73088828,195.10
144.98670909,-36.73088811,193.82
144.98661474,-36.73088651,191.61
144.98658216,-36.73088596,191.22
144.98645591,-36.73088383,192.36
144.98644069,-36.73088357,177.88
144.98643643,-36.73088350,177.85
144.98643330,-36.73088344,177.82
144.98635451,-36.73088211,192.61
144.98635372,-36.73088210,194.10
144.98635182,-36.73088206,177.80
144.98634208,-36.73088190,191.42
144.98633950,-36.73088185,194.12
144.98633715,-36.73088182,196.64
144.98629809,-36.73088115,177.67
144.98624694,-36.73088029,177.54
144.98624369,-36.73088023,177.55
144.98624134,-36.73088019,192.52
144.98623273,-36.73088005,192.50
144.98622299,-36.73087988,189.03
144.98620049,-36.73087950,177.46
144.98618415,-36.73087922,177.39
144.98616826,-36.73087896,195.12
144.98616009,-36.73087882,191.73
144.98614766,-36.73087861,194.57
144.98613088,-36.73087832,177.19
144.98613076,-36.73087832,177.23
144.98611599,-36.73087807,177.17
144.98611050,-36.73087798,177.16
144.98605208,-36.73087699,193.34
144.98591385,-36.73087465,176.49
144.98580931,-36.73087288,176.09
144.98568619,-36.73087079,175.58
144.98545282,-36.73086685,191.20
144.98537582,-36.73086554,174.33
144.98519304,-36.73086245,173.89
144.98518990,-36.73086239,191.57
144.98517031,-36.73086206,173.75
144.98506835,-36.73086033,173.44
144.98497881,-36.73085882,173.18
144.98455897,-36.73085171,181.24
144.98454733,-36.73085151,186.53
144.98421122,-36.73084581,172.14
144.98420103,-36.73084564,172.15
144.98418603,-36.73084539,172.18
144.98414328,-36.73084466,172.12
144.98411731,-36.73084422,171.98
144.98410410,-36.73084400,171.99
144.98404321,-36.73084297,171.88
144.98372993,-36.73083766,171.41
144.98370632,-36.73083726,183.49
144.98369658,-36.73083709,171.30
144.98368337,-36.73083687,171.30
144.98361286,-36.73083568,171.20
144.98352690,-36.73083422,170.98
144.98350228,-36.73083380,170.92
144.98344015,-36.73083275,186.34
144.98342896,-36.73083256,185.31
144.98335945,-36.73083138,170.69
144.98333964,-36.73083104,170.67
144.98323768,-36.73082931,184.10
144.98319201,-36.73082854,192.59
144.98318731,-36.73082846,192.67
144.98318406,-36.73082841,170.49
144.98305255,-36.73082618,170.24
144.98300957,-36.73082545,170.19
144.98300622,-36.73082539,170.18
144.98298819,-36.73082508,170.15
144.98295831,-36.73082458,170.11
144.98286709,-36.73082303,170.03
144.98275908,-36.73082120,169.87
144.98271834,-36.73082051,190.26
144.98271688,-36.73082048,185.86
144.98269383,-36.73082009,187.85
144.98262858,-36.73081899,169.70
144.98257440,-36.73081807,169.69
144.98237607,-36.73081471,170.25
144.98224568,-36.73081249,177.98
144.98224187,-36.73081243,178.12
144.98215837,-36.73081101,179.86
144.98211696,-36.73081031,169.26
144.98198925,-36.73080815,168.69
144.98191403,-36.73080687,169.30
144.98188829,-36.73080643,178.58
144.98188023,-36.73080629,179.86
144.98177771,-36.73080456,189.55
144.98176394,-36.73080432,175.40
144.98173562,-36.73080384,179.75
144.98169544,-36.73080316,169.35
144.98169332,-36.73080312,177.08
144.98167664,-36.73080284,169.33
144.98159057,-36.73080138,170.64
144.98155218,-36.73080073,169.37
144.98152431,-36.73080026,169.53
144.98151021,-36.73080002,169.36
144.98135966,-36.73079747,191.31
144.98131075,-36.73079663,169.48
144.98126497,-36.73079586,169.57
144.98123139,-36.73079529,169.55
144.98121483,-36.73079501,169.60
144.98097363,-36.73079091,169.66
144.98096501,-36.73079077,169.65
144.98080764,-36.73078810,169.67
144.98080294,-36.73078802,186.13
144.98075112,-36.73078714,190.18
144.98074105,-36.73078697,184.70
144.98071620,-36.73078655,169.81
144.98069930,-36.73078626,184.59
144.98067355,-36.73078582,183.32
144.98066885,-36.73078574,169.91
144.98057360,-36.73078413,183.98
144.98057036,-36.73078407,186.81
144.98054293,-36.73078360,170.33
144.98044858,-36.73078200,170.90
144.98037169,-36.73078070,171.46
144.98035210,-36.73078037,188.44
144.98020134,-36.73077781,188.61
144.98013037,-36.73077660,172.95
144.98011605,-36.73077636,185.83
144.97997088,-36.73077389,173.83
144.97987988,-36.73077235,174.32
144.97986063,-36.73077202,180.43
144.97981799,-36.73077130,174.63
144.97975318,-36.73077020,187.92
144.97968513,-36.73076904,175.15
144.97950762,-36.73076603,189.39
144.97948456,-36.73076563,175.83
144.97945098,-36.73076506,175.85
144.97941315,-36.73076442,175.95
144.97933838,-36.73076315,176.09
144.97906976,-36.73075859,176.22
144.97905487,-36.73075834,177.09
144.97895884,-36.73075670,176.09
144.97890098,-36.73075572,175.88
144.97889459,-36.73075561,175.85
144.97881110,-36.73075420,175.74
144.97876980,-36.73075349,175.67
144.97874641,-36.73075310,175.66
144.97871216,-36.73075251,175.68
144.97862004,-36.73075095,175.81
144.97842395,-36.73074762,176.73
144.97836003,-36.73074653,198.26
144.97835220,-36.73074640,177.32
144.97832926,-36.73074601,177.33
144.97830956,-36.73074567,182.59
144.97829355,-36.73074540,189.23
144.97827161,-36.73074503,177.67
144.97819819,-36.73074378,187.62
144.97811077,-36.73074229,178.55
144.97810697,-36.73074223,178.59
144.97800758,-36.73074054,179.17
144.97790461,-36.73073879,179.81
144.97784730,-36.73073782,196.21
144.97773594,-36.73073592,180.67
144.97767348,-36.73073486,181.04
144.97763128,-36.73073415,181.14
144.97759894,-36.73073360,181.39
144.97755137,-36.73073279,181.56
144.97741493,-36.73073047,181.89
144.97736692,-36.73072965,181.98
144.97733166,-36.73072905,182.10
144.97729707,-36.73072847,182.19
144.97722801,-36.73072729,182.37
144.97722141,-36.73072718,182.28
144.97720596,-36.73072692,182.29
144.97704804,-36.73072423,182.46
144.97701043,-36.73072359,182.51
144.97684780,-36.73072083,182.57
144.97673364,-36.73071888,182.48
144.97670140,-36.73071834,182.43
144.97669726,-36.73071827,182.44
144.97665014,-36.73071746,182.43
144.97655366,-36.73071582,188.94
144.97653340,-36.73071548,182.19
144.97651695,-36.73071520,198.42
144.97651505,-36.73071517,200.02
144.97640603,-36.73071331,181.86
144.97632835,-36.73071199,181.64
144.97626120,-36.73071085,196.37
144.97625806,-36.73071079,181.41
144.97624273,-36.73071053,181.41
144.97613427,-36.73070869,191.44
144.97610092,-36.73070812,189.37
144.97602123,-36.73070677,180.68
144.97592956,-36.73070521,180.44
144.97583778,-36.73070364,196.84
144.97583678,-36.73070363,180.11
144.97580700,-36.73070312,180.03
144.97569273,-36.73070118,179.88
144.97566710,-36.73070074,179.69
144.97559815,-36.73069957,179.69
144.97539926,-36.73069618,179.40
144.97538907,-36.73069601,187.07
144.97538168,-36.73069588,192.70
144.97538000,-36.73069585,193.99
144.97537519,-36.73069577,179.36
144.97533814,-36.73069514,179.30
144.97532505,-36.73069492,192.18
144.97506326,-36.73069046,178.98
144.97498737,-36.73068917,193.79
144.97498435,-36.73068912,196.10
144.97496398,-36.73068878,182.92
144.97495804,-36.73068867,178.89
144.97480247,-36.73068603,178.65
144.97479463,-36.73068589,178.69
144.97476911,-36.73068546,188.61
144.97475982,-36.73068530,178.72
144.97459552,-36.73068250,179.24
144.97458052,-36.73068225,179.21
144.97441823,-36.73067949,190.51
144.97416415,-36.73067516,181.07
144.97407472,-36.73067364,181.64
144.97405760,-36.73067334,198.01
144.97403465,-36.73067295,181.89
144.97400432,-36.73067244,182.16
144.97397824,-36.73067199,194.60
144.97385972,-36.73066997,183.11
144.97382726,-36.73066942,183.37
144.97361594,-36.73066582,185.07
144.97361146,-36.73066575,185.13
144.97360855,-36.73066569,191.09
144.97346898,-36.73066332,186.35
144.97324278,-36.73065947,188.42
144.97322084,-36.73065909,206.86
144.97289850,-36.73065360,207.47
144.97287667,-36.73065323,191.55
144.97276676,-36.73065136,192.45
144.97276363,-36.73065130,195.51
144.97271293,-36.73065044,192.76
144.97266054,-36.73064955,208.01
144.97257425,-36.73064807,206.54
144.97257100,-36.73064802,193.77
144.97252064,-36.73064716,193.98
144.97247631,-36.73064641,203.21
144.97235767,-36.73064439,194.61
144.97232533,-36.73064383,203.30
144.97231715,-36.73064369,208.12
144.97226993,-36.73064289,200.63
144.97225213,-36.73064259,203.44
144.97225101,-36.73064257,204.62
144.97225056,-36.73064256,194.86
144.97220982,-36.73064186,194.88
144.97214893,-36.73064082,212.33
144.97203275,-36.73063885,194.73
144.97203186,-36.73063883,211.54
144.97200197,-36.73063832,194.57
144.97198675,-36.73063806,205.95
144.97184841,-36.73063570,193.97
144.97180487,-36.73063496,193.46
144.97175887,-36.73063418,193.47
144.97175182,-36.73063406,193.44
144.97137575,-36.73062764,206.14
144.97131688,-36.73062664,189.30
144.97126886,-36.73062582,204.56
144.97126047,-36.73062568,188.75
144.97125532,-36.73062559,204.37
144.97121827,-36.73062496,199.20
144.97117563,-36.73062423,197.95
144.97114753,-36.73062376,200.84
144.97110646,-36.73062305,187.41
144.97109470,-36.73062285,187.31
144.97106012,-36.73062226,187.04
144.97105127,-36.73062211,186.93
144.97094495,-36.73062030,185.95
144.97082676,-36.73061828,185.03
144.97080056,-36.73061784,191.24
144.97079575,-36.73061775,184.84
144.97068875,-36.73061593,183.93
144.97056765,-36.73061386,183.15
144.97032913,-36.73060979,181.80
144.97030787,-36.73060943,181.66
144.97026243,-36.73060866,181.34
144.97021050,-36.73060777,181.01
144.97014826,-36.73060671,193.73
144.97014356,-36.73060663,180.71
144.97013841,-36.73060654,184.76
144.97009823,-36.73060586,180.49
144.97008749,-36.73060567,194.51
144.96988490,-36.73060222,180.18
144.96985323,-36.73060168,180.24
144.96964550,-36.73059813,179.63
144.96924592,-36.73059131,178.47
144.96909930,-36.73058881,177.94
144.96908687,-36.73058860,177.88
144.96905083,-36.73058798,177.78
144.96903774,-36.73058775,177.70
144.96903158,-36.73058765,177.67
144.96899599,-36.73058704,177.52
144.96896185,-36.73058646,177.36
144.96890645,-36.73058552,177.19
144.96880818,-36.73058384,176.79
144.96872245,-36.73058237,194.71
144.96869435,-36.73058189,176.39
144.96861242,-36.73058049,176.08
144.96852490,-36.73057900,175.80
144.96843670,-36.73057749,175.62
144.96841790,-36.73057717,175.57
144.96837514,-36.73057644,186.63
144.96835488,-36.73057610,190.84
144.96833518,-36.73057576,175.33
144.96832701,-36.73057562,194.49
144.96832545,-36.73057559,195.71
144.96820378,-36.73057352,175.06
144.96818352,-36.73057317,174.98
144.96816136,-36.73057279,185.26
144.96814603,-36.73057253,174.84
144.96804239,-36.73057076,174.24
144.96803746,-36.73057068,186.51
144.96802000,-36.73057038,174.15
144.96801441,-36.73057028,191.68
144.96797926,-36.73056968,174.21
144.96795934,-36.73056934,174.26
144.96788592,-36.73056809,174.14
144.96782391,-36.73056703,174.21
144.96780309,-36.73056667,174.27
144.96773952,-36.73056559,174.50
144.96770460,-36.73056499,174.49
144.96768221,-36.73056461,197.68
144.96767606,-36.73056450,198.10
144.96765255,-36.73056410,174.57
144.96762893,-36.73056370,174.55
144.96731152,-36.73055828,174.48
144.96730391,-36.73055815,174.42
144.96725477,-36.73055731,174.32
144.96717351,-36.73055592,174.30
144.96710837,-36.73055480,174.18
144.96706729,-36.73055410,191.03
144.96694899,-36.73055208,186.72
144.96694798,-36.73055206,187.69
144.96691082,-36.73055143,174.64
144.96681255,-36.73054975,189.23
144.96679375,-36.73054943,175.00
144.96676073,-36.73054886,175.08
144.96674674,-36.73054862,188.16
144.96673454,-36.73054842,175.14
144.96673063,-36.73054835,188.12
144.96670958,-36.73054799,189.31
144.96665183,-36.73054700,175.40
144.96657773,-36.73054574,192.15
144.96654002,-36.73054509,175.88
144.96645574,-36.73054365,188.47
144.96645462,-36.73054363,189.38
144.96644734,-36.73054351,186.92
144.96641444,-36.73054295,193.44
144.96640034,-36.73054270,176.90
144.96638142,-36.73054238,177.03
144.96631214,-36.73054120,190.00
144.96621364,-36.73053951,177.88
144.96601610,-36.73053614,190.87
144.96594816,-36.73053497,179.13
144.96594346,-36.73053489,192.53
144.96590529,-36.73053424,179.33
144.96585548,-36.73053339,194.00
144.96584631,-36.73053323,179.60
144.96581474,-36.73053269,179.78
144.96580545,-36.73053253,188.31
144.96580500,-36.73053253,179.80
144.96579672,-36.73053239,179.91
144.96579247,-36.73053231,179.91
144.96575956,-36.73053175,179.89
144.96567136,-36.73053024,194.45
144.96563936,-36.73052970,197.59
144.96557086,-36.73052852,191.61
144.96554489,-36.73052808,189.18
144.96551467,-36.73052756,180.50
144.96550818,-36.73052745,193.14
144.96545725,-36.73052658,187.00
144.96542961,-36.73052611,193.53
144.96536324,-36.73052497,180.54
144.96532921,-36.73052439,194.68
144.96532887,-36.73052438,180.55
144.96525825,-36.73052318,180.52
144.96524806,-36.73052300,190.57
144.96520856,-36.73052233,180.47
144.96518628,-36.73052195,180.42
144.96506787,-36.73051992,180.21
144.96496669,-36.73051819,179.94
144.96492248,-36.73051743,179.84
144.96488107,-36.73051672,179.75
144.96486987,-36.73051653,196.96
144.96484860,-36.73051617,179.66
144.96476421,-36.73051473,183.07
144.96474653,-36.73051442,194.95
144.96473455,-36.73051422,192.60
144.96469079,-36.73051347,179.04
144.96458032,-36.73051158,178.68
144.96452279,-36.73051060,178.46
144.96441579,-36.73050877,178.06
144.96433968,-36.73050746,177.80
144.96431181,-36.73050699,177.74
144.96425171,-36.73050596,177.46
144.96423839,-36.73050573,195.38
144.96421769,-36.73050538,177.28
144.96407576,-36.73050295,176.73
144.96406423,-36.73050275,176.68
144.96403816,-36.73050230,176.61
144.96402204,-36.73050203,176.59
144.96401790,-36.73050196,176.58
144.96401476,-36.73050190,176.57
144.96401309,-36.73050187,176.55
144.96380110,-36.73049825,189.60
144.96375801,-36.73049751,175.59
144.96370529,-36.73049661,175.41
144.96367742,-36.73049613,175.29
144.96367306,-36.73049606,175.31
144.96366881,-36.73049598,175.30
144.96356595,-36.73049422,175.06
144.96352375,-36.73049350,184.19
144.96349118,-36.73049294,188.44
144.96348346,-36.73049281,188.23
144.96331624,-36.73048995,193.62
144.96330740,-36.73048979,174.93
144.96324819,-36.73048878,184.95
144.96322894,-36.73048845,189.42
144.96321036,-36.73048813,175.01
144.96317130,-36.73048747,175.05
144.96315339,-36.73048716,175.08
144.96302569,-36.73048497,187.53
144.96301617,-36.73048481,187.14
144.96296961,-36.73048401,190.63
144.96280788,-36.73048124,175.41
144.96277296,-36.73048064,175.44
144.96269327,-36.73047928,175.57
144.96262208,-36.73047806,175.61
144.96259925,-36.73047767,189.04
144.96254967,-36.73047682,175.53
144.96246483,-36.73047537,175.57
144.96238492,-36.73047400,188.76
144.96237484,-36.73047383,175.64
144.96227702,-36.73047215,175.68
144.96220438,-36.73047091,185.56
144.96214887,-36.73046996,189.45
144.96187946,-36.73046534,186.18
144.96186771,-36.73046514,193.16
144.96180257,-36.73046403,176.00
144.96173486,-36.73046286,176.09
144.96170027,-36.73046227,176.18
144.96169803,-36.73046223,192.65
144.96167621,-36.73046186,176.38
144.96160021,-36.73046056,183.00
144.96156585,-36.73045997,185.51
144.96148538,-36.73045859,176.44
144.96141475,-36.73045738,190.60
144.96129085,-36.73045526,176.80
144.96110842,-36.73045213,177.25
144.96108099,-36.73045166,177.35
144.96107372,-36.73045154,177.31
144.96100399,-36.73045034,177.43
144.96097120,-36.73044978,189.59
144.96085602,-36.73044781,192.44
144.96080767,-36.73044698,189.16
144.96080096,-36.73044686,189.85
144.96065624,-36.73044438,178.00
144.96047571,-36.73044129,178.44
144.96046675,-36.73044113,178.44
144.96041090,-36.73044017,178.59
144.96039355,-36.73043988,178.61
144.96028062,-36.73043794,184.29
144.96027771,-36.73043789,190.57
144.96014463,-36.73043561,192.89
144.96009953,-36.73043483,179.43
144.96009606,-36.73043478,194.36
144.96005800,-36.73043412,179.59
144.96001167,-36.73043333,195.92
144.95978345,-36.73042941,180.45
144.95975491,-36.73042893,180.51
144.95961781,-36.73042658,180.93
144.95956341,-36.73042564,181.14
144.95955614,-36.73042552,181.19
144.95936642,-36.73042227,182.02
144.95934717,-36.73042193,182.15
144.95927979,-36.73042078,195.23
144.95926032,-36.73042044,196.31
144.95925730,-36.73042039,182.45
144.95898207,-36.73041567,183.52
144.95885426,-36.73041348,192.32
144.95880378,-36.73041261,200.89
144.95875274,-36.73041174,203.85
144.95874065,-36.73041153,184.58
144.95873047,-36.73041135,188.34
144.95870484,-36.73041091,184.72
144.95868122,-36.73041051,184.82
144.95866678,-36.73041026,184.92
144.95865414,-36.73041004,199.27
144.95864977,-36.73040997,195.10
144.95848871,-36.73040720,185.76
144.95838731,-36.73040546,186.15
144.95836403,-36.73040507,186.29
144.95832541,-36.73040440,186.36
144.95829900,-36.73040395,189.38
144.95807045,-36.73040003,187.15
144.95783989,-36.73039607,187.51
144.95780385,-36.73039545,203.24
144.95779870,-36.73039537,187.54
144.95778124,-36.73039506,204.15
144.95777396,-36.73039494,201.47
144.95775818,-36.73039467,189.19
144.95775281,-36.73039458,187.46
144.95770871,-36.73039382,187.40
144.95760272,-36.73039200,187.32
144.95760261,-36.73039200,204.15
144.95740920,-36.73038868,186.65
144.95740540,-36.73038861,186.66
144.95738738,-36.73038830,196.57
144.95738346,-36.73038823,186.56
144.95733175,-36.73038735,192.98
144.95722822,-36.73038557,186.41
144.95721020,-36.73038526,186.38
144.95710208,-36.73038340,190.21
144.95709134,-36.73038322,191.24
144.95705351,-36.73038257,203.11
144.95698837,-36.73038145,186.58
144.95698288,-36.73038136,198.74
144.95693610,-36.73038055,195.94
144.95661835,-36.73037510,187.08
144.95659921,-36.73037477,201.68
144.95655231,-36.73037396,187.31
144.95654962,-36.73037391,199.60
144.95651202,-36.73037327,200.95
144.95650530,-36.73037315,203.09
144.95647296,-36.73037260,187.58
144.95646960,-36.73037254,204.01
144.95645572,-36.73037230,187.62
144.95643423,-36.73037193,205.25
144.95639696,-36.73037129,207.70
144.95639271,-36.73037122,187.80
144.95637502,-36.73037092,201.29
144.95634693,-36.73037044,207.76
144.95634033,-36.73037032,188.05
144.95629925,-36.73036962,188.12
144.95624127,-36.73036862,188.28
144.95621676,-36.73036820,200.97
144.95620859,-36.73036806,200.99
144.95615834,-36.73036719,206.69
144.95604653,-36.73036527,208.67
144.95598989,-36.73036430,189.25
144.95583510,-36.73036164,208.05
144.95575675,-36.73036030,189.82
144.95572553,-36.73035976,198.42
144.95569956,-36.73035931,203.60
144.95566733,-36.73035876,202.07
144.95562793,-36.73035808,202.46
144.95555249,-36.73035679,190.63
144.95554052,-36.73035658,190.69
144.95551757,-36.73035619,190.83
144.95549810,-36.73035585,191.01
144.95548590,-36.73035564,190.98
144.95547303,-36.73035542,204.02
144.95545624,-36.73035513,209.10
144.95536815,-36.73035362,191.45
144.95535540,-36.73035340,191.55
144.95535136,-36.73035333,191.56
144.95531006,-36.73035262,207.45
144.95530525,-36.73035254,191.67
144.95520989,-36.73035090,192.24
144.95516803,-36.73035018,192.56
144.95510715,-36.73034913,208.50
144.95508129,-36.73034869,193.01
144.95506462,-36.73034840,204.83
144.95490031,-36.73034558,194.03
144.95485901,-36.73034487,194.34
144.95485196,-36.73034475,209.64
144.95481659,-36.73034413,206.69
144.95479768,-36.73034381,210.30
144.95474630,-36.73034293,203.49
144.95469930,-36.73034212,195.53
144.95464524,-36.73034119,195.99
144.95451003,-36.73033887,197.03
144.95446000,-36.73033801,197.38
144.95443616,-36.73033760,197.54
144.95442318,-36.73033737,197.60
144.95433689,-36.73033589,200.57
144.95430801,-36.73033539,203.15
144.95428965,-36.73033508,203.76
144.95427701,-36.73033486,202.76
144.95404208,-36.73033082,198.92
144.95391840,-36.73032869,217.40
144.95387878,-36.73032801,216.34
144.95387442,-36.73032794,208.36
144.95381051,-36.73032684,214.71
144.95375947,-36.73032596,212.93
144.95373742,-36.73032558,215.65
144.95368706,-36.73032472,207.72
144.95368549,-36.73032469,200.72
144.95366232,-36.73032429,201.08
144.95364430,-36.73032398,202.07
144.95363546,-36.73032382,201.29
144.95359796,-36.73032318,216.34
144.95359528,-36.73032314,215.50
144.95335867,-36.73031906,212.84
144.95329767,-36.73031802,217.24
144.95324831,-36.73031717,205.96
144.95323444,-36.73031693,218.33
144.95309610,-36.73031455,222.24
144.95303969,-36.73031358,208.62
144.95299604,-36.73031283,221.91
144.95295541,-36.73031213,209.97
144.95291545,-36.73031144,210.73
144.95275070,-36.73030860,224.12
144.95273693,-36.73030837,221.26
144.95264628,-36.73030681,220.08
144.95261359,-36.73030625,226.46
144.95252999,-36.73030481,229.27
144.95252137,-36.73030466,228.36
144.95246406,-36.73030367,229.43
144.95243071,-36.73030310,219.41
144.95235572,-36.73030181,220.96
144.95222746,-36.73029960,234.07
144.95214989,-36.73029827,236.64
144.95208330,-36.73029712,243.53
144.95200775,-36.73029582,228.59
144.95196522,-36.73029508,245.00
144.95196041,-36.73029500,244.86
144.95183628,-36.73029287,232.20
144.95173947,-36.73029120,233.89
144.95170556,-36.73029061,234.34
144.95165564,-36.73028976,247.12
144.95150264,-36.73028712,236.51
144.95144959,-36.73028621,236.87
144.95142552,-36.73028579,246.84
144.95141579,-36.73028563,237.06
144.95138367,-36.73028507,237.23
144.95136441,-36.73028474,247.59
144.95124242,-36.73028264,244.83
144.95123503,-36.73028251,252.02
144.95123190,-36.73028246,251.20
144.95120683,-36.73028203,237.26
144.95119463,-36.73028182,249.33
144.95119183,-36.73028177,251.99
144.95116362,-36.73028129,248.75
144.95114571,-36.73028098,247.82
144.95113452,-36.73028078,236.69
144.95112378,-36.73028060,247.56
144.95112120,-36.73028055,236.62
144.95101555,-36.73027873,236.21
144.95091997,-36.73027709,235.41
144.95091493,-36.73027700,241.18
144.95084039,-36.73027572,234.69
144.95078823,-36.73027482,234.21
144.95072891,-36.73027380,233.79
144.95069175,-36.73027316,243.17
144.95062784,-36.73027205,246.20
144.95060434,-36.73027165,248.27
144.95058654,-36.73027134,232.76
144.95055218,-36.73027075,232.53
144.95050495,-36.73026994,232.22
144.95050361,-36.73026992,244.24
144.95048604,-36.73026961,246.85
144.95046276,-36.73026921,237.32
144.95039437,-36.73026803,231.43
144.95037064,-36.73026762,241.50
144.95036729,-36.73026757,241.60
144.95035721,-36.73026739,243.02
144.95034143,-36.73026712,231.13
144.95030618,-36.73026651,231.05
144.95028222,-36.73026610,230.92
144.95027797,-36.73026603,241.94
144.95016202,-36.73026403,230.32
144.95010751,-36.73026309,230.09
144.95010684,-36.73026308,230.88
144.94997712,-36.73026084,239.46
144.94976290,-36.73025715,237.66
144.94969496,-36.73025598,227.42
144.94966373,-36.73025544,227.19
144.94960195,-36.73025438,232.98
144.94956446,-36.73025373,226.50
144.94948096,-36.73025230,226.06
144.94941985,-36.73025124,237.39
144.94940978,-36.73025107,237.09
144.94901547,-36.73024427,223.10
144.94893187,-36.73024283,222.61
144.94881300,-36.73024078,233.88
144.94881021,-36.73024073,232.40
144.94878905,-36.73024037,230.75
144.94875480,-36.73023977,221.63
144.94866135,-36.73023817,234.39
144.94864546,-36.73023789,235.95
144.94862553,-36.73023755,235.41
144.94861300,-36.73023733,236.52
144.94852794,-36.73023586,220.39
144.94843829,-36.73023432,219.89
144.94828764,-36.73023172,219.08
144.94828741,-36.73023172,233.73
144.94824354,-36.73023096,237.49
144.94824231,-36.73023094,218.72
144.94811404,-36.73022873,227.36
144.94802215,-36.73022714,217.17
144.94799529,-36.73022668,216.99
144.94797000,-36.73022624,216.79
144.94795466,-36.73022598,216.75
144.94774033,-36.73022228,215.16
144.94754234,-36.73021886,230.43
144.94749197,-36.73021800,233.39
144.94732398,-36.73021510,232.17
144.94724328,-36.73021371,231.19
144.94721496,-36.73021322,215.44
144.94719717,-36.73021291,232.78
144.94710293,-36.73021128,215.52
144.94709353,-36.73021112,215.53
144.94705626,-36.73021048,225.97
144.94703197,-36.73021006,227.42
144.94701182,-36.73020971,229.35
144.94693169,-36.73020833,223.37
144.94691333,-36.73020801,231.30
144.94688748,-36.73020757,221.60
144.94688054,-36.73020745,231.01
144.94687740,-36.73020739,230.19
144.94682860,-36.73020655,215.22
144.94667706,-36.73020393,215.07
144.94664393,-36.73020336,214.91
144.94649496,-36.73020079,214.56
144.94649228,-36.73020074,214.56
144.94638651,-36.73019892,218.65
144.94632126,-36.73019779,223.84
144.94631152,-36.73019763,214.01
144.94628287,-36.73019713,228.22
144.94620900,-36.73019586,213.60
144.94618773,-36.73019549,213.68
144.94617318,-36.73019524,213.46
144.94611688,-36.73019427,213.30
144.94611420,-36.73019422,225.49
144.94610233,-36.73019401,225.27
144.94604649,-36.73019305,213.08
144.94601795,-36.73019256,213.02
144.94599645,-36.73019219,212.91
144.94597866,-36.73019188,222.02
144.94594811,-36.73019135,228.26
144.94594105,-36.73019123,212.76
144.94593691,-36.73019116,229.22
144.94593322,-36.73019110,229.13
144.94591531,-36.73019079,228.78
144.94589225,-36.73019039,226.47
144.94569997,-36.73018707,211.81
144.94556320,-36.73018470,211.24
144.94555973,-36.73018464,211.21
144.94550455,-36.73018369,210.98
144.94538703,-36.73018166,210.51
144.94533745,-36.73018081,222.41
144.94529570,-36.73018008,210.23
144.94517942,-36.73017808,214.33
144.94499038,-36.73017481,208.63
144.94489121,-36.73017310,208.14
144.94487924,-36.73017289,228.84
144.94484801,-36.73017235,225.99
144.94483223,-36.73017208,225.56
144.94483178,-36.73017207,226.31
144.94473407,-36.73017038,207.43
144.94465192,-36.73016896,206.95
144.94455220,-36.73016724,221.57
144.94451370,-36.73016658,219.20
144.94429590,-36.73016281,206.50
144.94429064,-36.73016272,221.86
144.94426736,-36.73016232,221.64
144.94417144,-36.73016066,224.33
144.94415297,-36.73016034,206.79
144.94411548,-36.73015970,206.83
144.94406869,-36.73015889,206.88
144.94401463,-36.73015795,206.94
144.94388324,-36.73015568,222.09
144.94387003,-36.73015546,206.77
144.94382381,-36.73015466,207.18
144.94372610,-36.73015297,207.80
144.94371132,-36.73015271,207.88
144.94368983,-36.73015234,222.74
144.94368289,-36.73015222,208.07
144.94362089,-36.73015115,225.93
144.94362044,-36.73015114,208.45
144.94354612,-36.73014986,208.78
144.94353370,-36.73014964,208.87
144.94330952,-36.73014577,217.87
144.94330583,-36.73014570,222.71
144.94318853,-36.73014367,218.63
144.94312888,-36.73014265,211.17
144.94308366,-36.73014186,211.53
144.94307717,-36.73014175,222.18
144.94306362,-36.73014152,211.73
144.94304146,-36.73014113,211.68
144.94301013,-36.73014059,211.93
144.94300475,-36.73014050,223.15
144.94298741,-36.73014020,212.05
144.94290626,-36.73013879,218.36
144.94285399,-36.73013789,212.78
144.94275975,-36.73013626,213.36
144.94268040,-36.73013489,213.76
144.94266081,-36.73013455,213.93
144.94263966,-36.73013419,214.00
144.94262276,-36.73013389,214.11
144.94250446,-36.73013185,214.66
144.94245879,-36.73013106,214.73
144.94243775,-36.73013069,214.86
144.94241727,-36.73013034,231.60
144.94240250,-36.73013008,214.95
144.94237138,-36.73012954,215.00
144.94224603,-36.73012738,215.21
144.94222678,-36.73012704,215.28
144.94220887,-36.73012673,215.29
144.94199264,-36.73012299,215.39
144.94180673,-36.73011978,214.87
144.94164310,-36.73011695,213.66
144.94143280,-36.73011331,212.02
144.94141120,-36.73011294,225.29
144.94135759,-36.73011201,211.24
144.94133598,-36.73011163,211.08
144.94133285,-36.73011158,211.04
144.94132860,-36.73011151,210.99
144.94101689,-36.73010611,207.03
144.94100592,-36.73010592,213.68
144.94100514,-36.73010591,214.67
144.94100066,-36.73010583,210.37
144.94096787,-36.73010526,211.30
144.94092355,-36.73010449,219.47
144.94080916,-36.73010252,217.78
144.94067922,-36.73010027,209.56
144.94066881,-36.73010009,212.29
144.94066803,-36.73010007,213.29
144.94054950,-36.73009802,205.72
144.94051626,-36.73009745,200.96
144.94048940,-36.73009698,200.65
144.94044463,-36.73009621,200.34
144.94043646,-36.73009606,200.25
144.94042919,-36.73009594,205.30
144.94041979,-36.73009578,200.13
144.94038722,-36.73009521,199.85
144.94034368,-36.73009446,200.17
144.94030585,-36.73009380,204.47
144.94028940,-36.73009352,199.11
144.94020064,-36.73009198,198.25
144.94018195,-36.73009166,203.16
144.94006667,-36.73008966,205.35
144.94003265,-36.73008907,197.46
144.93999123,-36.73008836,202.23
144.93992934,-36.73008728,196.85
144.93975116,-36.73008420,201.49
144.93974120,-36.73008403,197.41
144.93970203,-36.73008335,199.18
144.93968412,-36.73008304,200.95
144.93967360,-36.73008285,198.57
144.93965468,-36.73008253,199.85
144.93950247,-36.73007989,200.49
144.93947079,-36.73007935,195.42
144.93944080,-36.73007882,195.49
144.93936066,-36.73007744,195.60
144.93934499,-36.73007717,195.56
144.93919468,-36.73007456,194.74
144.93914611,-36.73007372,206.35
144.93908578,-36.73007267,201.54
144.93904482,-36.73007197,196.21
144.93901684,-36.73007148,196.53
144.93895226,-36.73007045,205.81
144.93893456,-36.73007051,207.81
144.93892792,-36.73007192,210.86
144.93892520,-36.73007314,206.08
144.93892358,-36.73010853,197.54
144.93892161,-36.73018232,198.01
144.93892135,-36.73019178,201.12
144.93891839,-36.73030259,199.09
144.93891810,-36.73031330,198.86
144.93891709,-36.73035115,198.81
144.93891681,-36.73036178,198.77
144.93891644,-36.73037547,206.68
144.93891629,-36.73038115,206.06
144.93891604,-36.73039051,198.95
144.93891582,-36.73039871,206.59
144.93891458,-36.73044502,199.15
144.93891372,-36.73047709,199.38
144.93891327,-36.73049412,202.52
144.93891290,-36.73050781,199.46
144.93891280,-36.73051150,206.06
144.93891260,-36.73051925,199.49
144.93891127,-36.73056898,204.03
144.93890961,-36.73063105,204.97
144.93890885,-36.73065952,200.30
144.93890807,-36.73068871,202.97
144.93890769,-36.73070259,205.24
144.93890667,-36.73074096,201.91
144.93890648,-36.73074799,201.03
144.93890575,-36.73077529,206.64
144.93890524,-36.73079430,208.68
144.93890338,-36.73086394,201.69
144.93890299,-36.73087844,207.19
144.93890245,-36.73089862,206.60
144.93890203,-36.73091430,201.93
144.93890139,-36.73093853,202.07
144.93890138,-36.73093871,208.51
144.93890132,-36.73094105,208.79
144.93890073,-36.73096313,202.16
144.93889751,-36.73108358,202.31
144.93889746,-36.73108520,205.18
144.93889734,-36.73108988,204.61
144.93889711,-36.73109844,207.96
144.93889698,-36.73110322,207.39
144.93889684,-36.73110871,202.38
144.93889452,-36.73119547,202.36
144.93889285,-36.73125790,211.60
144.93889283,-36.73125862,209.67
144.93889160,-36.73130447,204.87
144.93889153,-36.73130718,204.49
144.93889108,-36.73132412,202.14
144.93889033,-36.73135186,204.03
144.93888970,-36.73137538,202.03
144.93888922,-36.73139367,201.99
144.93888853,-36.73141925,201.98
144.93888833,-36.73142691,204.79
144.93888831,-36.73142745,201.98
144.93888736,-36.73146295,201.84
144.93888549,-36.73153285,203.88
144.93888542,-36.73153547,203.46
144.93888507,-36.73154853,201.68
144.93888354,-36.73160574,201.44
144.93888342,-36.73161025,216.33
144.93888340,-36.73161105,210.22
144.93888284,-36.73163195,201.29
144.93888223,-36.73165475,218.27
144.93888203,-36.73166249,212.45
144.93888201,-36.73166322,201.37
144.93888167,-36.73167601,201.24
144.93888151,-36.73168168,210.24
144.93888123,-36.73169214,212.10
144.93888106,-36.73169862,212.18
144.93888093,-36.73170358,201.11
144.93888050,-36.73171943,201.10
144.93887976,-36.73174709,201.02
144.93887917,-36.73176934,205.81
144.93887909,-36.73177249,200.90
144.93887887,-36.73178042,200.91
144.93887828,-36.73180249,207.02
144.93887820,-36.73180565,200.83
144.93887805,-36.73181132,211.33
144.93887732,-36.73183853,211.26
144.93887653,-36.73186817,200.66
144.93887612,-36.73188330,212.67
144.93887534,-36.73191240,205.54
144.93887434,-36.73194997,208.61
144.93887338,-36.73198574,214.59
144.93887184,-36.73204357,217.45
144.93887181,-36.73204466,216.55
144.93887050,-36.73209339,217.82
144.93886918,-36.73214285,199.60
144.93886851,-36.73216808,199.53
144.93886822,-36.73217880,199.46
144.93886779,-36.73219475,199.44
144.93886587,-36.73226664,199.14
144.93886480,-36.73230682,198.94
144.93886196,-36.73241276,198.46
144.93886121,-36.73244114,198.32
144.93886079,-36.73245673,198.26
144.93886062,-36.73246294,214.43
144.93886050,-36.73246745,214.81
144.93886047,-36.73246853,198.23
144.93885965,-36.73249934,198.09
144.93885777,-36.73256961,197.81
144.93885651,-36.73261664,209.59
144.93885651,-36.73261673,197.58
144.93885594,-36.73263799,212.23
144.93885520,-36.73266565,197.34
144.93885483,-36.73267961,197.34
144.93885460,-36.73268826,200.61
144.93885383,-36.73271700,197.06
144.93885372,-36.73272105,214.66
144.93885204,-36.73278393,217.13
144.93885087,-36.73282763,211.67
144.93885079,-36.73283060,209.17
144.93884954,-36.73287744,194.84
144.93884826,-36.73292528,211.98
144.93884815,-36.73292925,194.07
144.93884806,-36.73293276,211.97
144.93884788,-36.73293943,211.07
144.93884771,-36.73294565,210.41
144.93884740,-36.73295736,193.55
144.93884733,-36.73296006,193.52
144.93884688,-36.73297691,193.45
144.93884601,-36.73300943,201.30
144.93884481,-36.73305438,202.23
144.93884476,-36.73305609,206.62
144.93884428,-36.73307393,208.52
144.93884358,-36.73310033,194.44
144.93884244,-36.73314285,204.33
144.93884122,-36.73318853,194.68
144.93884065,-36.73320961,194.72
144.93883899,-36.73327177,194.62
144.93883645,-36.73336700,195.10
144.93883629,-36.73337267,195.09
144.93883525,-36.73341186,195.27
144.93883485,-36.73342672,208.03
144.93883188,-36.73353771,196.00
144.93883055,-36.73358754,196.28
144.93882986,-36.73361330,196.31
144.93882912,-36.73364096,196.42
144.93882837,-36.73366906,196.51
144.93882814,-36.73367771,196.50
144.93882649,-36.73373925,196.69
144.93882531,-36.73378330,196.74
144.93882414,-36.73382708,216.78
144.93882384,-36.73383843,196.79
144.93882197,-36.73390834,196.83
144.93882179,-36.73391492,212.73
144.93882066,-36.73395744,196.85
144.93881957,-36.73399807,202.06
144.93881663,-36.73410808,214.91
144.93881616,-36.73412564,196.90
144.93881596,-36.73413303,196.81
144.93881499,-36.73416943,196.77
144.93881492,-36.73417204,213.50
144.93881274,-36.73425339,215.24
144.93881242,-36.73426555,196.81
144.93881182,-36.73428771,212.15
144.93881154,-36.73429817,207.00
144.93881142,-36.73430285,206.67
144.93881075,-36.73432771,196.60
144.93880943,-36.73437717,196.51
144.93880854,-36.73441032,196.52
144.93880762,-36.73444501,196.59
144.93880740,-36.73445303,196.58
144.93880704,-36.73446654,207.18
144.93880635,-36.73449222,208.35
144.93880568,-36.73451735,196.45
144.93880488,-36.73454726,196.38
144.93880365,-36.73459348,196.38
144.93880360,-36.73459519,196.39
144.93880259,-36.73463276,196.32
144.93880143,-36.73467618,209.49
144.93880142,-36.73467663,208.40
144.93880128,-36.73468195,207.81
144.93880095,-36.73469438,208.33
144.93880030,-36.73471852,211.37
144.93880001,-36.73472933,209.62
144.93879988,-36.73473420,210.03
144.93879880,-36.73477465,196.25
144.93879797,-36.73480582,196.21
144.93879497,-36.73491789,208.51
144.93879430,-36.73494294,196.08
144.93879189,-36.73503302,206.49
144.93879147,-36.73504861,213.67
144.93879132,-36.73505447,195.96
144.93879121,-36.73505861,213.44
144.93879059,-36.73508159,212.22
144.93878994,-36.73510609,195.90
144.93878991,-36.73510708,211.89
144.93878901,-36.73514077,196.05
144.93878715,-36.73521023,195.78
144.93878634,-36.73524059,210.06
144.93878601,-36.73525302,207.09
144.93878584,-36.73525924,210.42
144.93878499,-36.73529086,197.60
144.93878469,-36.73530221,195.54
144.93878427,-36.73531807,195.60
144.93878327,-36.73535537,196.98
144.93878172,-36.73541312,195.34
144.93877988,-36.73548203,195.67
144.93877977,-36.73548609,195.23
144.93877823,-36.73554374,195.23
144.93877613,-36.73562239,195.02
144.93877606,-36.73562501,195.03
144.93877418,-36.73569537,194.87
144.93877405,-36.73570023,194.89
144.93877369,-36.73571366,206.66
144.93877338,-36.73572528,194.82
144.93877328,-36.73572888,194.83
144.93877314,-36.73573402,194.83
144.93877306,-36.73573690,194.79
144.93877274,-36.73574897,194.80
144.93877261,-36.73575402,194.78
144.93877203,-36.73577572,194.75
144.93877138,-36.73579996,194.68
144.93877069,-36.73582555,194.65
144.93876844,-36.73590969,194.58
144.93876786,-36.73593140,194.51
144.93876780,-36.73593356,210.94
144.93876760,-36.73594113,210.42
144.93876733,-36.73595122,194.45
144.93876719,-36.73595663,203.29
144.93876672,-36.73597420,209.28
144.93876649,-36.73598284,194.43
144.93876633,-36.73598852,202.41
144.93876621,-36.73599312,212.93
144.93876606,-36.73599888,201.79
144.93876598,-36.73600167,210.50
144.93876583,-36.73600753,202.15
144.93876561,-36.73601546,211.45
144.93876557,-36.73601699,196.71
144.93876357,-36.73609176,194.22
144.93876334,-36.73610050,210.78
144.93876320,-36.73610555,210.45
144.93876301,-36.73611266,210.85
144.93876238,-36.73613654,210.85
144.93876231,-36.73613897,194.11
144.93876197,-36.73615185,194.09
144.93876144,-36.73617149,193.97
144.93876074,-36.73619753,193.96
144.93875979,-36.73623338,207.60
144.93875952,-36.73624320,193.87
144.93875837,-36.73628636,193.83
144.93875753,-36.73631789,193.84
144.93875729,-36.73632653,193.87
144.93875618,-36.73636816,209.85
144.93875611,-36.73637077,193.78
144.93875538,-36.73639816,193.67
144.93875507,-36.73640951,193.61
144.93875474,-36.73642185,193.60
144.93875465,-36.73642554,193.60
144.93875374,-36.73645933,193.53
144.93875314,-36.73648167,193.45
144.93875300,-36.73648708,193.44
144.93875116,-36.73655600,200.68
144.93875109,-36.73655852,200.49
144.93875104,-36.73656041,205.84
144.93875057,-36.73657780,193.25
144.93875023,-36.73659068,204.44
144.93874899,-36.73663698,192.99
144.93874849,-36.73665581,208.52
144.93874793,-36.73667680,208.35
144.93874784,-36.73667996,208.34
144.93874775,-36.73668329,199.56
144.93874745,-36.73669446,211.66
144.93874663,-36.73672518,208.93
144.93874639,-36.73673401,200.71
144.93874564,-36.73676221,192.73
144.93874506,-36.73678401,192.63
144.93874417,-36.73681708,192.55
144.93874397,-36.73682464,208.38
144.93874379,-36.73683149,203.52
144.93874355,-36.73684031,201.48
144.93874339,-36.73684644,209.42
144.93874312,-36.73685662,200.29
144.93874308,-36.73685798,207.17
144.93874284,-36.73686707,192.44
144.93874250,-36.73687978,192.41
144.93874166,-36.73691086,194.32
144.93874163,-36.73691203,205.76
144.93874116,-36.73692978,208.77
144.93874036,-36.73695960,200.02
144.93873988,-36.73697761,191.91
144.93873929,-36.73699951,191.76
144.93873915,-36.73700500,191.75
144.93873863,-36.73702428,199.40
144.93873863,-36.73702437,203.01
144.93873852,-36.73702833,207.95
144.93873852,-36.73702852,208.79
144.93873848,-36.73702987,191.65
144.93873753,-36.73706536,191.42
144.93873726,-36.73707563,191.32
144.93873704,-36.73708365,191.25
144.93873646,-36.73710537,191.09
144.93873541,-36.73714455,190.84
144.93873518,-36.73715329,203.52
144.93873452,-36.73717797,205.01
144.93873442,-36.73718176,190.61
144.93873390,-36.73720113,198.17
144.93873359,-36.73721257,190.29
144.93873260,-36.73724978,199.87
144.93873167,-36.73728446,199.90
144.93873108,-36.73730671,204.49
144.93873092,-36.73731275,207.37
144.93873078,-36.73731761,209.08
144.93873072,-36.73731986,208.90
144.93872968,-36.73735896,208.44
144.93872945,-36.73736752,190.62
144.93872905,-36.73738239,204.07
144.93872821,-36.73741401,190.65
144.93872797,-36.73742302,190.62
144.93872770,-36.73743284,190.63
144.93872757,-36.73743788,198.38
144.93872657,-36.73747527,192.33
144.93872613,-36.73749167,190.51
144.93872585,-36.73750194,190.43
144.93872437,-36.73755761,189.88
144.93872362,-36.73758554,190.08
144.93872286,-36.73761392,204.50
144.93872217,-36.73763968,203.89
144.93872084,-36.73768932,190.74
144.93872024,-36.73771203,190.79
144.93871969,-36.73773230,190.84
144.93871910,-36.73775428,205.73
144.93871883,-36.73776455,190.98
144.93871874,-36.73776789,207.02
144.93871868,-36.73777031,206.83
144.93871788,-36.73779995,191.11
144.93871780,-36.73780302,191.11
144.93871710,-36.73782914,208.80
144.93871663,-36.73784698,191.35
144.93871570,-36.73788167,208.66
144.93871563,-36.73788410,208.46
144.93871542,-36.73789203,200.61
144.93871494,-36.73791004,191.36
144.93871371,-36.73795581,191.26
144.93871207,-36.73801725,191.26
144.93871097,-36.73805833,191.20
144.93871045,-36.73807788,191.12
144.93871000,-36.73809473,191.23
144.93870962,-36.73810869,191.17
144.93870937,-36.73811833,199.96
144.93870930,-36.73812067,204.04
144.93870922,-36.73812374,199.47
144.93870888,-36.73813644,208.22
144.93870885,-36.73813752,199.48
144.93870822,-36.73816139,191.11
144.93870799,-36.73816995,207.96
144.93870792,-36.73817257,207.77
144.93870735,-36.73819356,191.17
144.93870732,-36.73819491,202.80
144.93870714,-36.73820176,201.82
144.93870711,-36.73820284,191.18
144.93870634,-36.73823139,191.18
144.93870560,-36.73825905,191.23
144.93870483,-36.73828788,191.17
144.93870388,-36.73832338,205.55
144.93870272,-36.73836680,191.38
144.93870212,-36.73838941,206.67
144.93870102,-36.73843031,191.45
144.93869978,-36.73847689,202.20
144.93869973,-36.73847842,203.15
144.93869943,-36.73848986,191.57
144.93869810,-36.73853959,210.89
144.93869651,-36.73859905,205.67
144.93869558,-36.73863383,210.54
144.93869549,-36.73863698,191.90
144.93869440,-36.73867788,191.98
144.93869294,-36.73873229,192.22
144.93869275,-36.73873959,202.58
144.93869268,-36.73874211,202.53
144.93869205,-36.73876554,192.29
144.93869128,-36.73879446,192.49
144.93869101,-36.73880454,192.51
144.93868943,-36.73886355,192.68
144.93868933,-36.73886743,204.83
144.93868926,-36.73886995,203.40
144.93868874,-36.73888941,192.76
144.93868867,-36.73889211,192.75
144.93868771,-36.73892788,192.88
144.93868623,-36.73898337,200.87
144.93868602,-36.73899094,193.12
144.93868552,-36.73900995,209.30
144.93868529,-36.73901860,193.20
144.93868423,-36.73905788,211.99
144.93868415,-36.73906085,209.45
144.93868214,-36.73913599,193.66
144.93868208,-36.73913860,193.67
144.93868064,-36.73919229,193.84
144.93867827,-36.73928085,194.25
144.93867788,-36.73929545,206.57
144.93867760,-36.73930572,203.33
144.93867750,-36.73930977,207.85
144.93867739,-36.73931364,210.90
144.93867588,-36.73937013,194.58
144.93867565,-36.73937869,194.57
144.93867411,-36.73943653,209.65
144.93867375,-36.73944968,209.34
144.93867291,-36.73948112,194.88
144.93867223,-36.73950680,195.01
144.93867092,-36.73955544,200.64
144.93866931,-36.73961589,195.42
144.93866923,-36.73961860,195.40
144.93866556,-36.73975589,195.91
144.93866539,-36.73976247,213.78
144.93866532,-36.73976499,213.79
144.93866428,-36.73980391,196.09
144.93866329,-36.73984094,196.20
144.93866153,-36.73990670,207.15
144.93866130,-36.73991535,214.98
144.93866114,-36.73992130,206.78
144.93866099,-36.73992670,196.56
144.93865959,-36.73997914,196.74
144.93865942,-36.73998562,211.96
144.93865920,-36.73999382,196.83
144.93865856,-36.74001778,215.38
144.93865853,-36.74001859,216.19
144.93865729,-36.74006517,197.00
144.93865646,-36.74009598,197.10
144.93865639,-36.74009868,197.11
144.93865600,-36.74011346,199.69
144.93865552,-36.74013112,212.69
144.93865534,-36.74013796,210.82
144.93865388,-36.74019256,197.39
144.93865345,-36.74020877,197.38
144.93865337,-36.74021166,197.39
144.93865279,-36.74023328,197.47
144.93865272,-36.74023598,197.49
144.93865196,-36.74026436,209.64
144.93865030,-36.74032634,212.05
144.93864900,-36.74037508,197.83
144.93864894,-36.74037715,200.76
144.93864818,-36.74040553,209.74
144.93864801,-36.74041202,198.06
144.93864792,-36.74041553,215.30
144.93864686,-36.74045490,198.02
144.93864568,-36.74049913,211.42
144.93864557,-36.74050337,215.47
144.93864338,-36.74058499,198.27
144.93864117,-36.74066751,198.45
144.93864067,-36.74068643,215.95
144.93864053,-36.74069175,215.81
144.93864026,-36.74070156,198.54
144.93864019,-36.74070427,198.55
144.93863966,-36.74072400,215.00
144.93863958,-36.74072706,201.34
144.93863929,-36.74073787,198.65
144.93863699,-36.74082382,198.87
144.93863692,-36.74082661,216.07
144.93863278,-36.74098147,198.86
144.93863270,-36.74098427,198.87
144.93863264,-36.74098652,215.15
144.93863158,-36.74102598,210.54
144.93863129,-36.74103697,214.05
144.93863123,-36.74103913,198.89
144.93863028,-36.74107481,205.38
144.93862938,-36.74110841,207.91
144.93862927,-36.74111237,208.23
144.93862894,-36.74112499,212.26
144.93862891,-36.74112589,199.05
144.93862888,-36.74112715,211.52
144.93862885,-36.74112832,214.62
144.93862849,-36.74114156,199.08
144.93862766,-36.74117273,199.05
144.93862683,-36.74120373,199.16
144.93862675,-36.74120679,199.09
144.93862667,-36.74120958,199.08
144.93862667,-36.74120976,199.08
144.93862446,-36.74129210,199.13
144.93862432,-36.74129760,199.16
144.93862318,-36.74134003,206.04
144.93862253,-36.74136436,199.11
144.93862051,-36.74143985,199.12
144.93861946,-36.74147922,202.14
144.93861936,-36.74148291,217.04
144.93861903,-36.74149526,199.09
144.93861893,-36.74149904,210.41
144.93861890,-36.74150021,212.51
144.93861770,-36.74154481,214.05
144.93861734,-36.74155832,212.54
144.93861681,-36.74157823,215.35
144.93861668,-36.74158300,215.01
144.93861662,-36.74158535,199.01
144.93861662,-36.74158544,214.87
144.93861649,-36.74159021,214.57
144.93861605,-36.74160670,199.01
144.93861433,-36.74167102,199.02
144.93861383,-36.74168976,199.02
144.93861338,-36.74170643,199.01
144.93861251,-36.74173904,199.13
144.93861137,-36.74178174,199.09
144.93861118,-36.74178877,199.07
144.93861027,-36.74182264,199.23
144.93860952,-36.74185066,199.18
144.93860934,-36.74185760,199.20
144.93860870,-36.74188147,199.23
144.93860770,-36.74191886,199.29
144.93860708,-36.74194174,199.33
144.93860615,-36.74197670,199.44
144.93860579,-36.74199012,209.49
144.93860560,-36.74199706,199.51
144.93860529,-36.74200877,199.55
144.93860376,-36.74206598,215.00
144.93860309,-36.74209120,211.17
144.93860303,-36.74209318,199.83
144.93860274,-36.74210426,215.43
144.93860207,-36.74212904,199.83
144.93860177,-36.74214030,221.01
144.93860035,-36.74219336,200.03
144.93860007,-36.74220381,209.24
144.93859982,-36.74221318,200.10
144.93859812,-36.74227697,200.32
144.93859692,-36.74232174,219.73
144.93859619,-36.74234886,216.88
144.93859613,-36.74235120,200.57
144.93859602,-36.74235534,200.62
144.93859597,-36.74235724,219.60
144.93859415,-36.74242507,215.55
144.93859275,-36.74247768,200.99
144.93859265,-36.74248120,214.00
144.93859264,-36.74248156,215.98
144.93859257,-36.74248417,215.79
144.93859043,-36.74256417,201.20
144.93858888,-36.74262210,216.14
144.93858852,-36.74263570,201.32
144.93858775,-36.74266435,201.46
144.93858448,-36.74278660,201.73
144.93858416,-36.74279876,201.77
144.93858402,-36.74280372,201.72
144.93858354,-36.74282183,214.16
144.93858329,-36.74283120,214.74
144.93858198,-36.74288021,201.82
144.93858169,-36.74289083,201.85
144.93858146,-36.74289940,214.62
144.93858085,-36.74292245,209.32
144.93857913,-36.74298651,201.74
144.93857911,-36.74298732,201.80
144.93857812,-36.74302417,213.50
144.93857780,-36.74303624,212.72
144.93857764,-36.74304210,209.35
144.93857740,-36.74305110,201.80
144.93857682,-36.74307309,204.73
144.93857540,-36.74312597,201.72
144.93857206,-36.74325066,201.44
144.93857109,-36.74328723,206.80
144.93856939,-36.74335056,201.21
144.93856896,-36.74336660,209.56
144.93856874,-36.74337489,201.09
144.93856720,-36.74343245,200.87
144.93856701,-36.74343957,200.76
144.93856662,-36.74345425,200.70
144.93856621,-36.74346930,200.65
144.93856558,-36.74349290,203.76
144.93856486,-36.74351975,200.44
144.93856459,-36.74352993,200.56
144.93856388,-36.74355660,200.37
144.93855846,-36.74375894,199.41
144.93855793,-36.74377876,199.46
144.93855717,-36.74380723,199.26
144.93855570,-36.74386236,199.09
144.93855512,-36.74388390,211.76
144.93855453,-36.74390597,198.81
144.93855411,-36.74392182,209.18
144.93855391,-36.74392912,198.78
144.93855332,-36.74395137,209.93
144.93855331,-36.74395146,198.68
144.93855296,-36.74396471,204.99
144.93855277,-36.74397173,198.65
144.93855152,-36.74401867,208.12
144.93855145,-36.74402101,198.48
144.93855134,-36.74402507,203.00
144.93855072,-36.74404849,198.26
144.93855007,-36.74407263,198.20
144.93855006,-36.74407290,201.84
144.93854974,-36.74408489,198.04
144.93854892,-36.74411579,197.94
144.93854853,-36.74413029,197.78
144.93854776,-36.74415912,208.72
144.93854685,-36.74419290,213.49
144.93854653,-36.74420497,217.42
144.93854582,-36.74423146,197.35
144.93854528,-36.74425155,197.26
144.93854294,-36.74433930,196.83
144.93854097,-36.74441263,204.22
144.93854071,-36.74442263,196.41
144.93854047,-36.74443146,196.35
144.93853865,-36.74449957,195.91
144.93853802,-36.74452308,195.81
144.93853703,-36.74456011,195.64
144.93853538,-36.74462182,195.35
144.93853499,-36.74463623,198.35
144.93853457,-36.74465209,195.19
144.93853422,-36.74466488,204.37
144.93853335,-36.74469767,195.06
144.93853264,-36.74472407,206.48
144.93853243,-36.74473209,194.85
144.93853053,-36.74480308,194.59
144.93853012,-36.74481831,194.55
144.93852975,-36.74483227,206.74
144.93852969,-36.74483434,194.54
144.93852967,-36.74483506,194.48
144.93852777,-36.74490614,193.94
144.93852730,-36.74492380,200.57
144.93852716,-36.74492885,204.28
144.93852713,-36.74493002,203.88
144.93852652,-36.74495281,193.87
144.93852545,-36.74499290,193.75
144.93852326,-36.74507461,204.08
144.93852274,-36.74509407,193.22
144.93852201,-36.74512119,193.10
144.93852201,-36.74512137,204.87
144.93852169,-36.74513317,202.96
144.93852154,-36.74513902,202.06
144.93852134,-36.74514650,193.48
144.93852095,-36.74516110,193.63
144.93852041,-36.74518101,204.12
144.93852032,-36.74518461,193.82
144.93851937,-36.74522010,193.92
144.93851923,-36.74522533,203.92
144.93851873,-36.74524407,193.92
144.93851830,-36.74526010,200.47
144.93851824,-36.74526236,200.18
144.93851821,-36.74526335,207.17
144.93851795,-36.74527299,198.26
144.93851712,-36.74530425,207.13
144.93851658,-36.74532416,194.15
144.93851617,-36.74533956,206.09
144.93851490,-36.74538713,194.05
144.93851354,-36.74543785,194.22
144.93851297,-36.74545929,211.31
144.93851243,-36.74547947,194.41
144.93851168,-36.74550722,211.98
144.93851161,-36.74551019,194.57
144.93851080,-36.74554046,194.71
144.93851066,-36.74554569,201.92
144.93850945,-36.74559082,195.05
144.93850944,-36.74559109,212.74
144.93850837,-36.74563100,195.28
144.93850798,-36.74564560,212.78
144.93850748,-36.74566425,195.47
144.93850711,-36.74567803,195.58
144.93850640,-36.74570461,195.68
144.93850564,-36.74573326,195.84
144.93850511,-36.74575281,201.98
144.93850438,-36.74578028,196.12
144.93850410,-36.74579055,200.33
144.93850365,-36.74580749,211.74
144.93850345,-36.74581497,210.95
144.93850342,-36.74581596,196.35
144.93850287,-36.74583668,196.41
144.93850224,-36.74586019,210.15
144.93850179,-36.74587695,210.01
144.93850170,-36.74588028,196.59
144.93850136,-36.74589298,196.70
144.93850057,-36.74592262,196.82
144.93850053,-36.74592398,196.86
144.93849965,-36.74595713,206.76
144.93849889,-36.74598541,208.66
144.93849702,-36.74605524,197.63
144.93849646,-36.74607623,202.22
144.93849527,-36.74612073,197.96
144.93849302,-36.74620488,198.47
144.93849291,-36.74620884,198.40
144.93849220,-36.74623524,205.59
144.93849195,-36.74624478,198.73
144.93849140,-36.74626523,198.74
144.93849048,-36.74629965,198.89
144.93849001,-36.74631713,208.52
144.93848920,-36.74634731,199.14
144.93848835,-36.74637929,218.25
144.93848832,-36.74638028,199.30
144.93848824,-36.74638325,217.41
144.93848818,-36.74638551,217.59
144.93848782,-36.74639920,212.73
144.93848772,-36.74640271,218.63
144.93848770,-36.74640343,199.46
144.93848752,-36.74641028,218.10
144.93848695,-36.74643145,199.55
144.93848609,-36.74646370,215.60
144.93848593,-36.74646974,216.49
144.93848584,-36.74647298,215.53
144.93848571,-36.74647794,199.86
144.93848523,-36.74649595,215.33
144.93848513,-36.74649947,199.99
144.93848493,-36.74650722,199.99
144.93848467,-36.74651659,216.78
144.93848432,-36.74652974,200.12
144.93848394,-36.74654388,200.16
144.93848374,-36.74655145,200.24
144.93848222,-36.74660839,213.34
144.93848203,-36.74661532,200.66
144.93848138,-36.74663956,208.80
144.93847991,-36.74669478,201.03
144.93847945,-36.74671172,200.92
144.93847717,-36.74679694,204.54
144.93847697,-36.74680451,201.59
144.93847631,-36.74682902,201.72
144.93847618,-36.74683406,201.79
144.93847551,-36.74685893,201.96
144.93847439,-36.74690082,202.11
144.93847209,-36.74698685,202.63
144.93847050,-36.74704640,202.92
144.93847024,-36.74705595,202.98
144.93846970,-36.74707622,203.14
144.93846902,-36.74710154,203.22
144.93846895,-36.74710406,203.26
144.93846879,-36.74711019,214.63
144.93846819,-36.74713262,203.34
144.93846756,-36.74715604,203.46
144.93846636,-36.74720100,203.59
144.93846617,-36.74720820,213.59
144.93846602,-36.74721379,203.77
144.93846530,-36.74724046,205.54
144.93846376,-36.74729829,204.16
144.93846258,-36.74734217,204.32
144.93846051,-36.74741955,216.82
144.93845996,-36.74744010,216.94
144.93845968,-36.74745055,216.05
144.93845957,-36.74745469,220.98
144.93845947,-36.74745847,204.87
144.93845922,-36.74746784,204.98
144.93845812,-36.74750901,205.12
144.93845796,-36.74751487,213.33
144.93845713,-36.74754586,222.93
144.93845670,-36.74756189,224.44
144.93845626,-36.74757820,205.39
144.93845573,-36.74759811,214.13
144.93845440,-36.74764802,205.64
144.93845413,-36.74765793,207.74
144.93845406,-36.74766072,205.75
144.93845392,-36.74766586,214.64
144.93845368,-36.74767478,207.97
144.93845363,-36.74767676,211.87
144.93845261,-36.74771469,206.08
144.93845194,-36.74773982,215.24
144.93845141,-36.74775973,206.30
144.93844987,-36.74781721,206.36
144.93844950,-36.74783081,206.41
144.93844902,-36.74784901,215.08
144.93844879,-36.74785757,206.49
144.93844857,-36.74786559,214.25
144.93844774,-36.74789667,206.92
144.93844755,-36.74790379,216.17
144.93844749,-36.74790613,215.42
144.93844728,-36.74791378,206.85
144.93844696,-36.74792577,211.04
144.93844687,-36.74792919,215.24
144.93844677,-36.74793315,210.66
144.93844653,-36.74794198,207.00
144.93844519,-36.74799198,207.25
144.93844482,-36.74800595,223.93
144.93844477,-36.74800757,221.47
144.93844387,-36.74804153,207.60
144.93844350,-36.74805505,207.71
144.93844314,-36.74806847,207.89
144.93844249,-36.74809297,207.91
144.93844239,-36.74809667,219.28
144.93844208,-36.74810838,208.13
144.93844202,-36.74811045,218.26
144.93844154,-36.74812829,208.63
144.93844124,-36.74813946,208.50
144.93844005,-36.74818423,209.00
144.93843970,-36.74819703,220.22
144.93843859,-36.74823883,209.46
144.93843784,-36.74826685,219.56
144.93843758,-36.74827631,209.77
144.93843462,-36.74838712,210.67
144.93843440,-36.74839504,218.68
144.93843373,-36.74842036,220.79
144.93843266,-36.74846018,228.70
144.93843227,-36.74847486,215.61
144.93843202,-36.74848423,224.59
144.93843191,-36.74848838,227.15
144.93843188,-36.74848928,211.46
144.93843075,-36.74853144,211.72
144.93842978,-36.74856793,211.98
144.93842808,-36.74863153,223.05
144.93842752,-36.74865243,212.63
144.93842708,-36.74866865,221.08
144.93842610,-36.74870522,212.92
144.93842383,-36.74879009,216.38
144.93842215,-36.74885297,213.59
144.93841898,-36.74897135,213.77
144.93841823,-36.74899955,224.98
144.93841764,-36.74902135,227.65
144.93841719,-36.74903810,213.88
144.93841597,-36.74908387,213.80
144.93841493,-36.74912261,213.67
144.93841446,-36.74914045,213.61
144.93841363,-36.74917117,219.73
144.93841327,-36.74918477,221.71
144.93841300,-36.74919495,221.16
144.93841222,-36.74922396,213.19
144.93841211,-36.74922810,213.16
144.93841201,-36.74923171,226.19
144.93841076,-36.74927855,223.69
144.93841069,-36.74928117,223.55
144.93841007,-36.74930423,212.84
144.93840975,-36.74931621,221.82
144.93840952,-36.74932468,212.77
144.93840721,-36.74941125,212.31
144.93840629,-36.74944540,212.16
144.93840622,-36.74944819,212.15
144.93840508,-36.74949062,211.83
144.93840277,-36.74957711,228.63
144.93840268,-36.74958044,216.20
144.93840250,-36.74958711,212.27
144.93840213,-36.74960080,214.31
144.93840183,-36.74961206,219.61
144.93840108,-36.74964017,212.75
144.93840100,-36.74964323,225.98
144.93840096,-36.74964450,225.95
144.93840067,-36.74965540,225.50
144.93839878,-36.74972612,225.67
144.93839817,-36.74974873,230.93
144.93839790,-36.74975891,213.79
144.93839706,-36.74979044,214.08
144.93839690,-36.74979648,225.81
144.93839659,-36.74980783,225.34
144.93839639,-36.74981531,226.66
144.93839589,-36.74983405,214.57
144.93839583,-36.74983621,218.28
144.93839480,-36.74987468,219.72
144.93839353,-36.74992233,231.60
144.93839054,-36.75003405,230.14
144.93838973,-36.75006413,228.94
144.93838858,-36.75010711,227.34
144.93838841,-36.75011341,226.93
144.93838839,-36.75011431,227.22
144.93838660,-36.75018134,225.75
144.93838645,-36.75018693,218.08
144.93838503,-36.75023999,218.62
144.93838323,-36.75030702,219.21
144.93838322,-36.75030738,219.20
144.93838206,-36.75035098,229.96
144.93838139,-36.75037602,219.83
144.93838020,-36.75042044,220.27
144.93837591,-36.75058071,220.91
144.93837584,-36.75058323,220.86
144.93837430,-36.75064080,220.69
144.93837399,-36.75065224,223.44
144.93837324,-36.75068017,225.65
144.93837316,-36.75068350,220.36
144.93837293,-36.75069179,224.81
144.93837233,-36.75071422,230.63
144.93836980,-36.75080881,230.62
144.93836974,-36.75081098,230.47
144.93836889,-36.75084269,218.99
144.93836882,-36.75084539,218.94
144.93836876,-36.75084791,218.92
144.93836858,-36.75085440,227.51
144.93836856,-36.75085503,221.13
144.93836712,-36.75090908,228.71
144.93836653,-36.75093098,229.94
144.93836646,-36.75093350,229.89
144.93836638,-36.75093647,229.75
144.93836507,-36.75098575,229.62
144.93836466,-36.75100098,217.85
144.93836459,-36.75100359,217.85
144.93836350,-36.75104422,228.91
144.93836166,-36.75111296,217.43
144.93836090,-36.75114151,221.30
144.93836062,-36.75115170,217.34
144.93836023,-36.75116629,217.33
144.93836017,-36.75116881,221.00
144.93835915,-36.75120692,217.35
144.93835848,-36.75123169,229.17
144.93835674,-36.75129683,226.68
144.93835668,-36.75129899,226.46
144.93835655,-36.75130377,217.45
144.93835605,-36.75132241,217.38
144.93835515,-36.75135620,217.46
144.93835509,-36.75135845,228.10
144.93835258,-36.75145214,226.09
144.93835199,-36.75147421,217.83
144.93835149,-36.75149286,217.96
144.93835143,-36.75149521,226.99
144.93834994,-36.75155097,218.16
144.93834941,-36.75157079,229.30
144.93834896,-36.75158737,218.39
144.93834853,-36.75160349,222.99
144.93834843,-36.75160728,225.83
144.93834797,-36.75162458,218.62
144.93834648,-36.75168016,219.07
144.93834488,-36.75174007,231.43
144.93834463,-36.75174917,219.56
144.93834439,-36.75175809,219.64
144.93834417,-36.75176638,231.23
144.93834292,-36.75181313,230.11
144.93834255,-36.75182701,231.02
144.93834208,-36.75184448,229.59
144.93834158,-36.75186313,231.46
144.93834117,-36.75187854,220.73
144.93834095,-36.75188674,232.79
144.93834081,-36.75189205,234.42
144.93834015,-36.75191664,220.99
144.93833770,-36.75200827,221.53
144.93833762,-36.75201124,221.62
144.93833733,-36.75202187,221.65
144.93833559,-36.75208691,222.28
144.93833491,-36.75211241,222.46
144.93833435,-36.75213331,222.70
144.93833331,-36.75217196,239.04
144.93833229,-36.75221025,223.46
144.93833228,-36.75221079,223.41
144.93833217,-36.75221466,232.35
144.93833151,-36.75223935,239.22
144.93833127,-36.75224818,239.44
144.93833110,-36.75225466,224.08
144.93833096,-36.75225980,239.95
144.93833091,-36.75226169,224.16
144.93832880,-36.75234070,239.30
144.93832861,-36.75234772,238.61
144.93832799,-36.75237106,233.56
144.93832739,-36.75239340,225.45
144.93832571,-36.75245601,226.01
144.93832567,-36.75245772,226.07
144.93832474,-36.75249214,226.41
144.93832420,-36.75251259,226.68
144.93832418,-36.75251313,226.63
144.93832384,-36.75252592,241.82
144.93832377,-36.75252862,226.81
144.93832349,-36.75253908,226.93
144.93832347,-36.75253970,235.97
144.93832317,-36.75255106,236.23
144.93832260,-36.75257205,238.96
144.93832258,-36.75257313,239.19
144.93832233,-36.75258241,236.79
144.93832227,-36.75258448,236.93
144.93832186,-36.75259980,240.90
144.93832172,-36.75260529,240.28
144.93832157,-36.75261060,232.41
144.93832139,-36.75261736,239.09
144.93832127,-36.75262205,243.26
144.93832116,-36.75262601,227.98
144.93832114,-36.75262691,243.16
144.93831979,-36.75267709,236.65
144.93831964,-36.75268277,237.61
144.93831947,-36.75268934,240.81
144.93831896,-36.75270808,236.52
144.93831750,-36.75276267,229.55
144.93831710,-36.75277754,239.65
144.93831692,-36.75278457,229.89
144.93831646,-36.75280151,230.09
144.93831534,-36.75284358,230.73
144.93831476,-36.75286511,230.98
144.93831363,-36.75290718,231.73
144.93831334,-36.75291808,246.62
144.93831318,-36.75292412,247.44
144.93831292,-36.75293394,232.10
144.93831138,-36.75299132,246.17
144.93831107,-36.75300295,245.68
144.93831031,-36.75303150,233.70
144.93830960,-36.75305799,245.10
144.93830914,-36.75307520,247.28
144.93830884,-36.75308628,249.86
144.93830870,-36.75309132,234.88
144.93830867,-36.75309258,243.58
144.93830850,-36.75309889,248.90
144.93830832,-36.75310556,243.51
144.93830800,-36.75311763,249.70
144.93830699,-36.75315520,236.13
144.93830669,-36.75316664,236.35
144.93830648,-36.75317439,249.44
144.93830587,-36.75319736,253.77
144.93830492,-36.75323286,237.62
144.93830469,-36.75324114,237.77
144.93830426,-36.75325745,238.03
144.93830378,-36.75327547,238.40
144.93830354,-36.75328439,238.63
144.93830272,-36.75331474,239.32
144.93830197,-36.75334303,239.83
144.93830132,-36.75336709,240.39
144.93830095,-36.75338087,250.84
144.93830083,-36.75338565,249.91
144.93830076,-36.75338826,240.84
144.93830047,-36.75339889,241.08
144.93830006,-36.75341411,252.54
144.93829982,-36.75342330,241.69
144.93829976,-36.75342565,253.16
144.93829969,-36.75342826,241.83
144.93829952,-36.75343438,253.05
144.93829935,-36.75344069,242.06
144.93829923,-36.75344528,249.73
144.93829876,-36.75346276,242.53
144.93829875,-36.75346303,242.56
144.93829833,-36.75347889,258.05
144.93829786,-36.75349628,243.39
144.93829774,-36.75350105,257.46
144.93829713,-36.75352357,243.88
144.93829690,-36.75353213,255.35
144.93829567,-36.75357826,245.10
144.93829549,-36.75358483,257.96
144.93829519,-36.75359627,257.96
144.93829466,-36.75361591,260.21
144.93829464,-36.75361682,245.98
144.93829447,-36.75362303,259.24
144.93829444,-36.75362411,246.09
144.93829437,-36.75362673,246.16
144.93829408,-36.75363772,246.38
144.93829400,-36.75364078,246.43
144.93829350,-36.75365916,246.80
144.93829244,-36.75369880,257.63
144.93829240,-36.75370042,247.76
144.93829227,-36.75370537,247.95
144.93829214,-36.75371015,256.99
144.93829130,-36.75374150,257.41
144.93829050,-36.75377141,255.86
144.93828993,-36.75379285,258.94
144.93828951,-36.75380853,256.17
144.93828949,-36.75380898,249.68
144.93828891,-36.75383078,262.04
144.93828876,-36.75383654,250.16
144.93828868,-36.75383943,250.20
144.93828825,-36.75385528,261.21
144.93828803,-36.75386366,268.84
144.93828796,-36.75386609,250.65
144.93828772,-36.75387510,268.14
144.93828760,-36.75387961,250.92
144.93828760,-36.75387970,267.84
144.93828644,-36.75392321,251.70
144.93828638,-36.75392528,263.15
144.93828519,-36.75396988,252.40
144.93828361,-36.75402879,253.19
144.93828330,-36.75404024,253.41
144.93828218,-36.75408213,265.07
144.93828212,-36.75408456,253.88
144.93828037,-36.75414987,254.30
144.93828036,-36.75415024,254.30
144.93827805,-36.75423627,254.08
144.93827675,-36.75428510,253.13
144.93827618,-36.75430645,263.23
144.93827614,-36.75430762,252.92
144.93827597,-36.75431402,265.21
144.93827530,-36.75433924,261.26
144.93827478,-36.75435852,260.13
144.93827456,-36.75436699,258.65
144.93827447,-36.75437005,251.26
144.93827334,-36.75441231,266.97
144.93827329,-36.75441438,250.10
144.93827262,-36.75443942,261.77
144.93827206,-36.75446005,258.71
144.93827143,-36.75448384,248.32
144.93827061,-36.75451447,247.45
144.93827038,-36.75452312,254.88
144.93826951,-36.75455546,251.68
144.93826784,-36.75461771,244.46
144.93826775,-36.75462131,244.36
144.93826713,-36.75464420,257.48
144.93826698,-36.75465005,243.45
144.93826621,-36.75467879,256.70
144.93826601,-36.75468627,242.67
144.93826572,-36.75469690,253.37
144.93826518,-36.75471717,262.70
144.93826502,-36.75472311,261.65
144.93826184,-36.75484185,255.99
144.93825902,-36.75494744,247.92
144.93825829,-36.75497455,234.84
144.93825827,-36.75497528,241.38
144.93825794,-36.75498780,240.28
144.93825793,-36.75498816,234.50
144.93825768,-36.75499726,234.32
144.93825763,-36.75499915,246.76
144.93825635,-36.75504699,233.17
144.93825610,-36.75505627,232.91
144.93825550,-36.75507879,245.42
144.93825454,-36.75511482,231.68
144.93825413,-36.75512978,231.40
144.93825163,-36.75522329,230.13
144.93825137,-36.75523320,230.06
144.93825058,-36.75526257,250.67
144.93825014,-36.75527897,241.92
144.93824999,-36.75528455,249.89
144.93824914,-36.75531635,248.01
144.93824878,-36.75532987,243.38
144.93824877,-36.75533023,230.20
144.93824868,-36.75533356,242.63
144.93824846,-36.75534167,230.26
144.93824642,-36.75541797,230.69
144.93824570,-36.75544473,230.92
144.93824398,-36.75550924,231.72
144.93824317,-36.75553942,232.06
144.93824304,-36.75554401,241.04
144.93824232,-36.75557113,254.36
144.93824182,-36.75558969,254.74
144.93824058,-36.75563590,234.34
144.93824008,-36.75565473,251.76
144.93823923,-36.75568644,246.84
144.93823918,-36.75568842,245.53
144.93823792,-36.75573545,249.05
144.93823769,-36.75574419,234.90
144.93823694,-36.75577212,235.23
144.93823647,-36.75578977,249.84
144.93823605,-36.75580518,246.85
144.93823521,-36.75583653,247.27
144.93823481,-36.75585176,249.97
144.93823398,-36.75588266,236.82
144.93823367,-36.75589401,236.98
144.93823116,-36.75598797,238.33
144.93822970,-36.75604257,251.17
144.93822873,-36.75607887,239.33
144.93822804,-36.75610437,239.71
144.93822743,-36.75612707,249.92
144.93822725,-36.75613400,239.91
144.93822715,-36.75613779,253.26
144.93822607,-36.75617815,240.16
144.93822566,-36.75619346,251.99
144.93822552,-36.75619842,251.01
144.93822511,-36.75621374,251.89
144.93822404,-36.75625383,240.14
144.93822344,-36.75627626,240.00
144.93822144,-36.75635094,239.62
144.93822080,-36.75637499,239.35
144.93822052,-36.75638536,239.26
144.93821996,-36.75640644,239.00
144.93821942,-36.75642653,250.60
144.93821906,-36.75643995,238.77
144.93821894,-36.75644446,252.74
144.93821829,-36.75646878,257.34
144.93821818,-36.75647292,257.33
144.93821775,-36.75648887,254.37
144.93821617,-36.75654779,238.87
144.93821559,-36.75656932,238.80
144.93821528,-36.75658103,252.51
144.93821521,-36.75658373,256.56
144.93821437,-36.75661490,259.31
144.93821378,-36.75663698,252.50
144.93821187,-36.75670833,258.87
144.93821174,-36.75671337,258.58
144.93821086,-36.75674598,242.10
144.93821069,-36.75675247,257.02
144.93821025,-36.75676905,253.14
144.93820732,-36.75687833,243.72
144.93820622,-36.75691959,252.94
144.93820608,-36.75692463,252.50
144.93820605,-36.75692562,252.34
144.93820499,-36.75696535,244.64
144.93820460,-36.75698013,251.94
144.93820297,-36.75704067,259.57
144.93820297,-36.75704103,245.08
144.93820204,-36.75707562,245.21
144.93820179,-36.75708508,262.91
144.93820131,-36.75710274,257.22
144.93819888,-36.75719346,245.27
144.93819878,-36.75719715,248.32
144.93819788,-36.75723085,245.13
144.93819536,-36.75732490,244.37
144.93819405,-36.75737400,243.62
144.93819297,-36.75741427,242.96
144.93819212,-36.75744616,250.75
144.93819207,-36.75744805,242.50
144.93819199,-36.75745102,250.36
144.93819198,-36.75745120,253.63
144.93819150,-36.75746940,241.97
144.93819119,-36.75748075,259.02
144.93819012,-36.75752093,241.05
144.93818946,-36.75754553,240.62
144.93818923,-36.75755400,240.48
144.93818848,-36.75758211,255.43
144.93818820,-36.75759265,254.40
144.93818817,-36.75759373,240.02
144.93818699,-36.75763760,243.91
144.93818691,-36.75764048,239.58
144.93818688,-36.75764192,239.91
144.93818670,-36.75764841,239.59
144.93818647,-36.75765697,244.92
144.93818562,-36.75768895,238.94
144.93818555,-36.75769138,253.06
144.93818502,-36.75771120,253.31
144.93818385,-36.75775508,238.63
144.93818379,-36.75775706,238.61
144.93818337,-36.75777273,244.92
144.93818268,-36.75779868,238.45
144.93818253,-36.75780418,250.83
144.93818220,-36.75781652,255.34
144.93818212,-36.75781940,258.64
144.93818165,-36.75783724,258.34
144.93818154,-36.75784138,238.31
144.93818139,-36.75784670,257.38
144.93818114,-36.75785634,256.36
144.93818105,-36.75785967,256.01
144.93818016,-36.75789291,249.39
144.93818001,-36.75789823,256.17
144.93817940,-36.75792120,249.99
144.93817765,-36.75798652,237.83
144.93817698,-36.75801138,237.67
144.93817634,-36.75803526,238.70
144.93817604,-36.75804652,237.60
144.93817589,-36.75805228,238.29
144.93817548,-36.75806769,237.48
144.93817409,-36.75811940,237.32
144.93817310,-36.75815660,237.35
144.93817277,-36.75816877,237.44
144.93817267,-36.75817255,257.33
144.93817165,-36.75821066,257.80
144.93817090,-36.75823868,237.51
144.93816986,-36.75827732,251.36
144.93816731,-36.75837255,238.36
144.93816552,-36.75843949,238.83
144.93816355,-36.75851309,251.49
144.93816117,-36.75860183,240.21
144.93815884,-36.75868885,241.11
144.93815654,-36.75877480,255.30
144.93815620,-36.75878777,242.22
144.93815517,-36.75882597,256.90
144.93815514,-36.75882732,242.81
144.93815399,-36.75887002,243.09
144.93815352,-36.75888759,243.47
144.93815293,-36.75890957,256.21
144.93815229,-36.75893363,244.10
144.93815218,-36.75893768,251.71
144.93815183,-36.75895092,254.26
144.93815132,-36.75896984,261.31
144.93815098,-36.75898273,260.76
144.93815032,-36.75900723,244.40
144.93814965,-36.75903218,262.79
144.93814943,-36.75904047,259.79
144.93814876,-36.75906561,266.25
144.93814774,-36.75910372,254.05
144.93814666,-36.75914399,244.84
144.93814629,-36.75915777,257.08
144.93814537,-36.75919200,254.76
144.93814507,-36.75920317,245.06
144.93814455,-36.75922272,257.36
144.93814428,-36.75923263,245.03
144.93814386,-36.75924849,245.07
144.93814375,-36.75925263,259.50
144.93814370,-36.75925425,254.20
144.93814254,-36.75929768,245.04
144.93814232,-36.75930579,258.82
144.93813881,-36.75943705,244.39
144.93813811,-36.75946326,244.24
144.93813673,-36.75951479,243.85
144.93813495,-36.75958119,243.18
144.93813491,-36.75958272,243.16
144.93813440,-36.75960164,242.95
144.93813381,-36.75962371,242.66
144.93813354,-36.75963389,256.01
144.93813353,-36.75963434,251.92
144.93813207,-36.75968867,252.42
144.93813206,-36.75968921,254.20
144.93813205,-36.75968957,247.13
144.93813143,-36.75971254,241.64
144.93813014,-36.75976065,240.73
144.93812997,-36.75976722,252.53
144.93812966,-36.75977857,240.51
144.93812904,-36.75980182,253.53
144.93812895,-36.75980515,246.77
144.93812884,-36.75980948,252.87
144.93812877,-36.75981191,245.64
144.93812773,-36.75985083,239.20
144.93812674,-36.75988794,238.53
144.93812575,-36.75992488,238.00
144.93812501,-36.75995236,246.38
144.93812447,-36.75997254,236.81
144.93812411,-36.75998605,236.55
144.93812320,-36.76001983,235.89
144.93812296,-36.76002884,246.91
144.93812260,-36.76004227,235.45
144.93812233,-36.76005254,235.13
144.93812122,-36.76009389,234.17
144.93812079,-36.76010992,238.54
144.93812050,-36.76012074,243.86
144.93812005,-36.76013767,241.21
144.93811986,-36.76014461,233.03
144.93811887,-36.76018164,236.97
144.93811866,-36.76018938,232.02
144.93811843,-36.76019821,231.79
144.93811829,-36.76020335,241.76
144.93811761,-36.76022884,237.75
144.93811439,-36.76034911,238.68
144.93811294,-36.76040307,239.20
144.93811286,-36.76040605,227.10
144.93811253,-36.76041830,225.93
144.93811227,-36.76042830,228.72
144.93811160,-36.76045307,224.96
144.93811124,-36.76046650,229.33
144.93811093,-36.76047821,231.85
144.93811089,-36.76047983,226.64
144.93811015,-36.76050731,234.42
144.93810922,-36.76054199,231.17
144.93810921,-36.76054235,222.59
144.93810843,-36.76057163,230.64
144.93810836,-36.76057415,221.85
144.93810747,-36.76060722,227.75
144.93810739,-36.76061037,231.74
144.93810713,-36.76062010,220.71
144.93810590,-36.76066587,219.73
144.93810503,-36.76069839,218.95
144.93810500,-36.76069974,218.93
144.93810207,-36.76080893,216.63
144.93810191,-36.76081487,220.31
144.93810014,-36.76088127,227.71
144.93810006,-36.76088415,227.27
144.93809998,-36.76088713,226.74
144.93809990,-36.76089010,226.32
144.93809941,-36.76090839,214.92
144.93809883,-36.76093010,214.54
144.93809855,-36.76094055,225.86
144.93809811,-36.76095685,226.46
144.93809767,-36.76097334,219.69
144.93809676,-36.76100748,213.41
144.93809664,-36.76101172,221.12
144.93809617,-36.76102947,213.01
144.93809531,-36.76106136,212.56
144.93809472,-36.76108352,221.27
144.93809445,-36.76109361,219.83
144.93809349,-36.76112947,211.61
144.93809171,-36.76119604,210.71
144.93809040,-36.76124478,219.55
144.93808897,-36.76129820,209.61
144.93808697,-36.76137307,221.03
144.93808691,-36.76137505,220.59
144.93808616,-36.76140316,208.82
144.93808587,-36.76141388,218.10
144.93808501,-36.76144604,208.39
144.93808399,-36.76148433,222.26
144.93808375,-36.76149334,209.25
144.93808232,-36.76154640,207.37
144.93808232,-36.76154649,207.36
144.93808226,-36.76154892,222.47
144.93808209,-36.76155514,216.82
144.93808122,-36.76158757,223.22
144.93808110,-36.76159225,216.07
144.93808077,-36.76160433,220.65
144.93808059,-36.76161117,217.16
144.93808034,-36.76162054,217.80
144.93808021,-36.76162532,221.79
144.93807999,-36.76163370,222.92
144.93807947,-36.76165316,206.45
144.93807900,-36.76167054,221.27
144.93807845,-36.76169090,214.93
144.93807817,-36.76170162,222.49
144.93807802,-36.76170694,206.22
144.93807756,-36.76172424,222.16
144.93807744,-36.76172874,213.60
144.93807726,-36.76173541,205.92
144.93807704,-36.76174378,210.62
144.93807698,-36.76174595,210.40
144.93807641,-36.76176712,214.46
144.93807621,-36.76177487,213.06
144.93807612,-36.76177793,217.81
144.93807598,-36.76178324,215.86
144.93807591,-36.76178586,215.35
144.93807560,-36.76179730,205.66
144.93807550,-36.76180126,218.22
144.93807538,-36.76180559,217.82
144.93807500,-36.76181973,205.57
144.93807490,-36.76182369,212.89
144.93807461,-36.76183460,210.88
144.93807325,-36.76188541,216.95
144.93807290,-36.76189820,205.29
144.93807284,-36.76190063,218.65
144.93807224,-36.76192279,220.35
144.93807079,-36.76197712,205.23
144.93807056,-36.76198559,218.75
144.93807050,-36.76198784,218.53
144.93807016,-36.76200054,205.04
144.93806991,-36.76201009,204.96
144.93806684,-36.76212468,214.80
144.93806646,-36.76213883,216.88
144.93806644,-36.76213955,204.52
144.93806640,-36.76214117,216.70
144.93806584,-36.76216207,213.04
144.93806374,-36.76224027,219.45
144.93806329,-36.76225703,214.83
144.93806315,-36.76226243,217.39
144.93806282,-36.76227477,204.04
144.93806246,-36.76228829,203.94
144.93806154,-36.76232243,203.91
144.93806022,-36.76237171,203.76
144.93805944,-36.76240081,203.56
144.93805837,-36.76244081,216.51
144.93805822,-36.76244657,203.43
144.93805810,-36.76245090,213.05
144.93805482,-36.76257351,211.09
144.93805454,-36.76258387,202.80
144.93805373,-36.76261396,202.70
144.93805363,-36.76261783,202.69
144.93805278,-36.76264945,214.44
144.93805140,-36.76270125,211.94
144.93805093,-36.76271855,214.41
144.93805053,-36.76273369,202.08
144.93805010,-36.76274954,202.05
144.93805000,-36.76275333,214.52
144.93804970,-36.76276468,202.04
144.93804931,-36.76277909,201.94
144.93804923,-36.76278225,214.56
144.93804916,-36.76278459,214.59
144.93804900,-36.76279080,203.50
144.93804866,-36.76280342,201.91
144.93804631,-36.76289107,201.46
144.93804442,-36.76296179,201.19
144.93804412,-36.76297278,210.44
144.93804408,-36.76297441,210.39
144.93804333,-36.76300242,213.64
144.93804151,-36.76307035,200.75
144.93804141,-36.76307404,208.03
144.93804040,-36.76311197,201.54
144.93804024,-36.76311774,200.53
144.93803777,-36.76321017,200.12
144.93803700,-36.76323864,206.40
144.93803545,-36.76329666,199.78
144.93803467,-36.76332584,199.64
144.93803422,-36.76334251,209.72
144.93803396,-36.76335224,211.44
144.93803379,-36.76335855,199.51
144.93803282,-36.76339503,213.50
144.93803261,-36.76340287,199.32
144.93803166,-36.76343801,199.10
144.93803076,-36.76347179,198.93
144.93802973,-36.76351017,198.78
144.93802932,-36.76352566,206.76
144.93802886,-36.76354269,207.74
144.93802666,-36.76362494,197.99
144.93802640,-36.76363467,197.94
144.93802501,-36.76368629,197.56
144.93802445,-36.76370728,197.41
144.93802401,-36.76372377,207.78
144.93802368,-36.76373629,206.48
144.93802366,-36.76373674,207.52
144.93802345,-36.76374467,197.21
144.93802233,-36.76378647,208.55
144.93802232,-36.76378674,196.80
144.93801836,-36.76393476,195.55
144.93801713,-36.76398052,203.47
144.93801658,-36.76400125,206.72
144.93801627,-36.76401269,204.86
144.93801575,-36.76403214,206.60
144.93801551,-36.76404097,194.88
144.93801495,-36.76406215,194.86
144.93801274,-36.76414449,206.24
144.93801260,-36.76414989,194.23
144.93801177,-36.76418088,194.29
144.93801102,-36.76420863,202.65
144.93800846,-36.76430448,193.70
144.93800788,-36.76432602,201.39
144.93800514,-36.76442836,203.08
144.93800398,-36.76447169,192.73
144.93800240,-36.76453070,202.04
144.93800150,-36.76456412,203.29
144.93800065,-36.76459592,192.15
144.93799935,-36.76464448,191.79
144.93799736,-36.76471890,200.98
144.93799701,-36.76473196,204.16
144.93799618,-36.76476286,201.24
144.93799502,-36.76480601,192.67
144.93799427,-36.76483430,190.55
144.93799149,-36.76493790,190.16
144.93799137,-36.76494241,200.83
144.93799132,-36.76494421,201.01
144.93799105,-36.76495430,200.02
144.93799101,-36.76495574,199.24
144.93799018,-36.76498682,204.97
144.93798932,-36.76501889,206.04
144.93798907,-36.76502844,204.90
144.93798775,-36.76507763,205.09
144.93798756,-36.76508457,201.87
144.93798750,-36.76508682,198.03
144.93798728,-36.76509520,191.12
144.93798721,-36.76509772,191.04
144.93798625,-36.76513349,191.20
144.93798623,-36.76513430,207.40
144.93798475,-36.76518943,191.60
144.93798472,-36.76519078,205.90
144.93798465,-36.76519331,206.31
144.93798454,-36.76519745,191.67
144.93798354,-36.76523493,208.39
144.93798317,-36.76524871,200.76
144.93798291,-36.76525844,191.95
144.93798256,-36.76527151,191.98
144.93798221,-36.76528430,192.04
144.93798115,-36.76532412,192.15
144.93798048,-36.76534916,192.31
144.93797746,-36.76546168,192.63
144.93797601,-36.76551583,204.74
144.93797476,-36.76556267,192.92
144.93797405,-36.76558916,205.79
144.93797321,-36.76562060,197.81
144.93797293,-36.76563087,203.00
144.93797288,-36.76563258,207.20
144.93797262,-36.76564231,193.17
144.93797084,-36.76570889,209.99
144.93797082,-36.76570970,193.28
144.93796998,-36.76574096,205.70
144.93796933,-36.76576519,193.30
144.93796884,-36.76578357,193.36
144.93796787,-36.76581997,193.38
144.93796725,-36.76584285,193.47
144.93796610,-36.76588591,208.03
144.93796517,-36.76592042,208.48
144.93796335,-36.76598862,193.87
144.93796252,-36.76601943,193.90
144.93796210,-36.76603519,206.04
144.93796147,-36.76605862,205.82
144.93796108,-36.76607312,205.06
144.93796070,-36.76608753,194.02
144.93796000,-36.76611375,194.12
144.93795955,-36.76613033,194.15
144.93795937,-36.76613708,205.96
144.93795902,-36.76615015,209.14
144.93795886,-36.76615600,209.09
144.93795880,-36.76615834,194.29
144.93795863,-36.76616465,208.43
144.93795859,-36.76616627,208.40
144.93795792,-36.76619132,194.42
144.93795725,-36.76621627,208.48
144.93795719,-36.76621843,205.75
144.93795718,-36.76621870,208.33
144.93795639,-36.76624843,202.83
144.93795553,-36.76628059,205.28
144.93795478,-36.76630834,203.81
144.93795420,-36.76633023,194.87
144.93795355,-36.76635438,194.95
144.93795234,-36.76639942,209.36
144.93795209,-36.76640888,210.69
144.93795155,-36.76642897,195.15
144.93794911,-36.76652032,205.03
144.93794881,-36.76653140,207.53
144.93794843,-36.76654537,195.61
144.93794740,-36.76658402,195.77
144.93794727,-36.76658870,208.45
144.93794605,-36.76663456,214.73
144.93794603,-36.76663528,195.96
144.93794571,-36.76664690,212.82
144.93794449,-36.76669257,196.05
144.93794436,-36.76669753,202.93
144.93794433,-36.76669843,202.95
144.93794429,-36.76670014,202.80
144.93794287,-36.76675320,210.80
144.93794272,-36.76675888,196.18
144.93794168,-36.76679753,196.29
144.93794103,-36.76682194,214.27
144.93794084,-36.76682897,196.39
144.93794083,-36.76682915,196.37
144.93794049,-36.76684194,213.32
144.93793738,-36.76695807,196.37
144.93793282,-36.76712843,196.13
144.93793127,-36.76718617,196.30
144.93793029,-36.76722284,207.92
144.93793027,-36.76722356,196.47
144.93792982,-36.76724023,196.53
144.93792907,-36.76726842,196.66
144.93792827,-36.76729815,209.52
144.93792826,-36.76729860,196.63
144.93792772,-36.76731878,214.47
144.93792730,-36.76733446,196.73
144.93792702,-36.76734473,196.78
144.93792632,-36.76737077,211.74
144.93792632,-36.76737086,196.89
144.93792556,-36.76739914,206.42
144.93792525,-36.76741095,197.21
144.93792513,-36.76741527,208.92
144.93792319,-36.76748788,197.28
144.93792259,-36.76751004,211.67
144.93792155,-36.76754887,197.47
144.93792079,-36.76757752,209.48
144.93792074,-36.76757923,211.98
144.93791885,-36.76764968,214.09
144.93791611,-36.76775220,198.29
144.93791597,-36.76775743,198.27
144.93791541,-36.76777833,198.33
144.93791508,-36.76779058,198.35
144.93791470,-36.76780482,198.42
144.93791397,-36.76783202,198.55
144.93791279,-36.76787608,213.11
144.93791227,-36.76789527,213.10
144.93791221,-36.76789770,198.86
144.93791209,-36.76790229,207.07
144.93791021,-36.76797220,210.59
144.93790924,-36.76800851,212.74
144.93790841,-36.76803959,199.58
144.93790762,-36.76806896,199.72
144.93790743,-36.76807616,212.80
144.93790730,-36.76808085,209.87
144.93790713,-36.76808725,215.47
144.93790699,-36.76809247,199.80
144.93790676,-36.76810112,199.87
144.93790639,-36.76811508,199.92
144.93790604,-36.76812788,216.49
144.93790470,-36.76817797,200.25
144.93790450,-36.76818562,215.10
144.93790411,-36.76819995,200.30
144.93790374,-36.76821382,210.22
144.93790364,-36.76821770,201.17
144.93790292,-36.76824436,216.86
144.93790250,-36.76826022,216.62
144.93790201,-36.76827851,211.33
144.93790187,-36.76828364,220.13
144.93790154,-36.76829598,221.29
144.93790146,-36.76829878,200.77
144.93790119,-36.76830887,222.17
144.93790084,-36.76832193,200.90
144.93790034,-36.76834067,200.98
144.93789994,-36.76835553,207.81
144.93789869,-36.76840238,209.08
144.93789787,-36.76843310,201.50
144.93789655,-36.76848229,201.54
144.93789615,-36.76849724,201.59
144.93789607,-36.76850031,201.58
144.93789556,-36.76851913,201.63
144.93789531,-36.76852832,214.44
144.93789525,-36.76853076,214.34
144.93789524,-36.76853130,201.76
144.93789502,-36.76853940,213.00
144.93789263,-36.76862841,202.07
144.93789248,-36.76863409,202.15
144.93789102,-36.76868850,202.33
144.93788960,-36.76874165,202.30
144.93788943,-36.76874805,202.30
144.93788848,-36.76878346,202.47
144.93788782,-36.76880823,202.49
144.93788623,-36.76886751,218.76
144.93788502,-36.76891264,203.89
144.93788498,-36.76891418,203.92
144.93788479,-36.76892102,218.23
144.93788412,-36.76894616,204.00
144.93788340,-36.76897291,224.20
144.93788295,-36.76898985,221.00
144.93788280,-36.76899544,204.32
144.93788200,-36.76902526,217.48
144.93788118,-36.76905580,224.37
144.93787851,-36.76915543,205.36
144.93787518,-36.76928003,206.53
144.93787496,-36.76928823,206.57
144.93787389,-36.76932796,206.98
144.93787308,-36.76935832,207.34
144.93787132,-36.76942399,208.22
144.93787120,-36.76942841,208.26
144.93787043,-36.76945705,208.72
144.93786950,-36.76949210,209.23
144.93786915,-36.76950498,223.37
144.93786909,-36.76950732,223.18
144.93786666,-36.76959795,210.65
144.93786657,-36.76960120,223.25
144.93786535,-36.76964687,211.12
144.93786527,-36.76964966,226.42
144.93786517,-36.76965354,226.06
144.93786459,-36.76967507,211.35
144.93786365,-36.76971020,211.66
144.93786363,-36.76971101,211.64
144.93786271,-36.76974552,220.52
144.93786250,-36.76975318,220.85
144.93786140,-36.76979426,217.69
144.93786136,-36.76979561,212.11
144.93786127,-36.76979921,217.53
144.93786000,-36.76984660,230.42
144.93785933,-36.76987155,226.98
144.93785705,-36.76995651,212.13
144.93785578,-36.77000417,217.67
144.93785550,-36.77001462,212.10
144.93785515,-36.77002750,212.04
144.93785499,-36.77003344,225.47
144.93785464,-36.77004669,227.73
144.93785352,-36.77008831,221.19
144.93785310,-36.77010398,211.90
144.93785297,-36.77010876,219.56
144.93785157,-36.77016110,220.93
144.93785143,-36.77016642,211.67
144.93785135,-36.77016930,211.65
144.93785076,-36.77019128,212.23
144.93784931,-36.77024560,211.49
144.93784908,-36.77025416,211.37
144.93784819,-36.77028723,225.75
144.93784812,-36.77029002,225.65
144.93784803,-36.77029317,225.45
144.93784801,-36.77029407,217.02
144.93784607,-36.77036650,222.67
144.93784560,-36.77038398,210.75
144.93784498,-36.77040731,210.64
144.93784489,-36.77041047,222.61
144.93784486,-36.77041173,224.06
144.93784478,-36.77041461,212.40
144.93784476,-36.77041524,227.15
144.93784475,-36.77041560,211.56
144.93784472,-36.77041686,222.05
144.93784455,-36.77042326,223.86
144.93784406,-36.77044146,210.33
144.93784273,-36.77049101,218.55
144.93784143,-36.77053984,220.32
144.93784111,-36.77055146,209.52
144.93784108,-36.77055272,218.58
144.93784069,-36.77056740,217.62
144.93784026,-36.77058344,218.69
144.93783949,-36.77061200,208.98
144.93783919,-36.77062335,214.00
144.93783876,-36.77063938,209.59
144.93783845,-36.77065092,221.43
144.93783844,-36.77065128,208.62
144.93783792,-36.77067074,208.45
144.93783765,-36.77068092,218.25
144.93783748,-36.77068713,217.51
144.93783733,-36.77069281,208.33
144.93783676,-36.77071389,212.02
144.93783662,-36.77071911,208.14
144.93783658,-36.77072064,212.42
144.93783610,-36.77073866,207.88
144.93783505,-36.77077794,221.63
144.93783308,-36.77085127,206.89
144.93783191,-36.77089515,220.27
144.93783087,-36.77093398,206.17
144.93783040,-36.77095118,205.94
144.93783033,-36.77095407,205.92
144.93783025,-36.77095677,205.88
144.93782974,-36.77097605,205.70
144.93782835,-36.77102803,205.31
144.93782775,-36.77105037,212.90
144.93782772,-36.77105118,216.48
144.93782715,-36.77107280,216.37
144.93782683,-36.77108452,204.79
144.93782578,-36.77112379,204.41
144.93782373,-36.77120019,210.23
144.93782350,-36.77120884,203.73
144.93782312,-36.77122289,215.70
144.93782299,-36.77122803,213.96
144.93782240,-36.77124992,209.91
144.93781572,-36.77149938,201.03
144.93781495,-36.77152811,214.25
144.93781422,-36.77155541,221.76
144.93781388,-36.77156775,200.49
144.93781090,-36.77167919,213.63
144.93781089,-36.77167946,199.59
144.93781028,-36.77170226,210.55
144.93780932,-36.77173820,210.22
144.93780905,-36.77174820,210.28
144.93780889,-36.77175433,210.11
144.93780888,-36.77175469,209.92
144.93780869,-36.77176172,199.09
144.93780756,-36.77180370,215.99
144.93780727,-36.77181469,198.79
144.93780675,-36.77183415,208.52
144.93780568,-36.77187406,198.43
144.93780187,-36.77201604,198.01
144.93780018,-36.77207910,197.75
144.93779731,-36.77218640,197.41
144.93779519,-36.77226559,207.68
144.93779419,-36.77230261,197.16
144.93779388,-36.77231450,204.15
144.93779203,-36.77238324,197.25
144.93778836,-36.77252045,197.50
144.93778711,-36.77256720,197.68
144.93778535,-36.77263261,198.02
144.93778527,-36.77263567,198.04
144.93778501,-36.77264531,211.01
144.93778483,-36.77265207,212.40
144.93778471,-36.77265648,212.17
144.93778420,-36.77267558,214.13
144.93778397,-36.77268432,212.00
144.93778376,-36.77269198,211.99
144.93778144,-36.77277864,198.47
144.93778007,-36.77282981,198.60
144.93777883,-36.77287603,198.65
144.93777796,-36.77290864,198.64
144.93777707,-36.77294161,198.59
144.93777575,-36.77299107,198.62
144.93777365,-36.77306927,198.61
144.93777315,-36.77308810,198.60
144.93777279,-36.77310134,210.16
144.93777099,-36.77316846,198.45
144.93777005,-36.77320359,206.48
144.93776883,-36.77324927,198.31
144.93776724,-36.77330855,198.13
144.93776535,-36.77337927,203.13
144.93776473,-36.77340242,197.90
144.93776295,-36.77346855,197.70
144.93776108,-36.77353864,197.43
144.93775932,-36.77360404,197.22
144.93775845,-36.77363665,197.17
144.93775741,-36.77367530,209.47
144.93775727,-36.77368062,208.14
144.93775618,-36.77372143,203.95
144.93775543,-36.77374926,196.74
144.93775403,-36.77380161,206.03
144.93775251,-36.77385845,196.34
144.93775226,-36.77386764,212.15
144.93775006,-36.77394971,196.18
144.93774325,-36.77420376,195.25
144.93774283,-36.77421935,206.69
144.93774208,-36.77424755,195.03
144.93774046,-36.77430809,194.65
144.93773925,-36.77435304,194.33
144.93773797,-36.77440106,208.56
144.93773787,-36.77440466,193.92
144.93773677,-36.77444547,193.67
144.93773551,-36.77449259,193.55
144.93773381,-36.77455619,206.89
144.93773348,-36.77456845,195.21
144.93773295,-36.77458826,206.09
144.93773284,-36.77459223,192.89
144.93773279,-36.77459430,192.85
144.93773264,-36.77459989,206.51
144.93773161,-36.77463826,209.15
144.93773027,-36.77468817,198.64
144.93773018,-36.77469142,192.21
144.93773018,-36.77469151,192.22
144.93772952,-36.77471628,201.19
144.93772897,-36.77473655,191.90
144.93772814,-36.77476772,205.03
144.93772800,-36.77477277,205.33
144.93772753,-36.77479042,191.52
144.93772580,-36.77485493,191.15
144.93772545,-36.77486790,196.12
144.93772505,-36.77488304,190.95
144.93772398,-36.77492304,190.69
144.93772379,-36.77493006,198.90
144.93772337,-36.77494574,190.54
144.93772332,-36.77494763,205.25
144.93772281,-36.77496673,196.73
144.93772266,-36.77497222,190.40
144.93772143,-36.77501817,198.91
144.93772126,-36.77502457,190.20
144.93772025,-36.77506231,190.03
144.93772022,-36.77506340,190.02
144.93771895,-36.77511078,189.76
144.93771943,-36.77511376,189.73
144.93772311,-36.77511437,189.76
144.93777742,-36.77511549,199.38
144.93780463,-36.77511605,189.59
144.93783822,-36.77511664,189.28
144.93792109,-36.77511807,189.04
144.93794439,-36.77511848,188.93
144.93799288,-36.77511932,188.61
144.93799736,-36.77511940,188.61
144.93800341,-36.77511950,188.56
144.93807250,-36.77512070,188.39
144.93810431,-36.77512125,188.34
144.93818942,-36.77512273,198.93
144.93823556,-36.77512353,204.16
144.93824810,-36.77512374,188.16
144.93825112,-36.77512380,202.55
144.93827442,-36.77512420,193.67
144.93833209,-36.77512520,188.02
144.93835650,-36.77512562,197.43
144.93841160,-36.77512658,202.54
144.93845382,-36.77512731,188.13
144.93856211,-36.77512919,192.33
144.93858216,-36.77512953,195.56
144.93864980,-36.77513071,197.99
144.93866301,-36.77513094,189.08
144.93868452,-36.77513131,189.17
144.93880849,-36.77513346,189.46
144.93885127,-36.77513420,189.65
144.93895564,-36.77513601,203.15
144.93896001,-36.77513608,203.09
144.93896628,-36.77513619,202.07
144.93896762,-36.77513622,207.65
144.93898991,-36.77513660,206.16
144.93903761,-36.77513743,190.15
144.93907625,-36.77513810,190.44
144.93909081,-36.77513835,202.85
144.93911085,-36.77513870,205.29
144.93912732,-36.77513898,190.49
144.93917682,-36.77513984,190.74
144.93918264,-36.77513994,204.64
144.93923740,-36.77514089,190.87
144.93931859,-36.77514230,191.31
144.93934525,-36.77514276,191.39
144.93935868,-36.77514299,205.80
144.93938142,-36.77514339,191.63
144.93939217,-36.77514357,206.54
144.93939844,-36.77514368,206.15
144.93941165,-36.77514391,202.84
144.93942352,-36.77514412,202.00
144.93943528,-36.77514432,208.00
144.93951905,-36.77514577,192.16
144.93959274,-36.77514705,192.60
144.93963037,-36.77514770,208.18
144.93968087,-36.77514858,201.56
144.93972466,-36.77514933,193.37
144.93984841,-36.77515148,194.00
144.93988559,-36.77515212,194.13
144.93988962,-36.77515219,194.14
144.93995849,-36.77515339,194.61
144.93997663,-36.77515370,211.87
144.93999668,-36.77515405,211.56
144.94000956,-36.77515427,198.33
144.94002199,-36.77515449,194.96
144.94003935,-36.77515479,196.00
144.94008257,-36.77515553,195.25
144.94009254,-36.77515571,195.29
144.94011550,-36.77515611,206.13
144.94011639,-36.77515612,205.42
144.94014350,-36.77515659,210.02
144.94014764,-36.77515666,210.08
144.94018168,-36.77515725,210.31
144.94019445,-36.77515747,196.03
144.94022558,-36.77515801,196.21
144.94026478,-36.77515869,196.44
144.94029434,-36.77515920,196.64
144.94039065,-36.77516087,197.24
144.94041238,-36.77516125,197.41
144.94046188,-36.77516210,197.75
144.94080434,-36.77516804,200.20
144.94081274,-36.77516818,200.20
144.94087971,-36.77516934,200.59
144.94093335,-36.77517027,201.01
144.94094690,-36.77517050,209.35
144.94097501,-36.77517099,201.32
144.94098710,-36.77517120,210.09
144.94101947,-36.77517176,208.56
144.94102372,-36.77517183,205.01
144.94102798,-36.77517191,201.54
144.94106180,-36.77517249,215.26
144.94106393,-36.77517253,213.47
144.94107311,-36.77517269,216.44
144.94107759,-36.77517277,212.75
144.94108543,-36.77517290,210.45
144.94109103,-36.77517300,210.62
144.94109114,-36.77517300,212.37
144.94110391,-36.77517322,201.85
144.94110637,-36.77517327,211.89
144.94110984,-36.77517333,201.94
144.94111846,-36.77517347,201.94
144.94113011,-36.77517368,201.99
144.94113313,-36.77517373,201.96
144.94117457,-36.77517445,202.16
144.94117479,-36.77517445,202.21
144.94117905,-36.77517452,202.19
144.94120996,-36.77517506,216.20
144.94121041,-36.77517507,216.57
144.94122810,-36.77517537,202.49
144.94124176,-36.77517561,213.24
144.94126606,-36.77517603,215.41
144.94127144,-36.77517612,211.19
144.94128219,-36.77517631,202.66
144.94130112,-36.77517664,202.68
144.94133572,-36.77517724,202.88
144.94139888,-36.77517833,215.48
144.94140437,-36.77517842,215.52
144.94142050,-36.77517870,203.14
144.94158792,-36.77518160,214.49
144.94160337,-36.77518187,203.56
144.94161491,-36.77518207,203.59
144.94163630,-36.77518244,203.61
144.94170607,-36.77518365,203.72
144.94172768,-36.77518402,203.71
144.94173989,-36.77518423,203.74
144.94174493,-36.77518432,203.71
144.94175209,-36.77518444,215.62
144.94179655,-36.77518521,203.82
144.94179980,-36.77518527,203.80
144.94194326,-36.77518775,204.08
144.94197081,-36.77518823,204.12
144.94198268,-36.77518843,219.93
144.94199634,-36.77518867,204.21
144.94200653,-36.77518885,204.22
144.94202277,-36.77518913,204.23
144.94206633,-36.77518988,212.62
144.94209668,-36.77519041,204.31
144.94210284,-36.77519051,204.32
144.94217966,-36.77519184,204.44
144.94236355,-36.77519503,204.56
144.94236825,-36.77519511,204.56
144.94237945,-36.77519530,204.60
144.94240140,-36.77519568,204.57
144.94246434,-36.77519677,221.78
144.94250499,-36.77519747,220.23
144.94252403,-36.77519780,204.63
144.94253097,-36.77519792,204.64
144.94255684,-36.77519837,213.44
144.94256770,-36.77519856,214.16
144.94257252,-36.77519864,204.70
144.94260690,-36.77519924,204.71
144.94267577,-36.77520043,204.81
144.94272012,-36.77520119,204.95
144.94276021,-36.77520189,205.05
144.94277376,-36.77520212,210.14
144.94278138,-36.77520225,205.11
144.94279392,-36.77520247,205.14
144.94283804,-36.77520323,213.38
144.94290759,-36.77520444,213.69
144.94305273,-36.77520695,206.43
144.94305821,-36.77520704,216.06
144.94311801,-36.77520808,206.53
144.94319977,-36.77520949,206.79
144.94330425,-36.77521130,206.86
144.94340247,-36.77521300,206.70
144.94343841,-36.77521362,206.56
144.94352554,-36.77521513,206.00
144.94369890,-36.77521812,211.92
144.94378099,-36.77521954,202.42
144.94379140,-36.77521972,211.83
144.94380058,-36.77521988,211.97
144.94383452,-36.77522047,201.40
144.94385031,-36.77522074,201.09
144.94386475,-36.77522099,211.79
144.94393094,-36.77522214,199.74
144.94403621,-36.77522396,209.94
144.94404617,-36.77522413,197.74
144.94406768,-36.77522450,197.41
144.94413319,-36.77522563,212.76
144.94413823,-36.77522572,196.45
144.94418739,-36.77522657,213.24
144.94424798,-36.77522762,195.79
144.94425145,-36.77522768,215.09
144.94425212,-36.77522769,195.80
144.94426310,-36.77522788,195.70
144.94428012,-36.77522817,195.66
144.94437284,-36.77522978,195.05
144.94441585,-36.77523052,194.81
144.94441898,-36.77523057,195.61
144.94463199,-36.77523425,207.39
144.94468596,-36.77523519,192.22
144.94471721,-36.77523573,207.10
144.94472751,-36.77523591,192.09
144.94478149,-36.77523684,191.91
144.94480456,-36.77523724,191.95
144.94483110,-36.77523770,192.08
144.94496762,-36.77524006,205.11
144.94506449,-36.77524173,195.08
144.94509696,-36.77524229,196.60
144.94515844,-36.77524335,196.10
144.94526775,-36.77524524,196.57
144.94528387,-36.77524552,203.89
144.94530862,-36.77524595,196.56
144.94531736,-36.77524610,196.54
144.94535599,-36.77524677,196.44
144.94537234,-36.77524705,196.35
144.94542744,-36.77524800,195.96
144.94553237,-36.77524981,202.21
144.94553607,-36.77524988,203.02
144.94575915,-36.77525373,202.39
144.94576923,-36.77525391,191.68
144.94577214,-36.77525396,191.63
144.94582702,-36.77525490,190.87
144.94584841,-36.77525527,196.73
144.94585165,-36.77525533,196.53
144.94587394,-36.77525571,190.23
144.94589074,-36.77525600,189.98
144.94593699,-36.77525680,195.63
144.94598346,-36.77525761,188.84
144.94598436,-36.77525762,195.11
144.94601706,-36.77525819,192.76
144.94602389,-36.77525830,192.77
144.94603352,-36.77525847,188.17
144.94604752,-36.77525871,187.98
144.94606365,-36.77525899,187.84
144.94611438,-36.77525987,192.30
144.94613465,-36.77526022,191.35
144.94613666,-36.77526025,191.51
144.94616623,-36.77526076,186.69
144.94620453,-36.77526142,187.86
144.94622469,-36.77526177,186.11
144.94628819,-36.77526287,185.49
144.94629345,-36.77526296,192.25
144.94630241,-36.77526311,185.33
144.94636355,-36.77526417,184.71
144.94637184,-36.77526431,195.86
144.94637744,-36.77526441,193.41
144.94647140,-36.77526603,183.77
144.94654094,-36.77526723,183.26
144.94667667,-36.77526958,197.09
144.94673379,-36.77527056,183.42
144.94673816,-36.77527064,183.50
144.94679303,-36.77527159,193.66
144.94692876,-36.77527393,196.89
144.94693111,-36.77527397,198.88
144.94695519,-36.77527439,197.72
144.94699495,-36.77527507,185.80
144.94701622,-36.77527544,185.92
144.94702563,-36.77527560,191.42
144.94704321,-36.77527591,186.15
144.94704747,-36.77527598,186.14
144.94704836,-36.77527600,186.18
144.94706304,-36.77527625,186.24
144.94723247,-36.77527917,186.79
144.94728690,-36.77528011,186.77
144.94738769,-36.77528185,193.02
144.94740639,-36.77528218,195.42
144.94744223,-36.77528279,185.99
144.94757034,-36.77528501,192.49
144.94768939,-36.77528706,183.57
144.94770943,-36.77528741,191.84
144.94779891,-36.77528895,184.28
144.94784405,-36.77528973,184.77
144.94796118,-36.77529175,195.34
144.94796287,-36.77529178,186.17
144.94798089,-36.77529209,195.34
144.94804820,-36.77529325,187.17
144.94805134,-36.77529331,197.78
144.94805615,-36.77529339,197.80
144.94809232,-36.77529401,187.71
144.94811416,-36.77529439,188.03
144.94813107,-36.77529468,188.16
144.94815761,-36.77529514,195.61
144.94818315,-36.77529558,188.84
144.94820252,-36.77529591,198.80
144.94820812,-36.77529601,198.46
144.94821014,-36.77529605,189.10
144.94822861,-36.77529637,198.12
144.94831731,-36.77529790,190.22
144.94833657,-36.77529823,190.46
144.94840522,-36.77529941,205.24
144.94841776,-36.77529963,200.37
144.94843154,-36.77529987,206.22
144.94856928,-36.77530224,201.98
144.94857040,-36.77530226,192.94
144.94858183,-36.77530246,191.75
144.94858563,-36.77530252,201.38
144.94858989,-36.77530260,191.78
144.94860165,-36.77530280,191.76
144.94861285,-36.77530299,192.40
144.94861498,-36.77530303,191.77
144.94865664,-36.77530375,192.01
144.94869359,-36.77530439,200.58
144.94871890,-36.77530482,204.37
144.94876437,-36.77530561,203.12
144.94877131,-36.77530573,207.89
144.94879293,-36.77530610,191.95
144.94881958,-36.77530656,203.22
144.94889652,-36.77530789,200.12
144.94890200,-36.77530798,190.47
144.94891208,-36.77530816,206.64
144.94893067,-36.77530848,190.21
144.94894422,-36.77530871,194.99
144.94894825,-36.77530878,195.53
144.94900739,-36.77530980,189.53
144.94903303,-36.77531024,189.28
144.94905845,-36.77531068,189.55
144.94905901,-36.77531069,189.22
144.94907827,-36.77531102,202.02
144.94912072,-36.77531175,188.35
144.94917324,-36.77531266,199.44
144.94937751,-36.77531618,185.17
144.94942253,-36.77531696,196.67
144.94943205,-36.77531712,184.36
144.94957965,-36.77531967,194.61
144.94958200,-36.77531971,193.39
144.94971605,-36.77532202,180.46
144.94977865,-36.77532310,178.56
144.94985357,-36.77532439,178.47
144.94992066,-36.77532555,178.71
144.94993286,-36.77532576,177.77
144.94999412,-36.77532681,177.37
144.95005235,-36.77532782,176.99
144.95005650,-36.77532789,176.96
144.95006714,-36.77532807,176.90
144.95013926,-36.77532932,192.89
144.95015796,-36.77532964,176.46
144.95019604,-36.77533029,176.59
144.95020880,-36.77533051,176.53
144.95021754,-36.77533067,176.75
144.95023826,-36.77533102,187.66
144.95025931,-36.77533139,176.84
144.95026446,-36.77533147,177.09
144.95028339,-36.77533180,188.10
144.95028484,-36.77533183,188.32
144.95029156,-36.77533194,190.70
144.95032449,-36.77533251,176.90
144.95034140,-36.77533280,198.36
144.95036626,-36.77533323,176.81
144.95037432,-36.77533337,187.48
144.95037835,-36.77533344,187.99
144.95041755,-36.77533411,194.49
144.95048956,-36.77533535,176.83
144.95053447,-36.77533613,188.85
144.95054667,-36.77533634,188.85
144.95060715,-36.77533738,190.07
144.95066426,-36.77533836,193.25
144.95066897,-36.77533845,182.80
144.95069730,-36.77533893,180.40
144.95070279,-36.77533903,190.98
144.95070861,-36.77533913,194.82
144.95071007,-36.77533915,180.61
144.95071029,-36.77533916,176.96
144.95072294,-36.77533938,195.58
144.95073314,-36.77533955,194.80
144.95073526,-36.77533959,194.82
144.95079540,-36.77534062,191.14
144.95079562,-36.77534063,191.23
144.95080537,-36.77534080,189.74
144.95085330,-36.77534162,177.01
144.95088634,-36.77534219,177.13
144.95088768,-36.77534221,177.15
144.95089440,-36.77534233,177.13
144.95092800,-36.77534291,184.90
144.95095107,-36.77534331,177.30
144.95095857,-36.77534344,178.85
144.95098993,-36.77534398,183.08
144.95099597,-36.77534408,178.46
144.95105622,-36.77534512,181.34
144.95108265,-36.77534557,177.26
144.95108836,-36.77534567,183.93
144.95109172,-36.77534573,183.89
144.95123731,-36.77534824,188.74
144.95126587,-36.77534873,177.20
144.95134471,-36.77535009,176.87
144.95134628,-36.77535012,176.91
144.95136005,-36.77535035,192.38
144.95138670,-36.77535081,190.04
144.95144315,-36.77535178,176.84
144.95147226,-36.77535229,176.90
144.95148246,-36.77535246,176.95
144.95150978,-36.77535293,176.98
144.95155312,-36.77535368,176.98
144.95163386,-36.77535507,177.00
144.95167530,-36.77535578,176.80
144.95168168,-36.77535589,176.72
144.95200746,-36.77536150,183.01
144.95210623,-36.77536321,178.12
144.95211508,-36.77536336,178.15
144.95219034,-36.77536465,178.84
144.95234533,-36.77536732,180.98
144.95254400,-36.77537074,179.57
144.95292320,-36.77537727,179.05
144.95299800,-36.77537856,181.36
144.95301178,-36.77537880,179.17
144.95303675,-36.77537923,185.08
144.95303888,-36.77537926,185.66
144.95304851,-36.77537943,183.98
144.95314919,-36.77538116,179.29
144.95320743,-36.77538216,179.42
144.95351596,-36.77538747,189.64
144.95377924,-36.77539201,191.45
144.95378294,-36.77539207,196.19
144.95378395,-36.77539209,180.51
144.95387163,-36.77539360,180.58
144.95391217,-36.77539429,180.64
144.95394835,-36.77539492,180.66
144.95398205,-36.77539550,180.83
144.95416404,-36.77539863,181.16
144.95421723,-36.77539954,181.35
144.95425733,-36.77540023,181.25
144.95428499,-36.77540071,198.31
144.95430929,-36.77540113,195.85
144.95451546,-36.77540467,194.77
144.95452397,-36.77540482,181.71
144.95454357,-36.77540516,196.36
144.95473462,-36.77540844,199.71
144.95474426,-36.77540861,182.19
144.95476307,-36.77540893,189.12
144.95481750,-36.77540987,182.29
144.95489802,-36.77541125,182.45
144.95491840,-36.77541160,182.51
144.95494304,-36.77541203,182.48
144.95500877,-36.77541316,200.98
144.95509456,-36.77541463,198.44
144.95540096,-36.77541990,183.31
144.95550422,-36.77542168,199.82
144.95559952,-36.77542331,183.74
144.95565943,-36.77542434,183.81
144.95582731,-36.77542723,193.74
144.95586785,-36.77542793,191.76
144.95600537,-36.77543029,203.09
144.95606562,-36.77543133,200.21
144.95613203,-36.77543247,184.78
144.95613942,-36.77543259,200.65
144.95633854,-36.77543602,185.18
144.95642152,-36.77543744,194.72
144.95642813,-36.77543756,200.65
144.95652444,-36.77543921,185.66
144.95654527,-36.77543957,195.79
144.95658648,-36.77544028,194.24
144.95661224,-36.77544072,195.58
144.95663464,-36.77544110,185.75
144.95664125,-36.77544122,185.74
144.95665401,-36.77544144,185.84
144.95669063,-36.77544207,185.84
144.95672121,-36.77544259,199.95
144.95689748,-36.77544562,206.64
144.95690252,-36.77544571,206.88
144.95701865,-36.77544770,204.44
144.95702895,-36.77544788,186.71
144.95746381,-36.77545535,187.95
144.95769899,-36.77545939,188.60
144.95770201,-36.77545944,188.63
144.95773975,-36.77546009,203.07
144.95775129,-36.77546029,188.80
144.95775465,-36.77546034,188.82
144.95778287,-36.77546083,188.92
144.95788400,-36.77546257,189.24
144.95793775,-36.77546349,196.52
144.95795533,-36.77546379,189.43
144.95803843,-36.77546522,189.74
144.95811257,-36.77546649,190.06
144.95813967,-36.77546696,198.46
144.95815355,-36.77546719,190.21
144.95815983,-36.77546730,199.33
144.95822691,-36.77546845,190.52
144.95824348,-36.77546874,190.61
144.95824438,-36.77546875,190.67
144.95825211,-36.77546889,190.67
144.95837339,-36.77547097,191.19
144.95837529,-36.77547100,191.20
144.95848952,-36.77547296,191.62
144.95851080,-36.77547333,191.67
144.95851685,-36.77547343,191.69
144.95854720,-36.77547395,192.01
144.95866636,-36.77547600,192.33
144.95868405,-36.77547630,192.43
144.95869850,-36.77547655,204.52
144.95871608,-36.77547685,192.70
144.95887454,-36.77547957,193.17
144.95887869,-36.77547964,193.16
144.95892976,-36.77548052,210.38
144.95907702,-36.77548305,207.61
144.95907792,-36.77548306,193.88
144.95913302,-36.77548401,194.11
144.95918106,-36.77548483,194.26
144.95925117,-36.77548604,194.48
144.95928824,-36.77548667,194.61
144.95933348,-36.77548745,194.79
144.95937996,-36.77548825,194.97
144.95940571,-36.77548869,195.21
144.95942330,-36.77548899,209.95
144.95942811,-36.77548907,196.04
144.95945140,-36.77548947,195.16
144.95951199,-36.77549051,195.32
144.95956631,-36.77549144,195.43
144.95959128,-36.77549187,201.29
144.95961738,-36.77549232,206.75
144.95987271,-36.77549670,195.19
144.95988257,-36.77549687,195.16
144.96001303,-36.77549911,194.90
144.96011920,-36.77550093,210.09
144.96015504,-36.77550154,194.48
144.96028987,-36.77550386,194.34
144.96029167,-36.77550389,194.32
144.96037611,-36.77550534,194.55
144.96044744,-36.77550656,193.98
144.96047600,-36.77550705,193.91
144.96054017,-36.77550815,193.81
144.96054476,-36.77550823,193.77
144.96064544,-36.77550996,208.84
144.96066112,-36.77551022,209.84
144.96067523,-36.77551047,195.63
144.96070614,-36.77551100,193.51
144.96072316,-36.77551129,210.32
144.96077188,-36.77551212,203.50
144.96077401,-36.77551216,205.15
144.96083538,-36.77551321,193.15
144.96098667,-36.77551581,201.71
144.96105533,-36.77551698,192.82
144.96106137,-36.77551709,206.37
144.96107313,-36.77551729,206.28
144.96128322,-36.77552089,192.68
144.96129331,-36.77552106,209.28
144.96147574,-36.77552419,192.95
144.96153296,-36.77552517,205.68
144.96157395,-36.77552588,193.25
144.96172312,-36.77552843,194.08
144.96175583,-36.77552899,201.69
144.96175818,-36.77552903,194.28
144.96188349,-36.77553118,194.92
144.96190388,-36.77553153,195.04
144.96194027,-36.77553215,205.05
144.96201195,-36.77553338,207.23
144.96201743,-36.77553348,209.75
144.96203423,-36.77553376,195.76
144.96205484,-36.77553412,206.63
144.96218004,-36.77553626,196.49
144.96228666,-36.77553809,197.15
144.96229170,-36.77553818,205.26
144.96233313,-36.77553889,197.44
144.96247043,-36.77554124,198.28
144.96253673,-36.77554238,212.61
144.96255096,-36.77554262,208.56
144.96269788,-36.77554514,200.08
144.96274548,-36.77554595,211.83
144.96276205,-36.77554624,212.04
144.96294908,-36.77554944,202.02
144.96297439,-36.77554987,213.27
144.96299197,-36.77555017,202.32
144.96312972,-36.77555253,218.40
144.96313174,-36.77555257,217.22
144.96315413,-36.77555295,203.69
144.96333925,-36.77555612,218.14
144.96334810,-36.77555627,212.94
144.96342929,-36.77555766,213.91
144.96345472,-36.77555810,204.49
144.96347140,-36.77555839,204.43
144.96347174,-36.77555839,204.45
144.96348966,-36.77555870,204.38
144.96350130,-36.77555890,204.37
144.96360915,-36.77556074,204.02
144.96363267,-36.77556115,213.30
144.96367556,-36.77556188,219.50
144.96367668,-36.77556190,218.85
144.96370031,-36.77556231,203.83
144.96370277,-36.77556235,217.20
144.96375630,-36.77556326,203.24
144.96390671,-36.77556584,202.48
144.96405733,-36.77556842,214.83
144.96410583,-36.77556925,216.20
144.96411680,-36.77556944,215.92
144.96419072,-36.77557070,202.63
144.96424290,-36.77557160,201.04
144.96429005,-36.77557240,200.84
144.96434470,-36.77557334,200.79
144.96438502,-36.77557403,200.63
144.96443486,-36.77557488,214.78
144.96444684,-36.77557509,200.69
144.96448828,-36.77557580,200.62
144.96459870,-36.77557769,216.04
144.96461382,-36.77557794,200.80
144.96488282,-36.77558255,216.03
144.96488573,-36.77558260,215.77
144.96489166,-36.77558270,215.84
144.96491574,-36.77558311,213.33
144.96495337,-36.77558376,201.39
144.96507342,-36.77558581,201.60
144.96517982,-36.77558763,213.72
144.96521565,-36.77558824,211.48
144.96542675,-36.77559186,203.09
144.96552430,-36.77559353,215.72
144.96564491,-36.77559559,203.72
144.96569161,-36.77559639,217.29
144.96569295,-36.77559641,203.94
144.96575746,-36.77559751,204.14
144.96581323,-36.77559847,214.10
144.96582186,-36.77559862,214.07
144.96590910,-36.77560011,215.72
144.96593575,-36.77560056,214.97
144.96597506,-36.77560124,204.74
144.96602288,-36.77560205,205.88
144.96603867,-36.77560232,204.96
144.96604516,-36.77560244,213.18
144.96605021,-36.77560252,205.07
144.96610497,-36.77560346,205.08
144.96611135,-36.77560357,205.10
144.96612255,-36.77560376,205.13
144.96620195,-36.77560512,221.56
144.96623409,-36.77560567,212.21
144.96626735,-36.77560624,205.60
144.96628942,-36.77560661,205.68
144.96645640,-36.77560947,206.08
144.96657208,-36.77561145,212.69
144.96665059,-36.77561279,211.71
144.96671610,-36.77561391,206.57
144.96678957,-36.77561517,218.90
144.96680446,-36.77561542,206.67
144.96683559,-36.77561595,206.73
144.96683907,-36.77561601,206.74
144.96695038,-36.77561791,206.76
144.96713842,-36.77562113,207.01
144.96714581,-36.77562126,226.44
144.96723350,-36.77562275,206.82
144.96732074,-36.77562425,216.98
144.96739174,-36.77562546,207.05
144.96742074,-36.77562596,215.40
144.96744046,-36.77562629,218.16
144.96744415,-36.77562636,218.00
144.96744807,-36.77562642,207.20
144.96745815,-36.77562659,207.22
144.96746487,-36.77562671,207.22
144.96746577,-36.77562672,218.97
144.96751963,-36.77562765,207.32
144.96753072,-36.77562783,207.33
144.96754293,-36.77562804,210.67
144.96757249,-36.77562855,207.38
144.96770598,-36.77563083,215.98
144.96772301,-36.77563112,215.30
144.96774821,-36.77563155,207.72
144.96775504,-36.77563167,224.14
144.96777609,-36.77563203,208.08
144.96777923,-36.77563208,211.33
144.96781809,-36.77563275,217.68
144.96791485,-36.77563440,219.30
144.96793277,-36.77563471,208.20
144.96795069,-36.77563501,208.22
144.96797129,-36.77563536,217.09
144.96808765,-36.77563735,208.30
144.96814656,-36.77563836,207.92
144.96817411,-36.77563883,207.50
144.96820255,-36.77563932,207.63
144.96837793,-36.77564231,217.17
144.96842519,-36.77564312,208.80
144.96845711,-36.77564366,216.51
144.96869229,-36.77564768,210.43
144.96878345,-36.77564924,210.40
144.96881290,-36.77564974,210.58
144.96885221,-36.77565041,210.35
144.96886711,-36.77565067,210.38
144.96888738,-36.77565101,222.24
144.96889499,-36.77565114,222.26
144.96891291,-36.77565145,210.95
144.96894819,-36.77565205,211.15
144.96906746,-36.77565409,211.87
144.96914966,-36.77565549,222.94
144.96915907,-36.77565565,212.30
144.96916041,-36.77565568,224.77
144.96917183,-36.77565587,212.43
144.96920767,-36.77565648,223.37
144.96928595,-36.77565782,229.13
144.96944252,-36.77566049,213.78
144.96955887,-36.77566248,226.86
144.96957298,-36.77566272,225.78
144.96961297,-36.77566341,214.86
144.96966649,-36.77566432,215.18
144.96970020,-36.77566489,215.40
144.96971924,-36.77566522,226.43
144.96976393,-36.77566598,215.86
144.96987726,-36.77566792,229.86
144.96987928,-36.77566795,225.76
144.96990425,-36.77566838,228.41
144.96996383,-36.77566940,224.41
144.96999049,-36.77566985,217.22
144.97000505,-36.77567010,217.20
144.97005533,-36.77567096,217.55
144.97006171,-36.77567107,217.62
144.97016698,-36.77567286,230.71
144.97017527,-36.77567300,218.29
144.97021458,-36.77567368,228.77
144.97021906,-36.77567375,229.00
144.97024986,-36.77567428,218.71
144.97027886,-36.77567477,229.52
144.97028480,-36.77567487,218.91
144.97029947,-36.77567512,219.00
144.97030798,-36.77567527,219.07
144.97034819,-36.77567596,219.31
144.97039455,-36.77567675,230.32
144.97039489,-36.77567675,219.60
144.97042960,-36.77567735,232.47
144.97044562,-36.77567762,230.48
144.97068528,-36.77568171,229.84
144.97073736,-36.77568260,221.12
144.97078092,-36.77568334,221.15
144.97084822,-36.77568449,231.40
144.97086189,-36.77568472,221.00
144.97092371,-36.77568578,231.47
144.97096066,-36.77568641,220.59
144.97097444,-36.77568664,220.57
144.97101543,-36.77568734,220.40
144.97105843,-36.77568808,220.28
144.97110894,-36.77568894,220.18
144.97114556,-36.77568956,226.86
144.97145040,-36.77569476,232.30
144.97146261,-36.77569497,220.97
144.97147370,-36.77569516,221.02
144.97169521,-36.77569894,226.56
144.97176073,-36.77570006,222.65
144.97187586,-36.77570202,223.33
144.97188649,-36.77570220,223.30
144.97192860,-36.77570292,223.59
144.97196646,-36.77570357,230.84
144.97197609,-36.77570373,230.25
144.97198370,-36.77570386,236.52
144.97206579,-36.77570526,234.98
144.97207878,-36.77570548,235.38
144.97210476,-36.77570592,223.65
144.97214038,-36.77570653,223.71
144.97214642,-36.77570663,224.69
144.97217543,-36.77570713,223.57
144.97223759,-36.77570819,223.46
144.97241095,-36.77571115,222.76
144.97262899,-36.77571486,221.66
144.97266472,-36.77571547,229.81
144.97268286,-36.77571578,236.21
144.97272116,-36.77571643,221.21
144.97275834,-36.77571707,234.25
144.97277727,-36.77571739,220.90
144.97288019,-36.77571915,220.40
144.97291715,-36.77571978,220.23
144.97292017,-36.77571983,220.24
144.97298356,-36.77572091,219.96
144.97301447,-36.77572143,219.91
144.97301547,-36.77572145,233.66
144.97303967,-36.77572186,236.25
144.97304683,-36.77572199,230.37
144.97308133,-36.77572257,227.90
144.97309253,-36.77572276,219.50
144.97310776,-36.77572302,219.46
144.97312220,-36.77572327,234.14
144.97312601,-36.77572334,219.41
144.97319757,-36.77572455,219.09
144.97325077,-36.77572546,230.13
144.97326353,-36.77572568,230.85
144.97328146,-36.77572598,218.71
144.97329243,-36.77572617,218.67
144.97330217,-36.77572634,218.62
144.97331785,-36.77572660,218.58
144.97339714,-36.77572796,232.35
144.97340879,-36.77572815,225.58
144.97341797,-36.77572831,226.31
144.97344810,-36.77572882,231.40
144.97363311,-36.77573198,217.28
144.97372068,-36.77573347,217.23
144.97372696,-36.77573358,231.19
144.97376178,-36.77573417,217.28
144.97404580,-36.77573901,217.38
144.97408847,-36.77573974,217.37
144.97425791,-36.77574262,217.33
144.97431379,-36.77574357,229.41
144.97447159,-36.77574626,217.24
144.97450720,-36.77574687,230.33
144.97452422,-36.77574716,217.35
144.97455099,-36.77574761,217.23
144.97456879,-36.77574792,231.63
144.97457160,-36.77574797,217.24
144.97462210,-36.77574883,217.20
144.97463812,-36.77574910,219.38
144.97464752,-36.77574926,217.08
144.97473398,-36.77575073,229.90
144.97473499,-36.77575075,216.91
144.97476355,-36.77575123,219.76
144.97477744,-36.77575147,229.19
144.97477811,-36.77575148,216.75
144.97480902,-36.77575201,225.91
144.97481831,-36.77575217,216.65
144.97483814,-36.77575251,228.82
144.97489413,-36.77575346,230.59
144.97492851,-36.77575404,225.86
144.97496816,-36.77575472,216.24
144.97498440,-36.77575500,216.23
144.97501822,-36.77575557,216.10
144.97502953,-36.77575576,216.05
144.97507040,-36.77575646,215.95
144.97508339,-36.77575668,225.32
144.97510680,-36.77575708,227.41
144.97512987,-36.77575747,230.62
144.97519807,-36.77575863,224.68
144.97520703,-36.77575879,215.48
144.97521846,-36.77575898,215.50
144.97522193,-36.77575904,215.55
144.97534680,-36.77576117,228.98
144.97544502,-36.77576284,230.05
144.97546685,-36.77576321,215.93
144.97559968,-36.77576547,216.82
144.97575030,-36.77576804,217.31
144.97597417,-36.77577185,218.20
144.97599758,-36.77577224,218.23
144.97602524,-36.77577272,218.31
144.97609513,-36.77577391,218.91
144.97614362,-36.77577473,218.86
144.97616512,-36.77577510,224.96
144.97616602,-36.77577511,225.21
144.97620118,-36.77577571,231.92
144.97620152,-36.77577572,231.79
144.97626379,-36.77577678,226.30
144.97627028,-36.77577689,233.55
144.97628014,-36.77577705,225.26
144.97631575,-36.77577766,229.93
144.97631687,-36.77577768,219.50
144.97633064,-36.77577791,229.17
144.97634050,-36.77577808,219.56
144.97635830,-36.77577838,223.94
144.97636133,-36.77577844,219.74
144.97645361,-36.77578001,226.12
144.97648597,-36.77578056,226.67
144.97649538,-36.77578072,238.32
144.97649740,-36.77578075,220.39
144.97650726,-36.77578092,235.98
144.97652808,-36.77578127,234.55
144.97656157,-36.77578184,220.83
144.97656224,-36.77578185,226.61
144.97656986,-36.77578198,220.85
144.97661342,-36.77578273,220.98
144.97661824,-36.77578281,226.62
144.97665609,-36.77578345,221.22
144.97666852,-36.77578366,221.27
144.97666931,-36.77578368,229.73
144.97668644,-36.77578397,221.31
144.97673169,-36.77578474,234.09
144.97679966,-36.77578589,221.99
144.97680795,-36.77578603,227.55
144.97682397,-36.77578631,234.96
144.97685275,-36.77578680,234.61
144.97686910,-36.77578708,222.33
144.97689396,-36.77578750,222.44
144.97690247,-36.77578764,222.44
144.97691076,-36.77578778,222.53
144.97691871,-36.77578792,222.54
144.97698613,-36.77578907,229.73
144.97699610,-36.77578924,223.06
144.97700047,-36.77578931,223.14
144.97710092,-36.77579102,223.75
144.97711626,-36.77579128,223.89
144.97713945,-36.77579167,228.34
144.97717763,-36.77579232,224.34
144.97721347,-36.77579293,224.58
144.97721706,-36.77579299,242.23
144.97722423,-36.77579312,235.89
144.97723005,-36.77579322,242.06
144.97732266,-36.77579479,225.33
144.97734708,-36.77579521,233.51
144.97738628,-36.77579587,225.71
144.97742032,-36.77579645,235.53
144.97743286,-36.77579667,235.18
144.97743488,-36.77579670,226.05
144.97746153,-36.77579715,226.20
144.97751249,-36.77579802,226.50
144.97757364,-36.77579906,226.80
144.97760813,-36.77579965,227.07
144.97763456,-36.77580010,227.23
144.97763882,-36.77580017,233.69
144.97764543,-36.77580028,227.25
144.97770792,-36.77580134,227.57
144.97782775,-36.77580338,228.21
144.97783167,-36.77580345,239.32
144.97784309,-36.77580364,240.00
144.97791309,-36.77580483,241.10
144.97794400,-36.77580536,231.43
144.97804076,-36.77580700,228.94
144.97805207,-36.77580720,228.97
144.97806763,-36.77580746,229.00
144.97808085,-36.77580768,229.03
144.97809765,-36.77580797,229.09
144.97826855,-36.77581088,239.22
144.97829442,-36.77581132,241.63
144.97833697,-36.77581204,230.23
144.97833865,-36.77581207,240.33
144.97835422,-36.77581233,239.35
144.97835433,-36.77581233,236.02
144.97836139,-36.77581245,230.52
144.97843821,-36.77581376,242.09
144.97850933,-36.77581497,238.38
144.97852433,-36.77581522,231.02
144.97855390,-36.77581573,230.99
144.97856073,-36.77581584,230.92
144.97858929,-36.77581633,240.82
144.97865559,-36.77581746,234.84
144.97865940,-36.77581752,230.10
144.97867989,-36.77581787,229.72
144.97879412,-36.77581981,227.51
144.97886031,-36.77582093,233.79
144.97894240,-36.77582233,224.42
144.97909101,-36.77582486,222.32
144.97928845,-36.77582821,226.75
144.97929663,-36.77582835,227.10
144.97933269,-36.77582896,225.65
144.97934949,-36.77582925,219.42
144.97935643,-36.77582937,219.32
144.97937066,-36.77582961,229.56
144.97939418,-36.77583001,225.43
144.97947761,-36.77583142,227.89
144.97953439,-36.77583239,219.34
144.97953696,-36.77583243,219.55
144.97955365,-36.77583272,217.49
144.97958210,-36.77583320,217.10
144.97958624,-36.77583327,217.02
144.97962297,-36.77583389,216.61
144.97975613,-36.77583616,227.35
144.97976375,-36.77583629,227.83
144.97976991,-36.77583639,214.95
144.97978715,-36.77583668,214.88
144.97980832,-36.77583704,218.55
144.97981179,-36.77583710,219.21
144.97981258,-36.77583712,214.50
144.97981493,-36.77583716,222.81
144.97982210,-36.77583728,223.28
144.97984035,-36.77583759,214.21
144.97985603,-36.77583785,217.90
144.97987406,-36.77583816,217.64
144.97990239,-36.77583864,213.45
144.97991763,-36.77583890,213.23
144.97992726,-36.77583906,213.05
144.97996578,-36.77583972,213.21
144.98000229,-36.77584034,213.20
144.98002626,-36.77584075,223.54
144.98002883,-36.77584079,213.46
144.98005034,-36.77584115,222.64
144.98019279,-36.77584357,213.37
144.98020276,-36.77584374,213.45
144.98026715,-36.77584484,215.33
144.98027667,-36.77584500,213.46
144.98029918,-36.77584538,219.88
144.98030467,-36.77584547,213.59
144.98032584,-36.77584583,213.71
144.98036022,-36.77584642,213.60
144.98037377,-36.77584665,213.84
144.98040121,-36.77584711,213.67
144.98042215,-36.77584747,221.84
144.98046885,-36.77584826,219.43
144.98048251,-36.77584850,214.05
144.98051521,-36.77584905,213.97
144.98054165,-36.77584950,218.75
144.98054265,-36.77584952,213.96
144.98054870,-36.77584962,213.97
144.98056001,-36.77584981,221.16
144.98061914,-36.77585082,224.48
144.98065711,-36.77585146,214.46
144.98066215,-36.77585155,214.37
144.98067850,-36.77585182,214.52
144.98068466,-36.77585193,214.51
144.98073830,-36.77585284,222.49
144.98074838,-36.77585301,223.86
144.98077806,-36.77585351,214.66
144.98077974,-36.77585354,214.70
144.98079676,-36.77585383,221.42
144.98080169,-36.77585392,214.79
144.98080303,-36.77585394,224.46
144.98084357,-36.77585463,216.95
144.98085410,-36.77585480,227.04
144.98086496,-36.77585499,225.00
144.98089027,-36.77585542,214.87
144.98090226,-36.77585562,218.76
144.98090539,-36.77585568,214.95
144.98090719,-36.77585571,223.13
144.98090842,-36.77585573,223.39
144.98092051,-36.77585593,214.96
144.98092152,-36.77585595,214.91
144.98098681,-36.77585706,215.03
144.98106465,-36.77585838,227.12
144.98106476,-36.77585838,226.75
144.98108010,-36.77585864,225.65
144.98109802,-36.77585895,215.02
144.98111941,-36.77585931,223.60
144.98113744,-36.77585962,215.03
144.98116914,-36.77586015,214.98
144.98123947,-36.77586135,214.85
144.98124216,-36.77586139,224.43
144.98128863,-36.77586218,225.84
144.98129457,-36.77586228,215.84
144.98129949,-36.77586237,214.59
144.98130498,-36.77586246,214.55
144.98130565,-36.77586247,222.26
144.98133835,-36.77586303,222.57
144.98137206,-36.77586360,214.28
144.98137710,-36.77586368,214.23
144.98138640,-36.77586384,214.22
144.98139502,-36.77586399,218.20
144.98145203,-36.77586496,228.41
144.98147006,-36.77586526,226.29
144.98147487,-36.77586534,213.66
144.98157152,-36.77586698,222.99
144.98157320,-36.77586701,213.08
144.98158418,-36.77586720,213.04
144.98159123,-36.77586732,224.07
144.98162998,-36.77586798,220.63
144.98171543,-36.77586943,226.46
144.98175541,-36.77587011,212.36
144.98177523,-36.77587044,212.35
144.98182093,-36.77587122,225.63
144.98184064,-36.77587155,227.42
144.98184176,-36.77587157,226.22
144.98187077,-36.77587206,228.99
144.98190761,-36.77587269,211.64
144.98195678,-36.77587352,221.56
144.98196965,-36.77587374,221.09
144.98197044,-36.77587375,220.23
144.98207056,-36.77587545,210.19
144.98208097,-36.77587563,210.02
144.98216004,-36.77587697,209.05
144.98218669,-36.77587742,208.78
144.98219050,-36.77587749,208.68
144.98222197,-36.77587802,208.45
144.98234023,-36.77588003,223.63
144.98234102,-36.77588004,220.01
144.98237977,-36.77588070,206.89
144.98239567,-36.77588097,213.58
144.98243834,-36.77588169,206.26
144.98246040,-36.77588207,206.00
144.98250117,-36.77588276,218.93
144.98254596,-36.77588352,215.15
144.98261047,-36.77588461,204.28
144.98267655,-36.77588574,203.00
144.98268438,-36.77588587,202.86
144.98272101,-36.77588649,213.39
144.98274150,-36.77588684,202.10
144.98280018,-36.77588783,201.98
144.98282471,-36.77588825,208.60
144.98283580,-36.77588844,202.00
144.98286873,-36.77588900,202.23
144.98287769,-36.77588915,202.27
144.98290400,-36.77588959,202.70
144.98293357,-36.77589009,202.72
144.98293872,-36.77589018,210.68
144.98294656,-36.77589032,210.86
144.98296481,-36.77589062,202.96
144.98298016,-36.77589089,203.22
144.98298688,-36.77589100,203.23
144.98299326,-36.77589111,212.63
144.98301846,-36.77589153,212.52
144.98302081,-36.77589157,214.61
144.98307837,-36.77589255,204.35
144.98325980,-36.77589563,215.27
144.98338490,-36.77589775,208.34
144.98339878,-36.77589798,207.41
144.98341592,-36.77589828,216.83
144.98346900,-36.77589918,208.10
144.98349711,-36.77589965,208.34
144.98351548,-36.77589996,208.47
144.98353329,-36.77590027,208.60
144.98353945,-36.77590037,208.66
144.98356352,-36.77590078,218.57
144.98359029,-36.77590123,209.00
144.98360731,-36.77590152,209.08
144.98362064,-36.77590175,209.08
144.98364528,-36.77590216,209.60
144.98366891,-36.77590257,209.83
144.98370083,-36.77590311,214.01
144.98377329,-36.77590434,210.64
144.98378807,-36.77590459,215.18
144.98378964,-36.77590461,212.17
144.98380330,-36.77590484,211.11
144.98384104,-36.77590548,217.45
144.98396199,-36.77590753,212.27
144.98396603,-36.77590760,212.31
144.98398036,-36.77590785,212.43
144.98401754,-36.77590848,214.11
144.98407007,-36.77590937,213.71
144.98409594,-36.77590981,213.33
144.98412797,-36.77591035,219.99
144.98413166,-36.77591041,219.83
144.98415059,-36.77591073,213.76
144.98415619,-36.77591083,213.87
144.98423324,-36.77591213,215.69
144.98426280,-36.77591263,219.55
144.98435363,-36.77591417,215.23
144.98440369,-36.77591502,224.24
144.98452834,-36.77591713,216.33
144.98452867,-36.77591714,226.73
144.98453842,-36.77591731,216.38
144.98456149,-36.77591770,222.15
144.98457403,-36.77591791,223.25
144.98458478,-36.77591809,216.74
144.98466821,-36.77591951,224.25
144.98470047,-36.77592005,216.61
144.98471872,-36.77592036,218.47
144.98473743,-36.77592068,216.33
144.98485637,-36.77592269,218.71
144.98494708,-36.77592423,219.37
144.98507475,-36.77592639,226.93
144.98508438,-36.77592656,220.48
144.98510723,-36.77592694,230.03
144.98512694,-36.77592728,228.59
144.98514676,-36.77592761,221.03
144.98516994,-36.77592801,221.37
144.98518462,-36.77592826,221.57
144.98518797,-36.77592831,221.59
144.98519111,-36.77592837,221.69
144.98520869,-36.77592866,222.08
144.98523020,-36.77592903,222.52
144.98532874,-36.77593070,240.02
144.98534252,-36.77593093,233.56
144.98536301,-36.77593128,235.11
144.98539740,-36.77593186,224.99
144.98544164,-36.77593261,225.63
144.98546190,-36.77593295,226.15
144.98551622,-36.77593387,236.81
144.98552104,-36.77593396,227.27
144.98554657,-36.77593439,228.25
144.98561489,-36.77593555,228.86
144.98567279,-36.77593653,229.92
144.98569418,-36.77593689,230.22
144.98572800,-36.77593746,230.89
144.98573248,-36.77593754,230.88
144.98581815,-36.77593899,238.76
144.98582845,-36.77593916,238.05
144.98583215,-36.77593923,239.99
144.98583563,-36.77593928,241.02
144.98584313,-36.77593941,241.42
144.98587661,-36.77593998,233.28
144.98589039,-36.77594021,233.57
144.98589509,-36.77594029,248.74
144.98590013,-36.77594038,233.83
144.98592253,-36.77594076,247.89
144.98593317,-36.77594094,247.93
144.98594650,-36.77594116,234.95
144.98599432,-36.77594197,235.80
144.98601190,-36.77594227,245.49
144.98601683,-36.77594235,251.80
144.98604124,-36.77594277,236.83
144.98605569,-36.77594301,250.37
144.98610318,-36.77594382,238.37
144.98613061,-36.77594428,239.05
144.98615648,-36.77594472,239.66
144.98620475,-36.77594554,240.85
144.98622468,-36.77594587,241.33
144.98625649,-36.77594641,242.02
144.98642963,-36.77594934,245.72
144.98647253,-36.77595007,246.61
144.98651990,-36.77595087,251.93
144.98653244,-36.77595108,247.70
144.98655730,-36.77595151,256.00
144.98656760,-36.77595168,255.15
144.98657590,-36.77595182,253.92
144.98666000,-36.77595324,249.54
144.98674321,-36.77595465,257.59
144.98675306,-36.77595482,255.39
144.98679103,-36.77595546,250.98
144.98685655,-36.77595657,250.83
144.98690325,-36.77595736,251.12
144.98704548,-36.77595977,260.10
144.98707023,-36.77596019,252.01
144.98711973,-36.77596103,252.29
144.98712813,-36.77596117,259.94
144.98712992,-36.77596120,258.21
144.98720328,-36.77596244,252.66
144.98723743,-36.77596302,260.66
144.98730105,-36.77596410,257.89
144.98732512,-36.77596450,253.50
144.98737575,-36.77596536,260.78
144.98737742,-36.77596539,262.76
144.98740385,-36.77596584,259.39
144.98741024,-36.77596594,261.22
144.98741147,-36.77596596,260.03
144.98743364,-36.77596634,255.93
144.98751148,-36.77596766,254.65
144.98760623,-36.77596926,265.30
144.98762751,-36.77596962,259.99
144.98763321,-36.77596972,260.79
144.98764610,-36.77596994,263.51
144.98767577,-36.77597044,255.24
144.98771822,-36.77597116,255.43
144.98772035,-36.77597119,255.49
144.98772930,-36.77597134,262.61
144.98774980,-36.77597169,264.13
144.98775204,-36.77597173,261.13
144.98778440,-36.77597228,258.67
144.98782887,-36.77597303,255.79
144.98782898,-36.77597303,264.46
144.98782999,-36.77597305,263.13
144.98786079,-36.77597357,255.59
144.98790256,-36.77597427,260.27
144.98790368,-36.77597429,262.23
144.98793694,-36.77597486,263.97
144.98794456,-36.77597499,255.61
144.98797177,-36.77597545,255.59
144.98797580,-36.77597551,260.24
144.98797883,-36.77597557,255.55
144.98802496,-36.77597635,262.01
144.98806618,-36.77597704,261.76
144.98817034,-36.77597881,261.11
144.98817380,-36.77597886,254.63
144.98821434,-36.77597955,260.86
144.98821771,-36.77597961,254.17
144.98830562,-36.77598109,253.30
144.98834593,-36.77598178,252.89
144.98836116,-36.77598203,263.00
144.98836161,-36.77598204,261.81
144.98851785,-36.77598468,250.43
144.98855771,-36.77598536,257.01
144.98860431,-36.77598615,254.51
144.98868034,-36.77598743,247.33
144.98868449,-36.77598750,250.40
144.98872906,-36.77598826,255.15
144.98879928,-36.77598944,244.22
144.98887253,-36.77599068,248.33
144.98893345,-36.77599171,239.48
144.98895562,-36.77599209,240.39
144.98902383,-36.77599324,242.80
144.98903536,-36.77599344,243.27
144.98908083,-36.77599421,244.63
144.98909113,-36.77599438,244.92
144.98913862,-36.77599518,246.38
144.98914590,-36.77599531,246.54
144.98915385,-36.77599544,253.04
144.98916191,-36.77599558,246.97
144.98927794,-36.77599754,253.81
144.98929675,-36.77599786,250.33
144.98931098,-36.77599810,250.71
144.98932733,-36.77599837,251.01
144.98932979,-36.77599842,251.10
144.98935062,-36.77599877,255.21
144.98944750,-36.77600041,253.81
144.98949151,-36.77600115,257.82
144.98959656,-36.77600293,257.57
144.98977575,-36.77600595,263.11
144.98982659,-36.77600681,265.98
144.98986747,-36.77600751,270.64
144.98988461,-36.77600779,267.10
144.98994900,-36.77600888,269.65
144.98995729,-36.77600902,270.09
144.98995986,-36.77600907,272.77
144.99001474,-36.77600999,278.32
144.99003624,-36.77601036,273.58
144.99007757,-36.77601106,275.78
144.99009157,-36.77601129,276.29
144.99011542,-36.77601170,284.76
144.99012024,-36.77601178,281.51
144.99013110,-36.77601196,280.07
144.99018351,-36.77601285,279.53
144.99038130,-36.77601619,289.20
144.99043270,-36.77601706,291.38
144.99044748,-36.77601731,291.11
144.99048925,-36.77601801,289.67
144.99059307,-36.77601977,296.37
144.99067068,-36.77602108,294.51
144.99067359,-36.77602113,294.60
144.99083957,-36.77602393,304.54
144.99085334,-36.77602417,300.69
144.99086902,-36.77602443,305.26
144.99087283,-36.77602449,305.24
144.99087731,-36.77602457,305.27
144.99091270,-36.77602517,299.22
144.99091639,-36.77602523,299.28
144.99092076,-36.77602530,299.33
144.99094282,-36.77602568,305.75
144.99095100,-36.77602582,304.52
144.99096421,-36.77602604,305.44
144.99096993,-36.77602614,307.07
144.99097530,-36.77602623,299.87
144.99107912,-36.77602798,300.76
144.99121810,-36.77603033,303.34
144.99141174,-36.77603360,300.78
144.99149663,-36.77603503,300.26
144.99155442,-36.77603601,305.86
144.99158779,-36.77603657,299.63
144.99162900,-36.77603727,310.99
144.99172331,-36.77603886,304.26
144.99174212,-36.77603918,305.66
144.99176575,-36.77603958,297.78
144.99178770,-36.77603995,298.71
144.99181323,-36.77604038,297.19
144.99184134,-36.77604085,296.93
144.99190328,-36.77604190,303.65
144.99214014,-36.77604590,293.36
144.99218662,-36.77604668,293.44
144.99230096,-36.77604861,307.65
144.99233423,-36.77604918,305.99
144.99237779,-36.77604991,302.39
144.99248586,-36.77605174,295.17
144.99250681,-36.77605209,288.71
144.99252126,-36.77605233,288.47
144.99256067,-36.77605300,287.85
144.99260984,-36.77605383,290.34
144.99262653,-36.77605411,292.81
144.99264143,-36.77605436,292.32
144.99264635,-36.77605445,295.22
144.99266595,-36.77605478,286.42
144.99267032,-36.77605485,286.34
144.99274333,-36.77605608,285.24
144.99278555,-36.77605680,293.16
144.99280986,-36.77605721,284.40
144.99281994,-36.77605738,291.65
144.99282475,-36.77605746,289.62
144.99282867,-36.77605752,294.05
144.99283427,-36.77605762,289.69
144.99285029,-36.77605789,292.12
144.99286496,-36.77605814,283.45
144.99286641,-36.77605816,288.05
144.99290091,-36.77605874,282.95
144.99294649,-36.77605951,283.47
144.99301895,-36.77606073,281.59
144.99303384,-36.77606099,281.41
144.99303553,-36.77606101,289.88
144.99303866,-36.77606107,289.46
144.99308178,-36.77606179,280.85
144.99346849,-36.77606832,281.01
144.99347140,-36.77606837,283.73
144.99347756,-36.77606847,276.02
144.99348551,-36.77606861,280.21
144.99349727,-36.77606881,288.09
144.99352415,-36.77606926,287.13
144.99353513,-36.77606945,275.27
144.99361240,-36.77607075,274.15
144.99366907,-36.77607161,281.61
144.99369372,-36.77607194,284.11
144.99370234,-36.77607191,272.61
144.99370694,-36.77607180,272.54
144.99371087,-36.77607124,272.42
144.99371322,-36.77606731,280.92
144.99371434,-36.77605886,272.45
144.99371474,-36.77604354,272.50
144.99371716,-36.77595057,272.79
144.99371792,-36.77592165,281.25
144.99371956,-36.77585849,281.74
144.99372266,-36.77573939,270.45
144.99372416,-36.77568200,282.12
144.99372806,-36.77553263,265.92
144.99372817,-36.77552803,265.80
144.99372835,-36.77552119,265.63
144.99372854,-36.77551416,265.28
144.99372937,-36.77548218,274.14
144.99373029,-36.77544704,263.28
144.99373145,-36.77540236,261.72
144.99373262,-36.77535749,260.13
144.99373551,-36.77524668,263.74
144.99373588,-36.77523253,256.28
144.99374109,-36.77503244,254.84
144.99374239,-36.77498289,253.59
144.99374650,-36.77482522,252.05
144.99374844,-36.77475081,241.27
144.99374901,-36.77472865,247.27
144.99374911,-36.77472504,240.61
144.99374981,-36.77469828,248.60
144.99374990,-36.77469477,248.73
144.99375008,-36.77468792,239.44
144.99375403,-36.77453639,235.85
144.99375492,-36.77450197,240.18
144.99375529,-36.77448801,234.93
144.99375607,-36.77445783,234.09
144.99375686,-36.77442783,233.31
144.99375687,-36.77442720,241.17
144.99375991,-36.77431080,234.96
144.99375999,-36.77430773,229.88
144.99376006,-36.77430503,229.99
144.99376314,-36.77418701,229.75
144.99376315,-36.77418656,231.52
144.99376349,-36.77417350,234.09
144.99376399,-36.77415440,230.54
144.99376441,-36.77413809,226.81
144.99376459,-36.77413106,232.17
144.99376615,-36.77407115,231.18
144.99376651,-36.77405755,224.99
144.99376749,-36.77401998,231.86
144.99376752,-36.77401854,229.82
144.99376756,-36.77401737,231.93
144.99376759,-36.77401602,229.93
144.99376771,-36.77401142,223.98
144.99376865,-36.77397547,223.08
144.99376931,-36.77394998,227.88
144.99377084,-36.77389124,220.88
144.99377107,-36.77388259,227.11
144.99377193,-36.77384953,219.36
144.99377322,-36.77379997,230.66
144.99377324,-36.77379943,228.30
144.99377335,-36.77379493,227.44
144.99377347,-36.77379060,223.46
144.99377350,-36.77378916,217.25
144.99377434,-36.77375727,222.46
144.99377486,-36.77373709,215.90
144.99377491,-36.77373529,215.95
144.99377506,-36.77372943,225.69
144.99377527,-36.77372168,223.08
144.99377590,-36.77369736,215.01
144.99377665,-36.77366862,224.51
144.99377691,-36.77365871,224.97
144.99377836,-36.77360285,213.75
144.99377863,-36.77359240,227.84
144.99377870,-36.77358997,227.93
144.99377882,-36.77358519,227.64
144.99377913,-36.77357357,228.34
144.99377914,-36.77357285,228.57
144.99378021,-36.77353186,216.15
144.99378206,-36.77346105,218.71
144.99378214,-36.77345798,233.48
144.99378365,-36.77339996,235.68
144.99378394,-36.77338897,234.32
144.99378548,-36.77332960,233.19
144.99378577,-36.77331879,237.33
144.99378579,-36.77331780,233.70
144.99378645,-36.77329248,223.80
144.99378658,-36.77328744,238.33
144.99378671,-36.77328257,235.16
144.99378737,-36.77325753,224.76
144.99378889,-36.77319888,242.41
144.99378925,-36.77318527,243.05
144.99378930,-36.77318329,243.15
144.99378937,-36.77318041,239.61
144.99378967,-36.77316915,243.67
144.99379047,-36.77313843,227.08
144.99379115,-36.77311239,227.60
144.99379116,-36.77311194,236.72
144.99379237,-36.77306536,227.85
144.99379242,-36.77306356,237.35
144.99379252,-36.77305969,227.76
144.99379319,-36.77303410,227.83
144.99379340,-36.77302590,240.45
144.99379400,-36.77300293,236.29
144.99379543,-36.77294797,226.51
144.99379602,-36.77292545,238.77
144.99379637,-36.77291202,236.68
144.99379639,-36.77291130,231.99
144.99379643,-36.77290968,236.79
144.99379682,-36.77289482,232.43
144.99379691,-36.77289139,225.27
144.99379818,-36.77284256,223.94
144.99379869,-36.77282319,223.35
144.99379875,-36.77282085,223.46
144.99379919,-36.77280373,236.27
144.99379925,-36.77280139,236.38
144.99379952,-36.77279112,229.56
144.99379985,-36.77277860,237.08
144.99379987,-36.77277779,235.31
144.99380014,-36.77276761,221.92
144.99380027,-36.77276238,236.41
144.99380040,-36.77275725,233.63
144.99380112,-36.77272968,220.83
144.99380139,-36.77271959,220.51
144.99380249,-36.77267733,236.63
144.99380250,-36.77267697,219.61
144.99380284,-36.77266382,235.42
144.99380290,-36.77266166,232.28
144.99380303,-36.77265652,232.43
144.99380309,-36.77265418,232.57
144.99380418,-36.77261247,231.69
144.99380457,-36.77259742,217.84
144.99380500,-36.77258112,217.36
144.99380520,-36.77257346,217.27
144.99380714,-36.77249895,215.66
144.99380793,-36.77246859,226.64
144.99380857,-36.77244390,213.84
144.99380864,-36.77244129,227.14
144.99380875,-36.77243724,225.32
144.99380923,-36.77241868,225.78
144.99381132,-36.77233841,227.64
144.99381288,-36.77227886,209.78
144.99381449,-36.77221696,226.92
144.99381582,-36.77216588,207.08
144.99381668,-36.77213282,206.58
144.99381754,-36.77209966,221.08
144.99381879,-36.77205191,205.87
144.99381937,-36.77202984,204.36
144.99381940,-36.77202867,204.43
144.99381995,-36.77200723,218.25
144.99382075,-36.77197660,214.24
144.99382315,-36.77188461,202.56
144.99382353,-36.77187011,205.74
144.99382381,-36.77185930,202.58
144.99382476,-36.77182272,202.62
144.99382498,-36.77181461,202.49
144.99382543,-36.77179722,202.47
144.99382574,-36.77178542,202.36
144.99382748,-36.77171875,216.84
144.99382830,-36.77168722,221.79
144.99382838,-36.77168398,221.93
144.99382871,-36.77167127,202.46
144.99382875,-36.77167001,202.51
144.99382922,-36.77165199,202.38
144.99382991,-36.77162542,216.43
144.99383035,-36.77160830,202.37
144.99383066,-36.77159632,202.34
144.99383084,-36.77158956,202.33
144.99383163,-36.77155947,202.28
144.99383208,-36.77154208,202.39
144.99383239,-36.77153001,202.37
144.99383252,-36.77152523,202.33
144.99383253,-36.77152469,202.40
144.99383271,-36.77151794,202.36
144.99383356,-36.77148514,218.72
144.99383370,-36.77148001,218.60
144.99383385,-36.77147397,209.62
144.99383394,-36.77147082,213.15
144.99383406,-36.77146595,202.69
144.99383418,-36.77146145,214.16
144.99383420,-36.77146073,202.81
144.99383488,-36.77143469,203.09
144.99383498,-36.77143091,209.67
144.99383516,-36.77142388,203.15
144.99383524,-36.77142082,210.14
144.99383576,-36.77140100,203.10
144.99384120,-36.77119198,202.46
144.99384168,-36.77117378,202.33
144.99384309,-36.77111955,201.92
144.99384313,-36.77111802,201.96
144.99384397,-36.77108585,201.49
144.99384431,-36.77107288,201.42
144.99384579,-36.77101594,200.69
144.99384615,-36.77100207,200.52
144.99384720,-36.77096207,200.00
144.99384855,-36.77091017,199.35
144.99385180,-36.77078548,197.76
144.99385437,-36.77068710,196.50
144.99385725,-36.77057629,195.41
144.99385830,-36.77053629,195.09
144.99385865,-36.77052259,194.92
144.99385915,-36.77050350,194.79
144.99385971,-36.77048187,194.64
144.99386015,-36.77046503,194.45
144.99386092,-36.77043557,194.22
144.99386268,-36.77036782,193.66
144.99386331,-36.77034403,193.52
144.99386393,-36.77032016,193.33
144.99386480,-36.77028673,193.11
144.99386534,-36.77026601,192.96
144.99386616,-36.77023439,192.78
144.99386692,-36.77020556,192.62
144.99386738,-36.77018772,192.47
144.99386865,-36.77013907,192.21
144.99387050,-36.77006781,191.84
144.99387332,-36.76995979,191.24
144.99387455,-36.76991267,191.00
144.99387524,-36.76988609,190.89
144.99387659,-36.76983447,190.55
144.99387704,-36.76981708,190.51
144.99387851,-36.76976059,190.21
144.99387980,-36.76971113,189.96
144.99388259,-36.76960401,189.35
144.99388435,-36.76953662,189.08
144.99388546,-36.76949383,188.84
144.99388560,-36.76948860,188.87
144.99388584,-36.76947951,188.79
144.99388602,-36.76947257,188.78
144.99389012,-36.76931527,188.07
144.99389095,-36.76928310,187.86
144.99389214,-36.76923788,187.67
144.99389268,-36.76921707,187.51
144.99389307,-36.76920202,187.47
144.99389436,-36.76915265,187.26
144.99389524,-36.76911877,187.10
144.99389619,-36.76908238,186.92
144.99389953,-36.76895400,186.41
144.99390003,-36.76893508,186.35
144.99390075,-36.76890724,186.27
144.99390383,-36.76878913,185.84
144.99390451,-36.76876318,185.71
144.99390538,-36.76872985,185.59
144.99390617,-36.76869958,185.53
144.99390761,-36.76864390,185.30
144.99391179,-36.76848353,184.81
144.99391573,-36.76833254,184.27
144.99391606,-36.76831984,184.21
144.99391634,-36.76830929,184.21
144.99391798,-36.76824623,183.94
144.99392104,-36.76812857,183.23
144.99392539,-36.76796181,182.67
144.99392727,-36.76788973,182.70
144.99392801,-36.76786136,182.69
144.99393012,-36.76778054,182.69
144.99393015,-36.76777928,182.64
144.99393188,-36.76771288,182.59
144.99393361,-36.76764639,182.42
144.99393472,-36.76760387,182.39
144.99393739,-36.76750135,182.15
144.99393742,-36.76749999,182.18
144.99394018,-36.76739414,182.06
144.99394066,-36.76737594,181.98
144.99394139,-36.76734801,181.95
144.99394198,-36.76732503,181.82
144.99394317,-36.76727954,181.77
144.99394335,-36.76727269,181.74
144.99394499,-36.76720954,181.56
144.99394615,-36.76716530,181.36
144.99394711,-36.76712818,181.29
144.99395244,-36.76692358,180.67
144.99395360,-36.76687935,180.56
144.99395418,-36.76685682,180.44
144.99395763,-36.76672484,180.05
144.99395926,-36.76666222,179.80
144.99396038,-36.76661907,179.62
144.99396192,-36.76656015,179.41
144.99396293,-36.76652141,179.21
144.99396298,-36.76651925,179.20
144.99396502,-36.76644123,178.80
144.99396741,-36.76634951,178.19
144.99396757,-36.76634330,178.17
144.99396844,-36.76630978,177.96
144.99396993,-36.76625258,177.68
144.99397266,-36.76614780,177.19
144.99397572,-36.76603059,176.74
144.99397797,-36.76594401,175.97
144.99397835,-36.76592950,175.83
144.99397917,-36.76589797,175.66
144.99397973,-36.76587662,175.78
144.99398135,-36.76581445,175.95
144.99398191,-36.76579292,175.88
144.99398302,-36.76575040,175.69
144.99398337,-36.76573698,175.76
144.99398461,-36.76568941,175.83
144.99398490,-36.76567823,175.85
144.99399104,-36.76544246,174.46
144.99399240,-36.76539021,174.58
144.99399311,-36.76536300,174.98
144.99399464,-36.76530417,175.42
144.99399514,-36.76528516,175.66
144.99399798,-36.76517642,176.27
144.99400134,-36.76504714,176.39
144.99400233,-36.76500921,176.42
144.99400392,-36.76494813,176.42
144.99400581,-36.76487578,176.27
144.99400595,-36.76487047,176.29
144.99400619,-36.76486092,176.28
144.99400905,-36.76475145,176.63
144.99400906,-36.76475082,176.61
144.99401030,-36.76470343,176.77
144.99401088,-36.76468109,176.89
144.99401097,-36.76467758,176.82
144.99401217,-36.76463172,176.98
144.99401235,-36.76462460,176.99
144.99401407,-36.76455875,177.25
144.99401652,-36.76446451,177.85
144.99401719,-36.76443901,178.03
144.99401843,-36.76439135,178.27
144.99401920,-36.76436189,178.45
144.99401956,-36.76434784,178.48
144.99402036,-36.76431721,178.74
144.99402137,-36.76427856,178.99
144.99402326,-36.76420603,179.33
144.99402475,-36.76414883,179.68
144.99402817,-36.76401747,180.31
144.99402824,-36.76401477,180.30
144.99403146,-36.76389134,180.62
144.99403168,-36.76388278,180.65
144.99403274,-36.76384215,180.72
144.99403438,-36.76377927,180.71
144.99403471,-36.76376665,180.78
144.99403600,-36.76371719,180.66
144.99403731,-36.76366665,180.56
144.99403821,-36.76363224,180.50
144.99403959,-36.76357926,180.38
144.99404025,-36.76355385,180.22
144.99404215,-36.76348106,179.95
144.99404347,-36.76343025,179.69
144.99404595,-36.76333502,179.25
144.99405208,-36.76309970,178.33
144.99405370,-36.76303754,178.11
144.99405540,-36.76297258,177.98
144.99405604,-36.76294762,177.87
144.99405661,-36.76292609,177.87
144.99405840,-36.76285708,177.68
144.99406024,-36.76278663,177.60
144.99406046,-36.76277807,177.57
144.99406088,-36.76276212,177.53
144.99406174,-36.76272924,177.41
144.99406215,-36.76271320,177.44
144.99406360,-36.76265789,177.40
144.99406551,-36.76258437,177.15
144.99406564,-36.76257923,177.17
144.99406925,-36.76244094,177.18
144.99407006,-36.76240968,177.23
144.99407123,-36.76236481,177.15
144.99407405,-36.76225670,176.88
144.99407429,-36.76224751,176.85
144.99408521,-36.76182840,177.27
144.99408567,-36.76181065,177.36
144.99408663,-36.76177354,177.51
144.99408805,-36.76171939,177.76
144.99408899,-36.76168326,177.96
144.99408997,-36.76164552,178.24
144.99409063,-36.76162002,178.44
144.99409163,-36.76158200,178.73
144.99409287,-36.76153434,179.01
144.99409323,-36.76152029,179.17
144.99409385,-36.76149659,179.36
144.99409440,-36.76147524,179.44
144.99409459,-36.76146794,179.57
144.99409544,-36.76143551,179.98
144.99409664,-36.76138956,180.35
144.99409666,-36.76138884,180.37
144.99409687,-36.76138055,180.39
144.99409787,-36.76134217,180.75
144.99409965,-36.76127415,181.31
144.99409976,-36.76126965,181.36
144.99410075,-36.76123172,181.67
144.99410154,-36.76120127,181.85
144.99410162,-36.76119812,181.87
144.99410507,-36.76106595,182.92
144.99410583,-36.76103685,183.07
144.99410599,-36.76103045,183.10
144.99410770,-36.76096478,183.47
144.99410884,-36.76092108,183.54
144.99411026,-36.76086675,183.84
144.99411162,-36.76081459,183.80
144.99411289,-36.76076576,183.89
144.99411449,-36.76070432,183.82
144.99411457,-36.76070134,183.91
144.99411617,-36.76063981,183.66
144.99411664,-36.76062161,183.58
144.99411862,-36.76054567,183.19
144.99411911,-36.76052693,183.08
144.99412042,-36.76047675,182.76
144.99412183,-36.76042251,182.38
144.99412271,-36.76038863,182.11
144.99412409,-36.76033566,181.74
144.99412502,-36.76029998,181.44
144.99412540,-36.76028548,181.35
144.99412670,-36.76023584,180.88
144.99412981,-36.76011601,179.86
144.99413121,-36.76006250,179.40
144.99413810,-36.75979808,177.00
144.99413872,-36.75977411,176.77
144.99414017,-36.75971853,176.27
144.99414029,-36.75971393,176.22
144.99414196,-36.75964978,175.65
144.99414410,-36.75956780,174.96
144.99414514,-36.75952762,174.67
144.99414590,-36.75949852,174.48
144.99414689,-36.75946050,174.19
144.99414790,-36.75942176,173.93
144.99414890,-36.75938329,173.69
144.99414975,-36.75935059,173.51
144.99415092,-36.75930572,173.25
144.99415187,-36.75926914,173.02
144.99415243,-36.75924788,172.89
144.99415325,-36.75921635,172.76
144.99415414,-36.75918229,172.63
144.99415654,-36.75909013,172.25
144.99415728,-36.75906157,172.11
144.99415789,-36.75903815,171.98
144.99415849,-36.75901526,171.92
144.99416011,-36.75895319,171.82
144.99416094,-36.75892130,171.76
144.99416223,-36.75887184,171.70
144.99416343,-36.75882562,171.50
144.99416434,-36.75879048,171.36
144.99416635,-36.75871363,171.24
144.99416710,-36.75868471,171.23
144.99416773,-36.75866066,171.23
144.99416808,-36.75864714,171.22
144.99416893,-36.75861453,171.17
144.99417220,-36.75848885,171.02
144.99417278,-36.75846651,171.03
144.99417292,-36.75846119,171.00
144.99417555,-36.75836038,170.96
144.99417664,-36.75831840,170.95
144.99417731,-36.75829272,170.98
144.99417743,-36.75828795,171.00
144.99417974,-36.75819929,170.93
144.99417985,-36.75819533,170.94
144.99418046,-36.75817182,170.97
144.99418455,-36.75801470,170.75
144.99418538,-36.75798307,170.73
144.99418620,-36.75795136,170.71
144.99418719,-36.75791343,170.66
144.99418832,-36.75787028,170.64
144.99418963,-36.75781955,170.61
144.99418972,-36.75781613,170.58
144.99419286,-36.75769568,170.56
144.99419402,-36.75765126,170.55
144.99419526,-36.75760369,170.52
144.99419785,-36.75750405,190.96
144.99419793,-36.75750090,170.50
144.99419862,-36.75747441,188.80
144.99419987,-36.75742648,170.42
144.99420065,-36.75739657,182.75
144.99420122,-36.75737486,170.39
144.99420344,-36.75728936,187.03
144.99420345,-36.75728909,170.35
144.99420559,-36.75720702,189.72
144.99420581,-36.75719873,170.38
144.99420657,-36.75716927,170.35
144.99420719,-36.75714566,170.36
144.99421061,-36.75701404,178.18
144.99421114,-36.75699386,170.60
144.99421262,-36.75693701,170.69
144.99421473,-36.75685583,187.49
144.99421511,-36.75684124,170.96
144.99421523,-36.75683700,170.90
144.99421625,-36.75679773,170.88
144.99421626,-36.75679736,182.09
144.99421637,-36.75679295,181.75
144.99421778,-36.75673898,171.00
144.99421937,-36.75667808,170.90
144.99421984,-36.75665997,171.09
144.99422048,-36.75663538,171.17
144.99422187,-36.75658213,171.27
144.99422290,-36.75654231,171.33
144.99422321,-36.75653051,171.41
144.99422404,-36.75649844,171.40
144.99422407,-36.75649727,171.35
144.99422515,-36.75645609,171.45
144.99422596,-36.75642510,181.16
144.99422619,-36.75641600,181.82
144.99422661,-36.75639987,171.56
144.99422692,-36.75638789,171.63
144.99422730,-36.75637330,184.70
144.99422752,-36.75636510,184.60
144.99422780,-36.75635420,174.19
144.99422802,-36.75634573,171.66
144.99422905,-36.75630618,171.63
144.99423006,-36.75626753,171.75
144.99423098,-36.75623230,171.68
144.99423161,-36.75620807,171.68
144.99423406,-36.75611392,171.70
144.99423465,-36.75609122,171.69
144.99423590,-36.75604338,171.60
144.99423597,-36.75604077,171.66
144.99423670,-36.75601266,190.84
144.99423706,-36.75599878,189.42
144.99423727,-36.75599049,171.68
144.99424171,-36.75582040,171.48
144.99424264,-36.75578445,171.84
144.99424610,-36.75565157,187.11
144.99424704,-36.75561571,171.12
144.99424762,-36.75559336,171.12
144.99424902,-36.75553949,186.02
144.99425040,-36.75548670,184.06
144.99425485,-36.75531570,171.88
144.99425571,-36.75528263,172.00
144.99425625,-36.75526174,185.88
144.99425740,-36.75521786,172.22
144.99425780,-36.75520236,172.29
144.99425799,-36.75519497,188.48
144.99425840,-36.75517948,172.38
144.99425847,-36.75517660,185.04
144.99425875,-36.75516588,188.17
144.99425953,-36.75513606,172.56
144.99426045,-36.75510074,172.74
144.99426139,-36.75506434,172.88
144.99426164,-36.75505479,184.57
144.99426204,-36.75503948,172.99
144.99426236,-36.75502749,173.04
144.99426350,-36.75498353,173.25
144.99426413,-36.75495947,173.28
144.99426418,-36.75495731,183.71
144.99426525,-36.75491641,173.39
144.99426636,-36.75487353,173.51
144.99426810,-36.75480686,173.79
144.99426851,-36.75479100,191.73
144.99426880,-36.75477992,191.76
144.99427141,-36.75467974,174.46
144.99427146,-36.75467803,189.80
144.99427152,-36.75467568,190.00
144.99427191,-36.75466073,188.89
144.99427224,-36.75464784,188.89
144.99427226,-36.75464730,174.65
144.99427258,-36.75463505,185.17
144.99427304,-36.75461712,186.07
144.99427426,-36.75457045,188.23
144.99427433,-36.75456766,175.12
144.99427500,-36.75454216,175.20
144.99427652,-36.75448360,185.14
144.99427653,-36.75448306,188.97
144.99427666,-36.75447802,188.43
144.99427732,-36.75445306,175.74
144.99427737,-36.75445090,175.74
144.99427962,-36.75436450,176.28
144.99427991,-36.75435333,187.17
144.99428001,-36.75434946,187.61
144.99428093,-36.75431414,188.57
144.99428111,-36.75430729,185.50
144.99428160,-36.75428873,176.68
144.99428233,-36.75426053,176.87
144.99428392,-36.75419954,177.22
144.99428398,-36.75419693,188.83
144.99428459,-36.75417378,177.41
144.99428487,-36.75416306,178.71
144.99428802,-36.75404188,178.20
144.99428849,-36.75402404,190.97
144.99428878,-36.75401287,192.22
144.99428882,-36.75401116,178.41
144.99428971,-36.75397692,178.58
144.99428981,-36.75397323,189.44
144.99429034,-36.75395305,189.11
144.99429085,-36.75393323,178.90
144.99429173,-36.75389980,191.78
144.99429178,-36.75389764,191.85
144.99429201,-36.75388872,192.87
144.99429209,-36.75388566,193.26
144.99429231,-36.75387728,190.34
144.99429235,-36.75387566,190.47
144.99429304,-36.75384908,187.82
144.99429410,-36.75380863,179.69
144.99429417,-36.75380611,179.68
144.99429545,-36.75375683,193.11
144.99429578,-36.75374394,180.12
144.99429586,-36.75374097,192.05
144.99429639,-36.75372043,180.26
144.99429673,-36.75370755,180.39
144.99429731,-36.75368520,182.33
144.99429796,-36.75366043,181.96
144.99429836,-36.75364511,180.83
144.99429869,-36.75363223,194.64
144.99429899,-36.75362061,181.04
144.99429925,-36.75361097,181.10
144.99430084,-36.75354953,181.39
144.99430235,-36.75349169,181.73
144.99430267,-36.75347943,181.85
144.99430286,-36.75347231,196.50
144.99430296,-36.75346844,195.90
144.99430316,-36.75346069,192.82
144.99430328,-36.75345619,182.01
144.99430337,-36.75345241,182.03
144.99430389,-36.75343267,193.94
144.99430475,-36.75339952,182.33
144.99430600,-36.75335159,182.54
144.99430625,-36.75334195,182.59
144.99430678,-36.75332177,182.69
144.99430678,-36.75332168,182.68
144.99430766,-36.75328789,182.83
144.99430860,-36.75325177,182.94
144.99430966,-36.75321096,183.08
144.99430989,-36.75320222,183.15
144.99431083,-36.75316600,183.36
144.99431097,-36.75316068,183.40
144.99431132,-36.75314717,189.85
144.99431173,-36.75313167,183.45
144.99431205,-36.75311933,192.10
144.99431299,-36.75308329,183.54
144.99431337,-36.75306879,183.45
144.99431342,-36.75306672,185.52
144.99431381,-36.75305167,201.56
144.99431411,-36.75304032,199.82
144.99431458,-36.75302203,183.27
144.99431723,-36.75292059,183.02
144.99431723,-36.75292032,196.14
144.99431793,-36.75289347,190.52
144.99431844,-36.75287383,182.83
144.99431930,-36.75284095,187.01
144.99431958,-36.75283031,182.69
144.99432043,-36.75279761,182.47
144.99432071,-36.75278671,188.24
144.99432099,-36.75277599,182.45
144.99432116,-36.75276959,182.32
144.99432159,-36.75275302,192.61
144.99432184,-36.75274347,189.30
144.99432206,-36.75273491,182.10
144.99432269,-36.75271049,189.92
144.99432285,-36.75270463,190.37
144.99432307,-36.75269626,181.88
144.99432328,-36.75268788,181.83
144.99432368,-36.75267247,192.30
144.99432487,-36.75262707,181.55
144.99432529,-36.75261094,183.58
144.99432533,-36.75260905,183.87
144.99432536,-36.75260815,183.84
144.99432594,-36.75258580,181.16
144.99432800,-36.75250670,180.62
144.99432889,-36.75247247,192.24
144.99433005,-36.75242814,187.28
144.99433024,-36.75242066,179.99
144.99433126,-36.75238156,179.70
144.99433146,-36.75237399,179.63
144.99433239,-36.75233823,179.34
144.99433349,-36.75229580,191.26
144.99433355,-36.75229372,191.53
144.99433385,-36.75228201,190.43
144.99433442,-36.75226021,178.76
144.99433463,-36.75225237,192.91
144.99433483,-36.75224435,178.65
144.99433590,-36.75220336,178.39
144.99433619,-36.75219219,194.34
144.99433683,-36.75216768,178.11
144.99433819,-36.75211543,188.69
144.99433936,-36.75207056,177.53
144.99434110,-36.75200389,176.92
144.99434209,-36.75196579,176.68
144.99434386,-36.75189758,176.25
144.99434575,-36.75182497,175.77
144.99434610,-36.75181173,175.69
144.99434719,-36.75176965,175.47
144.99434874,-36.75171019,191.49
144.99434876,-36.75170974,175.13
144.99434903,-36.75169911,187.63
144.99435016,-36.75165596,191.84
144.99435019,-36.75165442,174.91
144.99435149,-36.75160451,174.65
144.99435165,-36.75159848,192.77
144.99435251,-36.75156532,174.41
144.99435265,-36.75156019,190.68
144.99435326,-36.75153667,184.54
144.99435422,-36.75149983,174.36
144.99435494,-36.75147235,174.38
144.99435519,-36.75146262,187.35
144.99435994,-36.75128036,173.97
144.99436001,-36.75127739,173.95
144.99436528,-36.75107522,192.99
144.99436565,-36.75106089,193.15
144.99436648,-36.75102891,176.21
144.99436804,-36.75096918,182.94
144.99436809,-36.75096720,173.95
144.99437010,-36.75088999,190.04
144.99437017,-36.75088729,189.98
144.99437275,-36.75078836,188.84
144.99437375,-36.75074971,174.15
144.99437574,-36.75067349,174.26
144.99437581,-36.75067070,174.31
144.99437588,-36.75066800,174.32
144.99437595,-36.75066521,174.30
144.99437602,-36.75066241,174.31
144.99437624,-36.75065403,174.35
144.99437652,-36.75064331,189.94
144.99437747,-36.75060683,174.44
144.99437782,-36.75059340,186.22
144.99438125,-36.75046169,190.62
144.99438513,-36.75031276,174.97
144.99438558,-36.75029547,188.83
144.99439279,-36.75001852,175.53
144.99439286,-36.75001582,175.53
144.99439293,-36.75001312,175.51
144.99439300,-36.75001032,175.54
144.99439308,-36.75000762,175.52
144.99439314,-36.75000501,175.58
144.99439322,-36.75000221,175.56
144.99439328,-36.74999960,175.66
144.99439343,-36.74999420,175.65
144.99439349,-36.74999149,175.74
144.99439378,-36.74998068,175.60
144.99439428,-36.74996131,175.63
144.99439442,-36.74995582,185.33
144.99439518,-36.74992690,185.51
144.99439884,-36.74978626,175.81
144.99440056,-36.74972004,191.13
144.99440377,-36.74959689,176.02
144.99440453,-36.74956770,176.04
144.99440551,-36.74953013,195.63
144.99440572,-36.74952184,176.21
144.99440734,-36.74945977,176.53
144.99440743,-36.74945616,196.94
144.99440920,-36.74938841,176.92
144.99441128,-36.74930832,177.29
144.99441383,-36.74921039,177.60
144.99441590,-36.74913084,193.22
144.99441611,-36.74912291,187.54
144.99441622,-36.74911877,192.97
144.99441639,-36.74911219,190.08
144.99441686,-36.74909417,177.67
144.99441707,-36.74908606,177.64
144.99441788,-36.74905480,185.46
144.99441809,-36.74904669,177.75
144.99441908,-36.74900885,187.01
144.99442001,-36.74897309,177.98
144.99442022,-36.74896507,177.97
144.99442230,-36.74888515,178.20
144.99442392,-36.74882308,194.16
144.99442531,-36.74876966,178.60
144.99442657,-36.74872101,178.81
144.99442698,-36.74870524,188.26
144.99442755,-36.74868371,178.94
144.99442830,-36.74865479,182.07
144.99442864,-36.74864154,179.15
144.99442866,-36.74864082,193.25
144.99442930,-36.74861623,191.38
144.99442942,-36.74861172,179.30
144.99443089,-36.74855514,193.05
144.99443256,-36.74849109,180.08
144.99443328,-36.74846361,194.82
144.99443382,-36.74844262,180.32
144.99443407,-36.74843325,180.35
144.99443497,-36.74839847,180.62
144.99443592,-36.74836190,180.81
144.99443641,-36.74834316,194.16
144.99443650,-36.74833973,180.84
144.99443655,-36.74833793,180.86
144.99443693,-36.74832307,180.92
144.99443717,-36.74831406,192.50
144.99443722,-36.74831226,180.97
144.99444149,-36.74814802,182.36
144.99444158,-36.74814477,186.17
144.99444161,-36.74814351,195.17
144.99444264,-36.74810369,182.66
144.99444377,-36.74806072,188.26
144.99444378,-36.74806018,182.91
144.99444480,-36.74802107,183.20
144.99444559,-36.74799053,195.05
144.99444574,-36.74798486,193.61
144.99444600,-36.74797468,196.21
144.99444695,-36.74793837,183.77
144.99444722,-36.74792819,193.23
144.99444876,-36.74786891,184.24
144.99444964,-36.74783485,193.24
144.99445020,-36.74781359,188.21
144.99445052,-36.74780143,184.76
144.99445112,-36.74777800,184.96
144.99445193,-36.74774719,185.17
144.99445194,-36.74774692,195.61
144.99445196,-36.74774584,195.55
144.99445227,-36.74773413,193.47
144.99445232,-36.74773233,185.24
144.99445250,-36.74772530,192.89
144.99445304,-36.74770431,185.44
144.99445362,-36.74768215,197.72
144.99445368,-36.74767971,197.72
144.99445369,-36.74767962,185.64
144.99445384,-36.74767368,185.71
144.99445477,-36.74763782,185.89
144.99445574,-36.74760061,196.53
144.99445587,-36.74759575,197.04
144.99445588,-36.74759548,197.07
144.99445679,-36.74756061,201.54
144.99445683,-36.74755881,186.68
144.99445788,-36.74751863,194.42
144.99445816,-36.74750782,201.93
144.99445943,-36.74745917,198.94
144.99445959,-36.74745268,187.24
144.99445979,-36.74744529,187.97
144.99446040,-36.74742187,187.43
144.99446214,-36.74735493,198.40
144.99446282,-36.74732862,188.17
144.99446320,-36.74731394,188.32
144.99446395,-36.74728529,188.50
144.99446688,-36.74717285,189.35
144.99446692,-36.74717141,207.41
144.99446715,-36.74716258,205.05
144.99446920,-36.74708357,190.03
144.99446970,-36.74706456,190.20
144.99447126,-36.74700447,201.12
144.99447452,-36.74687942,191.62
144.99447508,-36.74685798,191.90
144.99447510,-36.74685717,210.18
144.99447518,-36.74685374,199.64
144.99447588,-36.74682717,191.88
144.99447599,-36.74682275,207.42
144.99447711,-36.74677996,192.19
144.99447859,-36.74672320,205.77
144.99447873,-36.74671761,192.60
144.99447895,-36.74670923,207.52
144.99448077,-36.74663914,202.61
144.99448091,-36.74663401,202.66
144.99448153,-36.74661013,205.23
144.99448163,-36.74660644,206.47
144.99448165,-36.74660545,192.52
144.99448212,-36.74658734,192.47
144.99448247,-36.74657410,200.57
144.99448301,-36.74655310,203.20
144.99448318,-36.74654662,192.57
144.99448525,-36.74646715,192.56
144.99448610,-36.74643445,192.54
144.99448610,-36.74643436,206.79
144.99448617,-36.74643202,207.20
144.99448798,-36.74636229,196.87
144.99448801,-36.74636121,194.89
144.99448817,-36.74635508,202.88
144.99448864,-36.74633688,192.43
144.99448891,-36.74632652,192.46
144.99448916,-36.74631697,205.12
144.99448948,-36.74630463,203.71
144.99448979,-36.74629264,208.14
144.99449144,-36.74622931,192.19
144.99449252,-36.74618778,204.10
144.99449282,-36.74617616,191.99
144.99449291,-36.74617309,202.11
144.99449316,-36.74616336,191.97
144.99449359,-36.74614670,191.95
144.99449556,-36.74607111,191.68
144.99449700,-36.74601570,191.55
144.99449744,-36.74599903,191.47
144.99449846,-36.74595957,191.29
144.99449890,-36.74594264,203.87
144.99450154,-36.74584137,190.91
144.99450223,-36.74581479,190.78
144.99450285,-36.74579101,190.73
144.99450358,-36.74576308,190.68
144.99450416,-36.74574074,190.65
144.99450464,-36.74572236,190.60
144.99450624,-36.74566109,201.23
144.99450653,-36.74564983,207.29
144.99450653,-36.74564956,204.80
144.99450673,-36.74564191,209.29
144.99450768,-36.74560569,190.32
144.99450867,-36.74556749,192.94
144.99450904,-36.74555325,192.49
144.99450932,-36.74554262,190.23
144.99450986,-36.74552190,199.09
144.99451012,-36.74551190,190.13
144.99451064,-36.74549172,193.76
144.99451116,-36.74547199,190.09
144.99451129,-36.74546677,199.15
144.99451175,-36.74544910,190.02
144.99451228,-36.74542884,209.33
144.99451266,-36.74541406,208.04
144.99451268,-36.74541352,210.17
144.99451327,-36.74539073,205.18
144.99451329,-36.74539019,195.15
144.99451343,-36.74538478,210.91
144.99451388,-36.74536730,210.40
144.99451418,-36.74535577,213.80
144.99451435,-36.74534928,189.83
144.99451447,-36.74534469,206.58
144.99451459,-36.74533991,193.56
144.99451752,-36.74522775,189.65
144.99451757,-36.74522568,189.65
144.99451816,-36.74520288,189.59
144.99451879,-36.74517865,189.51
144.99451966,-36.74514531,196.49
144.99452022,-36.74512369,205.09
144.99452049,-36.74511342,203.14
144.99452081,-36.74510108,194.58
144.99452096,-36.74509513,202.72
144.99452143,-36.74507721,204.97
144.99452194,-36.74505783,189.26
144.99452470,-36.74495179,189.16
144.99452559,-36.74491756,189.09
144.99452631,-36.74488972,189.11
144.99452873,-36.74479683,190.18
144.99453137,-36.74469530,189.20
144.99453147,-36.74469143,190.32
144.99453207,-36.74466863,189.16
144.99453432,-36.74458214,189.30
144.99453524,-36.74454674,189.36
144.99453597,-36.74451872,189.42
144.99453621,-36.74450953,189.39
144.99453696,-36.74448070,189.47
144.99453713,-36.74447421,189.48
144.99453844,-36.74442367,189.60
144.99453853,-36.74442061,189.61
144.99453860,-36.74441790,189.64
144.99453870,-36.74441376,206.02
144.99454159,-36.74430276,190.02
144.99454347,-36.74423069,190.30
144.99454355,-36.74422754,190.46
144.99454359,-36.74422610,190.48
144.99454497,-36.74417276,190.38
144.99454563,-36.74414781,206.88
144.99454578,-36.74414195,202.47
144.99454608,-36.74413051,204.22
144.99454617,-36.74412690,203.19
144.99454625,-36.74412393,203.37
144.99454844,-36.74403969,190.91
144.99455054,-36.74395888,202.97
144.99455172,-36.74391348,191.21
144.99455180,-36.74391077,191.21
144.99455292,-36.74386753,191.45
144.99455364,-36.74384014,191.51
144.99455402,-36.74382545,191.60
144.99455473,-36.74379780,191.63
144.99455476,-36.74379671,207.59
144.99455484,-36.74379365,191.55
144.99455497,-36.74378888,205.05
144.99455513,-36.74378266,204.98
144.99455655,-36.74372815,191.72
144.99455673,-36.74372122,192.45
144.99455738,-36.74369626,191.80
144.99455837,-36.74365833,191.91
144.99455869,-36.74364590,191.82
144.99456036,-36.74358184,191.99
144.99456143,-36.74354058,204.91
144.99456157,-36.74353535,208.69
144.99456176,-36.74352806,204.89
144.99456222,-36.74351049,191.98
144.99456242,-36.74350265,206.03
144.99456259,-36.74349590,192.07
144.99456323,-36.74347157,204.82
144.99456459,-36.74341914,203.04
144.99456482,-36.74341049,204.00
144.99456484,-36.74340967,192.07
144.99456503,-36.74340247,204.21
144.99456515,-36.74339751,204.57
144.99456530,-36.74339202,192.10
144.99456707,-36.74332391,192.24
144.99456708,-36.74332363,192.28
144.99456781,-36.74329562,192.33
144.99456871,-36.74326102,192.43
144.99457028,-36.74320066,192.45
144.99457198,-36.74313534,206.58
144.99457261,-36.74311120,207.98
144.99457293,-36.74309868,199.13
144.99457339,-36.74308111,201.08
144.99457344,-36.74307904,192.96
144.99457410,-36.74305390,193.04
144.99457417,-36.74305120,193.08
144.99457518,-36.74301245,193.38
144.99457716,-36.74293615,193.95
144.99457785,-36.74290993,205.20
144.99457930,-36.74285398,211.68
144.99457934,-36.74285245,194.99
144.99457945,-36.74284831,211.34
144.99457983,-36.74283362,207.26
144.99458000,-36.74282740,212.65
144.99458017,-36.74282056,195.32
144.99458204,-36.74274893,210.74
144.99458451,-36.74265371,197.77
144.99458481,-36.74264263,197.84
144.99458727,-36.74254776,199.30
144.99458746,-36.74254055,210.90
144.99458797,-36.74252100,212.12
144.99458810,-36.74251595,212.29
144.99458934,-36.74246830,205.53
144.99459023,-36.74243397,200.97
144.99459139,-36.74238956,201.65
144.99459299,-36.74232802,203.45
144.99459410,-36.74228559,203.15
144.99459433,-36.74227667,213.98
144.99459452,-36.74226946,214.80
144.99459474,-36.74226063,212.55
144.99459487,-36.74225577,213.17
144.99459649,-36.74219369,204.87
144.99459892,-36.74210036,206.28
144.99460031,-36.74204693,207.31
144.99460086,-36.74202549,207.52
144.99460091,-36.74202396,219.02
144.99460096,-36.74202197,207.82
144.99460122,-36.74201206,207.83
144.99460135,-36.74200702,216.39
144.99460278,-36.74195188,208.61
144.99460297,-36.74194486,215.74
144.99460330,-36.74193197,208.90
144.99460420,-36.74189738,209.38
144.99460488,-36.74187107,217.34
144.99460568,-36.74184044,210.08
144.99460589,-36.74183224,217.22
144.99460667,-36.74180242,220.72
144.99460711,-36.74178557,222.66
144.99460725,-36.74178017,210.80
144.99460797,-36.74175269,223.05
144.99460908,-36.74170998,218.59
144.99460911,-36.74170890,213.02
144.99460981,-36.74168197,211.67
144.99461115,-36.74163016,221.67
144.99461132,-36.74162395,227.82
144.99461147,-36.74161818,228.52
144.99461180,-36.74160548,212.26
144.99461197,-36.74159899,228.23
144.99461220,-36.74159016,221.55
144.99461296,-36.74156079,212.51
144.99461397,-36.74152205,212.65
144.99461401,-36.74152061,212.62
144.99461411,-36.74151674,223.16
144.99461482,-36.74148953,226.14
144.99461810,-36.74136322,217.71
144.99461873,-36.74133925,213.12
144.99461894,-36.74133123,228.43
144.99462005,-36.74128826,213.03
144.99462121,-36.74124384,212.83
144.99462300,-36.74117519,220.43
144.99462397,-36.74113772,212.43
144.99462534,-36.74108501,212.16
144.99462628,-36.74104924,212.11
144.99462688,-36.74102591,225.59
144.99462746,-36.74100375,227.36
144.99462759,-36.74099861,211.91
144.99462761,-36.74099789,226.49
144.99462850,-36.74096383,219.99
144.99462865,-36.74095807,211.62
144.99463013,-36.74090095,211.05
144.99463125,-36.74085816,210.67
144.99463231,-36.74081743,219.00
144.99463319,-36.74078374,226.41
144.99463391,-36.74075572,209.64
144.99463494,-36.74071626,209.33
144.99463573,-36.74068590,208.89
144.99463681,-36.74064419,208.17
144.99463783,-36.74060509,207.59
144.99463834,-36.74058562,209.70
144.99463852,-36.74057869,207.21
144.99463978,-36.74053040,206.62
144.99464133,-36.74047085,205.89
144.99464163,-36.74045923,220.50
144.99464192,-36.74044805,219.77
144.99464219,-36.74043769,214.87
144.99464221,-36.74043679,205.41
144.99464349,-36.74038769,204.67
144.99464487,-36.74033472,213.89
144.99464564,-36.74030508,216.43
144.99464572,-36.74030210,216.00
144.99464596,-36.74029282,211.98
144.99464604,-36.74028985,203.16
144.99464608,-36.74028805,203.08
144.99464653,-36.74027075,219.35
144.99464964,-36.74015156,200.82
144.99464967,-36.74015012,214.95
144.99465007,-36.74013489,216.28
144.99465530,-36.73993380,197.17
144.99465537,-36.73993119,197.32
144.99466014,-36.73974794,194.00
144.99466095,-36.73971677,206.11
144.99466113,-36.73970983,193.49
144.99466144,-36.73969812,203.71
144.99466150,-36.73969578,203.94
144.99466213,-36.73967163,207.32
144.99466225,-36.73966686,206.95
144.99466323,-36.73962929,192.25
144.99466367,-36.73961244,191.94
144.99466513,-36.73955632,191.12
144.99466516,-36.73955514,191.07
144.99466672,-36.73949505,190.31
144.99466725,-36.73947496,190.07
144.99466857,-36.73942397,204.71
144.99467076,-36.73933982,188.62
144.99467191,-36.73929577,206.54
144.99467448,-36.73919675,194.02
144.99467648,-36.73911990,185.97
144.99467760,-36.73907702,200.42
144.99467766,-36.73907477,200.61
144.99467790,-36.73906540,198.33
144.99467807,-36.73905900,194.99
144.99467866,-36.73903630,185.02
144.99467900,-36.73902323,184.76
144.99467927,-36.73901296,197.75
144.99468098,-36.73894719,204.02
144.99468129,-36.73893539,203.81
144.99468245,-36.73889089,183.59
144.99468677,-36.73872449,182.23
144.99468804,-36.73867601,181.90
144.99468856,-36.73865575,181.49
144.99469064,-36.73857583,194.38
144.99469131,-36.73855016,182.63
144.99469186,-36.73852925,197.73
144.99469312,-36.73848070,182.75
144.99469377,-36.73845556,182.76
144.99469442,-36.73843069,183.11
144.99469453,-36.73842637,195.76
144.99469461,-36.73842340,195.53
144.99469482,-36.73841538,183.08
144.99469537,-36.73839411,183.09
144.99469625,-36.73836042,183.38
144.99469696,-36.73833321,183.70
144.99469698,-36.73833213,200.99
144.99469704,-36.73832988,184.01
144.99469832,-36.73828087,199.68
144.99469856,-36.73827168,184.61
144.99469862,-36.73826925,184.62
144.99469926,-36.73824456,201.86
144.99470076,-36.73818690,198.82
144.99470099,-36.73817825,196.28
144.99470162,-36.73815420,198.23
144.99470344,-36.73808420,197.49
144.99470499,-36.73802464,187.14
144.99470540,-36.73800879,198.87
144.99470684,-36.73795329,187.92
144.99470700,-36.73794726,198.24
144.99470709,-36.73794383,198.00
144.99470710,-36.73794338,188.01
144.99470828,-36.73789806,191.57
144.99470878,-36.73787905,202.91
144.99470900,-36.73787041,188.71
144.99470926,-36.73786031,204.48
144.99470961,-36.73784707,196.16
144.99470971,-36.73784302,188.85
144.99471008,-36.73782905,198.03
144.99471108,-36.73779040,189.22
144.99471236,-36.73774130,204.62
144.99471243,-36.73773860,211.53
144.99471265,-36.73773013,203.75
144.99471276,-36.73772589,191.24
144.99471307,-36.73771391,210.62
144.99471381,-36.73768553,189.97
144.99471386,-36.73768355,189.97
144.99471427,-36.73766788,195.92
144.99471457,-36.73765625,190.94
144.99471553,-36.73761950,201.44
144.99471561,-36.73761643,201.50
144.99471570,-36.73761292,190.34
144.99471576,-36.73761049,202.78
144.99471585,-36.73760734,190.39
144.99471599,-36.73760157,207.47
144.99471609,-36.73759796,190.40
144.99471760,-36.73753977,190.64
144.99471873,-36.73749661,190.71
144.99471899,-36.73748652,190.72
144.99472030,-36.73743607,190.98
144.99472061,-36.73742427,208.41
144.99472073,-36.73741958,208.01
144.99472112,-36.73740463,203.71
144.99472150,-36.73738985,203.60
144.99472165,-36.73738408,191.09
144.99472169,-36.73738282,203.61
144.99472182,-36.73737777,191.35
144.99472353,-36.73731174,205.05
144.99472362,-36.73730859,191.15
144.99472431,-36.73728210,203.99
144.99472539,-36.73724038,191.14
144.99472753,-36.73715831,190.96
144.99472825,-36.73713065,190.90
144.99472860,-36.73711714,194.39
144.99473058,-36.73704101,205.12
144.99473081,-36.73703227,190.67
144.99473155,-36.73700389,208.06
144.99473167,-36.73699921,207.59
144.99473200,-36.73698641,205.30
144.99473202,-36.73698560,200.50
144.99473257,-36.73696479,202.49
144.99473304,-36.73694659,190.30
144.99473362,-36.73692407,200.27
144.99473496,-36.73687262,189.93
144.99473543,-36.73685443,195.74
144.99473557,-36.73684929,197.62
144.99473618,-36.73682569,203.15
144.99473620,-36.73682515,203.47
144.99473732,-36.73678208,189.31
144.99473745,-36.73677686,189.28
144.99473865,-36.73673100,188.90
144.99473975,-36.73668857,188.64
144.99474010,-36.73667505,198.35
144.99474018,-36.73667190,189.12
144.99474047,-36.73666082,199.34
144.99474056,-36.73665730,188.36
144.99474187,-36.73660694,201.59
144.99474268,-36.73657586,187.88
144.99474269,-36.73657559,187.90
144.99474314,-36.73655847,204.54
144.99474440,-36.73651009,200.71
144.99474446,-36.73650739,200.75
144.99474541,-36.73647117,204.36
144.99474661,-36.73642495,186.75
144.99474795,-36.73637360,186.28
144.99474808,-36.73636864,186.23
144.99474919,-36.73632558,185.95
144.99475105,-36.73625450,185.38
144.99475151,-36.73623666,185.23
144.99475285,-36.73618522,184.86
144.99475413,-36.73613594,184.49
144.99475498,-36.73610341,184.32
144.99475501,-36.73610206,184.27
144.99475666,-36.73603873,183.81
144.99475760,-36.73600269,199.38
144.99475841,-36.73597151,183.44
144.99475851,-36.73596755,196.50
144.99475922,-36.73594044,189.30
144.99475976,-36.73591945,183.13
144.99475990,-36.73591404,195.85
144.99476020,-36.73590268,182.98
144.99476025,-36.73590070,182.99
144.99476151,-36.73585232,182.66
144.99476182,-36.73584052,182.55
144.99476267,-36.73580782,182.36
144.99476334,-36.73578214,182.16
144.99476347,-36.73577719,194.99
144.99476398,-36.73575728,182.05
144.99476541,-36.73570250,199.73
144.99476556,-36.73569646,181.67
144.99476560,-36.73569520,200.68
144.99476579,-36.73568764,201.18
144.99476595,-36.73568151,181.60
144.99476726,-36.73563123,181.32
144.99476735,-36.73562790,195.55
144.99476823,-36.73559403,181.15
144.99476856,-36.73558160,181.11
144.99476944,-36.73554754,195.25
144.99476951,-36.73554474,195.31
144.99476953,-36.73554421,194.79
144.99476967,-36.73553862,181.02
144.99477018,-36.73551925,196.40
144.99477069,-36.73549943,189.77
144.99477107,-36.73548511,180.62
144.99477163,-36.73546330,180.55
144.99477203,-36.73544817,180.48
144.99477218,-36.73544222,180.43
144.99477435,-36.73535870,180.08
144.99477469,-36.73534555,180.05
144.99477637,-36.73528104,194.96
144.99477694,-36.73525933,197.39
144.99477716,-36.73525077,196.39
144.99477720,-36.73524933,197.25
144.99477763,-36.73523293,197.12
144.99477772,-36.73522915,195.00
144.99477784,-36.73522455,196.55
144.99477803,-36.73521735,195.82
144.99477810,-36.73521491,195.89
144.99477830,-36.73520681,179.55
144.99477864,-36.73519402,179.51
144.99477894,-36.73518239,191.08
144.99477934,-36.73516707,193.79
144.99477944,-36.73516303,188.44
144.99477953,-36.73515960,179.36
144.99478029,-36.73513032,190.02
144.99478100,-36.73510338,179.11
144.99478170,-36.73507635,179.06
144.99478356,-36.73500491,178.75
144.99478361,-36.73500302,189.93
144.99478420,-36.73498031,178.62
144.99478455,-36.73496680,178.60
144.99478605,-36.73490932,178.36
144.99478648,-36.73489238,178.29
144.99478749,-36.73485355,178.13
144.99478909,-36.73479220,193.39
144.99478971,-36.73476860,177.72
144.99479049,-36.73473859,177.56
144.99479161,-36.73469535,177.39
144.99479171,-36.73469157,177.35
144.99479283,-36.73464877,189.60
144.99479291,-36.73464526,177.16
144.99479299,-36.73464256,177.18
144.99479319,-36.73463472,190.55
144.99479458,-36.73458138,192.12
144.99479521,-36.73455705,176.86
144.99479564,-36.73454066,176.78
144.99479571,-36.73453787,176.76
144.99479640,-36.73451138,176.71
144.99479708,-36.73448507,176.68
144.99479825,-36.73444030,176.49
144.99479825,-36.73444011,176.52
144.99479945,-36.73439417,176.38
144.99479980,-36.73438065,185.83
144.99480159,-36.73431201,176.12
144.99480250,-36.73427686,175.98
144.99480290,-36.73426155,194.38
144.99480357,-36.73423570,196.97
144.99480358,-36.73423515,175.80
144.99480364,-36.73423317,197.10
144.99480404,-36.73421768,187.40
144.99480503,-36.73417957,194.42
144.99480522,-36.73417254,195.66
144.99480555,-36.73415957,175.36
144.99480627,-36.73413191,175.31
144.99480718,-36.73409704,176.29
144.99480779,-36.73407362,174.88
144.99480985,-36.73399433,174.72
144.99481012,-36.73398406,174.71
144.99481187,-36.73391667,185.39
144.99481213,-36.73390659,180.88
144.99481216,-36.73390577,174.25
144.99481358,-36.73385118,184.79
144.99481382,-36.73384181,174.01
144.99481526,-36.73378649,173.92
144.99481553,-36.73377586,185.48
144.99481607,-36.73375523,186.50
144.99481676,-36.73372892,173.79
144.99481779,-36.73368901,173.64
144.99481851,-36.73366162,173.58
144.99481857,-36.73365919,187.64
144.99481877,-36.73365144,173.56
144.99481927,-36.73363234,189.53
144.99482042,-36.73358793,173.49
144.99482130,-36.73355423,173.43
144.99482209,-36.73352396,180.75
144.99482330,-36.73347729,172.82
144.99482484,-36.73341819,172.80
144.99482632,-36.73336134,173.12
144.99482735,-36.73332170,173.16
144.99482822,-36.73328809,173.16
144.99482838,-36.73328197,178.56
144.99482867,-36.73327116,187.26
144.99482925,-36.73324855,173.05
144.99482932,-36.73324593,173.07
144.99483139,-36.73316638,182.09
144.99483165,-36.73315629,172.90
144.99483314,-36.73309917,172.97
144.99483517,-36.73302088,172.90
144.99483589,-36.73299358,174.81
144.99483638,-36.73297448,176.14
144.99483677,-36.73295944,173.01
144.99483762,-36.73292691,190.12
144.99483804,-36.73291070,191.24
144.99483821,-36.73290430,190.58
144.99483872,-36.73288448,186.74
144.99483901,-36.73287358,173.19
144.99483914,-36.73286835,184.04
144.99483956,-36.73285241,184.76
144.99483984,-36.73284160,179.58
144.99483985,-36.73284133,182.58
144.99483986,-36.73284060,173.23
144.99484054,-36.73281456,173.27
144.99484169,-36.73277042,173.32
144.99484263,-36.73273447,173.46
144.99484400,-36.73268177,173.35
144.99484456,-36.73266015,174.88
144.99484559,-36.73262069,173.42
144.99484669,-36.73257825,173.43
144.99484790,-36.73253177,173.43
144.99484955,-36.73246825,173.50
144.99484981,-36.73245816,173.53
144.99485063,-36.73242663,173.53
144.99485117,-36.73240582,173.31
144.99485127,-36.73240212,187.43
144.99485133,-36.73239987,184.22
144.99485259,-36.73235140,173.28
144.99485319,-36.73232852,182.12
144.99485364,-36.73231122,173.35
144.99485377,-36.73230617,179.55
144.99485395,-36.73229906,173.29
144.99485575,-36.73223014,173.18
144.99485745,-36.73216455,173.05
144.99485753,-36.73216157,173.07
144.99485887,-36.73211022,172.99
144.99486022,-36.73205806,172.80
144.99486133,-36.73201535,172.72
144.99486195,-36.73199175,172.63
144.99486203,-36.73198868,172.60
144.99486287,-36.73195643,172.52
144.99486375,-36.73192247,172.35
144.99486465,-36.73188796,172.21
144.99486518,-36.73186742,172.08
144.99486624,-36.73182679,179.89
144.99486629,-36.73182490,171.98
144.99486724,-36.73178832,177.38
144.99486831,-36.73174696,180.21
144.99486834,-36.73174597,171.63
144.99487019,-36.73167480,171.39
144.99487030,-36.73167074,171.42
144.99487153,-36.73162363,171.17
144.99487265,-36.73158038,171.08
144.99487480,-36.73149759,170.77
144.99487527,-36.73147984,170.76
144.99487644,-36.73143461,187.65
144.99487672,-36.73142398,170.59
144.99487678,-36.73142155,185.87
144.99487848,-36.73135605,170.51
144.99487965,-36.73131137,181.51
144.99488113,-36.73125442,186.97
144.99488126,-36.73124938,187.31
144.99488204,-36.73121929,181.52
144.99488205,-36.73121920,193.10
144.99488260,-36.73119767,185.52
144.99488326,-36.73117235,170.34
144.99488431,-36.73113199,170.31
144.99488437,-36.73112974,170.30
144.99488608,-36.73106388,170.12
144.99488689,-36.73102856,182.61
144.99488469,-36.73102681,170.32
144.99487810,-36.73102625,180.05
144.99485437,-36.73102576,170.19
144.99481700,-36.73102504,181.96
144.99472298,-36.73102345,184.48
144.99470507,-36.73102315,170.60
144.99467876,-36.73102271,170.71
144.99464317,-36.73102211,170.74
144.99458161,-36.73102107,182.68
144.99452710,-36.73102015,170.86
144.99446062,-36.73101903,170.88
144.99444461,-36.73101876,171.04
144.99440835,-36.73101815,171.01
144.99439771,-36.73101797,171.04
144.99435563,-36.73101726,171.08
144.99428769,-36.73101612,171.23
144.99420173,-36.73101467,188.88
144.99420084,-36.73101465,189.78
144.99408365,-36.73101268,171.60
144.99402656,-36.73101171,181.50
144.99402477,-36.73101168,179.47
144.99402466,-36.73101168,183.48
144.99401749,-36.73101156,180.34
144.99401683,-36.73101155,181.12
144.99386852,-36.73100905,181.40
144.99384927,-36.73100872,171.87
144.99381367,-36.73100812,185.19
144.99379420,-36.73100780,171.91
144.99378995,-36.73100772,171.89
144.99377999,-36.73100756,171.88
144.99365586,-36.73100546,172.02
144.99361075,-36.73100470,184.22
144.99360974,-36.73100468,181.70
144.99352490,-36.73100325,172.13
144.99337582,-36.73100074,183.85
144.99335343,-36.73100036,172.39
144.99328963,-36.73099929,172.41
144.99316170,-36.73099713,172.61
144.99305716,-36.73099536,172.79
144.99305683,-36.73099536,189.18
144.99299090,-36.73099425,185.29
144.99298631,-36.73099417,172.91
144.99283945,-36.73099169,180.58
144.99283532,-36.73099162,173.22
144.99281092,-36.73099121,186.24
144.99278998,-36.73099086,173.29
144.99259859,-36.73098763,173.83
144.99258695,-36.73098743,173.87
144.99252382,-36.73098637,174.08
144.99250401,-36.73098603,174.19
144.99233298,-36.73098315,192.52
144.99232795,-36.73098306,174.96
144.99230265,-36.73098263,185.95
144.99225553,-36.73098184,175.34
144.99223192,-36.73098144,175.47
144.99214036,-36.73097990,190.27
144.99213443,-36.73097980,175.86
144.99210790,-36.73097935,188.97
144.99210644,-36.73097932,190.43
144.99192557,-36.73097627,176.73
144.99185618,-36.73097510,176.99
144.99184756,-36.73097495,177.03
144.99176137,-36.73097350,187.71
144.99165851,-36.73097176,177.80
144.99159785,-36.73097074,178.08
144.99151267,-36.73096930,178.32
144.99128725,-36.73096549,179.51
144.99124572,-36.73096479,179.50
144.99121338,-36.73096425,179.66
144.99120061,-36.73096403,197.01
144.99112305,-36.73096272,179.84
144.99104503,-36.73096140,189.17
144.99095975,-36.73095997,180.30
144.99093915,-36.73095962,180.38
144.99077899,-36.73095691,180.59
144.99069011,-36.73095541,180.61
144.99052670,-36.73095265,184.40
144.99050655,-36.73095231,188.18
144.99048383,-36.73095193,180.43
144.99045686,-36.73095147,180.42
144.99041690,-36.73095080,194.37
144.99041377,-36.73095074,194.16
144.99040101,-36.73095053,197.41
144.99034829,-36.73094964,192.31
144.99033889,-36.73094948,180.32
144.99033710,-36.73094945,194.36
144.99033441,-36.73094941,180.29
144.99033363,-36.73094939,194.18
144.99033072,-36.73094934,180.32
144.99031079,-36.73094901,192.57
144.99024353,-36.73094787,196.22
144.99020234,-36.73094717,195.95
144.99010932,-36.73094560,180.21
     </coordinates>
    </LineString>
   </MultiGeometry>
  </Placemark>
 </Document>
</kml>
