<kml>
 <Document>
  <Style id="yellow">
   <LineStyle>
   <color>ff00ffff</color>
   <width>1</width>
   </LineStyle>
  </Style>
  <Style id="red">
   <LineStyle>
   <color>ffff0000</color>
   <width>2</width>
   </LineStyle>
  </Style>
  <Style id="green">
   <LineStyle>
   <color>ff00ff00</color>
   <width>1</width>
   </LineStyle>
  </Style>
  <Placemark>
  <styleUrl>#yellow</styleUrl>
   <MultiGeometry>
    <LineString>
     <coordinates>
148.18168074,-35.62996821,1259.32
148.18168012,-35.62992576,1263.38
148.18167634,-35.62967660,1231.44
148.18167413,-35.62967653,1229.78
148.18166596,-35.62967652,1228.73
148.18159164,-35.62967652,1228.18
148.18145868,-35.62967657,1226.43
148.18137309,-35.62967659,1225.40
148.18117001,-35.62967669,1224.08
148.18097929,-35.62967676,1221.42
148.18079907,-35.62967681,1218.60
148.18068422,-35.62967686,1216.57
148.18041664,-35.62967695,1212.57
148.18034044,-35.62967698,1211.55
148.18030235,-35.62967699,1210.66
148.18022549,-35.62967703,1209.09
148.18014797,-35.62967707,1208.36
148.17964748,-35.62967701,1205.04
148.17956179,-35.62967695,1204.05
148.17949211,-35.62967690,1203.48
148.17942286,-35.62967687,1202.99
148.17927743,-35.62967675,1200.65
148.17915716,-35.62967667,1199.19
148.17898720,-35.62967653,1196.43
148.17889345,-35.62967646,1194.76
148.17880863,-35.62967639,1193.48
148.17873133,-35.62967633,1190.98
148.17869698,-35.62967631,1190.16
148.17855662,-35.62967614,1186.85
148.17850538,-35.62967611,1186.17
148.17845514,-35.62967605,1185.37
148.17833520,-35.62967597,1184.27
148.17830749,-35.62967596,1184.92
148.17827999,-35.62967596,1185.34
148.17819087,-35.62967593,1187.09
148.17767433,-35.62967251,1195.51
148.17766256,-35.62967551,1194.26
148.17765543,-35.62970155,1194.61
148.17765553,-35.62970849,1194.83
148.17765850,-35.62976778,1195.72
148.17766257,-35.62986466,1198.37
148.17766271,-35.62988901,1197.66
148.17766362,-35.62990622,1197.06
148.17766507,-35.63000502,1199.17
148.17766604,-35.63006362,1200.71
148.17766530,-35.63013368,1200.44
148.17767056,-35.63025912,1200.50
148.17767175,-35.63027976,1200.60
148.17767327,-35.63030841,1200.52
148.17767397,-35.63038577,1201.36
148.17767264,-35.63040795,1201.45
148.17766971,-35.63045712,1201.76
148.17767386,-35.63050613,1202.33
148.17767425,-35.63055580,1201.58
148.17767774,-35.63059751,1201.86
148.17767816,-35.63065638,1202.31
148.17767809,-35.63068172,1202.59
148.17767873,-35.63074058,1203.20
148.17768324,-35.63079923,1203.90
148.17768327,-35.63084683,1204.49
148.17768354,-35.63085756,1204.73
148.17732532,-35.63119816,1225.45
148.17730688,-35.63119835,1211.12
148.17729517,-35.63119819,1223.99
148.17728854,-35.63119816,1220.34
148.17727341,-35.63119822,1219.30
148.17725298,-35.63119788,1237.54
148.17724525,-35.63119786,1237.73
148.17723774,-35.63119785,1237.60
148.17723001,-35.63119783,1237.47
148.17722260,-35.63119782,1236.51
148.17719755,-35.63119824,1212.00
148.17718981,-35.63119823,1211.86
148.17718220,-35.63119830,1210.33
148.17717436,-35.63119829,1210.46
148.17716640,-35.63119828,1210.61
148.17715867,-35.63119826,1210.60
148.17715072,-35.63119825,1210.60
148.17714288,-35.63119824,1210.94
148.17713504,-35.63119822,1211.01
148.17712720,-35.63119821,1210.63
148.17711925,-35.63119820,1210.59
148.17711140,-35.63119818,1210.77
148.17710356,-35.63119817,1210.73
148.17709539,-35.63119816,1212.37
148.17708744,-35.63119815,1212.84
148.17707960,-35.63119813,1212.87
148.17705354,-35.63119776,1233.22
148.17704591,-35.63119774,1232.62
148.17702923,-35.63119754,1244.19
148.17702161,-35.63119753,1243.86
148.17701388,-35.63119751,1244.31
148.17700593,-35.63119750,1246.06
148.17699820,-35.63119749,1246.43
148.17699058,-35.63119747,1246.25
148.17698285,-35.63119745,1246.20
148.17695977,-35.63119741,1247.39
148.17695204,-35.63119739,1247.28
148.17693669,-35.63119745,1242.75
148.17692896,-35.63119744,1243.09
148.17691338,-35.63119732,1249.51
148.17690576,-35.63119731,1249.80
148.17689803,-35.63119729,1250.87
148.17689042,-35.63119728,1252.75
148.17688268,-35.63119726,1253.43
148.17687506,-35.63119725,1253.57
148.17686733,-35.63119723,1251.74
148.17685960,-35.63119722,1251.55
148.17685187,-35.63119720,1251.35
148.17684414,-35.63119728,1248.46
148.17683597,-35.63119736,1241.62
148.17680252,-35.63119786,1211.56
148.17677866,-35.63119792,1211.66
148.17676276,-35.63119789,1211.73
148.17673106,-35.63119784,1211.99
148.17671516,-35.63119791,1211.92
148.17670732,-35.63119789,1212.25
148.17669937,-35.63119788,1212.17
148.17669153,-35.63119787,1212.25
148.17667563,-35.63119793,1212.26
148.17662825,-35.63119786,1212.79
148.17658087,-35.63119786,1212.91
148.17657292,-35.63119786,1212.77
148.17655713,-35.63119792,1212.82
148.17654145,-35.63119789,1213.00
148.17649870,-35.63119722,1250.88
148.17640434,-35.63119373,1213.08
148.17639661,-35.63119371,1213.22
148.17638093,-35.63119378,1213.16
148.17637309,-35.63119377,1213.13
148.17634979,-35.63119381,1213.23
148.17634195,-35.63119380,1213.08
148.17629556,-35.63119389,1213.25
148.17626442,-35.63119392,1212.85
148.17624896,-35.63119399,1212.76
148.17623350,-35.63119396,1212.84
148.17621076,-35.63119400,1213.36
148.17617221,-35.63119411,1212.77
148.17612682,-35.63119419,1213.12
148.17609601,-35.63119421,1212.19
148.17596769,-35.63119438,1210.71
148.17594505,-35.63119443,1210.07
148.17593037,-35.63119448,1210.12
148.17592275,-35.63119447,1209.80
148.17590044,-35.63119450,1209.45
148.17588565,-35.63119456,1209.15
148.17585704,-35.63119457,1209.87
148.17582060,-35.63119465,1209.45
148.17580580,-35.63119470,1209.00
148.17576925,-35.63119479,1207.98
148.17569173,-35.63119482,1208.10
148.17566390,-35.63119492,1207.98
148.17565683,-35.63119490,1207.90
148.17562889,-35.63119499,1207.50
148.17559454,-35.63119506,1207.34
148.17556749,-35.63119505,1207.28
148.17554717,-35.63119506,1207.12
148.17550675,-35.63119519,1206.68
148.17548036,-35.63119517,1206.55
148.17545385,-35.63119526,1206.10
148.17544072,-35.63119529,1205.92
148.17538903,-35.63119535,1205.39
148.17536341,-35.63119542,1204.89
148.17534486,-35.63119542,1205.06
148.17533790,-35.63119549,1204.39
148.17528854,-35.63119561,1204.00
148.17526446,-35.63119557,1203.91
148.17524061,-35.63119562,1203.81
148.17522846,-35.63119565,1203.52
148.17518794,-35.63119578,1203.60
148.17518230,-35.63119574,1203.61
148.17516519,-35.63119573,1203.57
148.17515414,-35.63119575,1203.70
148.17514840,-35.63119580,1203.62
148.17513184,-35.63119587,1203.65
148.17511549,-35.63119585,1203.74
148.17510445,-35.63119587,1203.59
148.17509363,-35.63119589,1203.55
148.17507783,-35.63119595,1203.74
148.17506237,-35.63119592,1204.00
148.17504194,-35.63119594,1204.27
148.17502682,-35.63119599,1204.54
148.17501665,-35.63119601,1204.53
148.17500694,-35.63119601,1204.77
148.17498253,-35.63119607,1205.04
148.17496829,-35.63119612,1205.22
148.17491285,-35.63119620,1205.89
148.17487342,-35.63119623,1206.30
148.17485222,-35.63119625,1206.45
148.17483996,-35.63119628,1206.68
148.17482362,-35.63119636,1206.70
148.17481556,-35.63119634,1206.70
148.17478067,-35.63119642,1206.84
148.17477327,-35.63119649,1206.90
148.17473406,-35.63119651,1207.17
148.17468801,-35.63119669,1207.10
148.17466979,-35.63119669,1207.12
148.17465842,-35.63119671,1207.21
148.17463655,-35.63119674,1207.19
148.17462131,-35.63119680,1207.24
148.17457173,-35.63119701,1207.26
148.17453783,-35.63119707,1207.16
148.17453661,-35.63119708,1207.16
148.17453540,-35.63119709,1207.14
148.17453430,-35.63119710,1207.17
148.17453319,-35.63119711,1207.16
148.17451177,-35.63119732,1207.55
148.17451166,-35.63119732,1207.52
148.17451155,-35.63119733,1207.54
148.17432014,-35.63121812,1243.01
148.17431428,-35.63121827,1234.76
148.17428094,-35.63121869,1207.09
148.17424163,-35.63121871,1206.95
148.17423379,-35.63121870,1206.91
148.17422550,-35.63121869,1210.45
148.17420994,-35.63121875,1209.02
148.17419392,-35.63121864,1211.43
148.17417835,-35.63121870,1209.77
148.17417051,-35.63121868,1209.49
148.17416267,-35.63121867,1209.51
148.17414699,-35.63121873,1208.19
148.17413903,-35.63121872,1208.39
148.17411529,-35.63121868,1210.48
148.17410723,-35.63121867,1214.28
148.17409950,-35.63121866,1213.19
148.17408382,-35.63121872,1208.49
148.17406803,-35.63121879,1206.11
148.17406007,-35.63121877,1206.34
148.17405213,-35.63121876,1206.26
148.17402882,-35.63121853,1225.17
148.17401336,-35.63121841,1229.76
148.17400541,-35.63121849,1227.98
148.17398973,-35.63121846,1227.13
148.17397283,-35.63121881,1205.69
148.17395726,-35.63121878,1208.00
148.17394931,-35.63121885,1208.88
148.17394114,-35.63121884,1205.60
148.17392568,-35.63121882,1209.54
148.17391010,-35.63121879,1211.98
148.17389354,-35.63121895,1205.54
148.17388559,-35.63121893,1205.58
148.17387775,-35.63121893,1205.54
148.17386306,-35.63121889,1214.02
148.17347383,-35.63091974,1206.38
148.17347558,-35.63085824,1206.12
148.17347432,-35.63082543,1205.84
148.17347423,-35.63079631,1205.68
148.17347641,-35.63076428,1205.18
148.17347641,-35.63076420,1205.22
148.17347538,-35.63073103,1204.76
148.17347408,-35.63070318,1205.12
148.17347563,-35.63064276,1203.21
148.17347745,-35.63060830,1203.02
148.17347739,-35.63060460,1203.04
148.17347882,-35.63054355,1202.47
148.17347859,-35.63048225,1201.92
148.17348069,-35.63042209,1201.49
148.17347909,-35.63038839,1201.20
148.17347897,-35.63032762,1200.98
148.17347913,-35.63032320,1200.96
148.17348353,-35.63026185,1199.32
148.17348299,-35.63020154,1198.69
148.17348420,-35.63014085,1197.11
148.17348199,-35.63012581,1196.88
148.17344927,-35.63011594,1198.13
148.17317689,-35.63010526,1188.34
148.17278700,-35.63010869,1177.19
148.17277530,-35.63010872,1177.10
148.17276326,-35.63010874,1177.01
148.17270937,-35.63010882,1176.23
148.17268552,-35.63010887,1175.38
148.17264278,-35.63010892,1174.06
148.17261142,-35.63010896,1173.27
148.17257962,-35.63010900,1172.38
148.17253279,-35.63010910,1172.75
148.17250154,-35.63010913,1170.48
148.17248067,-35.63010915,1170.89
148.17240646,-35.63010924,1169.02
148.17233126,-35.63010934,1166.23
148.17231039,-35.63010936,1165.51
148.17228941,-35.63010939,1164.68
148.17226776,-35.63010942,1164.35
148.17220272,-35.63010951,1162.96
148.17218108,-35.63010954,1162.15
148.17215137,-35.63010956,1161.78
148.17212917,-35.63010959,1161.27
148.17205441,-35.63010969,1159.37
148.17203199,-35.63010973,1158.48
148.17197810,-35.63010980,1158.11
148.17189362,-35.63010990,1155.32
148.17180682,-35.63011003,1154.31
148.17178220,-35.63011009,1155.48
148.17172610,-35.63011018,1155.47
148.17168679,-35.63011020,1153.11
148.17162262,-35.63011029,1151.23
148.17156575,-35.63011039,1150.46
148.17145930,-35.63011052,1149.21
148.17135218,-35.63011066,1147.80
148.17131905,-35.63011071,1147.35
148.17128592,-35.63011076,1147.22
148.17125268,-35.63011082,1146.61
148.17117792,-35.63011091,1145.75
148.17112790,-35.63011095,1145.05
148.17106141,-35.63011097,1144.27
148.17101139,-35.63011100,1143.35
148.17092813,-35.63011100,1141.62
148.17086153,-35.63011102,1140.65
148.17078677,-35.63011102,1139.02
148.17068738,-35.63011109,1137.09
148.17058026,-35.63011104,1134.50
148.17052294,-35.63011106,1133.30
148.17047424,-35.63011109,1132.63
148.17043405,-35.63011111,1132.49
148.17038590,-35.63011113,1132.13
148.17035476,-35.63011116,1133.28
148.17025383,-35.63011124,1135.20
148.17018458,-35.63011128,1135.50
148.17013953,-35.63011136,1136.58
148.17005781,-35.63011143,1138.14
148.16995632,-35.63011152,1139.81
148.16988576,-35.63011157,1141.05
148.16986510,-35.63011159,1141.58
148.16984412,-35.63011161,1141.73
148.16982347,-35.63011163,1141.93
148.16980304,-35.63011165,1142.27
148.16976262,-35.63011169,1142.89
148.16974241,-35.63011170,1143.00
148.16972254,-35.63011171,1143.23
148.16968996,-35.63011176,1143.89
148.16961929,-35.63011182,1144.42
148.16956926,-35.63011185,1144.84
148.16947804,-35.63011192,1144.82
148.16943751,-35.63011196,1145.15
148.16931560,-35.63011205,1145.18
148.16926414,-35.63011211,1145.47
148.16919092,-35.63011219,1145.68
148.16915878,-35.63011223,1145.85
148.16912786,-35.63011225,1146.01
148.16910699,-35.63011228,1146.44
148.16903157,-35.63011238,1146.66
148.16902075,-35.63011240,1146.85
148.16901003,-35.63011241,1146.97
148.16897635,-35.63011246,1147.48
148.16889386,-35.63011263,1148.62
148.16885952,-35.63011269,1148.64
148.16884605,-35.63011274,1148.83
148.16881766,-35.63011284,1149.18
148.16880044,-35.63011291,1149.52
148.16879890,-35.63011293,1149.64
148.16879812,-35.63011293,1149.65
148.16879746,-35.63011294,1149.69
148.16879680,-35.63011294,1149.69
148.16879614,-35.63011295,1149.72
148.16878995,-35.63011301,1149.56
148.16878590,-35.63012279,1149.84
148.16878248,-35.63013102,1149.79
148.16878270,-35.63021424,1149.49
148.16878270,-35.63021433,1149.57
148.16878661,-35.63037676,1150.52
148.16878946,-35.63043597,1150.93
148.16878965,-35.63047122,1151.11
148.16879079,-35.63050465,1151.68
148.16879160,-35.63052962,1151.47
148.16879248,-35.63059786,1151.76
148.16879240,-35.63062257,1151.83
148.16879407,-35.63069197,1152.54
148.16879466,-35.63072497,1152.86
148.16879674,-35.63079148,1153.30
148.16879714,-35.63081916,1153.44
148.16879884,-35.63091336,1153.63
148.16879855,-35.63100694,1153.74
148.16879855,-35.63100704,1153.77
148.16879957,-35.63103966,1153.71
148.16880220,-35.63109833,1153.74
148.16880151,-35.63115757,1153.68
148.16880153,-35.63116632,1153.84
148.16880325,-35.63119362,1153.85
148.16880319,-35.63129523,1154.22
148.16880396,-35.63135626,1154.38
148.16880569,-35.63142170,1154.17
148.16880679,-35.63147406,1154.35
148.16880885,-35.63150940,1154.69
148.16842416,-35.63181001,1188.37
148.16841521,-35.63180992,1193.97
148.16840693,-35.63180991,1193.96
148.16838485,-35.63181031,1171.98
148.16837679,-35.63181038,1169.94
148.16836851,-35.63181038,1168.70
148.16836055,-35.63181045,1165.14
148.16833326,-35.63181000,1194.00
148.16832510,-35.63180998,1193.60
148.16830886,-35.63181005,1191.13
148.16830058,-35.63181004,1190.96
148.16829207,-35.63180994,1195.43
148.16828379,-35.63180994,1199.64
148.16827562,-35.63180992,1197.51
148.16826734,-35.63180991,1200.33
148.16825916,-35.63180990,1200.22
148.16825110,-35.63180989,1199.95
148.16823465,-35.63181006,1190.83
148.16821809,-35.63181021,1186.46
148.16820980,-35.63181020,1186.45
148.16820130,-35.63181029,1179.46
148.16819313,-35.63181027,1179.24
148.16816784,-35.63181043,1172.37
148.16814146,-35.63181078,1153.82
148.16813306,-35.63181076,1154.58
148.16812467,-35.63181076,1155.01
148.16810733,-35.63181083,1152.34
148.16809904,-35.63181082,1152.73
148.16807596,-35.63181051,1173.98
148.16806845,-35.63181040,1180.05
148.16805254,-35.63181038,1186.06
148.16804416,-35.63181036,1185.92
148.16803642,-35.63181035,1189.58
148.16803598,-35.63181035,1186.18
148.16801909,-35.63181043,1184.15
148.16801135,-35.63181041,1186.84
148.16797172,-35.63181107,1152.21
148.16796322,-35.63181106,1152.42
148.16794643,-35.63181113,1153.55
148.16793804,-35.63181112,1153.40
148.16792954,-35.63181112,1153.51
148.16791187,-35.63181120,1149.92
148.16789497,-35.63181127,1149.83
148.16787796,-35.63181126,1149.64
148.16786946,-35.63181134,1149.66
148.16785234,-35.63181132,1149.15
148.16784395,-35.63181132,1149.18
148.16783545,-35.63181140,1148.86
148.16781855,-35.63181138,1148.80
148.16781016,-35.63181137,1148.89
148.16776354,-35.63181083,1184.24
148.16755790,-35.63179443,1142.44
148.16755337,-35.63179439,1142.42
148.16753482,-35.63179430,1142.30
148.16750477,-35.63179423,1142.49
148.16749097,-35.63179418,1142.59
148.16745762,-35.63179414,1143.68
148.16741234,-35.63179404,1143.22
148.16738208,-35.63179397,1144.88
148.16733536,-35.63179389,1146.64
148.16733172,-35.63179392,1146.70
148.16729185,-35.63179386,1145.98
148.16727020,-35.63179379,1147.24
148.16724425,-35.63179378,1148.16
148.16722736,-35.63179376,1148.21
148.16719312,-35.63179373,1147.71
148.16712774,-35.63179364,1147.86
148.16710753,-35.63179366,1148.39
148.16709803,-35.63179366,1148.06
148.16707893,-35.63179366,1147.40
148.16706844,-35.63179368,1147.58
148.16703785,-35.63179361,1147.13
148.16697357,-35.63179360,1146.69
148.16696805,-35.63179357,1146.69
148.16694508,-35.63179352,1147.07
148.16691769,-35.63179352,1146.19
148.16690599,-35.63179354,1146.25
148.16688854,-35.63179352,1146.22
148.16682846,-35.63179348,1146.43
148.16682227,-35.63179345,1146.50
148.16681576,-35.63179342,1146.84
148.16679676,-35.63179343,1147.34
148.16677733,-35.63179343,1148.03
148.16676463,-35.63179337,1148.17
148.16673900,-35.63179335,1148.50
148.16673216,-35.63179342,1148.91
148.16665916,-35.63179331,1150.62
148.16660571,-35.63179329,1150.82
148.16659864,-35.63179327,1151.15
148.16657843,-35.63179328,1151.11
148.16657158,-35.63179326,1151.21
148.16655071,-35.63179320,1151.58
148.16650179,-35.63179322,1152.12
148.16643806,-35.63179311,1152.46
148.16643045,-35.63179309,1152.96
148.16640770,-35.63179314,1154.55
148.16639334,-35.63179309,1154.48
148.16637887,-35.63179305,1154.43
148.16635016,-35.63179306,1154.08
148.16632785,-35.63179300,1154.59
148.16629892,-35.63179302,1153.92
148.16627650,-35.63179305,1154.18
148.16623906,-35.63179296,1154.27
148.16622404,-35.63179302,1154.21
148.16615557,-35.63179296,1154.52
148.16614011,-35.63179293,1154.58
148.16610930,-35.63179296,1154.71
148.16603906,-35.63179292,1155.29
148.16600736,-35.63179286,1155.90
148.16597600,-35.63179281,1155.80
148.16595214,-35.63179285,1155.91
148.16593613,-35.63179283,1156.28
148.16588798,-35.63179276,1156.90
148.16586380,-35.63179282,1157.12
148.16583950,-35.63179278,1157.58
148.16582349,-35.63179275,1157.31
148.16581498,-35.63179274,1158.30
148.16579886,-35.63179272,1158.38
148.16579069,-35.63179270,1158.46
148.16577468,-35.63179268,1158.13
148.16575038,-35.63179273,1157.99
148.16570974,-35.63179268,1158.08
148.16564403,-35.63179269,1158.32
148.16563575,-35.63179267,1158.43
148.16560273,-35.63179263,1158.62
148.16559455,-35.63179262,1158.80
148.16558627,-35.63179261,1158.73
148.16552210,-35.63179215,1186.29
148.16548875,-35.63179211,1190.22
148.16548057,-35.63179210,1190.64
148.16547251,-35.63179209,1190.38
148.16546434,-35.63179208,1190.30
148.16545617,-35.63179207,1190.39
148.16544800,-35.63179206,1190.45
148.16543232,-35.63179212,1186.67
148.16541542,-35.63179201,1190.86
148.16540725,-35.63179200,1191.01
148.16539896,-35.63179199,1191.88
148.16539101,-35.63179198,1190.71
148.16538251,-35.63179197,1192.77
148.16537423,-35.63179196,1194.09
148.16535788,-35.63179194,1194.52
148.16534971,-35.63179192,1194.15
148.16534154,-35.63179191,1195.95
148.16533325,-35.63179191,1196.21
148.16532519,-35.63179189,1195.55
148.16531702,-35.63179188,1195.34
148.16530090,-35.63179194,1192.85
148.16528466,-35.63179192,1191.53
148.16526832,-35.63179199,1186.86
148.16526003,-35.63179198,1186.99
148.16525186,-35.63179197,1188.44
148.16524358,-35.63179196,1189.18
148.16523541,-35.63179195,1190.03
148.16522724,-35.63179194,1190.47
148.16521906,-35.63179193,1190.71
148.16521078,-35.63179191,1190.83
148.16520261,-35.63179191,1190.28
148.16519444,-35.63179189,1190.30
148.16518615,-35.63179188,1190.04
148.16516959,-35.63179195,1187.49
148.16516142,-35.63179194,1186.63
148.16515291,-35.63179203,1182.78
148.16512652,-35.63179237,1157.99
148.16511813,-35.63179236,1159.37
148.16510974,-35.63179235,1160.28
148.16510146,-35.63179235,1160.35
148.16509295,-35.63179243,1160.56
148.16508434,-35.63179242,1158.36
148.16506877,-35.63179230,1168.57
148.16506048,-35.63179229,1169.88
148.16505209,-35.63179228,1168.97
148.16503420,-35.63179245,1159.73
148.16502548,-35.63179244,1158.46
148.16501709,-35.63179244,1158.34
148.16500847,-35.63179252,1157.13
148.16500008,-35.63179251,1156.90
148.16498550,-35.63179229,1169.94
148.16497721,-35.63179229,1169.93
148.16496882,-35.63179228,1170.21
148.16495479,-35.63179214,1183.27
148.16454520,-35.63149587,1147.18
148.16454304,-35.63149147,1146.89
148.16450401,-35.63148833,1146.25
148.16450257,-35.63148826,1146.25
148.16447695,-35.63148824,1145.87
148.16446933,-35.63148822,1145.62
148.16444448,-35.63148819,1145.72
148.16441798,-35.63148818,1144.72
148.16440980,-35.63148817,1144.62
148.16440163,-35.63148815,1167.99
148.16439302,-35.63148815,1168.65
148.16437734,-35.63148812,1144.55
148.16436155,-35.63148809,1144.45
148.16435249,-35.63148809,1143.95
148.16432565,-35.63148808,1143.56
148.16430025,-35.63148805,1143.47
148.16429285,-35.63148803,1143.35
148.16427419,-35.63148803,1142.93
148.16425806,-35.63148800,1143.08
148.16425012,-35.63148800,1142.94
148.16420826,-35.63148794,1142.74
148.16412709,-35.63148783,1141.91
148.16406822,-35.63148777,1141.52
148.16405243,-35.63148774,1141.85
148.16402626,-35.63148772,1141.86
148.16399512,-35.63148775,1141.14
148.16395679,-35.63148768,1141.04
148.16388236,-35.63148758,1141.21
148.16387629,-35.63148755,1141.31
148.16383443,-35.63148751,1141.47
148.16376706,-35.63148743,1141.42
148.16374807,-35.63148744,1141.49
148.16371615,-35.63148739,1141.70
148.16368965,-35.63148737,1142.43
148.16365022,-35.63148730,1142.67
148.16364337,-35.63148727,1142.93
148.16358341,-35.63148722,1142.79
148.16357656,-35.63148720,1142.83
148.16354211,-35.63148717,1143.17
148.16350036,-35.63148713,1143.49
148.16349340,-35.63148710,1143.62
148.16345784,-35.63148709,1144.01
148.16341477,-35.63148705,1144.45
148.16339313,-35.63148698,1144.64
148.16334928,-35.63148696,1145.11
148.16331240,-35.63148695,1145.58
148.16328280,-35.63148688,1145.86
148.16321466,-35.63148682,1147.04
148.16317667,-35.63148674,1147.32
148.16316905,-35.63148672,1147.36
148.16311571,-35.63148669,1147.33
148.16310002,-35.63148666,1147.79
148.16309229,-35.63148665,1147.82
148.16304602,-35.63148664,1147.55
148.16303840,-35.63148663,1147.34
148.16302272,-35.63148660,1147.54
148.16300704,-35.63148657,1147.59
148.16299147,-35.63148654,1147.52
148.16294376,-35.63148655,1148.29
148.16286458,-35.63148641,1147.78
148.16280052,-35.63148640,1147.23
148.16279246,-35.63148639,1147.19
148.16278440,-35.63148637,1147.13
148.16277634,-35.63148637,1147.10
148.16276828,-35.63148635,1147.08
148.16276022,-35.63148634,1147.01
148.16271968,-35.63148637,1146.81
148.16271151,-35.63148636,1146.69
148.16270334,-35.63148634,1146.76
148.16269528,-35.63148634,1146.53
148.16267893,-35.63148631,1146.40
148.16267076,-35.63148630,1146.22
148.16266259,-35.63148629,1146.13
148.16265442,-35.63148628,1146.15
148.16264624,-35.63148627,1146.08
148.16263818,-35.63148625,1145.83
148.16262990,-35.63148625,1145.87
148.16262173,-35.63148623,1145.82
148.16261344,-35.63148622,1145.77
148.16260527,-35.63148621,1145.67
148.16258064,-35.63148627,1145.41
148.16253106,-35.63148621,1144.89
148.16250632,-35.63148617,1144.57
148.16249793,-35.63148616,1144.57
148.16248965,-35.63148616,1144.48
148.16248136,-35.63148614,1144.45
148.16247297,-35.63148613,1144.54
148.16246469,-35.63148613,1144.47
148.16245629,-35.63148611,1144.27
148.16244801,-35.63148610,1144.17
148.16243973,-35.63148609,1144.12
148.16243134,-35.63148609,1144.12
148.16242305,-35.63148607,1143.74
148.16241477,-35.63148607,1143.61
148.16240638,-35.63148605,1143.58
148.16237292,-35.63148611,1143.03
148.16236452,-35.63148610,1143.05
148.16235624,-35.63148609,1143.26
148.16234774,-35.63148608,1143.37
148.16233934,-35.63148607,1143.05
148.16233106,-35.63148606,1142.94
148.16232266,-35.63148605,1143.13
148.16231427,-35.63148605,1142.82
148.16230588,-35.63148603,1142.70
148.16229749,-35.63148603,1142.83
148.16228909,-35.63148602,1142.44
148.16228070,-35.63148601,1142.24
148.16227220,-35.63148600,1142.46
148.16226391,-35.63148599,1142.20
148.16225541,-35.63148598,1141.96
148.16224702,-35.63148597,1142.56
148.16223863,-35.63148596,1141.70
148.16223023,-35.63148596,1141.64
148.16222184,-35.63148594,1141.37
148.16221344,-35.63148593,1141.41
148.16204894,-35.63148157,1169.89
148.16164129,-35.63143312,1129.51
148.16163267,-35.63143302,1129.07
148.16162704,-35.63143299,1128.98
148.16161379,-35.63143294,1128.75
148.16159203,-35.63143288,1127.98
148.16158452,-35.63143286,1128.06
148.16157734,-35.63143284,1127.79
148.16156298,-35.63143280,1127.49
148.16155525,-35.63143278,1166.31
148.16154731,-35.63143277,1127.21
148.16153019,-35.63143275,1126.92
148.16151384,-35.63143273,1126.95
148.16145078,-35.63143262,1125.73
148.16144404,-35.63143259,1125.63
148.16142726,-35.63143256,1125.19
148.16140252,-35.63143253,1124.50
148.16136022,-35.63143250,1123.88
148.16132732,-35.63143245,1123.48
148.16131903,-35.63143244,1123.36
148.16127806,-35.63143239,1123.91
148.16125476,-35.63143234,1124.03
148.16122129,-35.63143230,1123.99
148.16119600,-35.63143227,1124.43
148.16113902,-35.63143219,1124.88
148.16112301,-35.63143217,1125.00
148.16110655,-35.63143215,1125.29
148.16108965,-35.63143213,1125.73
148.16103190,-35.63143205,1127.30
148.16097193,-35.63143200,1128.96
148.16095172,-35.63143192,1131.01
148.16093471,-35.63143191,1130.18
148.16086050,-35.63143181,1130.63
148.16078904,-35.63143177,1131.72
148.16077579,-35.63143173,1131.98
148.16076905,-35.63143170,1132.19
148.16073570,-35.63143166,1132.57
148.16070158,-35.63143163,1133.32
148.16066757,-35.63143160,1133.68
148.16066038,-35.63143158,1133.95
148.16039396,-35.63142757,1136.76
148.16036392,-35.63142749,1137.29
148.16033399,-35.63142751,1137.41
148.16031875,-35.63142748,1137.65
148.16028065,-35.63142748,1138.20
148.16027281,-35.63142747,1138.58
148.16023460,-35.63142748,1138.83
148.16022676,-35.63142746,1139.09
148.16018855,-35.63142747,1138.74
148.16014957,-35.63142748,1139.21
148.16014162,-35.63142747,1139.37
148.16010230,-35.63142748,1139.78
148.16008662,-35.63142745,1139.80
148.16005481,-35.63142749,1140.25
148.16004675,-35.63142748,1140.70
148.16003880,-35.63142747,1140.79
148.16002289,-35.63142744,1140.92
148.15998292,-35.63142746,1141.22
148.15997497,-35.63142745,1141.24
148.15994283,-35.63142749,1141.32
148.15992682,-35.63142746,1141.32
148.15991876,-35.63142745,1141.33
148.15991070,-35.63142744,1141.40
148.15990252,-35.63142743,1141.62
148.15989446,-35.63142742,1141.69
148.15988640,-35.63142740,1141.75
148.15985382,-35.63142745,1141.94
148.15984576,-35.63142743,1141.98
148.15983759,-35.63142742,1142.12
148.15982941,-35.63142741,1142.20
148.15982113,-35.63142740,1142.43
148.15977210,-35.63142742,1142.82
148.15976393,-35.63142741,1142.77
148.15975575,-35.63142739,1142.72
148.15974758,-35.63142739,1142.74
148.15973919,-35.63142738,1142.85
148.15970639,-35.63142742,1142.75
148.15969822,-35.63142741,1142.81
148.15968994,-35.63142740,1142.90
148.15968165,-35.63142739,1142.90
148.15967348,-35.63142738,1142.90
148.15966520,-35.63142736,1143.05
148.15963207,-35.63142742,1143.34
148.15962367,-35.63142741,1143.20
148.15961550,-35.63142739,1143.07
148.15960722,-35.63142739,1143.11
148.15959883,-35.63142738,1143.15
148.15959054,-35.63142737,1143.25
148.15955730,-35.63142742,1143.32
148.15954902,-35.63142741,1143.33
148.15954063,-35.63142739,1143.38
148.15953223,-35.63142739,1143.40
148.15952395,-35.63142737,1143.43
148.15951556,-35.63142737,1143.58
148.15950716,-35.63142736,1143.66
148.15947381,-35.63142741,1143.81
148.15946542,-35.63142739,1143.90
148.15945714,-35.63142739,1143.92
148.15944874,-35.63142738,1143.97
148.15944035,-35.63142737,1144.00
148.15943196,-35.63142736,1144.00
148.15942357,-35.63142735,1143.95
148.15941517,-35.63142734,1143.93
148.15938999,-35.63142740,1144.12
148.15938171,-35.63142739,1144.35
148.15937332,-35.63142738,1144.43
148.15936492,-35.63142737,1144.50
148.15935653,-35.63142736,1144.53
148.15934814,-35.63142736,1144.70
148.15933974,-35.63142735,1144.71
148.15933135,-35.63142733,1144.61
148.15932285,-35.63142733,1144.80
148.15929767,-35.63142739,1145.35
148.15928088,-35.63142737,1145.58
148.15927260,-35.63142736,1145.07
148.15926421,-35.63142735,1145.27
148.15925582,-35.63142734,1145.14
148.15922202,-35.63142740,1145.29
148.15921374,-35.63142739,1144.99
148.15920535,-35.63142738,1145.51
148.15919695,-35.63142736,1145.32
148.15918856,-35.63142736,1145.48
148.15918017,-35.63142735,1145.62
148.15863646,-35.63136370,1147.09
148.15862641,-35.63136371,1147.05
148.15860377,-35.63136374,1146.97
148.15859163,-35.63136377,1147.15
148.15858014,-35.63136379,1147.22
148.15856976,-35.63136380,1147.25
148.15856115,-35.63136379,1147.11
148.15855110,-35.63136380,1147.57
148.15854116,-35.63136380,1147.75
148.15853122,-35.63136381,1147.60
148.15852051,-35.63136382,1147.63
148.15851123,-35.63136382,1148.20
148.15850052,-35.63136383,1147.75
148.15849146,-35.63136383,1147.86
148.15848218,-35.63136383,1147.87
148.15846949,-35.63136386,1147.95
148.15845977,-35.63136387,1147.90
148.15844961,-35.63136387,1147.96
148.15842123,-35.63136388,1148.33
148.15841350,-35.63136386,1148.55
148.15839483,-35.63136386,1148.55
148.15838390,-35.63136388,1148.15
148.15837186,-35.63136390,1148.38
148.15835541,-35.63136388,1148.63
148.15834734,-35.63136386,1148.49
148.15833851,-35.63136386,1148.85
148.15831720,-35.63136389,1148.99
148.15827225,-35.63136386,1149.30
148.15826319,-35.63136386,1149.23
148.15823514,-35.63136386,1149.22
148.15822510,-35.63136387,1149.52
148.15821538,-35.63136387,1149.50
148.15819517,-35.63136389,1149.92
148.15816944,-35.63136386,1150.29
148.15815916,-35.63136387,1150.40
148.15812173,-35.63136387,1151.06
148.15810593,-35.63136384,1150.88
148.15808959,-35.63136391,1150.96
148.15806187,-35.63136390,1151.18
148.15803912,-35.63136386,1151.34
148.15802222,-35.63136392,1151.28
148.15797551,-35.63136392,1151.50
148.15796932,-35.63136389,1151.66
148.15796358,-35.63136386,1151.59
148.15795144,-35.63136389,1151.79
148.15792725,-35.63136385,1151.82
148.15791477,-35.63136388,1152.11
148.15789611,-35.63136388,1152.28
148.15788970,-35.63136385,1152.51
148.15787137,-35.63136384,1152.31
148.15785238,-35.63136384,1152.41
148.15783338,-35.63136385,1152.39
148.15782687,-35.63136382,1152.47
148.15780721,-35.63136383,1152.90
148.15778766,-35.63136383,1152.89
148.15776811,-35.63136384,1152.93
148.15774835,-35.63136386,1152.92
148.15772129,-35.63136385,1153.28
148.15771478,-35.63136382,1153.13
148.15768717,-35.63136381,1153.67
148.15766696,-35.63136383,1153.46
148.15764608,-35.63136385,1153.69
148.15763891,-35.63136383,1154.03
148.15758313,-35.63136382,1154.08
148.15757596,-35.63136380,1154.15
148.15755454,-35.63136383,1154.37
148.15754746,-35.63136380,1154.36
148.15754017,-35.63136378,1154.43
148.15751102,-35.63136380,1154.94
148.15749655,-35.63136384,1154.92
148.15745978,-35.63136383,1155.51
148.15745260,-35.63136381,1155.37
148.15744520,-35.63136379,1155.44
148.15738535,-35.63136383,1156.22
148.15734725,-35.63136374,1157.19
148.15733234,-35.63136380,1156.97
148.15732449,-35.63136378,1157.25
148.15731688,-35.63136376,1157.42
148.15730926,-35.63136374,1157.42
148.15728629,-35.63136379,1157.66
148.15727060,-35.63136376,1158.18
148.15725547,-35.63136372,1158.03
148.15723968,-35.63136369,1158.56
148.15722389,-35.63136376,1159.00
148.15721605,-35.63136374,1159.34
148.15717706,-35.63136375,1159.60
148.15716900,-35.63136374,1159.97
148.15711412,-35.63136373,1160.18
148.15710606,-35.63136371,1160.38
148.15709811,-35.63136370,1160.53
148.15709015,-35.63136368,1160.63
148.15708209,-35.63136368,1160.89
148.15707414,-35.63136366,1160.91
148.15706619,-35.63136365,1161.04
148.15705791,-35.63136364,1161.54
148.15704200,-35.63136370,1161.58
148.15703394,-35.63136368,1161.71
148.15702588,-35.63136367,1161.86
148.15701793,-35.63136366,1161.81
148.15700976,-35.63136365,1162.12
148.15700136,-35.63136364,1162.80
148.15699330,-35.63136362,1163.01
148.15698524,-35.63136362,1162.96
148.15697718,-35.63136360,1163.02
148.15696150,-35.63136366,1162.30
148.15695343,-35.63136365,1162.25
148.15694537,-35.63136364,1162.34
148.15692096,-35.63136359,1162.67
148.15689634,-35.63136365,1163.10
148.15688011,-35.63136363,1163.20
148.15687171,-35.63136362,1163.94
148.15686354,-35.63136361,1164.00
148.15685537,-35.63136359,1164.09
148.15684720,-35.63136359,1163.87
148.15683913,-35.63136357,1163.80
148.15681417,-35.63136363,1164.75
148.15680601,-35.63136362,1164.73
148.15679761,-35.63136361,1165.16
148.15678944,-35.63136360,1165.01
148.15678115,-35.63136359,1165.32
148.15677298,-35.63136358,1165.22
148.15676481,-35.63136356,1165.01
148.15674847,-35.63136363,1164.74
148.15674008,-35.63136362,1165.05
148.15673179,-35.63136362,1164.99
148.15672362,-35.63136360,1164.99
148.15671534,-35.63136359,1164.99
148.15670694,-35.63136358,1165.15
148.15669855,-35.63136357,1165.66
148.15669016,-35.63136356,1165.92
148.15668198,-35.63136355,1165.68
148.15667359,-35.63136354,1165.70
148.15666542,-35.63136353,1165.84
148.15665703,-35.63136361,1165.91
148.15664024,-35.63136359,1166.30
148.15661528,-35.63136356,1166.54
148.15659838,-35.63136354,1167.60
148.15658999,-35.63136353,1167.88
148.15658160,-35.63136352,1167.95
148.15657320,-35.63136351,1168.37
148.15656481,-35.63136351,1168.49
148.15653952,-35.63136348,1169.18
148.15653124,-35.63136347,1169.14
148.15651335,-35.63136336,1176.74
148.15650485,-35.63136336,1177.33
148.15649634,-35.63136335,1178.57
148.15648817,-35.63136334,1177.73
148.15647977,-35.63136333,1177.71
148.15647149,-35.63136332,1177.16
148.15645426,-35.63136330,1182.29
148.15644576,-35.63136320,1183.66
148.15642919,-35.63136327,1183.00
148.15642102,-35.63136326,1181.78
148.15640534,-35.63136341,1171.42
148.15639695,-35.63136340,1171.56
148.15638844,-35.63136339,1172.26
148.15637133,-35.63136338,1175.42
148.15636315,-35.63136336,1173.62
148.15635476,-35.63136345,1173.41
148.15634637,-35.63136344,1172.69
148.15633787,-35.63136333,1176.18
148.15632958,-35.63136342,1173.06
148.15632119,-35.63136341,1173.34
148.15631280,-35.63136339,1173.32
148.15630441,-35.63136339,1173.59
148.15629601,-35.63136338,1173.78
148.15628751,-35.63136337,1173.89
148.15627912,-35.63136336,1174.03
148.15627072,-35.63136335,1174.75
148.15626233,-35.63136334,1174.68
148.15625394,-35.63136342,1174.77
148.15624554,-35.63136342,1174.60
148.15623715,-35.63136340,1174.68
148.15622876,-35.63136339,1175.02
148.15622036,-35.63136338,1175.12
148.15621197,-35.63136337,1175.39
148.15619596,-35.63136317,1187.11
148.15618756,-35.63136316,1187.97
148.15617939,-35.63136315,1188.66
148.15617100,-35.63136314,1187.73
148.15615443,-35.63136321,1188.45
148.15577001,-35.63104899,1175.36
148.15576931,-35.63102304,1175.10
148.15576969,-35.63098805,1174.79
148.15577208,-35.63095494,1174.49
148.15577419,-35.63089397,1174.11
148.15577471,-35.63086890,1174.18
148.15577298,-35.63083303,1174.15
148.15577252,-35.63080094,1173.90
148.15577343,-35.63076496,1173.57
148.15577287,-35.63073314,1173.25
148.15577378,-35.63070491,1174.09
148.15577517,-35.63067036,1173.16
148.15577385,-35.63060980,1173.68
148.15577295,-35.63057815,1173.59
148.15577356,-35.63054371,1173.00
148.15577479,-35.63048338,1172.30
148.15577638,-35.63044802,1171.93
148.15578095,-35.63038180,1171.65
148.15578180,-35.63032571,1171.43
148.15578020,-35.63029156,1171.19
148.15577952,-35.63025956,1171.14
148.15578025,-35.63019509,1171.09
148.15578166,-35.63013242,1170.30
148.15578061,-35.63006661,1169.38
148.15578010,-35.63003912,1169.26
148.15577958,-35.62994933,1167.66
148.15578055,-35.62991686,1167.19
148.15578110,-35.62987844,1166.78
148.15577941,-35.62983789,1166.29
148.15577878,-35.62981662,1166.19
148.15577628,-35.62981204,1166.15
148.15577319,-35.62981198,1166.15
148.15576634,-35.62981196,1166.14
148.15575110,-35.62981192,1166.05
148.15574271,-35.62981191,1166.02
148.15572493,-35.62981190,1165.85
148.15569025,-35.62981188,1165.57
148.15565536,-35.62981185,1165.49
148.15564641,-35.62981185,1165.86
148.15563603,-35.62981185,1165.24
148.15557286,-35.62981183,1164.83
148.15555563,-35.62981182,1164.64
148.15553752,-35.62981181,1164.52
148.15551864,-35.62981181,1164.35
148.15549920,-35.62981182,1164.24
148.15546298,-35.62981180,1163.75
148.15545447,-35.62981180,1163.67
148.15542444,-35.62981181,1163.29
148.15541516,-35.62981181,1163.52
148.15538888,-35.62981179,1162.69
148.15535156,-35.62981179,1162.11
148.15533002,-35.62981181,1163.30
148.15531202,-35.62981181,1161.97
148.15528474,-35.62981180,1163.06
148.15526751,-35.62981178,1160.62
148.15525194,-35.62981175,1160.36
148.15524002,-35.62981178,1161.08
148.15522875,-35.62981180,1161.46
148.15519286,-35.62981177,1159.50
148.15516503,-35.62981177,1159.22
148.15511986,-35.62981176,1158.24
148.15510153,-35.62981175,1158.67
148.15505537,-35.62981174,1157.02
148.15504322,-35.62981177,1156.93
148.15498790,-35.62981176,1156.13
148.15496692,-35.62981178,1157.57
148.15492827,-35.62981179,1157.53
148.15491059,-35.62981178,1155.89
148.15488487,-35.62981175,1155.21
148.15486377,-35.62981177,1156.19
148.15485141,-35.62981180,1155.15
148.15479806,-35.62981177,1154.09
148.15477045,-35.62981177,1153.96
148.15474263,-35.62981177,1153.81
148.15470066,-35.62981181,1153.39
148.15469061,-35.62981182,1156.07
148.15466455,-35.62981180,1153.48
148.15463297,-35.62981183,1156.05
148.15460690,-35.62981181,1153.01
148.15457355,-35.62981185,1157.12
148.15453921,-35.62981183,1153.98
148.15450929,-35.62981184,1154.04
148.15449570,-35.62981188,1152.42
148.15446566,-35.62981190,1152.07
148.15445771,-35.62981188,1152.48
148.15443518,-35.62981183,1151.96
148.15440437,-35.62981185,1152.07
148.15439675,-35.62981184,1152.02
148.15436616,-35.62981186,1151.46
148.15433513,-35.62981188,1151.18
148.15432718,-35.62981188,1151.23
148.15431956,-35.62981185,1151.05
148.15428820,-35.62981188,1150.83
148.15427241,-35.62981185,1150.89
148.15424855,-35.62981191,1150.97
148.15421730,-35.62981193,1150.01
148.15420924,-35.62981192,1150.10
148.15420151,-35.62981190,1149.77
148.15414453,-35.62981191,1150.56
148.15413680,-35.62981189,1150.00
148.15411250,-35.62981194,1150.07
148.15410410,-35.62981194,1150.39
148.15409560,-35.62981193,1150.93
148.15408754,-35.62981191,1150.86
148.15406480,-35.62981195,1148.02
148.15405684,-35.62981194,1147.43
148.15404050,-35.62981191,1147.42
148.15402426,-35.62981189,1146.97
148.15399942,-35.62981194,1147.24
148.15399146,-35.62981194,1146.82
148.15398263,-35.62981193,1147.83
148.15397490,-35.62981191,1146.69
148.15396673,-35.62981190,1146.63
148.15395878,-35.62981188,1145.91
148.15395105,-35.62981187,1144.65
148.15392609,-35.62981193,1144.85
148.15390875,-35.62981191,1146.09
148.15390080,-35.62981190,1145.21
148.15389340,-35.62981188,1143.11
148.15386745,-35.62981195,1145.07
148.15385906,-35.62981194,1145.18
148.15385089,-35.62981193,1144.90
148.15379125,-35.62981196,1146.44
148.15378330,-35.62981194,1145.46
148.15377480,-35.62981194,1145.32
148.15375691,-35.62981202,1148.52
148.15374862,-35.62981200,1148.06
148.15374023,-35.62981200,1147.76
148.15372323,-35.62981207,1148.04
148.15371472,-35.62981206,1148.52
148.15370611,-35.62981206,1149.09
148.15369794,-35.62981204,1147.85
148.15368943,-35.62981203,1147.99
148.15368082,-35.62981202,1148.47
148.15364626,-35.62981209,1150.95
148.15363808,-35.62981208,1150.27
148.15362936,-35.62981206,1151.14
148.15361235,-35.62981214,1151.24
148.15359557,-35.62981212,1150.33
148.15358695,-35.62981211,1150.87
148.15357856,-35.62981210,1150.25
148.15357006,-35.62981209,1150.59
148.15356155,-35.62981209,1150.48
148.15354400,-35.62981216,1153.76
148.15353560,-35.62981215,1153.13
148.15352699,-35.62981215,1154.02
148.15351859,-35.62981214,1153.85
148.15350137,-35.62981221,1154.21
148.15349242,-35.62981221,1157.41
148.15347619,-35.62981218,1152.92
148.15346769,-35.62981217,1152.51
148.15345918,-35.62981216,1152.64
148.15345057,-35.62981215,1153.57
148.15344218,-35.62981215,1152.71
148.15342506,-35.62981222,1154.45
148.15340805,-35.62981220,1153.85
148.15339955,-35.62981219,1153.96
148.15339105,-35.62981219,1153.64
148.15338254,-35.62981218,1153.69
148.15336521,-35.62981225,1157.28
148.15335692,-35.62981224,1155.63
148.15334842,-35.62981223,1155.53
148.15333992,-35.62981222,1154.57
148.15333152,-35.62981221,1154.81
148.15332302,-35.62981221,1154.48
148.15331441,-35.62981220,1154.60
148.15329740,-35.62981218,1154.85
148.15327156,-35.62981252,1182.11
148.15326328,-35.62981259,1187.61
148.15325489,-35.62981259,1186.56
148.15322109,-35.62981219,1156.08
148.15276252,-35.62957802,1155.01
148.15274903,-35.62956895,1155.12
148.15273578,-35.62956890,1155.21
148.15272706,-35.62956889,1155.30
148.15270928,-35.62956888,1155.02
148.15269150,-35.62956887,1155.07
148.15260735,-35.62956886,1155.01
148.15256936,-35.62956886,1154.96
148.15251260,-35.62956887,1154.89
148.15237091,-35.62956887,1154.45
148.15235225,-35.62956887,1154.44
148.15233314,-35.62956887,1154.50
148.15222790,-35.62956888,1154.04
148.15214055,-35.62956891,1153.96
148.15200571,-35.62956894,1153.73
148.15187993,-35.62956897,1153.61
148.15175360,-35.62956900,1153.74
148.15170556,-35.62956901,1153.74
148.15165642,-35.62956903,1154.07
148.15160705,-35.62956906,1153.96
148.15157834,-35.62956906,1154.13
148.15154952,-35.62956906,1154.05
148.15152047,-35.62956907,1154.05
148.15149099,-35.62956908,1154.28
148.15146150,-35.62956909,1154.31
148.15136432,-35.62956912,1154.26
148.15129619,-35.62956914,1153.92
148.15125798,-35.62956914,1153.72
148.15121944,-35.62956915,1153.29
148.15118079,-35.62956916,1152.84
148.15109509,-35.62956917,1151.39
148.15104827,-35.62956917,1150.00
148.15100100,-35.62956917,1148.52
148.15094534,-35.62956916,1147.00
148.15088936,-35.62956915,1145.29
148.15084894,-35.62956917,1144.43
148.15071012,-35.62956915,1141.12
148.15064441,-35.62956915,1139.46
148.15057816,-35.62956914,1137.81
148.15005563,-35.62956395,1124.46
148.14950516,-35.62956677,1120.38
148.14948826,-35.62956675,1118.63
148.14944972,-35.62956676,1119.94
148.14937827,-35.62956672,1118.03
148.14930175,-35.62956673,1118.62
148.14921859,-35.62956671,1118.60
148.14918126,-35.62956671,1118.54
148.14914405,-35.62956670,1117.99
148.14909491,-35.62956672,1120.24
148.14906586,-35.62956673,1119.77
148.14896139,-35.62956673,1120.89
148.14888696,-35.62956672,1121.42
148.14870408,-35.62956675,1124.74
148.14858802,-35.62956678,1126.84
148.14851757,-35.62956681,1128.21
148.14831271,-35.62956687,1132.16
148.14828367,-35.62956688,1132.64
148.14823364,-35.62956691,1133.94
148.14820405,-35.62956692,1134.12
148.14814442,-35.62956695,1134.72
148.14806126,-35.62956701,1136.05
148.14800649,-35.62956709,1136.50
148.14800516,-35.62956710,1136.40
148.14798086,-35.62958212,1136.72
148.14798187,-35.62963756,1137.24
148.14798387,-35.62969966,1137.02
148.14797694,-35.62994153,1135.95
148.14798163,-35.63010666,1136.15
148.14798012,-35.63014814,1136.53
148.14797917,-35.63016664,1135.11
148.14798002,-35.63021071,1135.65
148.14797882,-35.63027339,1134.85
148.14797894,-35.63035137,1132.78
148.14797893,-35.63035841,1132.52
148.14797846,-35.63038717,1132.04
148.14797846,-35.63038726,1132.06
148.14797735,-35.63048718,1130.14
148.14797700,-35.63049384,1130.22
148.14798120,-35.63054782,1131.71
148.14798293,-35.63060748,1134.09
148.14798344,-35.63063524,1131.02
148.14798278,-35.63072811,1131.95
148.14798996,-35.63082091,1135.43
148.14799027,-35.63088916,1133.90
148.14799095,-35.63089808,1134.10
148.14799128,-35.63095929,1135.01
148.14799543,-35.63101065,1135.81
148.14799547,-35.63102840,1135.96
148.14799559,-35.63104454,1135.63
148.14799582,-35.63105329,1135.75
148.14799631,-35.63108763,1136.33
148.14799713,-35.63112126,1135.75
148.14761286,-35.63142559,1135.72
148.14760446,-35.63142558,1135.71
148.14759607,-35.63142567,1134.22
148.14758779,-35.63142565,1133.52
148.14757940,-35.63142564,1135.25
148.14757100,-35.63142563,1134.26
148.14756250,-35.63142562,1133.96
148.14755422,-35.63142561,1133.93
148.14754571,-35.63142561,1133.98
148.14753732,-35.63142568,1133.75
148.14752904,-35.63142567,1133.88
148.14752064,-35.63142566,1133.93
148.14751225,-35.63142565,1133.74
148.14750386,-35.63142564,1133.79
148.14749558,-35.63142563,1133.95
148.14748707,-35.63142562,1133.87
148.14747879,-35.63142561,1134.47
148.14747040,-35.63142560,1134.97
148.14746222,-35.63142559,1136.21
148.14745361,-35.63142567,1135.61
148.14744544,-35.63142566,1137.39
148.14743705,-35.63142565,1136.99
148.14742865,-35.63142564,1136.78
148.14742037,-35.63142563,1137.15
148.14741187,-35.63142571,1136.25
148.14740358,-35.63142570,1136.48
148.14739519,-35.63142569,1136.82
148.14738680,-35.63142567,1135.81
148.14737841,-35.63142567,1136.22
148.14736349,-35.63142553,1147.58
148.14735532,-35.63142552,1147.73
148.14734715,-35.63142551,1148.34
148.14733876,-35.63142559,1147.94
148.14733003,-35.63142558,1145.63
148.14732098,-35.63142567,1141.95
148.14730364,-35.63142574,1138.59
148.14729536,-35.63142573,1138.72
148.14728697,-35.63142573,1138.57
148.14726996,-35.63142579,1137.32
148.14726157,-35.63142578,1137.04
148.14725328,-35.63142578,1137.21
148.14723672,-35.63142584,1137.43
148.14722899,-35.63142582,1139.62
148.14722059,-35.63142581,1139.42
148.14718171,-35.63142529,1174.72
148.14717376,-35.63142527,1175.24
148.14716548,-35.63142526,1174.48
148.14714825,-35.63142533,1171.26
148.14714086,-35.63142532,1173.04
148.14712396,-35.63142538,1170.85
148.14711623,-35.63142537,1171.67
148.14710949,-35.63142534,1175.47
148.14710132,-35.63142533,1175.05
148.14708575,-35.63142539,1176.27
148.14706366,-35.63142532,1181.11
148.14705538,-35.63142532,1180.55
148.14704710,-35.63142530,1179.77
148.14703373,-35.63142525,1185.69
148.14702611,-35.63142523,1186.24
148.14701816,-35.63142522,1186.30
148.14699342,-35.63142527,1183.91
148.14698547,-35.63142535,1183.79
148.14694120,-35.63142605,1141.00
148.14692508,-35.63142602,1141.14
148.14691690,-35.63142609,1141.17
148.14689272,-35.63142605,1141.31
148.14687682,-35.63142611,1141.66
148.14686875,-35.63142610,1141.77
148.14684457,-35.63142615,1141.82
148.14682889,-35.63142612,1142.46
148.14676528,-35.63142619,1143.15
148.14674926,-35.63142616,1143.04
148.14673347,-35.63142622,1143.16
148.14672541,-35.63142620,1142.95
148.14671757,-35.63142619,1143.00
148.14670178,-35.63142625,1143.07
148.14667825,-35.63142629,1143.25
148.14666279,-35.63142626,1143.46
148.14663198,-35.63142628,1144.33
148.14661663,-35.63142625,1144.52
148.14658527,-35.63142637,1144.19
148.14657765,-35.63142635,1144.28
148.14656992,-35.63142633,1144.29
148.14656230,-35.63142631,1144.44
148.14654717,-35.63142637,1144.70
148.14653215,-35.63142633,1145.08
148.14651669,-35.63142639,1144.97
148.14650918,-35.63142637,1144.97
148.14647892,-35.63142639,1145.29
148.14645684,-35.63142642,1145.93
148.14640526,-35.63142646,1146.89
148.14639764,-35.63142643,1146.66
148.14636076,-35.63142652,1146.79
148.14635347,-35.63142649,1146.93
148.14634629,-35.63142648,1147.12
148.14633171,-35.63142652,1147.20
148.14630996,-35.63142655,1147.37
148.14630278,-35.63142653,1147.43
148.14627429,-35.63142653,1147.82
148.14625330,-35.63142655,1148.35
148.14623895,-35.63142660,1148.29
148.14619710,-35.63142663,1148.90
148.14619036,-35.63142661,1149.03
148.14618363,-35.63142667,1149.34
148.14614188,-35.63142671,1149.35
148.14613558,-35.63142668,1149.91
148.14608169,-35.63142674,1150.33
148.14607496,-35.63142671,1150.42
148.14606822,-35.63142669,1150.43
148.14603564,-35.63142672,1151.02
148.14601642,-35.63142672,1151.58
148.14600362,-35.63142676,1151.72
148.14597744,-35.63142683,1151.59
148.14595271,-35.63142680,1152.38
148.14593338,-35.63142680,1152.17
148.14592709,-35.63142686,1152.17
148.14582405,-35.63142694,1153.34
148.14581831,-35.63142690,1153.51
148.14579534,-35.63142694,1154.06
148.14574377,-35.63142698,1154.41
148.14572742,-35.63142704,1154.85
148.14570544,-35.63142698,1155.05
148.14569462,-35.63142700,1155.21
148.14567287,-35.63142702,1155.20
148.14564106,-35.63142705,1155.41
148.14560020,-35.63142708,1155.74
148.14558507,-35.63142713,1155.82
148.14557513,-35.63142714,1155.87
148.14556553,-35.63142714,1156.02
148.14554642,-35.63142714,1156.33
148.14553692,-35.63142714,1156.41
148.14552290,-35.63142719,1156.55
148.14551362,-35.63142719,1156.63
148.14549131,-35.63142722,1157.05
148.14548237,-35.63142721,1157.13
148.14547784,-35.63142725,1157.04
148.14541854,-35.63142727,1157.58
148.14540683,-35.63142730,1157.90
148.14539877,-35.63142728,1157.85
148.14538695,-35.63142730,1157.91
148.14537591,-35.63142732,1158.23
148.14536442,-35.63142734,1158.16
148.14535349,-35.63142736,1158.35
148.14534267,-35.63142737,1158.42
148.14533229,-35.63142737,1158.62
148.14531871,-35.63142742,1158.73
148.14531219,-35.63142739,1158.88
148.14530855,-35.63142742,1158.77
148.14528933,-35.63142742,1158.88
148.14526504,-35.63142748,1159.09
148.14525940,-35.63142753,1159.19
148.14523433,-35.63142750,1159.14
148.14522406,-35.63142750,1159.24
148.14521170,-35.63142753,1159.23
148.14520021,-35.63142755,1159.34
148.14518972,-35.63142756,1159.62
148.14518917,-35.63142757,1178.91
148.14518784,-35.63142758,1159.75
148.14518773,-35.63142758,1178.89
148.14517404,-35.63142762,1159.76
148.14516697,-35.63142760,1159.93
148.14515493,-35.63142744,1181.94
148.14515460,-35.63142745,1181.97
148.14515438,-35.63142745,1181.97
148.14515427,-35.63142745,1181.94
148.14515405,-35.63142745,1181.98
148.14515383,-35.63142745,1181.95
148.14515372,-35.63142745,1181.90
148.14515361,-35.63142745,1181.94
148.14515350,-35.63142745,1181.95
148.14515339,-35.63142745,1181.95
148.14515317,-35.63142746,1181.93
148.14515306,-35.63142746,1181.91
148.14515295,-35.63142746,1181.95
148.14512744,-35.63142770,1159.94
148.14512645,-35.63142771,1159.93
148.14511352,-35.63142774,1159.92
148.14511341,-35.63142774,1160.02
148.14511319,-35.63142774,1160.00
148.14511220,-35.63142785,1159.99
148.14511265,-35.63149041,1160.30
148.14511852,-35.63152246,1160.85
148.14512106,-35.63155335,1160.62
148.14512251,-35.63160879,1160.87
148.14511571,-35.63165826,1161.21
148.14511466,-35.63171678,1161.03
148.14511331,-35.63176088,1161.27
148.14473874,-35.63205737,1195.85
148.14472239,-35.63205734,1195.47
148.14436095,-35.63171745,1158.66
148.14436123,-35.63171376,1158.73
148.14435482,-35.63165927,1158.36
148.14435565,-35.63163194,1158.34
148.14435612,-35.63162626,1158.38
148.14435240,-35.63157454,1158.29
148.14435330,-35.63153730,1158.00
148.14435253,-35.63150620,1158.08
148.14435517,-35.63147426,1158.53
148.14435186,-35.63142083,1157.88
148.14434940,-35.63135611,1158.87
148.14434916,-35.63133159,1157.86
148.14434988,-35.63129724,1158.25
148.14435138,-35.63123204,1157.48
148.14435000,-35.63117354,1157.07
148.14434795,-35.63111486,1157.22
148.14434868,-35.63108141,1156.08
148.14435028,-35.63102333,1155.62
148.14434569,-35.63096468,1154.89
148.14434576,-35.63090760,1154.47
148.14434420,-35.63084433,1154.31
148.14434524,-35.63081637,1153.72
148.14433898,-35.63070256,1152.55
148.14434504,-35.63063191,1151.90
148.14434238,-35.63054628,1151.39
148.14434207,-35.63054034,1151.50
148.14434047,-35.63048165,1151.51
148.14434020,-35.63042431,1152.22
148.14433641,-35.63036782,1152.45
148.14433610,-35.63036116,1152.63
148.14433366,-35.63029815,1154.89
148.14433397,-35.63021188,1152.79
148.14433397,-35.63021178,1152.77
148.14433195,-35.63015519,1153.23
148.14433192,-35.63009135,1153.24
148.14433089,-35.63005800,1153.01
148.14433002,-35.63002789,1153.18
148.14432896,-35.62996849,1152.89
148.14432714,-35.62996490,1152.90
148.14432488,-35.62996168,1152.81
148.14430743,-35.62995391,1152.84
148.14429010,-35.62995380,1152.90
148.14428270,-35.62995378,1152.82
148.14426745,-35.62995374,1152.68
148.14425994,-35.62995373,1152.62
148.14425210,-35.62995371,1152.47
148.14424338,-35.62995371,1152.61
148.14423521,-35.62995369,1152.09
148.14418087,-35.62995367,1151.87
148.14413206,-35.62995359,1151.13
148.14406039,-35.62995355,1150.77
148.14404062,-35.62995356,1150.76
148.14401257,-35.62995355,1150.40
148.14400407,-35.62995354,1150.48
148.14399545,-35.62995354,1150.49
148.14395691,-35.62995354,1149.82
148.14393836,-35.62995354,1149.93
148.14391097,-35.62995353,1149.53
148.14390159,-35.62995353,1149.36
148.14388248,-35.62995353,1149.15
148.14387265,-35.62995353,1149.11
148.14385267,-35.62995354,1149.06
148.14381722,-35.62995351,1148.75
148.14378022,-35.62995351,1148.65
148.14374058,-35.62995352,1149.71
148.14370358,-35.62995351,1148.04
148.14367509,-35.62995351,1147.84
148.14366382,-35.62995353,1147.66
148.14359878,-35.62995351,1147.23
148.14358067,-35.62995351,1147.10
148.14356267,-35.62995350,1146.83
148.14354400,-35.62995350,1146.73
148.14349409,-35.62995352,1146.14
148.14347476,-35.62995352,1146.18
148.14342949,-35.62995350,1145.86
148.14337648,-35.62995355,1145.63
148.14332966,-35.62995354,1144.93
148.14329564,-35.62995351,1144.46
148.14327444,-35.62995353,1144.73
148.14321900,-35.62995351,1143.80
148.14319062,-35.62995351,1143.59
148.14316235,-35.62995351,1143.03
148.14313352,-35.62995351,1142.68
148.14307511,-35.62995353,1142.14
148.14303855,-35.62995351,1141.36
148.14297715,-35.62995356,1142.63
148.14294745,-35.62995356,1141.67
148.14291078,-35.62995355,1139.48
148.14285689,-35.62995352,1139.02
148.14277882,-35.62995354,1138.41
148.14273917,-35.62995356,1138.28
148.14269908,-35.62995358,1138.79
148.14265116,-35.62995358,1138.36
148.14260234,-35.62995359,1138.78
148.14252007,-35.62995365,1140.36
148.14242168,-35.62995368,1140.02
148.14232218,-35.62995373,1140.48
148.14226387,-35.62995374,1140.43
148.14221373,-35.62995377,1140.58
148.14216338,-35.62995379,1141.18
148.14212141,-35.62995383,1141.69
148.14202048,-35.62995389,1143.08
148.14195333,-35.62995389,1143.17
148.14186918,-35.62995387,1143.63
148.14186079,-35.62995386,1143.93
148.14176847,-35.62995384,1144.30
148.14176008,-35.62995383,1144.49
148.14166024,-35.62995378,1147.99
148.14164335,-35.62995376,1146.63
148.14162656,-35.62995374,1144.96
148.14161839,-35.62995373,1146.55
148.14161010,-35.62995372,1146.96
148.14160149,-35.62995371,1145.18
148.14158493,-35.62995368,1145.28
148.14156836,-35.62995366,1145.43
148.14147747,-35.62995362,1146.15
148.14145274,-35.62995359,1146.24
148.14134661,-35.62995351,1147.01
148.14127383,-35.62995348,1147.54
148.14117786,-35.62995339,1148.40
148.14116980,-35.62995339,1148.07
148.14110664,-35.62995335,1148.43
148.14104457,-35.62995330,1149.79
148.14097467,-35.62995324,1149.48
148.14092122,-35.62995321,1149.75
148.14081597,-35.62995313,1150.21
148.14077169,-35.62995310,1150.37
148.14072796,-35.62995306,1150.66
148.14064899,-35.62995299,1150.84
148.14064171,-35.62995307,1151.10
148.14009351,-35.62995996,1151.60
148.14008268,-35.62995998,1151.61
148.14006093,-35.62996000,1151.53
148.13999909,-35.62996005,1151.88
148.13995911,-35.62996007,1151.73
148.13984437,-35.62996016,1151.31
148.13982339,-35.62996018,1151.27
148.13980307,-35.62996019,1151.28
148.13974951,-35.62996025,1151.22
148.13973891,-35.62996026,1151.24
148.13971771,-35.62996028,1151.07
148.13967298,-35.62996034,1151.02
148.13962837,-35.62996040,1150.96
148.13960650,-35.62996043,1150.91
148.13956995,-35.62996050,1150.94
148.13954256,-35.62996058,1150.71
148.13952876,-35.62996062,1150.65
148.13952799,-35.62996063,1150.67
148.13952732,-35.62996064,1150.70
148.13952644,-35.62996064,1150.65
148.13952578,-35.62996065,1150.66
148.13952501,-35.62996066,1150.67
148.13952434,-35.62996067,1150.68
148.13952357,-35.62996067,1150.67
148.13952291,-35.62996067,1150.66
148.13952192,-35.62996087,1150.66
148.13951945,-35.62996585,1151.02
148.13951697,-35.62999373,1150.67
148.13951356,-35.63001783,1150.81
148.13951383,-35.63010673,1151.14
148.13951383,-35.63010682,1151.15
148.13952116,-35.63017167,1151.36
148.13952241,-35.63020547,1151.44
148.13952317,-35.63023566,1151.58
148.13952409,-35.63029327,1152.20
148.13952061,-35.63031981,1152.52
148.13952061,-35.63031990,1152.51
148.13951962,-35.63035119,1152.69
148.13952552,-35.63044048,1153.51
148.13952919,-35.63049679,1154.03
148.13953363,-35.63053741,1154.51
148.13953423,-35.63056356,1154.68
148.13953423,-35.63056365,1154.69
148.13953534,-35.63059546,1155.00
148.13953514,-35.63062828,1155.29
148.13953614,-35.63065919,1155.85
148.13954056,-35.63069071,1156.22
148.13954031,-35.63074292,1156.82
148.13954018,-35.63074986,1156.96
148.13954142,-35.63077509,1157.35
148.13954243,-35.63079942,1157.82
148.13954243,-35.63079951,1157.84
148.13954336,-35.63086487,1158.85
148.13954857,-35.63091288,1159.33
148.13955059,-35.63097750,1160.39
148.13955231,-35.63104385,1161.40
148.13955842,-35.63107751,1161.80
148.13956063,-35.63110110,1161.81
148.13956245,-35.63116735,1162.50
148.13956426,-35.63122450,1163.13
148.13956291,-35.63124624,1162.81
148.13956386,-35.63131286,1162.99
148.13956386,-35.63131295,1162.98
148.13956600,-35.63137027,1162.83
148.13919084,-35.63168847,1187.81
148.13916643,-35.63168852,1185.18
148.13915837,-35.63168851,1185.12
148.13914225,-35.63168884,1165.04
148.13913397,-35.63168883,1164.79
148.13912568,-35.63168882,1166.35
148.13910105,-35.63168851,1186.17
148.13872249,-35.63136995,1154.04
148.13872231,-35.63136473,1154.04
148.13872267,-35.63130459,1154.59
148.13872111,-35.63127241,1154.97
148.13872110,-35.63127233,1154.96
148.13871983,-35.63124447,1155.27
148.13871977,-35.63124033,1155.24
148.13871981,-35.63121192,1155.55
148.13872007,-35.63120706,1155.59
148.13872190,-35.63118027,1155.71
148.13871967,-35.63111673,1156.27
148.13872135,-35.63108731,1156.97
148.13872221,-35.63106188,1156.47
148.13872235,-35.63105656,1156.35
148.13872366,-35.63102400,1156.76
148.13871888,-35.63096003,1156.79
148.13871986,-35.63093568,1156.92
148.13871876,-35.63090422,1156.96
148.13872116,-35.63087166,1156.84
148.13872460,-35.63081049,1156.55
148.13872394,-35.63077939,1156.01
148.13872576,-35.63075197,1155.69
148.13872615,-35.63069372,1155.56
148.13873157,-35.63065517,1154.23
148.13873068,-35.63059225,1153.42
148.13873453,-35.63053740,1152.66
148.13873485,-35.63047383,1151.40
148.13873651,-35.63044281,1150.95
148.13873691,-35.63037770,1150.29
148.13873455,-35.63035185,1149.79
148.13873179,-35.63035179,1149.90
148.13872417,-35.63035177,1150.13
148.13871688,-35.63035175,1149.83
148.13870871,-35.63035173,1149.75
148.13870065,-35.63035172,1149.63
148.13868486,-35.63035169,1149.46
148.13866796,-35.63035167,1149.41
148.13864896,-35.63035167,1149.28
148.13863980,-35.63035166,1149.22
148.13863251,-35.63035164,1149.22
148.13862268,-35.63035165,1149.14
148.13861473,-35.63035163,1149.23
148.13860380,-35.63035165,1149.26
148.13859551,-35.63035163,1149.21
148.13858679,-35.63035163,1149.25
148.13857807,-35.63035162,1149.08
148.13856934,-35.63035161,1148.95
148.13855973,-35.63035161,1149.01
148.13855013,-35.63035161,1149.02
148.13853025,-35.63035162,1148.97
148.13852373,-35.63035159,1148.80
148.13851313,-35.63035160,1148.85
148.13850242,-35.63035161,1148.81
148.13849513,-35.63035159,1148.76
148.13848409,-35.63035160,1148.74
148.13847647,-35.63035159,1148.79
148.13844455,-35.63035161,1149.21
148.13843516,-35.63035161,1150.09
148.13842136,-35.63035157,1148.47
148.13840126,-35.63035157,1147.84
148.13839287,-35.63035157,1147.70
148.13838414,-35.63035155,1147.66
148.13837553,-35.63035155,1147.55
148.13836261,-35.63035158,1147.28
148.13835245,-35.63035159,1147.97
148.13834494,-35.63035157,1146.87
148.13833588,-35.63035156,1146.75
148.13832661,-35.63035156,1146.76
148.13831733,-35.63035156,1146.63
148.13830827,-35.63035155,1146.33
148.13829867,-35.63035155,1146.33
148.13828939,-35.63035155,1146.03
148.13823561,-35.63035152,1145.13
148.13821408,-35.63035154,1145.62
148.13819972,-35.63035149,1144.62
148.13818945,-35.63035150,1144.48
148.13817840,-35.63035152,1144.63
148.13816813,-35.63035152,1144.25
148.13814163,-35.63035151,1143.58
148.13812992,-35.63035152,1144.02
148.13809790,-35.63035146,1142.69
148.13806941,-35.63035146,1142.40
148.13805836,-35.63035148,1141.95
148.13804125,-35.63035146,1141.61
148.13802954,-35.63035149,1141.39
148.13801795,-35.63035150,1141.13
148.13800889,-35.63035149,1143.49
148.13791513,-35.63035148,1139.53
148.13790850,-35.63035146,1139.71
148.13788874,-35.63035146,1140.30
148.13787085,-35.63035145,1139.09
148.13785196,-35.63035145,1138.67
148.13781342,-35.63035145,1137.80
148.13780690,-35.63035142,1137.73
148.13778670,-35.63035143,1137.82
148.13776781,-35.63035143,1136.70
148.13774120,-35.63035141,1136.23
148.13772132,-35.63035142,1135.64
148.13770122,-35.63035143,1135.13
148.13767405,-35.63035142,1134.48
148.13766721,-35.63035139,1134.35
148.13763971,-35.63035138,1133.59
148.13761729,-35.63035141,1134.87
148.13758438,-35.63035136,1131.95
148.13755611,-35.63035135,1131.29
148.13753502,-35.63035137,1130.57
148.13750653,-35.63035137,1129.57
148.13749217,-35.63035133,1129.26
148.13746312,-35.63035134,1128.53
148.13743397,-35.63035134,1127.78
148.13742679,-35.63035131,1127.41
148.13739731,-35.63035132,1126.57
148.13738990,-35.63035131,1126.41
148.13735258,-35.63035129,1125.55
148.13731503,-35.63035128,1124.44
148.13729217,-35.63035132,1123.95
148.13726169,-35.63035134,1123.34
148.13725407,-35.63035132,1123.15
148.13724634,-35.63035130,1122.93
148.13723861,-35.63035128,1122.90
148.13719908,-35.63035130,1123.22
148.13717379,-35.63035136,1125.81
148.13710411,-35.63035139,1123.15
148.13709615,-35.63035137,1123.00
148.13708113,-35.63035133,1121.49
148.13704005,-35.63035136,1123.17
148.13700052,-35.63035137,1121.72
148.13699213,-35.63035136,1122.25
148.13696650,-35.63035142,1124.75
148.13692642,-35.63035144,1123.73
148.13691825,-35.63035143,1123.84
148.13691029,-35.63035141,1123.19
148.13686226,-35.63035142,1121.34
148.13685397,-35.63035140,1121.31
148.13684580,-35.63035139,1121.34
148.13680472,-35.63035142,1121.15
148.13674641,-35.63035152,1122.67
148.13673824,-35.63035150,1122.24
148.13672212,-35.63035148,1121.00
148.13671383,-35.63035146,1120.93
148.13667209,-35.63035150,1121.88
148.13662273,-35.63035151,1119.84
148.13661411,-35.63035150,1121.08
148.13656409,-35.63035152,1121.17
148.13653935,-35.63035149,1119.63
148.13650556,-35.63035153,1121.99
148.13645564,-35.63035155,1120.49
148.13644747,-35.63035155,1119.40
148.13643907,-35.63035153,1119.08
148.13639700,-35.63035157,1120.89
148.13634686,-35.63035159,1121.66
148.13633858,-35.63035157,1119.32
148.13633019,-35.63035157,1119.43
148.13632180,-35.63035155,1120.26
148.13631340,-35.63035155,1120.64
148.13630501,-35.63035153,1120.18
148.13628833,-35.63035151,1119.94
148.13627166,-35.63035149,1119.33
148.13626326,-35.63035148,1119.57
148.13625487,-35.63035147,1120.73
148.13620496,-35.63035149,1122.34
148.13618817,-35.63035146,1120.69
148.13617978,-35.63035146,1120.27
148.13617127,-35.63035144,1119.15
148.13616299,-35.63035143,1118.51
148.13615471,-35.63035142,1119.52
148.13613825,-35.63035139,1121.79
148.13608027,-35.63035140,1123.55
148.13606327,-35.63035137,1120.18
148.13605521,-35.63035137,1121.48
148.13604703,-35.63035135,1122.30
148.13603014,-35.63035134,1120.46
148.13602185,-35.63035132,1120.47
148.13601335,-35.63035131,1118.90
148.13599668,-35.63035128,1118.89
148.13597194,-35.63035125,1118.87
148.13595548,-35.63035122,1119.08
148.13592246,-35.63035117,1118.56
148.13589750,-35.63035114,1117.63
148.13584085,-35.63035114,1119.99
148.13578365,-35.63035113,1119.32
148.13576741,-35.63035111,1119.58
148.13575946,-35.63035109,1119.80
148.13575140,-35.63035108,1119.95
148.13574334,-35.63035106,1120.20
148.13567951,-35.63035103,1121.27
148.13563213,-35.63035102,1122.21
148.13557735,-35.63035100,1123.48
148.13556134,-35.63035097,1123.14
148.13550679,-35.63035095,1123.34
148.13549906,-35.63035093,1123.46
148.13545278,-35.63035091,1123.75
148.13539900,-35.63035088,1123.74
148.13533837,-35.63035082,1123.78
148.13533086,-35.63035080,1123.83
148.13528614,-35.63035077,1123.95
148.13524881,-35.63035076,1123.54
148.13519006,-35.63035069,1123.45
148.13514644,-35.63035065,1123.10
148.13511055,-35.63035063,1123.01
148.13503302,-35.63035054,1122.73
148.13462734,-35.63034634,1120.46
148.13419569,-35.63034924,1118.16
148.13415483,-35.63034926,1118.04
148.13410945,-35.63034924,1118.01
148.13409023,-35.63034924,1117.79
148.13406041,-35.63034925,1117.52
148.13404937,-35.63034926,1117.50
148.13400807,-35.63034929,1117.34
148.13398885,-35.63034929,1117.39
148.13397693,-35.63034931,1117.32
148.13397648,-35.63034932,1117.35
148.13397604,-35.63034932,1117.34
148.13397560,-35.63034932,1117.32
148.13397527,-35.63034932,1117.35
148.13397494,-35.63034933,1117.32
148.13397472,-35.63034933,1117.37
148.13397428,-35.63034934,1117.31
148.13397405,-35.63034934,1117.32
148.13397372,-35.63034934,1117.30
148.13397361,-35.63034934,1117.34
148.13397339,-35.63034935,1117.30
148.13397317,-35.63034935,1117.24
148.13397284,-35.63034935,1117.24
148.13344907,-35.63047546,1115.43
148.13344089,-35.63047544,1115.48
148.13340766,-35.63047548,1115.15
148.13339948,-35.63047546,1115.18
148.13339109,-35.63047546,1115.16
148.13338292,-35.63047545,1115.06
148.13337463,-35.63047543,1114.94
148.13336635,-35.63047542,1115.02
148.13335807,-35.63047540,1114.98
148.13333333,-35.63047546,1114.71
148.13332516,-35.63047545,1114.45
148.13331688,-35.63047543,1114.45
148.13330859,-35.63047543,1114.75
148.13330042,-35.63047541,1114.85
148.13328386,-35.63047548,1114.30
148.13327558,-35.63047546,1114.28
148.13326740,-35.63047545,1114.20
148.13325912,-35.63047543,1114.16
148.13325095,-35.63047543,1114.05
148.13324278,-35.63047541,1114.04
148.13321804,-35.63047546,1113.89
148.13321031,-35.63047545,1115.74
148.13320158,-35.63047543,1113.68
148.13319352,-35.63047543,1113.67
148.13317707,-35.63047540,1113.70
148.13315266,-35.63047545,1113.73
148.13314438,-35.63047543,1113.55
148.13310363,-35.63047546,1113.10
148.13309557,-35.63047544,1113.08
148.13308729,-35.63047543,1113.06
148.13306288,-35.63047539,1112.81
148.13304676,-35.63047545,1113.01
148.13302412,-35.63047549,1117.23
148.13301595,-35.63047547,1116.97
148.13299828,-35.63047546,1112.46
148.13299021,-35.63047544,1112.42
148.13298215,-35.63047543,1112.48
148.13297409,-35.63047541,1112.27
148.13296603,-35.63047540,1112.30
148.13295797,-35.63047538,1112.02
148.13292583,-35.63047541,1111.82
148.13291788,-35.63047540,1111.80
148.13289403,-35.63047545,1111.79
148.13288596,-35.63047543,1111.57
148.13287801,-35.63047541,1111.47
148.13286200,-35.63047538,1111.36
148.13283031,-35.63047541,1111.14
148.13282246,-35.63047540,1110.99
148.13278304,-35.63047540,1110.63
148.13277520,-35.63047539,1110.63
148.13274450,-35.63047540,1111.50
148.13271325,-35.63047543,1110.90
148.13269756,-35.63047540,1110.54
148.13265019,-35.63047540,1108.45
148.13264235,-35.63047537,1108.20
148.13263462,-35.63047536,1108.08
148.13261253,-35.63047539,1109.13
148.13258249,-35.63047540,1109.53
148.13256604,-35.63047537,1107.51
148.13254428,-35.63047540,1108.61
148.13249878,-35.63047537,1107.45
148.13248487,-35.63047541,1108.70
148.13243462,-35.63047543,1109.93
148.13242722,-35.63047542,1109.67
148.13240469,-35.63047545,1108.72
148.13236118,-35.63047540,1108.31
148.13234042,-35.63047542,1108.82
148.13231977,-35.63047543,1109.45
148.13229912,-35.63047545,1109.91
148.13227836,-35.63047546,1110.14
148.13225782,-35.63047548,1110.33
148.13223739,-35.63047549,1110.54
148.13219763,-35.63047550,1111.50
148.13217775,-35.63047551,1111.77
148.13215810,-35.63047552,1112.04
148.13214517,-35.63047555,1112.44
148.13212574,-35.63047555,1112.64
148.13210663,-35.63047555,1113.04
148.13209382,-35.63047557,1113.24
148.13205584,-35.63047566,1113.56
148.13203728,-35.63047566,1113.86
148.13201288,-35.63047561,1114.28
148.13198229,-35.63047563,1114.47
148.13197014,-35.63047566,1114.45
148.13195821,-35.63047568,1114.64
148.13194032,-35.63047566,1114.72
148.13191095,-35.63047567,1114.87
148.13189946,-35.63047569,1114.97
148.13185949,-35.63047570,1115.15
148.13184822,-35.63047572,1115.20
148.13182625,-35.63047575,1115.36
148.13181542,-35.63047576,1115.48
148.13180438,-35.63047577,1115.41
148.13179367,-35.63047578,1115.46
148.13178296,-35.63047579,1115.51
148.13177224,-35.63047581,1115.57
148.13176186,-35.63047581,1115.62
148.13175137,-35.63047582,1115.69
148.13174154,-35.63047582,1116.05
148.13172542,-35.63047579,1115.55
148.13169505,-35.63047581,1115.38
148.13168500,-35.63047581,1115.30
148.13166082,-35.63047586,1115.31
148.13164193,-35.63047586,1115.42
148.13163244,-35.63047585,1115.36
148.13160947,-35.63047589,1115.31
148.13160052,-35.63047589,1115.35
148.13157921,-35.63047590,1115.85
148.13155745,-35.63047593,1115.67
148.13154541,-35.63047595,1116.03
148.13153263,-35.63047760,1117.31
148.13144861,-35.63048732,1135.22
148.13129264,-35.63049978,1115.06
148.13126543,-35.63050491,1132.53
148.13125427,-35.63051249,1128.49
148.13083823,-35.63064326,1126.48
148.13082962,-35.63064324,1129.99
148.13082156,-35.63064324,1128.55
148.13080576,-35.63064311,1118.30
148.13079704,-35.63064319,1124.71
148.13078865,-35.63064327,1124.75
148.13078037,-35.63064326,1125.87
148.13077208,-35.63064324,1126.24
148.13076380,-35.63064324,1126.82
148.13075563,-35.63064322,1123.76
148.13074735,-35.63064321,1122.99
148.13073906,-35.63064319,1122.53
148.13073089,-35.63064318,1122.01
148.13072261,-35.63064308,1112.67
148.13071432,-35.63064306,1112.67
148.13069754,-35.63064322,1123.94
148.13068937,-35.63064321,1122.70
148.13068097,-35.63064320,1123.71
148.13067280,-35.63064318,1124.14
148.13066452,-35.63064317,1123.50
148.13065613,-35.63064316,1121.60
148.13064751,-35.63064306,1112.16
148.13063912,-35.63064305,1112.11
148.13063084,-35.63064303,1112.01
148.13061482,-35.63064319,1121.44
148.13060643,-35.63064318,1121.19
148.13024553,-35.63041522,1108.17
148.13024042,-35.63027993,1108.57
148.13022628,-35.63024797,1117.64
148.13021510,-35.63022274,1120.26
148.13021315,-35.63021807,1108.57
148.13020203,-35.63021232,1123.29
148.13017154,-35.63019619,1124.80
148.13016220,-35.63019114,1108.32
148.13010146,-35.63019107,1107.81
148.12996761,-35.63019107,1107.82
148.12988523,-35.63019131,1120.51
148.12971208,-35.63019212,1118.88
148.12968083,-35.63019214,1118.73
148.12964052,-35.63019215,1116.83
148.12963070,-35.63019216,1115.93
148.12961060,-35.63019217,1114.35
148.12948702,-35.63019215,1105.63
148.12941878,-35.63019234,1115.59
148.12939536,-35.63019238,1114.18
148.12931077,-35.63019227,1103.35
148.12929100,-35.63019227,1103.16
148.12927786,-35.63019231,1102.92
148.12913441,-35.63019239,1101.21
148.12907135,-35.63019245,1099.75
148.12904971,-35.63019247,1099.70
148.12903513,-35.63019251,1099.73
148.12895485,-35.63019254,1098.74
148.12894745,-35.63019253,1098.68
148.12892536,-35.63019255,1098.34
148.12890317,-35.63019258,1097.89
148.12883569,-35.63019267,1096.70
148.12882067,-35.63019263,1096.30
148.12881316,-35.63019261,1096.14
148.12878279,-35.63019262,1095.38
148.12875728,-35.63019268,1098.44
148.12872912,-35.63019268,1094.29
148.12872139,-35.63019266,1094.18
148.12870571,-35.63019271,1094.10
148.12866662,-35.63019272,1093.62
148.12865878,-35.63019271,1093.54
148.12860820,-35.63019282,1098.11
148.12856900,-35.63019283,1097.08
148.12853664,-35.63019286,1097.39
148.12850495,-35.63019289,1096.84
148.12848242,-35.63019291,1093.53
148.12847248,-35.63019291,1097.05
148.12844056,-35.63019294,1096.11
148.12843228,-35.63019293,1096.46
148.12840755,-35.63019298,1097.09
148.12838457,-35.63019302,1093.83
148.12837640,-35.63019300,1093.78
148.12836812,-35.63019299,1093.98
148.12834106,-35.63019306,1099.75
148.12829557,-35.63019331,1111.13
148.12828740,-35.63019330,1111.23
148.12828011,-35.63019327,1108.89
148.12821915,-35.63019312,1095.83
148.12819397,-35.63019318,1096.95
148.12818558,-35.63019317,1097.22
148.12816062,-35.63019322,1097.57
148.12815223,-35.63019321,1097.96
148.12812727,-35.63019326,1098.09
148.12811070,-35.63019324,1098.16
148.12809414,-35.63019330,1098.23
148.12807746,-35.63019328,1098.38
148.12805217,-35.63019334,1099.51
148.12804378,-35.63019332,1099.74
148.12802711,-35.63019339,1099.67
148.12801032,-35.63019346,1101.42
148.12800182,-35.63019344,1101.93
148.12799365,-35.63019344,1101.21
148.12798536,-35.63019342,1101.61
148.12797708,-35.63019341,1101.54
148.12796030,-35.63019347,1101.92
148.12795190,-35.63019347,1102.35
148.12793501,-35.63019353,1103.49
148.12792684,-35.63019352,1103.37
148.12791844,-35.63019350,1103.31
148.12791016,-35.63019350,1103.40
148.12789348,-35.63019356,1103.87
148.12788520,-35.63019355,1104.12
148.12787681,-35.63019354,1104.46
148.12786013,-35.63019360,1104.77
148.12785185,-35.63019359,1105.23
148.12784346,-35.63019358,1105.23
148.12782689,-35.63019364,1105.67
148.12781850,-35.63019363,1106.41
148.12781022,-35.63019362,1106.54
148.12780194,-35.63019361,1106.83
148.12779365,-35.63019359,1106.76
148.12727299,-35.63005413,1116.13
148.12727221,-35.63005395,1116.11
148.12726724,-35.63005391,1116.52
148.12726095,-35.63005387,1116.37
148.12725366,-35.63005386,1116.40
148.12723047,-35.63005380,1116.24
148.12719634,-35.63005375,1116.31
148.12716089,-35.63005373,1116.40
148.12708812,-35.63005369,1116.58
148.12705068,-35.63005368,1116.60
148.12697559,-35.63005366,1116.21
148.12693848,-35.63005365,1116.04
148.12678619,-35.63005363,1114.74
148.12670955,-35.63005362,1113.58
148.12667156,-35.63005362,1113.31
148.12654655,-35.63005361,1111.67
148.12629609,-35.63005361,1107.43
148.12611155,-35.63005363,1103.83
148.12599737,-35.63005361,1100.94
148.12586540,-35.63005358,1096.33
148.12582697,-35.63005358,1096.31
148.12565215,-35.63005369,1100.58
148.12557198,-35.63005371,1101.96
148.12532814,-35.63005383,1105.63
148.12528739,-35.63005384,1105.74
148.12519717,-35.63005388,1106.46
148.12466952,-35.63005376,1107.47
148.12456306,-35.63005367,1107.85
148.12446543,-35.63005359,1107.81
148.12436869,-35.63005350,1107.84
148.12421751,-35.63005337,1108.71
148.12368219,-35.63005801,1112.89
148.12363360,-35.63005801,1113.39
148.12361306,-35.63005802,1113.56
148.12359252,-35.63005804,1113.63
148.12357220,-35.63005804,1113.85
148.12355210,-35.63005805,1114.05
148.12353256,-35.63005805,1114.59
148.12347358,-35.63005806,1115.23
148.12345393,-35.63005807,1115.12
148.12338413,-35.63005809,1115.61
148.12332947,-35.63005814,1116.60
148.12329767,-35.63005817,1120.59
148.12318823,-35.63005820,1120.94
148.12316912,-35.63005820,1118.94
148.12311037,-35.63005821,1119.59
148.12309999,-35.63005821,1119.77
148.12309005,-35.63005822,1120.15
148.12307967,-35.63005822,1120.16
148.12301043,-35.63005824,1120.80
148.12284633,-35.63005832,1122.41
148.12272993,-35.63005842,1123.19
148.12266687,-35.63005846,1123.94
148.12264258,-35.63005851,1123.82
148.12263474,-35.63005894,1123.88
148.12260243,-35.63006222,1124.21
148.12260221,-35.63006231,1124.19
148.12256816,-35.63016208,1124.18
148.12256422,-35.63029104,1123.95
148.12255366,-35.63067296,1121.65
148.12254277,-35.63096870,1118.15
148.12253538,-35.63140324,1118.79
148.12253822,-35.63164620,1120.62
148.12253505,-35.63197260,1124.15
148.12252953,-35.63229659,1124.36
148.12252897,-35.63237441,1124.64
148.12252540,-35.63275924,1126.80
148.12252209,-35.63314651,1128.87
148.12251980,-35.63325905,1127.53
148.12251597,-35.63355409,1123.21
148.12251518,-35.63362342,1122.51
148.12251498,-35.63374352,1121.07
148.12251143,-35.63412159,1118.73
148.12251104,-35.63421203,1118.78
148.12251108,-35.63431760,1119.33
148.12251762,-35.63458811,1121.06
148.12251831,-35.63478753,1122.42
148.12251965,-35.63493836,1123.29
148.12252793,-35.63520642,1127.03
148.12253449,-35.63543914,1129.68
148.12254123,-35.63565258,1132.69
148.12254768,-35.63590848,1136.21
148.12255094,-35.63634662,1136.61
148.12255406,-35.63652232,1136.60
148.12256029,-35.63692825,1137.42
148.12256029,-35.63692834,1137.42
148.12256661,-35.63731696,1136.36
148.12256918,-35.63751672,1137.25
148.12256888,-35.63778765,1136.25
148.12257200,-35.63808154,1140.90
148.12257922,-35.63848737,1143.94
148.12258742,-35.63890735,1151.30
148.12258811,-35.63896496,1152.23
148.12260282,-35.63928975,1160.38
148.12260682,-35.63946580,1163.64
148.12261622,-35.63975043,1166.43
148.12262412,-35.64008629,1169.73
148.12262593,-35.64016841,1170.79
148.12263642,-35.64049198,1176.54
148.12265524,-35.64087444,1183.76
148.12266478,-35.64113762,1188.30
148.12267066,-35.64140813,1193.06
148.12267454,-35.64166929,1195.55
148.12268010,-35.64184622,1198.61
148.12268155,-35.64199713,1199.39
148.12268133,-35.64205258,1200.54
148.12268105,-35.64208783,1199.99
148.12266312,-35.64251887,1195.98
148.12265961,-35.64275765,1194.93
148.12265288,-35.64301872,1193.82
148.12265068,-35.64316913,1193.00
148.12264460,-35.64357986,1190.26
148.12264320,-35.64375550,1189.48
148.12263990,-35.64401744,1187.66
148.12263097,-35.64442901,1180.64
148.12262314,-35.64463510,1177.06
148.12262138,-35.64469111,1176.23
148.12262093,-35.64472204,1175.60
148.12262062,-35.64474710,1175.40
148.12262018,-35.64481022,1175.86
148.12261984,-35.64489650,1175.95
148.12262094,-35.64495167,1177.07
148.12262283,-35.64507067,1178.61
148.12262064,-35.64545097,1180.22
148.12261764,-35.64553693,1180.11
148.12261599,-35.64589289,1182.94
148.12261268,-35.64609812,1182.58
148.12259732,-35.64650840,1176.71
148.12258429,-35.64691875,1168.20
148.12258450,-35.64697374,1168.97
148.12258730,-35.64726817,1170.71
148.12258120,-35.64758225,1165.20
148.12258893,-35.64785068,1168.87
148.12259181,-35.64805630,1169.95
148.12259234,-35.64822075,1170.67
148.12259201,-35.64831551,1171.26
148.12258593,-35.64872561,1169.09
148.12258217,-35.64893067,1169.39
148.12258149,-35.64901659,1168.37
148.12257895,-35.64936373,1168.27
148.12257763,-35.64948239,1167.39
148.12257685,-35.64963197,1166.92
148.12257652,-35.64975017,1168.22
148.12258667,-35.65004202,1173.34
148.12259946,-35.65023773,1178.70
148.12261530,-35.65050895,1186.59
148.12262444,-35.65071245,1190.28
148.12262821,-35.65079969,1192.05
148.12264000,-35.65100298,1196.59
148.12265778,-35.65138139,1204.01
148.12267002,-35.65164869,1207.97
148.12267522,-35.65187800,1210.36
148.12268492,-35.65222376,1211.17
148.12269055,-35.65257849,1208.95
148.12269109,-35.65275167,1207.05
148.12269128,-35.65278107,1206.50
148.12269219,-35.65289294,1205.49
148.12269647,-35.65333333,1203.96
148.12270011,-35.65353805,1203.09
148.12270397,-35.65379839,1205.87
148.12270397,-35.65379848,1205.85
148.12270708,-35.65387833,1206.87
148.12271391,-35.65405868,1209.63
148.12271953,-35.65426248,1211.12
148.12272032,-35.65461084,1211.77
148.12271950,-35.65496301,1210.23
148.12271763,-35.65507392,1209.14
148.12271316,-35.65539403,1206.87
148.12271152,-35.65548222,1206.05
148.12270740,-35.65574805,1204.86
148.12270652,-35.65580369,1204.61
148.12270407,-35.65595184,1203.82
148.12270253,-35.65629978,1204.60
148.12269820,-35.65670085,1204.38
148.12269157,-35.65705559,1201.91
148.12268425,-35.65737753,1197.16
148.12267938,-35.65761370,1193.69
148.12266921,-35.65795982,1187.75
148.12265674,-35.65824493,1180.33
148.12264368,-35.65848001,1171.76
148.12262567,-35.65892214,1162.25
148.12262666,-35.65912679,1161.46
148.12262854,-35.65935623,1164.46
148.12263196,-35.65971106,1167.14
148.12263329,-35.65991616,1169.43
148.12263715,-35.66011294,1170.53
148.12263297,-35.66043764,1170.26
148.12262744,-35.66073711,1168.30
148.12261649,-35.66105232,1163.94
148.12261617,-35.66108460,1163.40
148.12261615,-35.66132000,1163.70
148.12261959,-35.66152590,1166.50
148.12262221,-35.66180816,1169.42
148.12262342,-35.66186314,1169.65
148.12262165,-35.66228069,1168.98
148.12262142,-35.66233568,1168.46
148.12262099,-35.66242296,1168.98
148.12262385,-35.66262742,1170.96
148.12262660,-35.66291860,1173.46
148.12262749,-35.66309288,1174.32
148.12261710,-35.66347885,1169.56
148.12260783,-35.66365357,1165.13
148.12259364,-35.66387865,1160.44
148.12258892,-35.66406217,1158.98
148.12258269,-35.66437499,1157.78
148.12256601,-35.66473055,1149.66
148.12256445,-35.66482388,1147.90
148.12256300,-35.66502071,1148.28
148.12255858,-35.66534397,1147.26
148.12255577,-35.66571924,1146.50
148.12255687,-35.66592416,1146.69
148.12255366,-35.66618439,1146.12
148.12254890,-35.66650702,1144.95
148.12254734,-35.66661649,1143.77
148.12254000,-35.66705482,1140.82
148.12253736,-35.66717394,1139.74
148.12253222,-35.66739903,1137.48
148.12251948,-35.66774365,1130.18
148.12250863,-35.66807337,1125.32
148.12250387,-35.66827005,1123.33
148.12250387,-35.66827014,1123.34
148.12250882,-35.66848178,1124.75
148.12251222,-35.66862997,1129.11
148.12252020,-35.66885241,1134.22
148.12252463,-35.66897129,1137.47
148.12253059,-35.66914470,1142.74
148.12253673,-35.66955207,1147.29
148.12253673,-35.66969353,1147.44
148.12253812,-35.66998212,1149.60
148.12254272,-35.67035794,1149.72
148.12254299,-35.67076447,1148.39
148.12254638,-35.67108549,1148.36
148.12254877,-35.67142978,1149.05
148.12255078,-35.67175425,1149.75
148.12255538,-35.67200394,1149.74
148.12256021,-35.67234885,1149.94
148.12256245,-35.67261912,1150.00
148.12256373,-35.67271062,1149.73
148.12256530,-35.67282304,1149.49
148.12257575,-35.67326129,1148.98
148.12257838,-35.67344149,1149.30
148.12257962,-35.67352181,1149.11
148.12258469,-35.67384444,1150.19
148.12258645,-35.67396227,1150.84
148.12258965,-35.67430908,1152.93
148.12259176,-35.67454635,1154.45
148.12259638,-35.67480579,1156.25
148.12259924,-35.67521499,1157.01
148.12259814,-35.67533383,1156.78
148.12259383,-35.67562508,1155.85
148.12259436,-35.67597120,1154.72
148.12259383,-35.67617731,1154.62
148.12259600,-35.67655325,1153.36
148.12259532,-35.67667082,1152.91
148.12259100,-35.67692980,1150.17
148.12257176,-35.67733921,1137.23
148.12257032,-35.67737042,1135.74
148.12256498,-35.67754168,1133.72
148.12258187,-35.67783255,1141.46
148.12258320,-35.67803774,1142.05
148.12257776,-35.67835930,1138.54
148.12257917,-35.67873606,1135.82
148.12258283,-35.67891039,1135.92
148.12258624,-35.67902774,1136.79
148.12259250,-35.67943574,1138.38
148.12259316,-35.67966393,1137.23
148.12259968,-35.67993191,1139.98
148.12260308,-35.68004061,1140.72
148.12260374,-35.68004069,1140.74
148.12260573,-35.68004077,1140.80
148.12261059,-35.68004081,1141.05
148.12261590,-35.68004085,1141.12
148.12262187,-35.68004089,1141.41
148.12263458,-35.68004095,1141.38
148.12264795,-35.68004100,1141.51
148.12265480,-35.68004103,1141.69
148.12266950,-35.68004107,1141.89
148.12269082,-35.68004114,1142.34
148.12271458,-35.68004119,1142.61
148.12274420,-35.68004128,1143.09
148.12276785,-35.68004133,1143.46
148.12278332,-35.68004136,1143.63
148.12280652,-35.68004142,1144.10
148.12282387,-35.68004144,1144.43
148.12287249,-35.68004152,1145.60
148.12288023,-35.68004154,1145.73
148.12288819,-35.68004156,1145.88
148.12289603,-35.68004157,1145.98
148.12290421,-35.68004159,1146.21
148.12292090,-35.68004161,1146.62
148.12292918,-35.68004163,1146.67
148.12293736,-35.68004164,1146.65
148.12299339,-35.68004175,1146.57
148.12303505,-35.68004181,1147.00
148.12305925,-35.68004186,1147.38
148.12310909,-35.68004193,1147.94
148.12315086,-35.68004199,1148.72
148.12319384,-35.68004204,1149.33
148.12321031,-35.68004207,1149.52
148.12322677,-35.68004210,1149.63
148.12324346,-35.68004212,1149.78
148.12326048,-35.68004214,1150.10
148.12327772,-35.68004216,1150.35
148.12331838,-35.68004223,1150.83
148.12336048,-35.68004229,1151.72
148.12337827,-35.68004231,1151.69
148.12342126,-35.68004235,1152.24
148.12347143,-35.68004243,1152.97
148.12349751,-35.68004245,1153.87
148.12352281,-35.68004249,1153.72
148.12354856,-35.68004252,1153.77
148.12358149,-35.68004257,1154.30
148.12361486,-35.68004262,1154.82
148.12364857,-35.68004267,1155.39
148.12368260,-35.68004271,1155.83
148.12371023,-35.68004272,1156.38
148.12379388,-35.68004284,1157.40
148.12383643,-35.68004290,1158.14
148.12388682,-35.68004297,1158.96
148.12392317,-35.68004299,1159.68
148.12398152,-35.68004308,1160.45
148.12404064,-35.68004315,1161.23
148.12410042,-35.68004323,1162.16
148.12416053,-35.68004330,1162.83
148.12422894,-35.68004338,1163.74
148.12429811,-35.68004346,1165.07
148.12430585,-35.68004347,1165.12
148.12437535,-35.68004354,1165.95
148.12445315,-35.68004363,1167.44
148.12446099,-35.68004365,1167.54
148.12453901,-35.68004373,1167.98
148.12454697,-35.68004375,1168.36
148.12462542,-35.68004382,1169.11
148.12463338,-35.68004384,1169.36
148.12464123,-35.68004386,1169.51
148.12473582,-35.68004396,1170.51
148.12482278,-35.68004405,1171.34
148.12490179,-35.68004413,1172.40
148.12490964,-35.68004414,1172.00
148.12494920,-35.68004413,1172.76
148.12499650,-35.68004414,1173.05
148.12504379,-35.68004415,1173.44
148.12508313,-35.68004414,1173.94
148.12512247,-35.68004414,1174.27
148.12516943,-35.68004415,1174.56
148.12520855,-35.68004414,1174.99
148.12524767,-35.68004414,1175.03
148.12529419,-35.68004416,1175.85
148.12536392,-35.68004413,1176.07
148.12540226,-35.68004414,1176.68
148.12544060,-35.68004414,1177.15
148.12547884,-35.68004414,1177.34
148.12550923,-35.68004413,1177.59
148.12558437,-35.68004415,1178.69
148.12561442,-35.68004414,1178.73
148.12564404,-35.68004413,1179.21
148.12568117,-35.68004414,1179.52
148.12570316,-35.68004412,1179.84
148.12573984,-35.68004414,1180.05
148.12576902,-35.68004413,1180.15
148.12579786,-35.68004413,1180.46
148.12582659,-35.68004414,1180.91
148.12585499,-35.68004414,1181.39
148.12591090,-35.68004416,1182.64
148.12593212,-35.68004414,1182.67
148.12596041,-35.68004415,1182.38
148.12598781,-35.68004416,1182.90
148.12600836,-35.68004415,1183.20
148.12603555,-35.68004417,1183.47
148.12605610,-35.68004415,1183.31
148.12607621,-35.68004415,1183.59
148.12609588,-35.68004414,1184.22
148.12614251,-35.68004416,1184.23
148.12616229,-35.68004415,1184.30
148.12618141,-35.68004415,1184.92
148.12620119,-35.68004415,1184.69
148.12622616,-35.68004419,1185.40
148.12624429,-35.68004420,1186.37
148.12626285,-35.68004420,1186.82
148.12629446,-35.68004418,1186.68
148.12631379,-35.68004418,1186.04
148.12633225,-35.68004419,1186.12
148.12635037,-35.68004420,1186.28
148.12638054,-35.68004418,1186.30
148.12639844,-35.68004420,1186.37
148.12642772,-35.68004419,1186.55
148.12645656,-35.68004419,1186.72
148.12648507,-35.68004420,1186.87
148.12651303,-35.68004421,1186.95
148.12652408,-35.68004419,1187.01
148.12655148,-35.68004421,1187.06
148.12656242,-35.68004419,1187.04
148.12658905,-35.68004422,1187.05
148.12659966,-35.68004421,1187.04
148.12661016,-35.68004420,1187.05
148.12663602,-35.68004423,1187.14
148.12664618,-35.68004422,1187.15
148.12665624,-35.68004422,1187.19
148.12666619,-35.68004422,1187.24
148.12667602,-35.68004421,1187.22
148.12668585,-35.68004421,1187.28
148.12669569,-35.68004421,1187.27
148.12670530,-35.68004421,1187.31
148.12671492,-35.68004421,1187.28
148.12672453,-35.68004421,1187.29
148.12673381,-35.68004421,1187.34
148.12674321,-35.68004422,1187.34
148.12675238,-35.68004422,1187.37
148.12676155,-35.68004422,1187.39
148.12677050,-35.68004423,1187.42
148.12677945,-35.68004424,1187.47
148.12678840,-35.68004424,1187.50
148.12679713,-35.68004425,1187.51
148.12680575,-35.68004426,1187.53
148.12681437,-35.68004427,1187.59
148.12683536,-35.68004425,1187.65
148.12684365,-35.68004427,1187.63
148.12685172,-35.68004428,1187.69
148.12687979,-35.68004429,1187.69
148.12688752,-35.68004431,1187.71
148.12690653,-35.68004431,1187.70
148.12692487,-35.68004432,1187.76
148.12694266,-35.68004433,1187.76
148.12695305,-35.68004432,1187.74
148.12696985,-35.68004435,1187.76
148.12697957,-35.68004435,1187.83
148.12698907,-35.68004435,1187.79
148.12700443,-35.68004439,1187.85
148.12701328,-35.68004439,1187.91
148.12702200,-35.68004440,1187.95
148.12704897,-35.68004442,1188.09
148.12706720,-35.68004443,1187.76
148.12707438,-35.68004445,1187.78
148.12708378,-35.68004445,1187.60
148.12711638,-35.68004451,1187.46
148.12712511,-35.68004452,1187.46
148.12714080,-35.68004455,1187.37
148.12714853,-35.68004457,1187.37
148.12745598,-35.68002294,1187.46
148.12747907,-35.68002290,1187.06
148.12748692,-35.68002292,1187.47
148.12749465,-35.68002294,1187.37
148.12751786,-35.68002290,1187.16
148.12752570,-35.68002291,1187.40
148.12753355,-35.68002293,1187.83
148.12756074,-35.68002322,1211.65
148.12757046,-35.68002340,1224.67
148.12757798,-35.68002342,1224.53
148.12758538,-35.68002344,1222.94
148.12759997,-35.68002339,1218.70
148.12767632,-35.68002340,1221.79
148.12770693,-35.68002347,1223.73
148.12771445,-35.68002340,1220.97
148.12772163,-35.68002324,1208.70
148.12775223,-35.68002296,1187.41
148.12775997,-35.68002297,1187.99
148.12776792,-35.68002299,1187.73
148.12778350,-35.68002293,1187.13
148.12779146,-35.68002295,1187.04
148.12782130,-35.68002339,1221.45
148.12782882,-35.68002341,1222.61
148.12783644,-35.68002343,1223.44
148.12784407,-35.68002345,1223.70
148.12785169,-35.68002347,1223.88
148.12786694,-35.68002341,1222.94
148.12787479,-35.68002343,1222.49
148.12788230,-35.68002345,1222.83
148.12789015,-35.68002338,1221.41
148.12790517,-35.68002342,1223.56
148.12791269,-35.68002344,1224.23
148.12792783,-35.68002339,1225.08
148.12793534,-35.68002341,1225.57
148.12794297,-35.68002342,1225.92
148.12795822,-35.68002337,1225.74
148.12796573,-35.68002339,1225.91
148.12798109,-35.68002334,1224.94
148.12845265,-35.68025405,1184.64
148.12845724,-35.68025852,1184.66
148.12846520,-35.68025862,1184.70
148.12849747,-35.68025877,1186.25
148.12850410,-35.68025880,1186.48
148.12851946,-35.68025883,1186.52
148.12852719,-35.68025885,1186.59
148.12853537,-35.68025887,1186.68
148.12856012,-35.68025890,1187.05
148.12857648,-35.68025893,1186.51
148.12862477,-35.68025902,1187.18
148.12866676,-35.68025908,1187.83
148.12869063,-35.68025912,1187.75
148.12873185,-35.68025919,1188.51
148.12873969,-35.68025921,1188.74
148.12877660,-35.68025922,1189.69
148.12878511,-35.68025923,1189.98
148.12880964,-35.68025927,1189.75
148.12883185,-35.68025933,1190.22
148.12886423,-35.68025939,1191.19
148.12887340,-35.68025939,1191.24
148.12891562,-35.68025945,1191.50
148.12894059,-35.68025948,1192.16
148.12896579,-35.68025952,1192.59
148.12898148,-35.68025955,1193.10
148.12899695,-35.68025959,1193.43
148.12902281,-35.68025962,1193.43
148.12906634,-35.68025966,1194.43
148.12908270,-35.68025968,1194.60
148.12909950,-35.68025971,1194.89
148.12913939,-35.68025978,1195.84
148.12916315,-35.68025983,1196.92
148.12918039,-35.68025985,1196.93
148.12921586,-35.68025988,1197.60
148.12924006,-35.68025992,1198.16
148.12926459,-35.68025996,1198.74
148.12928912,-35.68026000,1199.19
148.12930747,-35.68026001,1199.27
148.12933233,-35.68026005,1199.54
148.12935764,-35.68026008,1199.93
148.12938327,-35.68026011,1200.48
148.12940891,-35.68026014,1200.79
148.12944140,-35.68026020,1201.22
148.12949422,-35.68026024,1201.97
148.12952074,-35.68026026,1202.25
148.12959533,-35.68026037,1203.26
148.12962948,-35.68026041,1203.31
148.12994379,-35.68026378,1205.17
148.12995120,-35.68026380,1205.17
148.12998810,-35.68026381,1205.44
148.13002512,-35.68026382,1205.45
148.13006269,-35.68026383,1206.16
148.13010015,-35.68026384,1206.28
148.13014535,-35.68026387,1206.59
148.13019088,-35.68026389,1206.93
148.13022900,-35.68026389,1207.18
148.13027486,-35.68026391,1207.62
148.13032094,-35.68026393,1207.97
148.13036702,-35.68026395,1208.36
148.13042106,-35.68026398,1209.04
148.13045211,-35.68026396,1209.22
148.13050636,-35.68026399,1209.81
148.13051410,-35.68026401,1210.03
148.13052183,-35.68026403,1210.07
148.13055300,-35.68026401,1210.54
148.13060736,-35.68026404,1210.79
148.13061510,-35.68026406,1210.80
148.13066173,-35.68026407,1211.19
148.13066947,-35.68026409,1211.25
148.13070847,-35.68026408,1211.29
148.13073964,-35.68026406,1211.21
148.13077853,-35.68026405,1211.36
148.13080958,-35.68026403,1211.63
148.13084063,-35.68026401,1211.85
148.13087169,-35.68026399,1212.08
148.13089489,-35.68026395,1212.31
148.13093357,-35.68026395,1212.62
148.13095677,-35.68026391,1212.72
148.13098771,-35.68026389,1213.06
148.13101843,-35.68026387,1213.39
148.13104915,-35.68026385,1213.67
148.13107202,-35.68026382,1214.30
148.13111026,-35.68026382,1214.55
148.13114053,-35.68026381,1215.21
148.13120120,-35.68026378,1215.84
148.13126087,-35.68026376,1217.50
148.13128352,-35.68026373,1217.42
148.13131314,-35.68026372,1218.01
148.13134297,-35.68026371,1218.33
148.13136507,-35.68026368,1218.62
148.13139436,-35.68026368,1219.25
148.13141657,-35.68026365,1219.10
148.13144574,-35.68026364,1219.45
148.13146773,-35.68026362,1219.55
148.13149679,-35.68026362,1219.87
148.13151845,-35.68026359,1220.06
148.13156155,-35.68026355,1220.33
148.13159017,-35.68026355,1220.41
148.13161160,-35.68026353,1220.32
148.13165404,-35.68026349,1220.50
148.13169603,-35.68026346,1220.78
148.13173768,-35.68026342,1220.81
148.13175802,-35.68026341,1221.25
148.13177857,-35.68026340,1221.29
148.13179868,-35.68026339,1221.58
148.13183261,-35.68026334,1221.63
148.13185261,-35.68026333,1221.82
148.13187261,-35.68026333,1221.79
148.13190543,-35.68026329,1222.14
148.13193802,-35.68026325,1222.28
148.13195736,-35.68026325,1222.40
148.13197659,-35.68026325,1222.56
148.13200841,-35.68026322,1222.72
148.13204002,-35.68026320,1222.62
148.13207107,-35.68026317,1222.86
148.13208322,-35.68026315,1223.01
148.13211405,-35.68026313,1222.91
148.13212599,-35.68026311,1222.98
148.13215615,-35.68026310,1222.94
148.13216820,-35.68026307,1222.79
148.13218002,-35.68026305,1222.79
148.13220941,-35.68026305,1222.67
148.13222113,-35.68026303,1222.67
148.13223262,-35.68026301,1222.62
148.13224378,-35.68026299,1222.88
148.13227174,-35.68026300,1223.14
148.13228290,-35.68026299,1223.18
148.13230577,-35.68026295,1222.68
148.13232721,-35.68026293,1222.96
148.13233804,-35.68026292,1222.96
148.13234909,-35.68026290,1222.77
148.13240191,-35.68026286,1222.60
148.13241108,-35.68026286,1223.30
148.13242091,-35.68026286,1223.56
148.13243108,-35.68026285,1223.52
148.13245528,-35.68026281,1223.96
148.13246511,-35.68026280,1224.01
148.13247462,-35.68026281,1224.14
148.13249373,-35.68026281,1224.19
148.13251849,-35.68026275,1223.34
148.13252832,-35.68026275,1222.97
148.13254158,-35.68026272,1223.33
148.13256501,-35.68026268,1222.68
148.13257385,-35.68026268,1222.63
148.13258269,-35.68026269,1222.56
148.13259562,-35.68026266,1222.58
148.13261661,-35.68026264,1222.66
148.13263584,-35.68026264,1223.49
148.13264755,-35.68026262,1223.69
148.13265982,-35.68026260,1223.42
148.13267871,-35.68026260,1223.60
148.13269020,-35.68026258,1223.44
148.13270170,-35.68026256,1223.23
148.13271264,-35.68026255,1223.14
148.13272269,-35.68026254,1223.47
148.13274689,-35.68026250,1223.37
148.13275993,-35.68026246,1223.43
148.13279043,-35.68026245,1223.70
148.13281308,-35.68026242,1223.92
148.13282424,-35.68026240,1223.84
148.13283463,-35.68026239,1223.87
148.13285607,-35.68026237,1224.25
148.13286910,-35.68026234,1224.63
148.13290259,-35.68026229,1225.47
148.13291386,-35.68026228,1225.45
148.13292568,-35.68026226,1225.87
148.13293949,-35.68026222,1226.12
148.13294038,-35.68026221,1226.15
148.13294137,-35.68026220,1226.14
148.13294225,-35.68026219,1226.11
148.13294336,-35.68026218,1225.98
148.13294424,-35.68026217,1225.89
148.13294502,-35.68026216,1225.91
148.13294557,-35.68026216,1226.00
148.13294601,-35.68026216,1226.12
148.13294645,-35.68026215,1226.30
148.13294712,-35.68026215,1226.32
148.13295275,-35.68026209,1226.59
148.13295297,-35.68026209,1226.58
148.13295330,-35.68026209,1226.58
148.13295352,-35.68026208,1226.56
148.13295363,-35.68026208,1226.59
148.13295375,-35.68026208,1226.58
148.13295386,-35.68026208,1226.54
148.13295397,-35.68026208,1226.55
148.13295408,-35.68026208,1226.56
148.13295419,-35.68026208,1226.54
148.13295430,-35.68026208,1226.54
148.13295441,-35.68026208,1226.56
148.13295452,-35.68026208,1226.54
148.13295463,-35.68026208,1226.53
148.13295523,-35.68023421,1226.49
148.13334278,-35.67993845,1228.02
148.13335040,-35.67993847,1227.34
148.13335803,-35.67993849,1227.44
148.13336576,-35.67993850,1227.65
148.13337339,-35.67993852,1227.64
148.13338112,-35.67993845,1227.88
148.13338886,-35.67993847,1227.83
148.13339659,-35.67993848,1228.00
148.13340422,-35.67993850,1228.07
148.13341195,-35.67993852,1228.40
148.13341958,-35.67993854,1228.48
148.13342731,-35.67993855,1228.59
148.13343505,-35.67993857,1229.05
148.13344267,-35.67993859,1228.94
148.13345041,-35.67993861,1228.90
148.13345803,-35.67993854,1228.98
148.13346577,-35.67993855,1229.23
148.13347350,-35.67993857,1230.11
148.13348113,-35.67993859,1229.50
148.13348886,-35.67993860,1229.94
148.13349660,-35.67993862,1230.63
148.13350423,-35.67993864,1230.81
148.13351185,-35.67993866,1230.79
148.13351947,-35.67993868,1231.61
148.13352721,-35.67993870,1230.94
148.13353494,-35.67993871,1230.96
148.13354257,-35.67993873,1231.49
148.13355804,-35.67993868,1231.62
148.13359264,-35.67993934,1270.54
148.13360004,-35.67993936,1270.59
148.13360767,-35.67993938,1268.97
148.13362247,-35.67993933,1269.83
148.13363010,-35.67993935,1268.58
148.13363750,-35.67993937,1269.02
148.13365286,-35.67993931,1265.92
148.13366744,-35.67993927,1267.87
148.13372782,-35.67994194,1232.97
148.13373544,-35.67994187,1232.96
148.13374295,-35.67994189,1233.55
148.13375069,-35.67994191,1233.05
148.13375798,-35.67994193,1234.53
148.13376594,-35.67994186,1233.21
148.13377290,-35.67994188,1235.54
148.13378053,-35.67994190,1236.06
148.13379423,-35.67994195,1242.23
148.13418565,-35.68025589,1239.84
148.13418728,-35.68026147,1239.71
148.13418772,-35.68026155,1239.71
148.13419324,-35.68026159,1239.74
148.13419976,-35.68026162,1239.99
148.13420695,-35.68026164,1239.93
148.13421413,-35.68026167,1240.22
148.13424496,-35.68026173,1240.16
148.13425248,-35.68026176,1240.35
148.13426054,-35.68026177,1240.56
148.13426861,-35.68026178,1240.56
148.13427712,-35.68026179,1240.49
148.13428463,-35.68026181,1241.02
148.13429370,-35.68026182,1240.89
148.13431082,-35.68026184,1240.87
148.13431867,-35.68026185,1240.88
148.13432685,-35.68026187,1240.99
148.13433513,-35.68026188,1241.05
148.13434972,-35.68026192,1241.24
148.13435878,-35.68026192,1241.38
148.13437447,-35.68026196,1241.63
148.13438398,-35.68026196,1241.70
148.13440055,-35.68026198,1241.94
148.13441823,-35.68026200,1242.47
148.13443304,-35.68026204,1243.03
148.13444011,-35.68026206,1243.03
148.13446586,-35.68026209,1243.15
148.13447382,-35.68026210,1243.38
148.13448166,-35.68026212,1243.57
148.13448984,-35.68026213,1243.87
148.13450155,-35.68026211,1243.86
148.13450995,-35.68026212,1244.12
148.13451813,-35.68026214,1244.24
148.13452631,-35.68026215,1244.26
148.13453515,-35.68026216,1244.68
148.13456520,-35.68026223,1245.05
148.13457460,-35.68026224,1245.62
148.13459173,-35.68026225,1245.40
148.13460112,-35.68026226,1245.69
148.13461018,-35.68026226,1245.81
148.13462410,-35.68026231,1245.99
148.13463350,-35.68026231,1246.13
148.13464289,-35.68026231,1246.27
148.13465714,-35.68026236,1246.31
148.13466676,-35.68026236,1246.43
148.13467659,-35.68026235,1246.62
148.13469151,-35.68026240,1246.92
148.13470157,-35.68026239,1247.14
148.13471682,-35.68026243,1247.39
148.13474301,-35.68026245,1248.27
148.13475837,-35.68026249,1248.30
148.13478478,-35.68026251,1248.66
148.13482312,-35.68026251,1249.70
148.13483959,-35.68026253,1249.97
148.13485638,-35.68026255,1250.32
148.13486821,-35.68026262,1251.08
148.13488523,-35.68026264,1251.37
148.13490202,-35.68026267,1251.34
148.13491926,-35.68026268,1251.64
148.13493650,-35.68026270,1251.75
148.13495418,-35.68026271,1252.18
148.13497175,-35.68026273,1252.28
148.13497772,-35.68026276,1252.37
148.13499573,-35.68026277,1252.81
148.13500181,-35.68026281,1252.89
148.13501352,-35.68026279,1252.86
148.13505640,-35.68026283,1253.68
148.13506922,-35.68026289,1254.27
148.13508789,-35.68026290,1254.56
148.13510657,-35.68026290,1254.87
148.13511297,-35.68026293,1255.08
148.13513220,-35.68026293,1255.64
148.13513861,-35.68026296,1255.84
148.13514480,-35.68026299,1255.82
148.13515751,-35.68026296,1255.91
148.13518348,-35.68026299,1256.70
148.13519000,-35.68026301,1256.84
148.13519630,-35.68026305,1256.82
148.13521608,-35.68026304,1257.44
148.13523563,-35.68026304,1257.71
148.13524249,-35.68026306,1258.03
148.13524901,-35.68026309,1258.17
148.13526205,-35.68026306,1258.33
148.13528890,-35.68026317,1259.02
148.13530890,-35.68026316,1259.33
148.13531575,-35.68026318,1259.62
148.13532238,-35.68026321,1259.65
148.13533586,-35.68026317,1259.86
148.13534945,-35.68026322,1260.31
148.13535620,-35.68026325,1260.31
148.13537653,-35.68026324,1260.69
148.13538338,-35.68026327,1260.78
148.13539023,-35.68026329,1261.02
148.13541112,-35.68026327,1261.72
148.13541797,-35.68026330,1261.92
148.13542493,-35.68026332,1262.15
148.13544548,-35.68026331,1262.27
148.13545256,-35.68026333,1262.49
148.13545952,-35.68026336,1262.73
148.13546648,-35.68026338,1262.80
148.13547355,-35.68026341,1263.15
148.13548736,-35.68026337,1263.25
148.13549444,-35.68026339,1263.46
148.13550140,-35.68026341,1263.60
148.13550858,-35.68026344,1263.94
148.13552958,-35.68026342,1264.25
148.13555079,-35.68026349,1264.70
148.13556494,-35.68026345,1265.08
148.13557212,-35.68026347,1265.30
148.13557930,-35.68026349,1265.46
148.13558638,-35.68026352,1265.65
148.13560063,-35.68026356,1266.04
148.13561500,-35.68026352,1266.42
148.13562229,-35.68026354,1266.78
148.13562936,-35.68026356,1266.94
148.13564373,-35.68026360,1267.26
148.13565091,-35.68026363,1267.53
148.13566539,-35.68026358,1267.90
148.13567257,-35.68026360,1268.00
148.13567975,-35.68026363,1268.06
148.13568694,-35.68026365,1268.31
148.13569423,-35.68026367,1268.50
148.13570152,-35.68026369,1268.80
148.13571600,-35.68026364,1269.11
148.13572340,-35.68026366,1269.71
148.13573069,-35.68026368,1269.67
148.13573788,-35.68026371,1269.80
148.13576705,-35.68026370,1270.59
148.13577434,-35.68026373,1270.62
148.13578153,-35.68026375,1270.75
148.13578882,-35.68026377,1270.90
148.13579622,-35.68026379,1271.12
148.13580352,-35.68026381,1271.30
148.13581081,-35.68026383,1271.49
148.13584020,-35.68026382,1272.55
148.13584761,-35.68026385,1272.59
148.13585479,-35.68026387,1272.45
148.13586220,-35.68026389,1272.66
148.13586949,-35.68026391,1272.64
148.13587689,-35.68026384,1272.75
148.13590640,-35.68026392,1273.56
148.13591380,-35.68026394,1273.92
148.13594319,-35.68026393,1274.31
148.13595071,-35.68026395,1274.51
148.13598032,-35.68026404,1275.21
148.13599502,-35.68026399,1275.23
148.13600253,-35.68026401,1275.34
148.13600994,-35.68026403,1275.60
148.13601734,-35.68026405,1275.70
148.13602486,-35.68026406,1275.98
148.13603215,-35.68026409,1275.87
148.13603956,-35.68026411,1275.95
148.13605447,-35.68026406,1276.16
148.13606188,-35.68026408,1276.35
148.13606928,-35.68026410,1276.39
148.13607679,-35.68026412,1276.58
148.13608431,-35.68026414,1276.71
148.13610100,-35.68026434,1287.20
148.13611039,-35.68026452,1299.19
148.13611780,-35.68026454,1299.84
148.13613260,-35.68026458,1301.61
148.13614001,-35.68026460,1302.01
148.13615459,-35.68026455,1302.15
148.13618111,-35.68026421,1277.77
148.13618862,-35.68026423,1277.72
148.13619603,-35.68026425,1278.10
148.13620343,-35.68026427,1277.87
148.13621957,-35.68026448,1292.71
148.13622697,-35.68026450,1292.86
148.13624200,-35.68026463,1298.24
148.13624952,-35.68026465,1300.80
148.13625692,-35.68026467,1300.84
148.13626433,-35.68026469,1303.17
148.13627173,-35.68026471,1304.35
148.13627902,-35.68026473,1304.31
148.13628632,-35.68026475,1303.92
148.13630831,-35.68026482,1306.43
148.13632289,-35.68026477,1306.36
148.13633030,-35.68026479,1306.58
148.13633770,-35.68026481,1306.44
148.13634488,-35.68026483,1306.14
148.13635228,-35.68026476,1305.55
148.13635980,-35.68026478,1301.61
148.13636698,-35.68026480,1303.54
148.13637428,-35.68026482,1303.36
148.13639803,-35.68026442,1279.17
148.13640554,-35.68026444,1279.23
148.13641306,-35.68026446,1279.18
148.13642046,-35.68026439,1279.47
148.13642786,-35.68026441,1279.87
148.13644743,-35.68026486,1306.48
148.13646180,-35.68026490,1308.51
148.13685644,-35.68057952,1275.18
148.13685644,-35.68068050,1274.26
148.13685644,-35.68068059,1274.25
148.13685726,-35.68071520,1273.92
148.13685623,-35.68074361,1273.63
148.13685684,-35.68084134,1272.70
148.13685578,-35.68093818,1271.33
148.13685545,-35.68100048,1270.58
148.13685637,-35.68103374,1270.22
148.13685611,-35.68105466,1270.05
148.13685623,-35.68106278,1270.09
148.13685434,-35.68112473,1269.84
148.13685363,-35.68119876,1269.61
148.13685054,-35.68126163,1269.44
148.13685218,-35.68129164,1269.54
148.13685236,-35.68129668,1269.48
148.13685066,-35.68138704,1268.89
148.13685063,-35.68139272,1268.76
148.13685020,-35.68145583,1268.41
148.13685045,-35.68155158,1267.63
148.13685010,-35.68158115,1267.44
148.13685007,-35.68158692,1267.33
148.13685007,-35.68158702,1267.29
148.13684930,-35.68164923,1267.21
148.13684925,-35.68167691,1267.27
148.13685093,-35.68171747,1267.56
148.13685170,-35.68178003,1267.94
148.13685414,-35.68184267,1268.29
148.13685445,-35.68191100,1267.65
148.13685032,-35.68200147,1266.59
148.13685752,-35.68210454,1268.06
148.13685878,-35.68212302,1265.35
148.13687392,-35.68212323,1265.28
148.13688685,-35.68212329,1265.38
148.13689978,-35.68212335,1264.95
148.13691492,-35.68212339,1265.25
148.13693039,-35.68212342,1264.51
148.13694476,-35.68212347,1264.51
148.13696012,-35.68212350,1264.25
148.13696907,-35.68212351,1263.85
148.13700222,-35.68212355,1264.92
148.13700996,-35.68212357,1264.62
148.13702477,-35.68212361,1263.12
148.13704919,-35.68212365,1262.94
148.13709207,-35.68212370,1262.60
148.13713483,-35.68212374,1262.01
148.13714257,-35.68212376,1261.99
148.13717782,-35.68212379,1261.91
148.13722346,-35.68212381,1261.71
148.13723219,-35.68212382,1261.80
148.13724070,-35.68212383,1261.68
148.13724943,-35.68212383,1261.56
148.13729031,-35.68212390,1261.63
148.13730037,-35.68212389,1262.17
148.13733684,-35.68212391,1261.14
148.13736126,-35.68212395,1261.07
148.13740612,-35.68212398,1260.70
148.13744204,-35.68212400,1260.38
148.13749453,-35.68212404,1259.56
148.13752183,-35.68212405,1259.32
148.13756614,-35.68212409,1258.71
148.13761167,-35.68212411,1258.24
148.13762879,-35.68212413,1257.75
148.13766327,-35.68212416,1256.72
148.13769819,-35.68212419,1255.48
148.13771621,-35.68212420,1255.18
148.13778903,-35.68212423,1253.05
148.13780737,-35.68212424,1252.29
148.13783390,-35.68212426,1253.04
148.13785920,-35.68212429,1252.30
148.13787865,-35.68212429,1252.13
148.13792981,-35.68212435,1250.16
148.13794926,-35.68212434,1249.50
148.13797567,-35.68212436,1248.81
148.13800275,-35.68212438,1248.63
148.13806308,-35.68212444,1246.54
148.13808364,-35.68212442,1246.06
148.13811126,-35.68212443,1245.44
148.13811933,-35.68212445,1246.64
148.13814762,-35.68212445,1246.72
148.13818287,-35.68212448,1246.08
148.13821149,-35.68212448,1246.01
148.13824542,-35.68212452,1242.95
148.13827503,-35.68212451,1243.80
148.13834012,-35.68212452,1242.35
148.13834808,-35.68212454,1243.11
148.13837880,-35.68212452,1244.99
148.13844576,-35.68212452,1244.96
148.13845339,-35.68212453,1245.18
148.13849140,-35.68212454,1246.16
148.13852179,-35.68212452,1246.57
148.13855218,-35.68212450,1247.06
148.13859041,-35.68212450,1247.86
148.13859837,-35.68212452,1248.58
148.13863639,-35.68212452,1248.88
148.13867473,-35.68212451,1249.44
148.13870556,-35.68212449,1249.98
148.13874369,-35.68212449,1249.69
148.13878988,-35.68212451,1250.20
148.13883607,-35.68212452,1250.44
148.13886690,-35.68212450,1250.82
148.13891342,-35.68212451,1251.52
148.13893674,-35.68212447,1253.30
148.13898304,-35.68212448,1252.54
148.13899077,-35.68212450,1252.74
148.13902934,-35.68212450,1253.35
148.13907575,-35.68212451,1253.90
148.13908349,-35.68212453,1254.04
148.13912968,-35.68212454,1255.03
148.13913742,-35.68212455,1255.22
148.13915289,-35.68212459,1255.37
148.13919886,-35.68212461,1256.58
148.13920659,-35.68212462,1256.58
148.13921422,-35.68212464,1256.71
148.13926030,-35.68212465,1257.46
148.13926792,-35.68212467,1257.47
148.13927544,-35.68212469,1258.05
148.13928317,-35.68212471,1257.79
148.13932881,-35.68212473,1258.82
148.13933655,-35.68212474,1258.48
148.13934417,-35.68212476,1258.57
148.13935169,-35.68212478,1259.11
148.13935931,-35.68212480,1258.79
148.13938959,-35.68212478,1259.59
148.13942738,-35.68212479,1260.55
148.13944971,-35.68212485,1262.11
148.13945722,-35.68212487,1262.16
148.13946485,-35.68212488,1261.58
148.13947247,-35.68212490,1261.11
148.13951734,-35.68212493,1262.06
148.13952474,-35.68212495,1262.19
148.13953226,-35.68212497,1262.29
148.13957668,-35.68212500,1263.49
148.13962110,-35.68212503,1263.88
148.13962851,-35.68212505,1263.94
148.13963580,-35.68212507,1264.11
148.13967978,-35.68212510,1264.70
148.13968696,-35.68212512,1264.86
148.13971569,-35.68212512,1266.06
148.13975946,-35.68212516,1265.96
148.13976664,-35.68212518,1265.94
148.13977393,-35.68212520,1266.10
148.13978101,-35.68212523,1266.14
148.13982388,-35.68212527,1266.74
148.13986643,-35.68212532,1267.34
148.13990157,-35.68212535,1267.74
148.13994334,-35.68212540,1268.45
148.13997771,-35.68212544,1269.04
148.13999749,-35.68212543,1270.49
148.14003893,-35.68212549,1270.04
148.14004578,-35.68212551,1270.07
148.14006490,-35.68212551,1271.73
148.14012645,-35.68212556,1270.27
148.14013971,-35.68212561,1270.33
148.14014645,-35.68212564,1270.18
148.14017297,-35.68212566,1270.18
148.14020591,-35.68212571,1269.98
148.14023110,-35.68212574,1270.66
148.14025751,-35.68212576,1269.93
148.14029553,-35.68212585,1269.98
148.14030205,-35.68212588,1269.80
148.14032702,-35.68212591,1269.79
148.14034536,-35.68212592,1270.18
148.14037001,-35.68212596,1270.08
148.14040117,-35.68212602,1269.44
148.14044957,-35.68212611,1268.87
148.14046736,-35.68212612,1268.82
148.14049068,-35.68212617,1268.84
148.14050825,-35.68212618,1268.55
148.14056096,-35.68212622,1271.97
148.14057688,-35.68212625,1267.82
148.14059765,-35.68212633,1268.87
148.14062473,-35.68212634,1268.86
148.14064130,-35.68212636,1268.40
148.14066893,-35.68212646,1267.33
148.14068506,-35.68212649,1266.87
148.14072651,-35.68212655,1266.18
148.14077424,-35.68212664,1267.12
148.14079590,-35.68212670,1265.11
148.14082894,-35.68212675,1264.71
148.14083779,-35.68212675,1264.89
148.14086298,-35.68212679,1266.04
148.14089370,-35.68212686,1265.58
148.14091846,-35.68212689,1265.80
148.14093371,-35.68212693,1266.46
148.14094807,-35.68212697,1264.76
148.14095603,-35.68212699,1264.62
148.14097128,-35.68212702,1264.72
148.14098056,-35.68212702,1266.04
148.14100598,-35.68212705,1266.08
148.14101394,-35.68212707,1265.47
148.14103769,-35.68212711,1265.62
148.14105792,-35.68212719,1265.26
148.14107438,-35.68212722,1264.75
148.14108875,-35.68212726,1263.26
148.14110356,-35.68212730,1263.10
148.14112013,-35.68212732,1266.49
148.14114754,-35.68212743,1263.55
148.14115450,-35.68212745,1263.67
148.14116843,-35.68212750,1263.43
148.14118998,-35.68212756,1262.77
148.14119661,-35.68212759,1263.23
148.14121042,-35.68212764,1263.14
148.14121186,-35.68212763,1263.21
148.14121329,-35.68212761,1263.22
148.14121473,-35.68212760,1269.28
148.14121495,-35.68212760,1268.35
148.14124532,-35.68211838,1263.46
148.14125195,-35.68211084,1263.71
148.14125645,-35.68209267,1263.29
148.14125682,-35.68204930,1265.39
148.14125240,-35.68198705,1266.37
148.14125240,-35.68198696,1266.34
148.14125335,-35.68189084,1267.76
148.14124985,-35.68185454,1268.00
148.14124854,-35.68179351,1268.80
148.14124761,-35.68175917,1269.95
148.14124530,-35.68169771,1269.77
148.14124529,-35.68169762,1269.83
148.14124456,-35.68166183,1270.01
148.14124324,-35.68160008,1270.18
148.14124490,-35.68153056,1270.37
148.14124399,-35.68150487,1270.54
148.14124529,-35.68143354,1270.91
148.14124160,-35.68139986,1271.28
148.14123978,-35.68137228,1271.55
148.14123791,-35.68130315,1272.38
148.14123709,-35.68127692,1272.66
148.14123583,-35.68123501,1273.27
148.14123476,-35.68120662,1273.64
148.14123159,-35.68116239,1274.50
148.14123111,-35.68113651,1274.91
148.14122655,-35.68104847,1276.42
148.14122746,-35.68103494,1276.59
148.14122866,-35.68101095,1276.47
148.14122997,-35.68098650,1276.48
148.14123186,-35.68092545,1276.79
148.14123203,-35.68082023,1277.41
148.14122539,-35.68075015,1277.82
148.14122472,-35.68068740,1278.48
148.14122269,-35.68065343,1278.81
148.14122054,-35.68062650,1279.25
148.14121883,-35.68058450,1279.75
148.14121790,-35.68056539,1280.16
148.14121754,-35.68055611,1281.37
148.14121595,-35.68052187,1281.19
148.14121588,-35.68049329,1281.41
148.14121588,-35.68048607,1281.06
148.14121588,-35.68048598,1281.10
148.14121577,-35.68040800,1281.51
148.14121672,-35.68039753,1281.68
148.14121290,-35.68035438,1281.81
148.14121257,-35.68029235,1282.11
148.14121218,-35.68026504,1282.21
148.14121164,-35.68019544,1282.03
148.14120993,-35.68016868,1281.89
148.14120797,-35.68013192,1283.47
148.14120720,-35.68009370,1283.06
148.14120720,-35.68009361,1283.13
148.14120787,-35.68006313,1282.05
148.14121058,-35.68003623,1281.95
148.14160047,-35.67972095,1287.18
148.14160699,-35.67972098,1284.07
148.14161440,-35.67972091,1284.04
148.14162180,-35.67972093,1284.21
148.14163097,-35.67972102,1290.52
148.14163816,-35.67972104,1289.89
148.14165208,-35.67972100,1286.13
148.14166147,-35.67972109,1294.26
148.14166899,-35.67972111,1294.95
148.14168545,-35.67972122,1302.50
148.14169308,-35.67972124,1303.09
148.14170037,-35.67972126,1303.11
148.14171673,-35.67972138,1311.31
148.14172413,-35.67972140,1312.10
148.14173142,-35.67972142,1311.89
148.14174568,-35.67972138,1309.58
148.14176170,-35.67972158,1317.85
148.14176900,-35.67972152,1317.45
148.14178358,-35.67972156,1317.60
148.14179088,-35.67972158,1317.70
148.14179817,-35.67972160,1317.29
148.14180546,-35.67972153,1316.97
148.14181983,-35.67972157,1314.75
148.14182701,-35.67972151,1313.45
148.14183408,-35.67972144,1310.53
148.14184845,-35.67972139,1306.18
148.14185596,-35.67972141,1308.06
148.14186347,-35.67972143,1309.10
148.14187088,-35.67972145,1308.99
148.14187817,-35.67972147,1308.13
148.14188547,-35.67972149,1307.50
148.14190016,-35.67972144,1303.69
148.14192204,-35.67972124,1289.13
148.14193706,-35.67972118,1289.45
148.14194458,-35.67972120,1289.06
148.14195220,-35.67972122,1289.07
148.14195972,-35.67972124,1291.24
148.14196712,-35.67972126,1292.00
148.14197464,-35.67972128,1293.35
148.14198215,-35.67972130,1292.59
148.14198967,-35.67972131,1292.07
148.14199718,-35.67972124,1292.23
148.14200469,-35.67972126,1292.42
148.14201221,-35.67972128,1293.84
148.14201972,-35.67972130,1293.63
148.14202724,-35.67972132,1292.50
148.14203475,-35.67972134,1293.63
148.14204215,-35.67972136,1294.77
148.14204956,-35.67972138,1295.48
148.14207045,-35.67972154,1311.55
148.14209266,-35.67972160,1312.27
148.14209874,-35.67972172,1322.88
148.14248147,-35.67999785,1291.91
148.14248301,-35.68005924,1292.05
148.14248375,-35.68013406,1291.55
148.14248053,-35.68016447,1291.40
148.14248790,-35.68026259,1290.80
148.14248703,-35.68029469,1290.29
148.14248355,-35.68032989,1289.25
148.14248301,-35.68039210,1288.42
148.14248440,-35.68041986,1287.95
148.14248815,-35.68048167,1287.45
148.14248828,-35.68052179,1286.77
148.14248322,-35.68058513,1285.30
148.14248327,-35.68062002,1285.09
148.14248322,-35.68062417,1284.43
148.14247909,-35.68074520,1280.88
148.14247734,-35.68078516,1279.55
148.14247765,-35.68080733,1279.53
148.14247702,-35.68084836,1277.94
148.14247709,-35.68087640,1277.20
148.14247807,-35.68090659,1276.30
148.14247826,-35.68091155,1277.39
148.14247940,-35.68094580,1275.41
148.14247981,-35.68095842,1275.23
148.14247954,-35.68100945,1274.69
148.14247739,-35.68103670,1273.76
148.14247199,-35.68107651,1273.02
148.14247679,-35.68119655,1271.55
148.14247274,-35.68123761,1271.13
148.14247630,-35.68130123,1270.28
148.14247656,-35.68132729,1270.03
148.14247550,-35.68136904,1269.51
148.14247797,-35.68142672,1268.74
148.14247798,-35.68142681,1268.69
148.14248403,-35.68144036,1268.58
148.14249708,-35.68144935,1268.80
148.14250604,-35.68144971,1271.66
148.14250781,-35.68144979,1268.92
148.14252118,-35.68144984,1268.88
148.14252914,-35.68144985,1269.04
148.14254803,-35.68144985,1271.95
148.14259091,-35.68144999,1270.05
148.14259699,-35.68145002,1269.35
148.14261213,-35.68145006,1269.28
148.14262871,-35.68145008,1269.45
148.14263699,-35.68145009,1269.35
148.14265743,-35.68145008,1271.03
148.14266517,-35.68145009,1270.21
148.14269103,-35.68145012,1270.45
148.14270639,-35.68145015,1269.69
148.14272042,-35.68145020,1269.84
148.14273092,-35.68145019,1269.80
148.14273822,-35.68145021,1269.86
148.14274562,-35.68145023,1269.92
148.14275347,-35.68145025,1270.20
148.14276474,-35.68145023,1270.28
148.14278518,-35.68145022,1273.43
148.14279899,-35.68145027,1269.82
148.14280916,-35.68145026,1271.23
148.14281822,-35.68145026,1271.77
148.14284043,-35.68145033,1270.10
148.14285005,-35.68145032,1270.82
148.14285889,-35.68145033,1271.04
148.14286795,-35.68145033,1271.32
148.14287546,-35.68145035,1270.50
148.14289359,-35.68145036,1270.81
148.14290187,-35.68145037,1270.28
148.14291071,-35.68145038,1270.16
148.14292928,-35.68145038,1270.20
148.14294298,-35.68145034,1270.06
148.14297227,-35.68145042,1270.41
148.14299636,-35.68145047,1270.18
148.14302708,-35.68145045,1270.70
148.14303680,-35.68145044,1270.43
148.14305260,-35.68145047,1270.68
148.14306841,-35.68145050,1270.83
148.14307990,-35.68145048,1271.62
148.14309316,-35.68145045,1273.58
148.14310984,-35.68145047,1274.13
148.14311647,-35.68145050,1271.08
148.14313228,-35.68145053,1270.78
148.14314830,-35.68145056,1270.39
148.14315913,-35.68145054,1270.23
148.14317559,-35.68145057,1270.05
148.14320753,-35.68145053,1272.98
148.14321991,-35.68145060,1269.33
148.14323140,-35.68145058,1269.19
148.14325682,-35.68145061,1271.03
148.14329008,-35.68145065,1269.28
148.14332025,-35.68145064,1269.50
148.14333196,-35.68145062,1269.06
148.14334069,-35.68145062,1271.37
148.14335726,-35.68145065,1269.86
148.14338158,-35.68145069,1269.64
148.14339981,-35.68145069,1269.20
148.14342158,-35.68145067,1272.01
148.14343771,-35.68145069,1269.41
148.14346280,-35.68145073,1269.16
148.14350711,-35.68145076,1268.38
148.14352722,-35.68145074,1268.98
148.14354534,-35.68145075,1267.41
148.14357165,-35.68145077,1267.36
148.14359783,-35.68145080,1266.80
148.14360435,-35.68145082,1266.67
148.14363110,-35.68145084,1266.47
148.14364447,-35.68145080,1266.27
148.14367419,-35.68145079,1269.19
148.14370138,-35.68145080,1269.06
148.14372823,-35.68145082,1268.31
148.14373497,-35.68145085,1268.06
148.14375486,-35.68145084,1266.91
148.14378260,-35.68145084,1266.72
148.14378901,-35.68145087,1265.93
148.14379630,-35.68145089,1266.26
148.14381807,-35.68145087,1267.04
148.14382514,-35.68145089,1267.24
148.14385211,-35.68145091,1265.33
148.14387354,-35.68145088,1265.43
148.14388073,-35.68145090,1265.40
148.14388813,-35.68145092,1265.76
148.14390205,-35.68145088,1265.09
148.14391078,-35.68145089,1267.49
148.14392404,-35.68145094,1265.76
148.14394515,-35.68145092,1264.90
148.14395266,-35.68145094,1265.35
148.14397432,-35.68145091,1265.19
148.14398880,-35.68145096,1265.04
148.14399576,-35.68145098,1264.60
148.14401731,-35.68145096,1263.86
148.14402460,-35.68145098,1263.92
148.14403190,-35.68145100,1263.64
148.14405367,-35.68145097,1263.33
148.14406107,-35.68145099,1263.25
148.14406825,-35.68145102,1262.83
148.14407543,-35.68145104,1262.64
148.14409743,-35.68145101,1262.18
148.14410483,-35.68145103,1262.21
148.14411223,-35.68145105,1262.18
148.14411997,-35.68145097,1262.68
148.14415002,-35.68145096,1263.40
148.14415732,-35.68145098,1262.99
148.14416428,-35.68145100,1261.81
148.14417268,-35.68145101,1263.75
148.14418019,-35.68145103,1263.78
148.14418738,-35.68145105,1263.25
148.14419401,-35.68145108,1261.31
148.14420108,-35.68145110,1260.40
148.14420826,-35.68145104,1259.81
148.14427567,-35.68145112,1258.64
148.14428341,-35.68145113,1258.73
148.14429092,-35.68145115,1258.63
148.14430606,-35.68145110,1258.31
148.14431357,-35.68145112,1258.19
148.14432120,-35.68145113,1258.21
148.14432882,-35.68145115,1258.25
148.14434396,-35.68145110,1258.12
148.14435921,-35.68145113,1258.16
148.14436684,-35.68145115,1258.12
148.14437457,-35.68145117,1258.43
148.14438993,-35.68145111,1258.75
148.14439756,-35.68145113,1258.66
148.14441269,-35.68145117,1258.25
148.14442032,-35.68145118,1258.05
148.14443590,-35.68145112,1259.12
148.14445137,-35.68145116,1259.89
148.14445855,-35.68145118,1258.01
148.14447447,-35.68145112,1260.51
148.14448209,-35.68145114,1260.41
148.14448916,-35.68145116,1257.71
148.14449690,-35.68145118,1257.73
148.14450463,-35.68145119,1258.32
148.14451248,-35.68145121,1258.57
148.14452762,-35.68145115,1258.25
148.14453547,-35.68145117,1258.49
148.14454309,-35.68145119,1258.70
148.14455060,-35.68145121,1258.08
148.14455834,-35.68145122,1258.07
148.14457370,-35.68145117,1257.72
148.14458133,-35.68145118,1257.59
148.14458906,-35.68145120,1257.59
148.14459680,-35.68145122,1257.43
148.14460453,-35.68145123,1257.40
148.14461216,-35.68145125,1257.38
148.14462763,-35.68145120,1257.90
148.14464310,-35.68145123,1258.79
148.14465857,-35.68145117,1260.09
148.14466630,-35.68145119,1259.46
148.14467415,-35.68145120,1260.98
148.14468155,-35.68145122,1257.42
148.14468929,-35.68145124,1257.64
148.14469702,-35.68145126,1258.06
148.14470476,-35.68145127,1258.05
148.14472012,-35.68145122,1257.89
148.14472774,-35.68145124,1258.08
148.14473537,-35.68145125,1257.79
148.14474310,-35.68145127,1257.87
148.14475084,-35.68145129,1257.79
148.14475857,-35.68145130,1257.88
148.14477394,-35.68145134,1257.14
148.14478167,-35.68145135,1257.24
148.14481250,-35.68145142,1257.60
148.14482013,-35.68145144,1257.06
148.14482786,-35.68145146,1256.80
148.14483549,-35.68145138,1256.81
148.14484322,-35.68145140,1256.50
148.14485074,-35.68145142,1259.46
148.14485847,-35.68145144,1259.72
148.14486610,-35.68145145,1259.72
148.14487405,-35.68145147,1256.87
148.14488168,-35.68145148,1256.99
148.14488930,-35.68145150,1257.03
148.14489704,-35.68145152,1256.74
148.14490466,-35.68145154,1256.66
148.14530451,-35.68175608,1247.58
148.14531069,-35.68182526,1247.27
148.14531501,-35.68184875,1246.78
148.14531578,-35.68184892,1246.79
148.14531833,-35.68184899,1246.77
148.14532407,-35.68184902,1246.90
148.14533004,-35.68184906,1246.84
148.14533645,-35.68184908,1246.86
148.14534264,-35.68184912,1246.93
148.14534916,-35.68184914,1246.83
148.14535656,-35.68184916,1246.91
148.14536430,-35.68184918,1246.72
148.14537159,-35.68184920,1246.99
148.14537866,-35.68184922,1246.84
148.14539259,-35.68184927,1246.91
148.14540165,-35.68184928,1247.25
148.14541060,-35.68184928,1247.29
148.14543591,-35.68184931,1248.13
148.14545105,-35.68184935,1247.95
148.14546011,-35.68184935,1248.49
148.14546884,-35.68184936,1248.69
148.14548320,-35.68184940,1248.72
148.14550177,-35.68184940,1249.02
148.14551801,-35.68184943,1249.36
148.14553404,-35.68184946,1249.20
148.14555095,-35.68184948,1249.27
148.14556951,-35.68184948,1249.85
148.14560167,-35.68184954,1249.40
148.14562067,-35.68184954,1249.34
148.14562863,-35.68184955,1249.41
148.14563670,-35.68184956,1249.55
148.14564499,-35.68184958,1249.69
148.14565736,-35.68184955,1249.90
148.14566587,-35.68184956,1250.03
148.14567416,-35.68184957,1250.07
148.14568278,-35.68184958,1250.20
148.14569151,-35.68184958,1250.33
148.14570024,-35.68184959,1250.46
148.14570886,-35.68184960,1250.48
148.14571759,-35.68184961,1250.46
148.14572643,-35.68184961,1250.45
148.14573549,-35.68184962,1250.53
148.14574433,-35.68184962,1250.53
148.14575350,-35.68184962,1250.57
148.14576267,-35.68184963,1250.55
148.14577649,-35.68184968,1250.51
148.14578577,-35.68184968,1250.43
148.14579516,-35.68184968,1250.40
148.14580456,-35.68184968,1250.32
148.14582577,-35.68184966,1251.65
148.14584091,-35.68184969,1252.00
148.14585108,-35.68184969,1252.17
148.14586124,-35.68184968,1252.32
148.14587650,-35.68184972,1252.48
148.14588688,-35.68184971,1252.62
148.14589716,-35.68184970,1252.69
148.14591274,-35.68184973,1252.79
148.14592346,-35.68184972,1252.96
148.14593418,-35.68184971,1253.15
148.14595031,-35.68184973,1253.37
148.14596114,-35.68184972,1253.55
148.14597219,-35.68184971,1253.68
148.14602181,-35.68184978,1254.05
148.14605032,-35.68184977,1254.45
148.14606712,-35.68184979,1254.43
148.14609596,-35.68184979,1254.53
148.14611353,-35.68184980,1254.69
148.14613088,-35.68184982,1254.66
148.14616734,-35.68184983,1255.46
148.14618480,-35.68184985,1255.01
148.14619696,-35.68184982,1255.13
148.14622116,-35.68184986,1255.09
148.14623961,-35.68184987,1255.11
148.14625376,-35.68184982,1256.88
148.14627674,-35.68184987,1255.18
148.14629553,-35.68184987,1255.19
148.14633354,-35.68184987,1255.31
148.14635299,-35.68184987,1255.59
148.14638515,-35.68184992,1255.54
148.14640449,-35.68184992,1255.49
148.14641101,-35.68184995,1255.55
148.14643057,-35.68184994,1255.55
148.14645035,-35.68184993,1255.58
148.14645709,-35.68184996,1255.61
148.14647709,-35.68184995,1255.76
148.14648394,-35.68184997,1256.04
148.14650350,-35.68184997,1255.63
148.14651035,-35.68184999,1255.69
148.14653057,-35.68184998,1255.86
148.14655091,-35.68184997,1256.02
148.14655776,-35.68184999,1256.08
148.14657831,-35.68184997,1256.30
148.14658527,-35.68185000,1256.42
148.14660627,-35.68184998,1257.09
148.14664836,-35.68184958,1276.17
148.14668462,-35.68184987,1260.39
148.14669158,-35.68184989,1260.41
148.14670351,-35.68184995,1257.83
148.14671059,-35.68184998,1257.89
148.14673213,-35.68184995,1258.59
148.14673943,-35.68184997,1259.07
148.14676020,-35.68184996,1258.66
148.14676727,-35.68184998,1258.59
148.14678838,-35.68184996,1258.50
148.14679534,-35.68184998,1258.27
148.14680231,-35.68185001,1258.12
148.14682352,-35.68184998,1257.88
148.14683059,-35.68185001,1257.79
148.14684485,-35.68184996,1257.86
148.14685214,-35.68184998,1258.02
148.14685910,-35.68185000,1257.80
148.14686629,-35.68185003,1257.74
148.14688054,-35.68184998,1257.63
148.14688773,-35.68185000,1257.54
148.14689480,-35.68185003,1257.49
148.14690927,-35.68184998,1257.47
148.14691634,-35.68185000,1257.37
148.14692353,-35.68185002,1257.32
148.14693082,-35.68185004,1257.27
148.14694519,-35.68185000,1257.24
148.14695248,-35.68185002,1257.17
148.14695977,-35.68185004,1257.16
148.14696696,-35.68185006,1257.18
148.14698176,-35.68185001,1257.47
148.14698906,-35.68185003,1257.65
148.14699624,-35.68185005,1257.47
148.14701094,-35.68185000,1257.74
148.14701801,-35.68185003,1256.99
148.14703989,-35.68185000,1256.98
148.14708376,-35.68185003,1256.69
148.14709846,-35.68185007,1256.75
148.14711326,-35.68185002,1256.80
148.14712067,-35.68185004,1256.94
148.14712895,-35.68185005,1259.16
148.14714277,-35.68185010,1256.58
148.14715747,-35.68185005,1256.43
148.14716487,-35.68185007,1256.37
148.14717216,-35.68185009,1256.21
148.14718763,-35.68185003,1258.18
148.14719504,-35.68185005,1258.38
148.14720156,-35.68185008,1255.40
148.14720896,-35.68185010,1255.14
148.14721626,-35.68185012,1254.83
148.14722366,-35.68185014,1254.51
148.14723858,-35.68185009,1254.38
148.14724587,-35.68185011,1254.06
148.14725327,-35.68185013,1253.97
148.14726875,-35.68185007,1256.21
148.14727626,-35.68185009,1256.33
148.14728289,-35.68185011,1253.19
148.14729041,-35.68185013,1252.90
148.14729781,-35.68185015,1253.05
148.14730532,-35.68185017,1252.79
148.14732024,-35.68185012,1252.38
148.14732820,-35.68185013,1255.07
148.14733571,-35.68185015,1255.04
148.14735052,-35.68185010,1254.11
148.14735792,-35.68185012,1254.19
148.14736544,-35.68185014,1254.17
148.14737262,-35.68185016,1252.47
148.14738013,-35.68185018,1252.65
148.14738743,-35.68185020,1250.78
148.14739494,-35.68185022,1250.65
148.14740235,-35.68185024,1250.63
148.14741749,-35.68185018,1250.74
148.14742500,-35.68185020,1250.07
148.14743241,-35.68185022,1249.94
148.14743992,-35.68185024,1249.84
148.14744743,-35.68185026,1249.60
148.14746279,-35.68185020,1253.20
148.14747020,-35.68185022,1252.22
148.14747749,-35.68185024,1249.17
148.14748500,-35.68185026,1249.04
148.14750025,-35.68185021,1251.62
148.14750777,-35.68185022,1251.21
148.14751528,-35.68185024,1251.15
148.14752269,-35.68185026,1249.84
148.14753020,-35.68185028,1248.25
148.14753760,-35.68185030,1248.14
148.14754512,-35.68185032,1248.04
148.14755275,-35.68185034,1247.87
148.14756778,-35.68185038,1247.68
148.14757529,-35.68185039,1247.73
148.14758291,-35.68185041,1247.45
148.14759794,-35.68185045,1247.37
148.14761297,-35.68185039,1247.25
148.14762037,-35.68185041,1249.45
148.14762789,-35.68185043,1248.37
148.14763540,-35.68185045,1249.07
148.14764292,-35.68185047,1249.28
148.14765043,-35.68185049,1248.48
148.14766568,-35.68185052,1247.00
148.14767309,-35.68185054,1246.84
148.14768071,-35.68185056,1246.57
148.14769574,-35.68185051,1246.45
148.14771828,-35.68185056,1246.19
148.14774072,-35.68185062,1246.25
148.14774823,-35.68185064,1246.37
148.14775530,-35.68185057,1248.69
148.14776282,-35.68185059,1248.62
148.14777033,-35.68185061,1248.69
148.14777818,-35.68185062,1246.00
148.14778547,-35.68185064,1246.83
148.14779299,-35.68185066,1246.84
148.14780072,-35.68185068,1245.61
148.14780813,-35.68185070,1245.44
148.14781564,-35.68185072,1245.45
148.14782316,-35.68185073,1245.43
148.14783796,-35.68185077,1245.22
148.14784548,-35.68185079,1245.17
148.14785299,-35.68185081,1245.11
148.14786040,-35.68185074,1245.06
148.14786758,-35.68185076,1246.27
148.14787509,-35.68185078,1246.12
148.14825257,-35.68213596,1237.04
148.14824747,-35.68220435,1235.84
148.14825134,-35.68228148,1235.25
148.14825178,-35.68233476,1235.51
148.14824756,-35.68242632,1235.61
148.14825123,-35.68249715,1237.25
148.14825123,-35.68249723,1237.18
148.14825277,-35.68255817,1236.08
148.14825159,-35.68259902,1236.20
148.14825080,-35.68262905,1235.67
148.14824802,-35.68271229,1234.85
148.14824292,-35.68278131,1232.91
148.14824214,-35.68284218,1231.37
148.14824165,-35.68288492,1230.82
148.14823991,-35.68291793,1230.85
148.14823895,-35.68293570,1230.44
148.14823783,-35.68299630,1230.40
148.14823763,-35.68300541,1230.23
148.14823680,-35.68304779,1229.94
148.14823640,-35.68306592,1230.90
148.14823690,-35.68310080,1231.21
148.14823509,-35.68315996,1229.57
148.14822889,-35.68329003,1228.18
148.14822934,-35.68338316,1227.41
148.14822855,-35.68344384,1227.50
148.14822943,-35.68351317,1228.32
148.14822537,-35.68360742,1227.49
148.14822495,-35.68370191,1227.02
148.14822499,-35.68386654,1226.64
148.14822359,-35.68389955,1226.41
148.14822330,-35.68405670,1225.67
148.14822081,-35.68409928,1225.14
148.14821894,-35.68418423,1224.09
148.14821836,-35.68422093,1223.74
148.14821847,-35.68422868,1223.56
148.14821611,-35.68437232,1223.41
148.14820961,-35.68453566,1221.53
148.14821006,-35.68460598,1221.53
148.14820995,-35.68476800,1220.20
148.14820929,-35.68482967,1219.71
148.14820272,-35.68501898,1217.42
148.14820129,-35.68510455,1216.52
148.14819857,-35.68520745,1215.53
148.14819768,-35.68526876,1214.86
148.14819729,-35.68537272,1213.49
148.14818446,-35.68568010,1209.97
148.14818446,-35.68568019,1209.97
148.14818195,-35.68590624,1206.87
148.14818077,-35.68593979,1206.49
148.14817979,-35.68601012,1206.22
148.14817565,-35.68612999,1203.34
148.14817335,-35.68622368,1202.44
148.14817018,-35.68629539,1201.87
148.14816886,-35.68631902,1201.64
148.14816700,-35.68645897,1200.28
148.14816572,-35.68650902,1199.84
148.14816055,-35.68667234,1198.71
148.14815931,-35.68673231,1197.73
148.14815566,-35.68686289,1196.59
148.14815480,-35.68689581,1196.28
148.14815297,-35.68699924,1195.23
148.14815196,-35.68712926,1195.46
148.14815162,-35.68719030,1195.24
148.14815134,-35.68721744,1196.85
148.14814915,-35.68731140,1193.89
148.14814814,-35.68744142,1194.87
148.14814519,-35.68753593,1193.46
148.14814456,-35.68757696,1193.07
148.14814461,-35.68759571,1192.54
148.14814387,-35.68769859,1193.45
148.14814275,-35.68775919,1193.32
148.14814185,-35.68781960,1193.50
148.14814187,-35.68791346,1193.92
148.14814148,-35.68801723,1194.29
148.14814240,-35.68811234,1194.95
148.14814197,-35.68818276,1195.74
148.14814097,-35.68827500,1195.32
148.14813536,-35.68843121,1192.69
148.14813247,-35.68849137,1191.21
148.14813031,-35.68859526,1189.45
148.14812745,-35.68875017,1188.86
148.14812516,-35.68891501,1188.75
148.14812631,-35.68901038,1189.94
148.14812631,-35.68901047,1189.98
148.14812713,-35.68919872,1190.75
148.14812649,-35.68936209,1189.68
148.14812372,-35.68955442,1188.36
148.14812098,-35.68964875,1186.74
148.14811972,-35.68983828,1186.05
148.14812019,-35.69002544,1185.48
148.14812017,-35.69006268,1186.45
148.14811965,-35.69015753,1185.06
148.14811897,-35.69038005,1185.04
148.14812005,-35.69050130,1184.73
148.14812166,-35.69082919,1184.67
148.14812675,-35.69105355,1185.10
148.14812930,-35.69124673,1184.84
148.14813358,-35.69146054,1185.24
148.14813538,-35.69156313,1185.85
148.14813636,-35.69162407,1186.08
148.14813636,-35.69162416,1186.06
148.14814081,-35.69184924,1186.83
148.14814081,-35.69184933,1186.82
148.14814504,-35.69198236,1187.68
148.14815322,-35.69226781,1189.96
148.14815611,-35.69236931,1190.52
148.14815910,-35.69280943,1189.20
148.14816465,-35.69303504,1189.81
148.14816520,-35.69309607,1189.56
148.14816831,-35.69332090,1188.28
148.14816931,-35.69339040,1188.20
148.14816956,-35.69341564,1188.11
148.14817010,-35.69354619,1188.00
148.14817295,-35.69366733,1188.26
148.14817092,-35.69405801,1184.55
148.14816998,-35.69430857,1181.40
148.14817188,-35.69459534,1181.38
148.14817189,-35.69469596,1181.56
148.14817487,-35.69481927,1183.66
148.14818205,-35.69510437,1184.57
148.14818205,-35.69510446,1184.56
148.14818341,-35.69520695,1185.16
148.14818341,-35.69520705,1185.16
148.14818917,-35.69553156,1187.69
148.14819395,-35.69565719,1188.34
148.14820405,-35.69566783,1188.55
148.14822097,-35.69566794,1188.57
148.14823423,-35.69566799,1188.41
148.14824152,-35.69566801,1188.37
148.14825645,-35.69566805,1188.36
148.14827071,-35.69566809,1214.88
148.14829314,-35.69566815,1188.33
148.14831724,-35.69566819,1188.32
148.14832508,-35.69566821,1188.27
148.14833315,-35.69566822,1188.25
148.14835548,-35.69566828,1188.09
148.14836432,-35.69566828,1187.98
148.14873313,-35.69567567,1187.94
148.14874330,-35.69567566,1187.80
148.14875391,-35.69567565,1187.80
148.14876463,-35.69567564,1187.89
148.14877524,-35.69567563,1187.77
148.14878596,-35.69567562,1187.78
148.14879701,-35.69567560,1187.90
148.14880796,-35.69567559,1187.89
148.14883570,-35.69567559,1187.87
148.14884686,-35.69567558,1187.91
148.14885813,-35.69567556,1187.79
148.14886952,-35.69567554,1187.78
148.14889837,-35.69567554,1187.91
148.14892754,-35.69567553,1187.76
148.14893948,-35.69567550,1187.78
148.14896954,-35.69567549,1187.82
148.14900005,-35.69567547,1187.98
148.14901209,-35.69567544,1187.68
148.14904945,-35.69567545,1187.69
148.14906216,-35.69567542,1187.79
148.14907487,-35.69567538,1187.86
148.14911278,-35.69567538,1187.32
148.14913201,-35.69567538,1187.16
148.14915124,-35.69567538,1186.78
148.14917091,-35.69567537,1186.76
148.14919733,-35.69567530,1186.49
148.14922374,-35.69567532,1186.14
148.14924375,-35.69567530,1185.90
148.14926408,-35.69567529,1185.69
148.14928453,-35.69567528,1185.51
148.14930487,-35.69567526,1185.24
148.14932542,-35.69567525,1184.96
148.14934631,-35.69567523,1184.75
148.14936731,-35.69567521,1184.59
148.14939550,-35.69567521,1184.46
148.14941672,-35.69567519,1184.22
148.14944523,-35.69567518,1184.03
148.14946667,-35.69567516,1183.75
148.14949563,-35.69567515,1183.69
148.14951740,-35.69567513,1183.46
148.14954669,-35.69567512,1183.26
148.14956857,-35.69567509,1182.93
148.14959819,-35.69567508,1182.67
148.14962792,-35.69567506,1182.48
148.14965777,-35.69567505,1182.19
148.14968805,-35.69567503,1181.98
148.14971822,-35.69567501,1181.82
148.14974872,-35.69567499,1181.57
148.14978697,-35.69567499,1181.35
148.14981758,-35.69567496,1180.91
148.14984853,-35.69567494,1180.60
148.14987969,-35.69567491,1180.51
148.14988743,-35.69567493,1180.29
148.14991860,-35.69567490,1180.07
148.14994987,-35.69567487,1179.95
148.14996568,-35.69567490,1179.91
148.14999718,-35.69567487,1179.55
148.15002094,-35.69567482,1179.66
148.15004482,-35.69567487,1179.72
148.15006847,-35.69567482,1179.41
148.15009245,-35.69567486,1179.51
148.15013235,-35.69567484,1179.32
148.15015633,-35.69567479,1179.19
148.15018838,-35.69567476,1179.12
148.15020452,-35.69567478,1178.99
148.15021259,-35.69567480,1179.19
148.15022861,-35.69567482,1179.10
148.15026089,-35.69567478,1179.24
148.15026896,-35.69567480,1179.20
148.15030123,-35.69567476,1179.25
148.15030930,-35.69567477,1179.24
148.15034964,-35.69567475,1178.96
148.15035770,-35.69567476,1178.98
148.15037395,-35.69567479,1179.17
148.15045485,-35.69567473,1179.77
148.15048746,-35.69567469,1179.20
148.15052780,-35.69567467,1178.93
148.15055222,-35.69567461,1178.90
148.15056029,-35.69567463,1178.99
148.15058461,-35.69567458,1179.06
148.15059279,-35.69567459,1178.92
148.15060085,-35.69567460,1178.87
148.15062495,-35.69567455,1179.63
148.15063313,-35.69567456,1179.68
148.15065733,-35.69567451,1179.86
148.15066551,-35.69567452,1179.75
148.15068982,-35.69567447,1178.90
148.15069789,-35.69567448,1179.38
148.15071403,-35.69567442,1179.16
148.15073823,-35.69567437,1179.06
148.15074630,-35.69567438,1179.30
148.15075448,-35.69567439,1179.19
148.15077857,-35.69567434,1178.86
148.15080278,-35.69567429,1178.90
148.15081869,-35.69567432,1179.45
148.15084268,-35.69567427,1179.89
148.15087439,-35.69567424,1180.63
148.15088235,-35.69567425,1180.70
148.15090634,-35.69567420,1180.62
148.15092225,-35.69567414,1180.92
148.15094612,-35.69567409,1181.06
148.15095397,-35.69567411,1181.26
148.15096182,-35.69567412,1181.35
148.15099320,-35.69567409,1181.91
148.15101697,-35.69567405,1182.03
148.15102481,-35.69567406,1182.26
148.15104825,-35.69567402,1182.56
148.15105620,-35.69567403,1182.66
148.15107179,-35.69567397,1182.88
148.15109533,-35.69567393,1182.88
148.15110306,-35.69567395,1182.99
148.15111080,-35.69567396,1183.04
148.15113423,-35.69567392,1183.11
148.15118850,-35.69567385,1183.36
148.15121911,-35.69567383,1183.84
148.15123447,-35.69567377,1183.89
148.15126487,-35.69567375,1184.28
148.15128808,-35.69567371,1183.86
148.15129570,-35.69567373,1183.90
148.15131073,-35.69567367,1184.07
148.15134124,-35.69567365,1183.95
148.15136367,-35.69567362,1184.19
148.15140114,-35.69567353,1184.25
148.15140855,-35.69567355,1184.31
148.15142347,-35.69567350,1184.28
148.15144557,-35.69567346,1184.52
148.15146779,-35.69567343,1184.54
148.15148956,-35.69567340,1184.94
148.15149707,-35.69567342,1184.72
148.15151896,-35.69567339,1184.69
148.15154062,-35.69567337,1184.92
148.15156239,-35.69567334,1184.89
148.15158383,-35.69567331,1185.07
148.15159809,-35.69567327,1185.11
148.15161942,-35.69567324,1185.26
148.15164075,-35.69567322,1185.22
148.15166197,-35.69567320,1185.23
148.15168264,-35.69567318,1185.55
148.15170353,-35.69567316,1185.57
148.15171049,-35.69567309,1185.55
148.15174486,-35.69567304,1185.65
148.15177216,-35.69567304,1185.79
148.15179891,-35.69567297,1186.11
148.15180587,-35.69567299,1185.89
148.15183273,-35.69567292,1185.81
148.15183936,-35.69567294,1185.90
148.15185914,-35.69567293,1185.89
148.15187229,-35.69567290,1185.89
148.15188522,-35.69567286,1186.06
148.15190490,-35.69567286,1185.95
148.15191783,-35.69567282,1185.93
148.15193054,-35.69567279,1186.08
148.15196226,-35.69567276,1186.24
148.15197508,-35.69567273,1186.11
148.15198768,-35.69567270,1186.07
148.15200647,-35.69567270,1186.00
148.15201873,-35.69567267,1186.10
148.15203708,-35.69567258,1186.15
148.15206128,-35.69567262,1186.31
148.15207344,-35.69567260,1186.19
148.15208571,-35.69567257,1186.03
148.15209765,-35.69567254,1186.03
148.15210925,-35.69567252,1186.16
148.15212107,-35.69567250,1186.15
148.15214959,-35.69567241,1186.47
148.15217833,-35.69567240,1186.41
148.15218938,-35.69567239,1186.51
148.15220043,-35.69567237,1186.66
148.15220596,-35.69567232,1186.68
148.15224398,-35.69567232,1186.97
148.15226519,-35.69567229,1187.07
148.15227569,-35.69567228,1187.23
148.15228608,-35.69567227,1187.32
148.15230167,-35.69567221,1187.27
148.15231194,-35.69567221,1187.31
148.15232200,-35.69567220,1187.38
148.15233725,-35.69567214,1187.42
148.15234245,-35.69567209,1187.32
148.15238621,-35.69567204,1187.47
148.15239561,-35.69567204,1187.55
148.15240511,-35.69567204,1187.57
148.15241893,-35.69567199,1187.68
148.15242843,-35.69567199,1187.47
148.15243750,-35.69567200,1187.55
148.15246004,-35.69567196,1187.51
148.15247761,-35.69567188,1187.47
148.15249055,-35.69567185,1187.46
148.15249895,-35.69567186,1187.51
148.15250724,-35.69567187,1187.51
148.15251961,-35.69567184,1187.48
148.15254382,-35.69567179,1187.49
148.15256725,-35.69567174,1187.35
148.15261112,-35.69567159,1187.25
148.15261809,-35.69567162,1187.27
148.15262826,-35.69567161,1187.25
148.15263157,-35.69567158,1187.25
148.15264815,-35.69567151,1187.19
148.15265754,-35.69567151,1187.20
148.15266694,-35.69567151,1187.11
148.15269026,-35.69567147,1187.24
148.15270462,-35.69567142,1186.94
148.15272043,-35.69567136,1186.87
148.15272297,-35.69567134,1186.85
148.15274452,-35.69567131,1186.85
148.15275778,-35.69567127,1186.74
148.15277370,-35.69567121,1186.76
148.15278818,-35.69567116,1186.55
148.15280453,-35.69567110,1186.61
148.15280586,-35.69567108,1186.63
148.15280718,-35.69567107,1186.64
148.15281061,-35.69567104,1199.62
148.15281105,-35.69567103,1199.53
148.15281138,-35.69567103,1199.55
148.15281160,-35.69567103,1199.54
148.15281183,-35.69567103,1199.53
148.15281194,-35.69567102,1199.57
148.15281205,-35.69567102,1199.60
148.15282907,-35.69567095,1186.42
148.15283039,-35.69567094,1186.41
148.15283106,-35.69567093,1186.41
148.15283249,-35.69567092,1186.45
148.15283271,-35.69567092,1186.56
148.15283736,-35.69566375,1186.37
148.15283586,-35.69564384,1187.14
148.15283600,-35.69560011,1187.74
148.15283747,-35.69557152,1188.35
148.15283761,-35.69553482,1188.76
148.15283184,-35.69547213,1190.49
148.15283016,-35.69544014,1190.91
148.15282976,-35.69541949,1191.27
148.15282985,-35.69541075,1191.52
148.15282762,-35.69534802,1192.69
148.15282548,-35.69531450,1192.57
148.15282548,-35.69531441,1192.57
148.15282521,-35.69531099,1192.51
148.15282439,-35.69529251,1192.61
148.15282581,-35.69525292,1192.98
148.15282575,-35.69524832,1193.08
148.15282539,-35.69518485,1193.67
148.15282137,-35.69515153,1193.90
148.15282032,-35.69513279,1194.01
148.15282114,-35.69508942,1194.48
148.15282129,-35.69502315,1195.06
148.15282206,-35.69489999,1195.81
148.15281967,-35.69484122,1195.95
148.15318232,-35.69450561,1204.34
148.15320719,-35.69450564,1203.49
148.15322376,-35.69450548,1192.34
148.15323227,-35.69450549,1192.23
148.15325692,-35.69450570,1204.34
148.15326521,-35.69450572,1204.38
148.15327350,-35.69450573,1204.24
148.15329074,-35.69450547,1191.73
148.15329914,-35.69450548,1191.72
148.15330743,-35.69450549,1191.62
148.15331583,-35.69450550,1191.45
148.15332423,-35.69450551,1191.43
148.15333263,-35.69450552,1191.46
148.15334103,-35.69450553,1191.32
148.15334943,-35.69450554,1191.37
148.15335783,-35.69450546,1191.29
148.15336612,-35.69450547,1191.19
148.15337452,-35.69450548,1191.09
148.15338292,-35.69450549,1191.20
148.15339099,-35.69450550,1192.72
148.15340591,-35.69450572,1205.10
148.15341420,-35.69450573,1205.44
148.15342237,-35.69450574,1205.86
148.15378936,-35.69481652,1188.59
148.15378398,-35.69485714,1188.61
148.15378254,-35.69488718,1188.19
148.15378599,-35.69495070,1187.71
148.15378750,-35.69498603,1187.36
148.15378635,-35.69501408,1187.13
148.15378635,-35.69501417,1187.13
148.15378251,-35.69508471,1186.30
148.15378308,-35.69514791,1185.52
148.15378309,-35.69514800,1185.48
148.15378177,-35.69521770,1185.13
148.15378177,-35.69521779,1185.10
148.15378320,-35.69524798,1184.41
148.15378212,-35.69531904,1183.45
148.15378262,-35.69535374,1182.79
148.15378157,-35.69541876,1181.92
148.15378142,-35.69545437,1181.38
148.15378103,-35.69548854,1181.06
148.15377599,-35.69555270,1180.07
148.15377757,-35.69561642,1179.02
148.15377863,-35.69565211,1178.54
148.15377847,-35.69567916,1177.98
148.15377836,-35.69568665,1177.96
148.15377622,-35.69572237,1177.40
148.15377717,-35.69575040,1177.34
148.15377747,-35.69575590,1177.23
148.15377836,-35.69578654,1177.45
148.15377743,-35.69581396,1177.37
148.15377743,-35.69581405,1177.40
148.15377983,-35.69585054,1177.94
148.15378067,-35.69588569,1177.71
148.15377549,-35.69595526,1177.47
148.15377530,-35.69601954,1176.69
148.15377667,-35.69608336,1176.75
148.15377502,-35.69615343,1176.34
148.15378034,-35.69622298,1176.63
148.15378172,-35.69628094,1176.29
148.15378041,-35.69635100,1176.09
148.15378041,-35.69635109,1176.09
148.15378211,-35.69641491,1175.95
148.15378042,-35.69645108,1175.93
148.15378113,-35.69648551,1175.94
148.15378114,-35.69648560,1175.93
148.15378132,-35.69651373,1175.95
148.15378132,-35.69651382,1175.93
148.15378183,-35.69654898,1176.14
148.15378290,-35.69658467,1176.09
148.15378307,-35.69662010,1176.10
148.15378237,-35.69664778,1176.21
148.15378074,-35.69671921,1176.46
148.15378098,-35.69682000,1176.60
148.15378277,-35.69688309,1176.76
148.15378191,-35.69695388,1176.38
148.15378199,-35.69698994,1176.30
148.15378015,-35.69705388,1176.46
148.15377895,-35.69711610,1176.45
148.15378292,-35.69718503,1176.56
148.15378401,-35.69722190,1176.66
148.15378472,-35.69724858,1176.77
148.15378454,-35.69732034,1176.69
148.15378385,-35.69734920,1176.83
148.15378260,-35.69738492,1176.77
148.15378173,-35.69745480,1177.07
148.15378873,-35.69751901,1177.25
148.15378911,-35.69752270,1177.12
148.15379382,-35.69753447,1177.00
148.15379503,-35.69753455,1177.02
148.15379813,-35.69753461,1176.97
148.15380310,-35.69753465,1176.93
148.15380929,-35.69753468,1177.03
148.15382974,-35.69753476,1177.00
148.15383737,-35.69753477,1176.98
148.15385262,-35.69753481,1176.85
148.15386046,-35.69753482,1176.95
148.15390202,-35.69753488,1177.72
148.15392734,-35.69753490,1177.16
148.15393562,-35.69753491,1177.10
148.15394425,-35.69753492,1177.03
148.15397862,-35.69753495,1177.22
148.15453052,-35.69753804,1178.25
148.15507311,-35.69753158,1179.70
148.15509511,-35.69753155,1179.57
148.15511743,-35.69753151,1179.61
148.15513987,-35.69753148,1179.77
148.15518474,-35.69753141,1179.63
148.15520751,-35.69753137,1179.69
148.15523028,-35.69753133,1179.67
148.15525315,-35.69753129,1179.66
148.15529946,-35.69753121,1179.98
148.15532289,-35.69753116,1180.31
148.15534666,-35.69753111,1181.01
148.15537042,-35.69753107,1181.59
148.15544768,-35.69753096,1179.74
148.15552725,-35.69753082,1180.12
148.15558329,-35.69753074,1180.17
148.15563965,-35.69753065,1179.93
148.15569613,-35.69753055,1179.77
148.15572874,-35.69753051,1179.84
148.15578588,-35.69753041,1179.77
148.15587618,-35.69753027,1179.85
148.15590911,-35.69753022,1179.91
148.15603312,-35.69753002,1179.83
148.15606627,-35.69752997,1179.77
148.15629020,-35.69752972,1179.61
148.15639796,-35.69752967,1179.44
148.15650539,-35.69752963,1178.94
148.15655479,-35.69752961,1178.45
148.15666145,-35.69752958,1177.68
148.15675076,-35.69752953,1177.78
148.15679928,-35.69752951,1177.41
148.15692727,-35.69752946,1177.11
148.15699789,-35.69752941,1177.73
148.15710665,-35.69752935,1177.96
148.15716777,-35.69752931,1178.11
148.15737544,-35.69752920,1178.62
148.15747536,-35.69752914,1178.80
148.15758566,-35.69752908,1179.06
148.15766590,-35.69752902,1179.03
148.15778737,-35.69752894,1179.23
148.15787811,-35.69752888,1179.50
148.15795902,-35.69752882,1179.45
148.15801991,-35.69752877,1179.33
148.15824494,-35.69752859,1178.12
148.15828683,-35.69752855,1177.95
148.15839371,-35.69752842,1177.60
148.15849329,-35.69752828,1176.40
148.15851882,-35.69752821,1176.49
148.15853164,-35.69752818,1176.53
148.15855883,-35.69752810,1176.31
148.15856016,-35.69752808,1176.30
148.15856137,-35.69752807,1176.26
148.15856237,-35.69752806,1176.29
148.15856347,-35.69752805,1176.28
148.15856458,-35.69752804,1176.30
148.15856579,-35.69752803,1176.26
148.15856679,-35.69752802,1176.31
148.15856778,-35.69752801,1176.28
148.15856867,-35.69752800,1176.28
148.15856955,-35.69752799,1176.27
148.15857054,-35.69752798,1176.28
148.15857154,-35.69752797,1176.22
148.15857231,-35.69752797,1176.22
148.15857320,-35.69752796,1176.21
148.15857397,-35.69752795,1176.24
148.15857474,-35.69752794,1176.27
148.15858152,-35.69752238,1176.30
148.15858558,-35.69745923,1176.30
148.15858799,-35.69739655,1176.18
148.15859046,-35.69716283,1176.12
148.15858948,-35.69679680,1174.66
148.15859038,-35.69666074,1174.36
148.15859057,-35.69659709,1174.57
148.15859061,-35.69656193,1174.26
148.15859091,-35.69649845,1174.70
148.15858989,-35.69632897,1174.54
148.15858915,-35.69620140,1174.42
148.15858701,-35.69587000,1174.22
148.15858238,-35.69556522,1174.67
148.15858093,-35.69550320,1174.77
148.15857779,-35.69533211,1175.95
148.15857103,-35.69506297,1177.44
148.15856945,-35.69499942,1177.69
148.15856765,-35.69493642,1177.93
148.15855607,-35.69463270,1179.97
148.15855587,-35.69462639,1180.04
148.15855006,-35.69440006,1182.05
148.15854814,-35.69425979,1183.25
148.15854524,-35.69406688,1183.98
148.15854299,-35.69374350,1184.87
148.15854308,-35.69373449,1184.92
148.15854283,-35.69367129,1185.03
148.15854291,-35.69360042,1185.20
148.15854199,-35.69352966,1185.44
148.15854132,-35.69332996,1186.25
148.15853721,-35.69306133,1188.27
148.15853650,-35.69299670,1189.05
148.15853584,-35.69289771,1189.78
148.15853463,-35.69279846,1190.44
148.15853447,-35.69246722,1190.96
148.15853672,-35.69233178,1190.50
148.15854010,-35.69216829,1189.73
148.15854071,-35.69192756,1188.89
148.15854177,-35.69176400,1188.81
148.15854191,-35.69162858,1187.66
148.15854250,-35.69149379,1187.96
148.15854256,-35.69142897,1187.40
148.15854221,-35.69135892,1187.29
148.15854449,-35.69109654,1186.75
148.15854502,-35.69092640,1186.52
148.15854205,-35.69069103,1186.23
148.15854297,-35.69039521,1185.86
148.15854463,-35.69029638,1185.63
148.15854818,-35.69006013,1184.14
148.15854605,-35.68979067,1182.09
148.15854648,-35.68969023,1182.52
148.15854675,-35.68965570,1181.85
148.15854739,-35.68958546,1181.50
148.15854784,-35.68955534,1181.30
148.15854822,-35.68952053,1181.21
148.15854847,-35.68949159,1181.16
148.15854982,-35.68938672,1180.55
148.15854961,-35.68935670,1180.51
148.15854963,-35.68922047,1180.99
148.15854906,-35.68915818,1181.24
148.15854809,-35.68912186,1180.86
148.15854724,-35.68888709,1180.87
148.15854731,-35.68885391,1180.63
148.15854761,-35.68879053,1181.34
148.15854421,-35.68855579,1182.00
148.15854421,-35.68855570,1181.99
148.15854176,-35.68828669,1182.76
148.15853992,-35.68815192,1182.59
148.15854017,-35.68805419,1182.44
148.15853913,-35.68799019,1182.38
148.15853861,-35.68785468,1182.15
148.15853784,-35.68775570,1182.24
148.15853784,-35.68775561,1182.27
148.15853670,-35.68769206,1182.24
148.15853490,-35.68762130,1182.36
148.15853416,-35.68748625,1182.49
148.15853543,-35.68735226,1181.61
148.15853555,-35.68725300,1180.68
148.15853446,-35.68705592,1180.45
148.15853446,-35.68705583,1180.50
148.15853101,-35.68689367,1180.82
148.15853030,-35.68675249,1180.62
148.15853147,-35.68668847,1180.24
148.15852827,-35.68658977,1180.05
148.15852775,-35.68655309,1180.03
148.15852750,-35.68649052,1180.36
148.15852820,-35.68629388,1179.53
148.15852819,-35.68629379,1179.55
148.15852687,-35.68618732,1179.34
148.15852717,-35.68612349,1179.47
148.15852757,-35.68605172,1179.87
148.15852284,-35.68585504,1182.48
148.15852284,-35.68585495,1182.48
148.15852112,-35.68572072,1182.68
148.15852112,-35.68572063,1182.67
148.15852020,-35.68565699,1182.78
148.15852020,-35.68565689,1182.75
148.15852069,-35.68552246,1183.34
148.15851832,-35.68538905,1183.96
148.15851668,-35.68529107,1184.53
148.15851668,-35.68529098,1184.54
148.15851627,-35.68525564,1184.76
148.15851566,-35.68522806,1184.87
148.15851515,-35.68519272,1185.17
148.15851561,-35.68508696,1185.67
148.15851568,-35.68502304,1186.46
148.15851196,-35.68491867,1187.69
148.15851169,-35.68486205,1188.20
148.15851150,-35.68482599,1188.97
148.15851166,-35.68479110,1188.47
148.15851118,-35.68472745,1188.86
148.15851121,-35.68469139,1189.10
148.15851126,-35.68465677,1189.27
148.15850940,-35.68455824,1189.91
148.15850743,-35.68446044,1190.66
148.15850669,-35.68442456,1191.12
148.15850782,-35.68432718,1191.49
148.15850882,-35.68422791,1191.60
148.15850996,-35.68419210,1191.68
148.15851004,-35.68412899,1191.82
148.15850998,-35.68409410,1192.16
148.15850959,-35.68405975,1191.90
148.15851002,-35.68399718,1192.18
148.15851002,-35.68399709,1192.26
148.15851040,-35.68386347,1193.14
148.15851040,-35.68386338,1193.11
148.15850828,-35.68380029,1193.51
148.15850776,-35.68376486,1194.05
148.15850776,-35.68376477,1194.06
148.15850627,-35.68373810,1194.11
148.15850555,-35.68360449,1195.01
148.15850850,-35.68353333,1195.24
148.15850478,-35.68339795,1196.04
148.15850051,-35.68329359,1196.58
148.15850168,-35.68322920,1196.74
148.15850252,-35.68320413,1196.60
148.15850252,-35.68320404,1196.62
148.15850242,-35.68316599,1196.39
148.15850304,-35.68313254,1196.08
148.15850368,-35.68306960,1195.74
148.15850199,-35.68299893,1195.20
148.15850305,-35.68296538,1195.03
148.15850323,-35.68290119,1194.71
148.15850286,-35.68286757,1194.44
148.15850394,-35.68280490,1194.23
148.15850418,-35.68276784,1194.22
148.15850335,-35.68273377,1193.99
148.15850508,-35.68266956,1193.84
148.15850560,-35.68259905,1193.86
148.15850523,-35.68257282,1193.83
148.15850349,-35.68253677,1193.86
148.15850364,-35.68250124,1194.05
148.15850504,-35.68243776,1193.96
148.15851136,-35.68233997,1192.66
148.15850847,-35.68227779,1192.79
148.15851342,-35.68221481,1189.90
148.15851375,-35.68220678,1189.83
148.15851884,-35.68210810,1188.12
148.15851902,-35.68204436,1187.38
148.15851779,-35.68201236,1188.26
148.15851667,-35.68195016,1188.88
148.15890552,-35.68163601,1187.46
148.15892972,-35.68163595,1186.99
148.15893778,-35.68163596,1187.03
148.15894585,-35.68163598,1187.25
148.15895403,-35.68163590,1187.54
148.15896198,-35.68163591,1187.11
148.15897016,-35.68163592,1187.28
148.15897834,-35.68163593,1187.95
148.15899414,-35.68163596,1186.35
148.15900287,-35.68163588,1189.21
148.15901127,-35.68163580,1190.97
148.15902652,-35.68163592,1185.82
148.15903547,-35.68163584,1190.39
148.15904387,-35.68163575,1191.94
148.15905934,-35.68163588,1187.99
148.15906741,-35.68163580,1188.09
148.15907547,-35.68163581,1187.70
148.15908354,-35.68163582,1187.30
148.15909161,-35.68163584,1187.05
148.15909967,-35.68163585,1186.73
148.15910785,-35.68163586,1186.96
148.15912409,-35.68163579,1187.23
148.15913227,-35.68163580,1187.21
148.15914034,-35.68163582,1186.64
148.15914840,-35.68163583,1186.48
148.15916476,-35.68163576,1189.02
148.15917294,-35.68163577,1188.43
148.15918100,-35.68163579,1188.28
148.15919735,-35.68163572,1190.74
148.15920553,-35.68163573,1190.33
148.15921349,-35.68163574,1189.24
148.15922167,-35.68163576,1189.11
148.15922974,-35.68163577,1188.81
148.15923780,-35.68163569,1189.41
148.15924598,-35.68163570,1189.77
148.15925404,-35.68163571,1190.14
148.15926211,-35.68163573,1188.34
148.15927018,-35.68163574,1188.63
148.15927835,-35.68163575,1188.83
148.15928642,-35.68163576,1188.98
148.15929460,-35.68163577,1189.02
148.15930267,-35.68163579,1188.67
148.15931073,-35.68163580,1187.86
148.15931891,-35.68163581,1187.12
148.15932698,-35.68163582,1187.10
148.15933515,-35.68163574,1187.63
148.15934311,-35.68163576,1188.15
148.15935129,-35.68163577,1187.18
148.15935936,-35.68163578,1187.28
148.15936742,-35.68163579,1187.38
148.15939173,-35.68163583,1187.38
148.15941604,-35.68163578,1187.30
148.15978402,-35.68197195,1191.33
148.15978783,-35.68198291,1191.06
148.15979767,-35.68198300,1191.22
148.15980375,-35.68198303,1191.20
148.15981027,-35.68198306,1191.38
148.15981723,-35.68198308,1191.24
148.15982551,-35.68198309,1191.19
148.15983314,-35.68198311,1191.15
148.15983988,-35.68198313,1191.16
148.15984883,-35.68198313,1191.15
148.15985657,-35.68198315,1191.21
148.15986497,-35.68198316,1191.32
148.15987348,-35.68198317,1191.20
148.15988000,-35.68198320,1191.19
148.15988961,-35.68198319,1191.24
148.15989712,-35.68198321,1191.35
148.15990453,-35.68198323,1191.32
148.15991569,-35.68198321,1191.72
148.15993160,-35.68198324,1191.36
148.15994144,-35.68198323,1192.04
148.15994928,-35.68198325,1191.45
148.15996387,-35.68198329,1190.98
148.15997315,-35.68198329,1190.92
148.15998332,-35.68198328,1191.16
148.15999923,-35.68198331,1190.63
148.16000951,-35.68198330,1190.53
148.16001647,-35.68198332,1190.50
148.16003393,-35.68198333,1190.14
148.16005294,-35.68198333,1190.31
148.16006100,-35.68198334,1190.52
148.16007272,-35.68198332,1190.54
148.16008067,-35.68198333,1190.61
148.16009559,-35.68198337,1189.84
148.16010697,-35.68198335,1189.23
148.16012344,-35.68198337,1188.92
148.16013195,-35.68198338,1188.92
148.16014068,-35.68198339,1188.96
148.16015781,-35.68198340,1188.66
148.16016676,-35.68198341,1188.57
148.16017549,-35.68198341,1188.45
148.16018466,-35.68198341,1188.43
148.16019372,-35.68198342,1188.31
148.16020256,-35.68198342,1188.01
148.16021195,-35.68198342,1187.91
148.16022102,-35.68198342,1187.66
148.16023052,-35.68198342,1187.57
148.16023991,-35.68198342,1187.39
148.16025439,-35.68198347,1187.14
148.16026389,-35.68198346,1186.89
148.16027892,-35.68198341,1186.77
148.16030400,-35.68198344,1186.50
148.16034600,-35.68198348,1186.34
148.16037274,-35.68198349,1186.23
148.16038368,-35.68198348,1186.16
148.16039462,-35.68198347,1186.07
148.16041130,-35.68198348,1186.04
148.16042832,-35.68198350,1186.13
148.16043948,-35.68198348,1185.99
148.16045672,-35.68198350,1185.97
148.16046822,-35.68198348,1185.96
148.16048004,-35.68198345,1185.98
148.16050347,-35.68198350,1185.94
148.16051518,-35.68198347,1185.80
148.16053728,-35.68198344,1188.98
148.16055142,-35.68198349,1185.82
148.16056988,-35.68198349,1185.94
148.16057585,-35.68198343,1185.80
148.16064955,-35.68198344,1189.84
148.16065718,-35.68198346,1185.54
148.16066370,-35.68198349,1185.59
148.16068226,-35.68198349,1184.98
148.16068867,-35.68198352,1184.90
148.16070801,-35.68198351,1184.70
148.16072094,-35.68198347,1184.58
148.16075376,-35.68198352,1184.26
148.16080625,-35.68198346,1183.26
148.16081973,-35.68198351,1182.96
148.16082636,-35.68198354,1182.88
148.16084669,-35.68198352,1182.62
148.16086691,-35.68198351,1182.10
148.16087377,-35.68198353,1182.06
148.16090140,-35.68198354,1181.68
148.16092184,-35.68198352,1181.08
148.16092869,-35.68198355,1180.85
148.16094957,-35.68198352,1180.46
148.16095654,-35.68198355,1180.38
148.16097775,-35.68198352,1179.99
148.16099897,-35.68198350,1179.53
148.16100593,-35.68198352,1179.38
148.16101311,-35.68198354,1179.32
148.16102019,-35.68198356,1179.03
148.16104162,-35.68198354,1178.62
148.16105610,-35.68198358,1178.53
148.16107765,-35.68198355,1177.92
148.16108483,-35.68198357,1177.73
148.16110660,-35.68198354,1177.28
148.16111378,-35.68198356,1177.01
148.16112119,-35.68198358,1176.95
148.16114318,-35.68198355,1176.42
148.16116528,-35.68198352,1175.92
148.16117279,-35.68198353,1175.80
148.16118008,-35.68198355,1175.58
148.16118749,-35.68198357,1175.41
148.16119490,-35.68198359,1175.20
148.16120230,-35.68198361,1175.00
148.16122473,-35.68198357,1174.51
148.16123213,-35.68198359,1174.25
148.16123976,-35.68198361,1174.15
148.16126241,-35.68198357,1173.70
148.16126992,-35.68198359,1173.54
148.16127744,-35.68198361,1173.33
148.16151360,-35.68199215,1171.67
148.16167467,-35.68198888,1172.87
148.16169876,-35.68198883,1172.81
148.16170694,-35.68198884,1172.98
148.16173136,-35.68198878,1173.22
148.16173953,-35.68198879,1173.33
148.16176396,-35.68198874,1173.46
148.16178838,-35.68198868,1173.64
148.16179655,-35.68198870,1173.81
148.16183733,-35.68198857,1173.94
148.16184551,-35.68198858,1174.10
148.16186993,-35.68198853,1174.02
148.16187822,-35.68198854,1173.89
148.16191081,-35.68198849,1173.71
148.16191899,-35.68198851,1173.70
148.16194341,-35.68198845,1173.32
148.16195159,-35.68198846,1173.29
148.16197623,-35.68198840,1173.09
148.16198441,-35.68198842,1173.07
148.16200894,-35.68198836,1172.83
148.16201712,-35.68198837,1172.52
148.16202529,-35.68198838,1172.39
148.16204994,-35.68198832,1171.99
148.16205823,-35.68198833,1171.98
148.16208286,-35.68198828,1171.82
148.16209104,-35.68198829,1171.48
148.16217337,-35.68198821,1171.67
148.16220619,-35.68198817,1172.07
148.16221437,-35.68198818,1172.10
148.16222265,-35.68198819,1172.10
148.16224729,-35.68198813,1172.07
148.16225547,-35.68198814,1172.02
148.16226376,-35.68198815,1171.96
148.16227194,-35.68198816,1171.92
148.16228011,-35.68198818,1171.83
148.16231293,-35.68198813,1171.33
148.16232122,-35.68198814,1171.44
148.16232940,-35.68198815,1171.44
148.16233758,-35.68198816,1171.37
148.16237040,-35.68198811,1171.21
148.16237857,-35.68198813,1171.21
148.16238675,-35.68198814,1171.21
148.16239493,-35.68198815,1171.26
148.16242752,-35.68198811,1171.51
148.16243570,-35.68198812,1171.67
148.16246830,-35.68198807,1171.96
148.16247637,-35.68198808,1171.99
148.16248455,-35.68198810,1172.06
148.16251692,-35.68198805,1172.37
148.16252499,-35.68198806,1172.62
148.16255737,-35.68198802,1172.61
148.16256543,-35.68198803,1172.67
148.16257339,-35.68198805,1172.95
148.16260555,-35.68198801,1173.42
148.16261361,-35.68198802,1173.52
148.16264555,-35.68198798,1174.02
148.16265351,-35.68198800,1174.23
148.16268533,-35.68198796,1174.77
148.16269329,-35.68198797,1174.89
148.16272500,-35.68198794,1175.24
148.16275661,-35.68198790,1175.59
148.16276445,-35.68198792,1175.55
148.16277230,-35.68198793,1175.76
148.16280368,-35.68198790,1176.05
148.16281153,-35.68198791,1175.99
148.16284280,-35.68198788,1176.20
148.16285064,-35.68198789,1176.16
148.16288170,-35.68198786,1176.44
148.16291264,-35.68198784,1176.58
148.16292048,-35.68198785,1176.69
148.16295120,-35.68198783,1176.74
148.16295883,-35.68198784,1176.90
148.16298933,-35.68198782,1177.03
148.16301972,-35.68198779,1177.11
148.16302745,-35.68198781,1177.08
148.16305762,-35.68198779,1177.27
148.16308745,-35.68198777,1177.48
148.16312481,-35.68198777,1177.57
148.16315431,-35.68198775,1177.70
148.16318381,-35.68198774,1177.65
148.16321310,-35.68198773,1177.54
148.16324194,-35.68198772,1177.76
148.16327111,-35.68198771,1177.45
148.16329984,-35.68198770,1177.29
148.16332857,-35.68198770,1176.96
148.16334968,-35.68198767,1176.93
148.16337786,-35.68198767,1176.68
148.16339919,-35.68198764,1176.28
148.16343399,-35.68198767,1175.84
148.16345455,-35.68198765,1175.75
148.16347488,-35.68198763,1175.82
148.16350206,-35.68198764,1175.42
148.16352229,-35.68198763,1175.25
148.16354251,-35.68198761,1174.95
148.16356207,-35.68198760,1175.04
148.16358859,-35.68198762,1174.66
148.16361588,-35.68198762,1173.15
148.16363544,-35.68198761,1172.79
148.16365478,-35.68198761,1172.49
148.16367379,-35.68198760,1172.25
148.16368650,-35.68198757,1172.06
148.16373136,-35.68198759,1170.45
148.16375015,-35.68198759,1169.85
148.16378683,-35.68198759,1169.19
148.16380496,-35.68198760,1168.81
148.16383446,-35.68198758,1168.39
148.16386342,-35.68198757,1168.03
148.16387468,-35.68198756,1167.96
148.16390331,-35.68198755,1167.41
148.16391391,-35.68198754,1167.59
148.16392430,-35.68198753,1168.09
148.16393535,-35.68198751,1167.82
148.16396231,-35.68198752,1167.52
148.16397303,-35.68198751,1167.30
148.16398331,-35.68198750,1167.46
148.16399358,-35.68198749,1167.45
148.16401403,-35.68198747,1167.36
148.16403370,-35.68198746,1167.55
148.16406619,-35.68198742,1168.67
148.16407558,-35.68198742,1168.79
148.16408486,-35.68198742,1168.89
148.16410729,-35.68198738,1169.38
148.16412906,-35.68198735,1169.84
148.16415028,-35.68198732,1170.24
148.16417105,-35.68198730,1170.56
148.16420277,-35.68198727,1171.10
148.16421437,-35.68198724,1171.34
148.16422531,-35.68198723,1171.73
148.16424719,-35.68198720,1172.08
148.16426819,-35.68198718,1172.36
148.16429150,-35.68198713,1172.72
148.16430111,-35.68198713,1172.88
148.16431360,-35.68198710,1173.03
148.16432565,-35.68198707,1173.19
148.16433692,-35.68198705,1173.49
148.16434786,-35.68198704,1173.77
148.16435924,-35.68198702,1173.52
148.16438443,-35.68198695,1173.69
148.16439372,-35.68198695,1173.73
148.16440466,-35.68198694,1173.82
148.16441692,-35.68198691,1173.92
148.16442996,-35.68198687,1173.99
148.16444311,-35.68198684,1174.11
148.16446245,-35.68198674,1174.44
148.16446355,-35.68198673,1174.45
148.16446465,-35.68198672,1174.44
148.16446576,-35.68198671,1174.40
148.16446686,-35.68198670,1174.34
148.16446786,-35.68198669,1174.32
148.16446874,-35.68198668,1174.34
148.16446974,-35.68198667,1174.32
148.16447062,-35.68198666,1174.32
148.16447151,-35.68198665,1174.34
148.16447305,-35.68198664,1174.34
148.16447383,-35.68198663,1174.36
148.16447449,-35.68198662,1174.36
148.16447604,-35.68198661,1174.35
148.16447670,-35.68198660,1174.36
148.16447736,-35.68198659,1174.32
148.16447802,-35.68198659,1174.32
148.16447957,-35.68198657,1174.33
148.16448134,-35.68198656,1174.33
148.16448200,-35.68198655,1174.32
148.16448233,-35.68198655,1174.33
148.16448255,-35.68198655,1174.32
148.16448299,-35.68198654,1174.34
148.16448322,-35.68198654,1174.33
148.16448432,-35.68197841,1174.34
148.16448647,-35.68195189,1174.31
148.16448762,-35.68187885,1173.92
148.16448721,-35.68185099,1173.93
148.16448988,-35.68181391,1174.08
148.16449074,-35.68175115,1173.59
148.16488789,-35.68146223,1177.00
148.16489607,-35.68146215,1176.99
148.16490435,-35.68146216,1177.07
148.16491242,-35.68146217,1177.17
148.16492070,-35.68146218,1177.22
148.16492889,-35.68146219,1177.29
148.16493717,-35.68146211,1177.46
148.16494535,-35.68146212,1177.50
148.16495341,-35.68146214,1177.53
148.16496181,-35.68146215,1177.85
148.16496999,-35.68146207,1178.18
148.16497806,-35.68146208,1177.86
148.16498623,-35.68146209,1177.85
148.16499452,-35.68146210,1177.85
148.16500270,-35.68146211,1177.96
148.16501088,-35.68146212,1177.87
148.16501916,-35.68146204,1178.01
148.16502734,-35.68146205,1178.00
148.16503552,-35.68146206,1178.13
148.16504370,-35.68146207,1178.17
148.16505198,-35.68146208,1178.15
148.16506005,-35.68146210,1178.20
148.16506834,-35.68146202,1178.27
148.16507651,-35.68146203,1178.22
148.16508480,-35.68146204,1178.23
148.16509287,-35.68146205,1178.30
148.16510116,-35.68146206,1178.31
148.16511751,-35.68146199,1178.33
148.16512580,-35.68146200,1178.30
148.16513398,-35.68146201,1178.31
148.16514215,-35.68146202,1178.43
148.16515033,-35.68146203,1178.24
148.16517563,-35.68146170,1197.62
148.16518370,-35.68146162,1198.45
148.16519187,-35.68146154,1204.10
148.16519994,-35.68146155,1205.16
148.16520801,-35.68146157,1205.99
148.16521608,-35.68146158,1205.81
148.16524050,-35.68146206,1178.09
148.16524879,-35.68146207,1178.14
148.16525697,-35.68146208,1178.01
148.16526514,-35.68146209,1177.91
148.16527332,-35.68146211,1177.83
148.16528150,-35.68146212,1177.86
148.16528979,-35.68146213,1177.76
148.16529786,-35.68146205,1177.90
148.16530614,-35.68146206,1177.66
148.16534703,-35.68146211,1177.37
148.16572375,-35.68172146,1176.26
148.16573049,-35.68179695,1176.81
148.16573078,-35.68181732,1177.09
148.16572798,-35.68185242,1177.46
148.16573200,-35.68190846,1178.44
148.16573209,-35.68191495,1178.30
148.16573282,-35.68195731,1178.86
148.16573454,-35.68198453,1179.03
148.16573533,-35.68205412,1179.73
148.16573442,-35.68208226,1179.86
148.16573304,-35.68210914,1179.88
148.16573304,-35.68210923,1179.84
148.16573622,-35.68213814,1179.92
148.16574360,-35.68215159,1179.83
148.16575598,-35.68215165,1179.89
148.16576261,-35.68215168,1179.77
148.16577057,-35.68215169,1179.81
148.16578747,-35.68215171,1179.65
148.16580405,-35.68215173,1179.67
148.16582272,-35.68215173,1179.46
148.16583156,-35.68215173,1179.30
148.16584892,-35.68215174,1179.36
148.16586670,-35.68215175,1179.00
148.16587499,-35.68215176,1178.92
148.16589511,-35.68215175,1178.71
148.16590439,-35.68215175,1178.69
148.16591356,-35.68215175,1178.60
148.16592284,-35.68215175,1178.40
148.16593942,-35.68215177,1178.28
148.16596682,-35.68215177,1177.91
148.16597754,-35.68215176,1177.82
148.16599621,-35.68215176,1177.62
148.16602296,-35.68215177,1177.30
148.16605114,-35.68215177,1176.93
148.16608075,-35.68215175,1176.77
148.16608948,-35.68215176,1176.67
148.16609821,-35.68215176,1176.61
148.16612938,-35.68215173,1176.16
148.16613855,-35.68215173,1176.09
148.16614816,-35.68215173,1176.15
148.16615733,-35.68215173,1175.91
148.16616662,-35.68215173,1175.73
148.16617623,-35.68215173,1175.65
148.16618606,-35.68215172,1175.65
148.16619568,-35.68215172,1175.41
148.16621546,-35.68215171,1175.21
148.16622551,-35.68215170,1175.07
148.16625093,-35.68215173,1174.83
148.16626132,-35.68215172,1174.71
148.16628231,-35.68215169,1174.55
148.16629292,-35.68215168,1174.38
148.16632021,-35.68215168,1174.28
148.16634762,-35.68215169,1173.94
148.16637558,-35.68215169,1173.57
148.16638707,-35.68215167,1173.44
148.16641580,-35.68215166,1173.20
148.16644520,-35.68215165,1172.94
148.16646321,-35.68215165,1172.89
148.16649348,-35.68215163,1172.62
148.16651172,-35.68215163,1172.47
148.16658101,-35.68215159,1172.21
148.16664631,-35.68215150,1172.30
148.16667969,-35.68215154,1172.31
148.16671350,-35.68215148,1172.43
148.16674090,-35.68215149,1172.61
148.16676146,-35.68215147,1172.65
148.16678245,-35.68215144,1172.74
148.16681030,-35.68215144,1172.82
148.16683141,-35.68215142,1172.79
148.16685992,-35.68215141,1172.91
148.16688157,-35.68215138,1173.14
148.16691031,-35.68215138,1173.16
148.16693207,-35.68215135,1173.23
148.16696136,-35.68215133,1173.33
148.16702059,-35.68215130,1173.63
148.16705054,-35.68215128,1173.79
148.16708059,-35.68215126,1173.87
148.16711087,-35.68215124,1173.97
148.16714137,-35.68215121,1174.08
148.16717198,-35.68215118,1174.11
148.16720270,-35.68215116,1174.05
148.16724137,-35.68215114,1174.02
148.16727254,-35.68215111,1174.02
148.16731176,-35.68215109,1174.23
148.16735133,-35.68215107,1174.30
148.16738293,-35.68215103,1174.40
148.16742282,-35.68215101,1174.61
148.16746315,-35.68215097,1175.33
148.16750316,-35.68215095,1175.02
148.16754371,-35.68215092,1175.31
148.16758427,-35.68215088,1175.39
148.16763311,-35.68215086,1175.48
148.16765764,-35.68215080,1175.54
148.16770659,-35.68215078,1175.44
148.16774759,-35.68215074,1175.03
148.16775588,-35.68215075,1174.99
148.16776395,-35.68215076,1174.87
148.16777234,-35.68215077,1175.10
148.16782152,-35.68215074,1174.29
148.16786285,-35.68215070,1173.65
148.16787113,-35.68215071,1173.64
148.16791246,-35.68215067,1173.37
148.16792075,-35.68215068,1173.05
148.16797059,-35.68215065,1172.99
148.16800385,-35.68215060,1172.52
148.16804562,-35.68215055,1172.32
148.16806231,-35.68215057,1172.43
148.16807071,-35.68215058,1172.31
148.16807899,-35.68215059,1172.36
148.16812065,-35.68215055,1171.99
148.16812905,-35.68215056,1171.99
148.16817082,-35.68215051,1171.84
148.16817922,-35.68215052,1171.74
148.16818750,-35.68215053,1171.72
148.16819579,-35.68215054,1171.67
148.16820419,-35.68215055,1171.68
148.16821248,-35.68215056,1171.61
148.16822088,-35.68215056,1171.61
148.16822928,-35.68215057,1171.53
148.16823757,-35.68215058,1171.66
148.16824596,-35.68215059,1171.49
148.16825425,-35.68215060,1171.53
148.16826265,-35.68215061,1171.42
148.16830420,-35.68215057,1171.33
148.16831260,-35.68215058,1171.25
148.16832089,-35.68215059,1171.21
148.16832929,-35.68215059,1171.20
148.16833757,-35.68215061,1171.16
148.16835426,-35.68215062,1171.12
148.16836255,-35.68215063,1171.21
148.16837095,-35.68215064,1171.02
148.16837923,-35.68215065,1170.86
148.16838763,-35.68215066,1170.87
148.16839581,-35.68215067,1170.79
148.16840410,-35.68215068,1170.81
148.16845393,-35.68215065,1170.48
148.16846222,-35.68215066,1170.40
148.16847051,-35.68215067,1170.43
148.16847858,-35.68215068,1171.94
148.16849527,-35.68215070,1170.33
148.16850366,-35.68215071,1170.35
148.16851184,-35.68215072,1170.24
148.16852002,-35.68215073,1170.46
148.16852842,-35.68215074,1170.00
148.16853671,-35.68215075,1170.05
148.16858610,-35.68215072,1169.91
148.16859428,-35.68215073,1169.80
148.16860246,-35.68215074,1169.71
148.16861063,-35.68215075,1169.81
148.16861892,-35.68215076,1169.74
148.16862698,-35.68215077,1169.75
148.16863527,-35.68215078,1169.67
148.16864345,-35.68215079,1169.55
148.16865174,-35.68215080,1169.51
148.16871694,-35.68215080,1169.08
148.16873329,-35.68215082,1169.03
148.16874136,-35.68215083,1168.97
148.16874943,-35.68215084,1168.89
148.16875760,-35.68215086,1168.81
148.16880601,-35.68215084,1168.60
148.16881407,-35.68215085,1168.55
148.16882214,-35.68215086,1168.50
148.16883021,-35.68215087,1168.45
148.16883816,-35.68215089,1168.53
148.16884623,-35.68215090,1168.40
148.16889419,-35.68215088,1168.09
148.16890214,-35.68215089,1168.00
148.16891010,-35.68215091,1167.97
148.16891806,-35.68215092,1167.98
148.16892601,-35.68215093,1167.86
148.16897342,-35.68215092,1167.66
148.16898127,-35.68215094,1167.65
148.16898922,-35.68215095,1167.58
148.16899707,-35.68215097,1167.47
148.16900480,-35.68215098,1167.55
148.16905177,-35.68215097,1167.20
148.16905961,-35.68215099,1167.12
148.16911365,-35.68215100,1166.86
148.16912127,-35.68215102,1166.86
148.16912902,-35.68215104,1166.82
148.16913664,-35.68215105,1166.79
148.16918990,-35.68215108,1166.54
148.16924261,-35.68215111,1166.28
148.16928726,-35.68215112,1166.07
148.16929488,-35.68215114,1165.80
148.16934682,-35.68215117,1164.96
148.16937522,-35.68215117,1165.55
148.16939887,-35.68215121,1163.17
148.16943401,-35.68215123,1163.73
148.16946926,-35.68215125,1163.86
148.16950451,-35.68215127,1163.41
148.16953147,-35.68215127,1164.01
148.16955844,-35.68215128,1164.34
148.16958518,-35.68215129,1164.74
148.16963126,-35.68215130,1165.25
148.16965723,-35.68215131,1165.46
148.16968342,-35.68215133,1165.32
148.16970254,-35.68215132,1165.37
148.16972784,-35.68215135,1165.55
148.16974662,-35.68215135,1165.64
148.16976464,-35.68215135,1166.15
148.16978331,-35.68215135,1166.00
148.16980133,-35.68215136,1166.22
148.16981934,-35.68215136,1166.38
148.16983713,-35.68215137,1166.55
148.16985470,-35.68215138,1166.70
148.16987205,-35.68215139,1166.82
148.16990620,-35.68215142,1167.21
148.16993393,-35.68215142,1167.59
148.16995073,-35.68215144,1167.49
148.16996720,-35.68215146,1167.53
148.17002002,-35.68215149,1167.86
148.17005560,-35.68215150,1168.24
148.17037844,-35.68215557,1172.24
148.17052205,-35.68215210,1174.74
148.17052662,-35.68213223,1174.51
148.17052698,-35.68208840,1173.94
148.17053066,-35.68199974,1172.83
148.17053151,-35.68192968,1172.09
148.17053124,-35.68188866,1171.82
148.17053203,-35.68185935,1171.90
148.17053375,-35.68182607,1171.87
148.17053405,-35.68176332,1171.77
148.17053368,-35.68170003,1171.87
148.17053380,-35.68169281,1171.78
148.17053353,-35.68166712,1171.84
148.17053363,-35.68164350,1171.73
148.17053614,-35.68159650,1171.26
148.17053456,-35.68153377,1170.78
148.17053694,-35.68149940,1170.44
148.17053720,-35.68147171,1170.05
148.17053889,-35.68144420,1169.83
148.17053894,-35.68140173,1169.32
148.17054194,-35.68131290,1167.99
148.17054285,-35.68130604,1167.91
148.17054557,-35.68124299,1166.52
148.17054953,-35.68117344,1164.58
148.17055193,-35.68111139,1162.09
148.17055287,-35.68108496,1161.57
148.17055699,-35.68104129,1160.15
148.17055673,-35.68100874,1159.74
148.17055673,-35.68098593,1159.64
148.17055801,-35.68094508,1159.52
148.17055731,-35.68088964,1158.97
148.17055683,-35.68084952,1158.58
148.17055870,-35.68081840,1158.34
148.17056210,-35.68077861,1158.16
148.17056009,-35.68072462,1157.44
148.17056009,-35.68071651,1157.48
148.17056148,-35.68066050,1157.25
148.17056189,-35.68062056,1156.98
148.17056370,-35.68054815,1156.01
148.17056608,-35.68047600,1155.21
148.17056608,-35.68047591,1155.28
148.17056623,-35.68045625,1155.96
148.17056784,-35.68039249,1155.01
148.17056790,-35.68032866,1154.93
148.17056764,-35.68025771,1153.80
148.17056764,-35.68025762,1153.81
148.17056720,-35.68018973,1152.28
148.17096956,-35.67988127,1156.73
148.17097785,-35.67988127,1157.16
148.17098614,-35.67988129,1157.52
148.17099443,-35.67988130,1158.63
148.17100327,-35.67988139,1163.58
148.17101366,-35.67988165,1184.15
148.17102990,-35.67988167,1185.61
148.17103797,-35.67988168,1186.08
148.17104604,-35.67988169,1186.09
148.17106217,-35.67988172,1186.18
148.17107002,-35.67988173,1184.20
148.17107819,-35.67988174,1185.22
148.17108593,-35.67988167,1180.01
148.17108625,-35.67988166,1184.42
148.17110228,-35.67988169,1182.33
148.17111012,-35.67988161,1174.55
148.17111830,-35.67988153,1174.26
148.17112603,-35.67988146,1162.86
148.17113432,-35.67988147,1162.98
148.17114261,-35.67988157,1175.30
148.17115079,-35.67988158,1175.54
148.17115886,-35.67988159,1175.49
148.17116703,-35.67988160,1175.50
148.17118316,-35.67988171,1184.06
148.17119123,-35.67988173,1183.71
148.17119941,-35.67988173,1184.28
148.17120770,-35.67988165,1178.16
148.17121588,-35.67988167,1175.47
148.17123168,-35.67988178,1184.82
148.17123974,-35.67988179,1184.83
148.17125731,-35.67988153,1166.58
148.17164814,-35.68019013,1183.00
148.17164915,-35.68025936,1183.31
148.17164844,-35.68032428,1184.42
148.17165030,-35.68035338,1185.09
148.17165019,-35.68042127,1185.71
148.17164890,-35.68052181,1185.55
148.17164996,-35.68055678,1185.96
148.17164769,-35.68062082,1185.70
148.17164863,-35.68064740,1185.71
148.17164681,-35.68068881,1185.15
148.17164802,-35.68071873,1184.91
148.17164675,-35.68075318,1184.68
148.17164550,-35.68078835,1184.65
148.17164313,-35.68085311,1184.18
148.17164419,-35.68087978,1184.25
148.17164339,-35.68091631,1183.96
148.17164246,-35.68095067,1183.56
148.17163955,-35.68097882,1183.21
148.17163956,-35.68097891,1183.20
148.17163905,-35.68102003,1182.81
148.17163900,-35.68108458,1182.50
148.17163929,-35.68111947,1182.56
148.17163916,-35.68114833,1182.44
148.17164212,-35.68118436,1182.63
148.17164348,-35.68119408,1182.50
148.17164481,-35.68120218,1182.48
148.17171494,-35.68121422,1183.71
148.17181799,-35.68121096,1185.41
148.17183092,-35.68121092,1185.58
148.17184461,-35.68121088,1186.06
148.17185798,-35.68121084,1186.10
148.17186837,-35.68121083,1186.06
148.17188263,-35.68121078,1186.21
148.17189390,-35.68121076,1186.44
148.17191279,-35.68121066,1186.65
148.17192053,-35.68121068,1186.75
148.17193666,-35.68121061,1187.09
148.17194473,-35.68121063,1187.19
148.17195711,-35.68121059,1187.47
148.17196926,-35.68121057,1187.33
148.17197744,-35.68121058,1187.37
148.17199026,-35.68121054,1187.49
148.17200330,-35.68121051,1187.60
148.17201678,-35.68121047,1187.87
148.17202540,-35.68121047,1187.79
148.17203887,-35.68121043,1187.83
148.17205280,-35.68121038,1188.09
148.17206208,-35.68121038,1188.18
148.17208562,-35.68121034,1188.33
148.17210009,-35.68121028,1188.43
148.17211998,-35.68121027,1188.79
148.17213457,-35.68121022,1188.73
148.17214451,-35.68121021,1188.68
148.17215468,-35.68121020,1188.83
148.17216993,-35.68121015,1188.85
148.17219093,-35.68121012,1189.12
148.17220164,-35.68121011,1189.34
148.17222827,-35.68121003,1189.53
148.17223932,-35.68121001,1189.75
148.17226087,-35.68120998,1189.70
148.17227203,-35.68120996,1189.79
148.17228308,-35.68120995,1189.82
148.17229413,-35.68120993,1189.77
148.17230551,-35.68120991,1189.94
148.17231700,-35.68120988,1190.04
148.17232850,-35.68120986,1190.15
148.17234010,-35.68120984,1190.32
148.17235170,-35.68120982,1190.38
148.17236319,-35.68120980,1190.37
148.17237612,-35.68120976,1191.28
148.17238695,-35.68120974,1190.70
148.17239855,-35.68120972,1190.40
148.17241015,-35.68120970,1190.31
148.17242231,-35.68120967,1190.34
148.17243480,-35.68120964,1190.71
148.17245259,-35.68120965,1190.42
148.17246507,-35.68120961,1190.58
148.17247723,-35.68120959,1190.54
148.17249005,-35.68120955,1190.92
148.17250297,-35.68120952,1191.28
148.17252043,-35.68120953,1190.31
148.17253336,-35.68120949,1190.46
148.17254629,-35.68120946,1190.68
148.17256541,-35.68120945,1190.81
148.17257768,-35.68120942,1190.23
148.17259027,-35.68120939,1189.99
148.17260950,-35.68120938,1189.85
148.17262265,-35.68120934,1189.81
148.17264221,-35.68120933,1189.70
148.17265536,-35.68120929,1189.67
148.17267524,-35.68120928,1189.65
148.17268873,-35.68120924,1189.70
148.17270884,-35.68120923,1189.54
148.17272221,-35.68120918,1189.47
148.17274265,-35.68120917,1189.53
148.17275635,-35.68120912,1189.49
148.17277701,-35.68120910,1189.52
148.17279083,-35.68120906,1189.55
148.17282542,-35.68120899,1189.41
148.17283249,-35.68120901,1189.46
148.17285349,-35.68120899,1189.44
148.17287481,-35.68120896,1189.47
148.17288906,-35.68120891,1189.54
148.17291028,-35.68120888,1189.44
148.17293183,-35.68120885,1189.42
148.17295349,-35.68120882,1189.40
148.17298973,-35.68120874,1189.48
148.17299691,-35.68120876,1189.33
148.17301879,-35.68120873,1189.22
148.17304089,-35.68120869,1189.24
148.17306277,-35.68120866,1188.88
148.17311448,-35.68120852,1188.59
148.17312940,-35.68120855,1188.45
148.17315184,-35.68120851,1188.24
148.17317427,-35.68120848,1188.08
148.17319681,-35.68120844,1187.88
148.17320433,-35.68120845,1187.69
148.17321946,-35.68120840,1187.68
148.17322698,-35.68120841,1187.57
148.17324212,-35.68120836,1187.44
148.17324974,-35.68120837,1187.32
148.17326499,-35.68120831,1187.21
148.17327261,-35.68120833,1187.25
148.17328024,-35.68120834,1187.11
148.17329560,-35.68120828,1187.08
148.17330322,-35.68120830,1187.00
148.17331858,-35.68120824,1186.90
148.17332643,-35.68120825,1186.99
148.17334167,-35.68120820,1186.84
148.17334952,-35.68120821,1186.73
148.17335714,-35.68120823,1186.70
148.17337284,-35.68120816,1186.90
148.17338046,-35.68120818,1186.79
148.17339593,-35.68120812,1186.64
148.17340367,-35.68120813,1186.45
148.17341152,-35.68120815,1186.57
148.17342720,-35.68120808,1186.75
148.17343505,-35.68120810,1186.89
148.17345052,-35.68120804,1186.41
148.17345837,-35.68120805,1186.35
148.17347405,-35.68120799,1186.34
148.17348245,-35.68120800,1187.53
148.17349847,-35.68120793,1188.21
148.17350544,-35.68120795,1186.25
148.17351328,-35.68120797,1186.14
148.17352124,-35.68120798,1186.28
148.17353693,-35.68120792,1186.10
148.17354478,-35.68120793,1186.01
148.17355262,-35.68120794,1185.86
148.17356842,-35.68120788,1185.94
148.17358422,-35.68120782,1185.73
148.17360798,-35.68120785,1185.65
148.17362390,-35.68120779,1185.62
148.17363174,-35.68120780,1185.52
148.17364765,-35.68120774,1185.44
148.17365550,-35.68120775,1185.37
148.17367141,-35.68120769,1185.19
148.17367948,-35.68120770,1185.21
148.17369539,-35.68120772,1185.20
148.17371130,-35.68120766,1185.01
148.17371926,-35.68120767,1184.93
148.17372721,-35.68120768,1184.91
148.17374324,-35.68120762,1184.94
148.17375119,-35.68120763,1184.79
148.17376721,-35.68120757,1184.68
148.17377528,-35.68120758,1184.74
148.17381529,-35.68120755,1184.44
148.17383120,-35.68120748,1184.26
148.17383926,-35.68120749,1184.29
148.17384733,-35.68120750,1184.16
148.17385572,-35.68120742,1186.90
148.17387960,-35.68120746,1184.29
148.17389551,-35.68120740,1183.91
148.17390357,-35.68120741,1184.00
148.17391164,-35.68120742,1183.84
148.17391960,-35.68120734,1183.77
148.17392766,-35.68120735,1183.70
148.17393573,-35.68120736,1183.75
148.17394368,-35.68120729,1183.63
148.17395175,-35.68120730,1183.58
148.17395982,-35.68120731,1183.42
148.17396800,-35.68120732,1183.49
148.17397595,-35.68120733,1183.30
148.17398391,-35.68120725,1183.22
148.17399197,-35.68120727,1183.16
148.17400004,-35.68120728,1183.20
148.17400811,-35.68120729,1183.03
148.17401606,-35.68120730,1183.04
148.17402413,-35.68120731,1183.10
148.17403220,-35.68120723,1182.98
148.17404026,-35.68120725,1183.16
148.17404833,-35.68120726,1182.94
148.17405640,-35.68120727,1182.96
148.17406446,-35.68120728,1182.92
148.17407253,-35.68120729,1182.64
148.17408060,-35.68120721,1182.63
148.17408855,-35.68120722,1182.70
148.17409662,-35.68120724,1182.56
148.17410457,-35.68120725,1182.49
148.17411264,-35.68120726,1182.57
148.17449598,-35.68153152,1173.93
148.17449308,-35.68156698,1173.35
148.17449308,-35.68156707,1173.36
148.17449213,-35.68160026,1172.91
148.17449424,-35.68163116,1172.42
148.17449018,-35.68169395,1171.55
148.17448993,-35.68169945,1171.55
148.17448851,-35.68173012,1171.40
148.17448697,-35.68176899,1171.57
148.17449143,-35.68179392,1171.85
148.17449273,-35.68179959,1171.93
148.17449662,-35.68180902,1171.98
148.17449685,-35.68180911,1171.97
148.17450049,-35.68180916,1172.01
148.17450657,-35.68180919,1172.01
148.17451265,-35.68180922,1171.98
148.17453497,-35.68180927,1172.18
148.17454281,-35.68180929,1172.30
148.17455818,-35.68180932,1172.09
148.17456580,-35.68180933,1172.06
148.17457398,-35.68180935,1172.05
148.17458260,-35.68180935,1172.06
148.17462371,-35.68180940,1171.82
148.17463188,-35.68180941,1171.81
148.17464006,-35.68180942,1171.71
148.17464879,-35.68180943,1171.74
148.17465752,-35.68180943,1171.68
148.17466647,-35.68180943,1171.59
148.17467598,-35.68180943,1171.61
148.17468548,-35.68180943,1171.58
148.17473708,-35.68180947,1171.63
148.17475488,-35.68180947,1171.18
148.17478173,-35.68180948,1171.12
148.17481798,-35.68180949,1171.05
148.17482615,-35.68180950,1170.92
148.17486472,-35.68180948,1170.73
148.17487356,-35.68180949,1170.66
148.17488240,-35.68180949,1170.56
148.17489135,-35.68180949,1170.46
148.17490958,-35.68180950,1170.32
148.17494196,-35.68180954,1169.75
148.17497997,-35.68180953,1168.82
148.17500683,-35.68180954,1169.80
148.17501622,-35.68180954,1169.14
148.17504219,-35.68180955,1169.08
148.17507666,-35.68180958,1166.92
148.17510440,-35.68180958,1166.98
148.17513059,-35.68180959,1165.72
148.17514960,-35.68180959,1167.07
148.17517689,-35.68180959,1165.95
148.17519513,-35.68180959,1166.55
148.17521247,-35.68180960,1166.23
148.17525513,-35.68180955,1166.71
148.17529900,-35.68180957,1167.46
148.17531801,-35.68180956,1167.77
148.17533723,-35.68180956,1168.05
148.17535679,-35.68180955,1168.52
148.17538298,-35.68180956,1169.18
148.17540276,-35.68180955,1169.45
148.17542299,-35.68180953,1170.12
148.17545105,-35.68180953,1171.80
148.17547050,-35.68180952,1171.47
148.17549824,-35.68180952,1172.49
148.17551901,-35.68180950,1173.04
148.17554653,-35.68180950,1173.54
148.17556730,-35.68180948,1173.87
148.17559526,-35.68180947,1174.37
148.17562344,-35.68180947,1174.88
148.17565228,-35.68180946,1175.94
148.17568013,-35.68180945,1175.52
148.17573770,-35.68180943,1176.31
148.17577383,-35.68180944,1176.63
148.17580300,-35.68180943,1176.81
148.17583992,-35.68180943,1177.37
148.17590688,-35.68180940,1178.00
148.17594390,-35.68180940,1177.83
148.17598147,-35.68180940,1177.82
148.17601937,-35.68180939,1177.96
148.17606523,-35.68180939,1178.12
148.17610347,-35.68180938,1178.06
148.17614977,-35.68180938,1178.19
148.17619629,-35.68180937,1178.11
148.17624304,-35.68180937,1177.99
148.17628226,-35.68180934,1177.99
148.17633740,-35.68180935,1178.12
148.17638481,-35.68180933,1178.31
148.17644061,-35.68180933,1178.32
148.17648835,-35.68180931,1178.26
148.17654449,-35.68180931,1178.38
148.17660062,-35.68180930,1178.32
148.17665698,-35.68180929,1178.61
148.17671334,-35.68180928,1178.31
148.17676980,-35.68180927,1178.31
148.17682638,-35.68180926,1178.34
148.17689092,-35.68180926,1178.20
148.17689910,-35.68180926,1178.08
148.17690716,-35.68180928,1178.20
148.17691511,-35.68180929,1178.10
148.17692330,-35.68180930,1178.12
148.17693136,-35.68180931,1178.10
148.17693943,-35.68180932,1178.51
148.17694750,-35.68180933,1178.15
148.17695556,-35.68180934,1178.23
148.17696363,-35.68180936,1178.29
148.17697170,-35.68180937,1178.29
148.17697976,-35.68180938,1178.36
148.17698783,-35.68180939,1178.27
148.17699590,-35.68180940,1178.22
148.17700396,-35.68180941,1178.25
148.17706828,-35.68180941,1178.35
148.17707634,-35.68180943,1178.24
148.17708441,-35.68180944,1178.18
148.17709226,-35.68180945,1179.93
148.17710850,-35.68180947,1178.28
148.17711646,-35.68180948,1178.10
148.17712453,-35.68180950,1178.03
148.17713259,-35.68180951,1178.05
148.17714055,-35.68180952,1177.96
148.17714861,-35.68180953,1177.81
148.17715668,-35.68180954,1177.71
148.17716464,-35.68180955,1177.65
148.17717271,-35.68180956,1177.70
148.17718077,-35.68180958,1177.50
148.17718873,-35.68180959,1177.53
148.17720475,-35.68180961,1177.26
148.17725989,-35.68180961,1179.31
148.17727658,-35.68180963,1176.45
148.17728454,-35.68180964,1176.39
148.17729249,-35.68180966,1176.27
148.17730045,-35.68180967,1176.21
148.17730840,-35.68180968,1176.13
148.17731636,-35.68180969,1176.06
148.17732432,-35.68180971,1175.92
148.17733217,-35.68180972,1175.81
148.17734012,-35.68180973,1175.77
148.17734808,-35.68180974,1175.66
148.17735603,-35.68180976,1175.55
148.17736388,-35.68180977,1175.42
148.17737184,-35.68180978,1175.43
148.17737980,-35.68180979,1175.22
148.17738764,-35.68180981,1175.06
148.17739560,-35.68180982,1175.11
148.17740355,-35.68180983,1174.98
148.17746621,-35.68180985,1174.52
148.17747416,-35.68180986,1174.22
148.17748201,-35.68180988,1174.09
148.17748986,-35.68180989,1174.00
148.17749759,-35.68180990,1173.93
148.17750544,-35.68180992,1173.82
148.17751328,-35.68180993,1173.74
148.17752854,-35.68180996,1174.16
148.17754434,-35.68180999,1173.34
148.17760556,-35.68181002,1174.34
148.17762954,-35.68181006,1172.18
148.17764479,-35.68181009,1172.24
148.17766015,-35.68181012,1172.01
148.17772114,-35.68181015,1171.09
148.17773628,-35.68181018,1171.00
148.17774380,-35.68181020,1170.92
148.17775131,-35.68181022,1170.94
148.17824801,-35.68181654,1167.46
148.17862468,-35.68181339,1161.58
148.17864600,-35.68181336,1161.44
148.17866722,-35.68181333,1161.15
148.17868722,-35.68181332,1161.54
148.17870667,-35.68181331,1162.11
148.17873937,-35.68181326,1163.32
148.17876203,-35.68181322,1164.07
148.17879330,-35.68181318,1164.88
148.17882723,-35.68181312,1165.93
148.17886016,-35.68181307,1166.56
148.17890281,-35.68181301,1167.41
148.17896933,-35.68181290,1168.69
148.17899154,-35.68181286,1169.12
148.17900370,-35.68181283,1169.32
148.17901552,-35.68181281,1169.47
148.17902668,-35.68181279,1169.69
148.17903773,-35.68181277,1169.79
148.17904834,-35.68181276,1169.84
148.17905862,-35.68181275,1169.90
148.17908171,-35.68181270,1170.29
148.17910613,-35.68181264,1170.56
148.17913375,-35.68181255,1170.85
148.17915188,-35.68181247,1171.37
148.17915430,-35.68181244,1171.45
148.17915607,-35.68181242,1171.46
148.17915784,-35.68181241,1171.39
148.17915862,-35.68181240,1171.36
148.17915939,-35.68181239,1171.32
148.17915994,-35.68181238,1171.34
148.17916060,-35.68181238,1171.33
148.17916127,-35.68181237,1171.30
148.17916303,-35.68181236,1171.27
148.17916348,-35.68181235,1171.28
148.17916403,-35.68181235,1171.27
148.17916447,-35.68181234,1171.30
148.17916480,-35.68181234,1171.30
148.17916513,-35.68181233,1171.34
148.17916547,-35.68181233,1171.35
148.17916591,-35.68181233,1171.34
148.17916613,-35.68181233,1171.37
148.17916635,-35.68181232,1171.37
148.17916679,-35.68181232,1171.36
148.17916702,-35.68181232,1171.36
148.17916756,-35.68181222,1171.36
148.17917058,-35.68177694,1171.01
148.17917550,-35.68170558,1170.16
148.17917653,-35.68167843,1170.04
148.17917812,-35.68163586,1169.44
148.17917890,-35.68160655,1168.67
148.17918189,-35.68150924,1167.48
148.17918357,-35.68147334,1166.98
148.17918506,-35.68144664,1166.55
148.17918864,-35.68137484,1165.71
148.17918978,-35.68127944,1164.42
148.17919382,-35.68121620,1163.90
148.17919506,-35.68117976,1163.30
148.17919879,-35.68111842,1162.89
148.17919764,-35.68104766,1162.17
148.17920232,-35.68091481,1160.24
148.17920441,-35.68088449,1159.75
148.17920592,-35.68081406,1158.23
148.17921138,-35.68072710,1155.83
148.17921678,-35.68062877,1152.11
148.17922113,-35.68059357,1150.59
148.17922318,-35.68053080,1148.34
148.17922539,-35.68048552,1147.31
148.17922539,-35.68048543,1147.30
148.17922656,-35.68042222,1146.26
148.17922793,-35.68038785,1146.87
148.17922479,-35.68032468,1147.24
148.17922468,-35.68031711,1147.35
148.17922494,-35.68028943,1147.72
148.17922253,-35.68025384,1148.63
148.17922236,-35.68021904,1148.04
148.17922263,-35.68018523,1148.43
148.17922263,-35.68018514,1148.43
148.17922337,-35.68013041,1148.89
148.17922337,-35.68013032,1148.90
148.17922403,-35.68009298,1148.78
148.17922099,-35.68005866,1148.99
148.17922123,-35.68002251,1149.21
148.17922182,-35.67998761,1149.09
148.17922087,-35.67996039,1149.34
148.17922332,-35.67992394,1149.43
148.17962381,-35.67961835,1172.26
148.17963662,-35.67961813,1158.28
148.17964480,-35.67961815,1158.37
148.17965286,-35.67961816,1158.58
148.17966105,-35.67961817,1158.79
148.17968116,-35.67961851,1179.28
148.17968912,-35.67961852,1178.92
148.17969619,-35.67961845,1173.77
148.17970381,-35.67961838,1171.63
148.17971099,-35.67961831,1167.00
148.17971884,-35.67961832,1165.50
148.17972613,-35.67961825,1160.85
148.17973431,-35.67961826,1161.04
148.17974315,-35.67961835,1166.34
148.17975132,-35.67961836,1166.89
148.17975884,-35.67961829,1162.12
148.17976691,-35.67961830,1162.28
148.17977508,-35.67961831,1162.52
148.17978315,-35.67961832,1162.75
148.17979143,-35.67961833,1163.98
148.17979950,-35.67961834,1163.95
148.17980757,-35.67961835,1163.53
148.17981575,-35.67961836,1163.75
148.17982392,-35.67961838,1164.08
148.17983210,-35.67961838,1164.37
148.17984028,-35.67961839,1165.01
148.17984846,-35.67961840,1164.72
148.17985652,-35.67961841,1165.11
148.17986470,-35.67961843,1166.07
148.17987288,-35.67961843,1165.79
148.17988095,-35.67961845,1166.08
148.17990581,-35.67961874,1188.70
148.17991377,-35.67961876,1188.49
148.17992184,-35.67961877,1188.94
148.17995377,-35.67961890,1198.00
148.17996173,-35.67961892,1197.20
148.17997753,-35.67961885,1194.84
148.18001089,-35.67961853,1170.88
148.18005123,-35.67961858,1172.71
148.18005918,-35.67961859,1173.08
148.18006736,-35.67961860,1173.36
148.18008349,-35.67961853,1174.00
148.18010769,-35.67961857,1174.81
148.18011576,-35.67961858,1175.06
148.18012372,-35.67961859,1175.14
148.18013178,-35.67961860,1175.50
148.18014780,-35.67961854,1175.89
148.18015576,-35.67961855,1176.15
148.18016394,-35.67961856,1176.23
148.18023598,-35.67961857,1178.22
148.18025189,-35.67961851,1178.69
148.18025985,-35.67961852,1178.97
148.18026781,-35.67961853,1179.24
148.18027577,-35.67961854,1179.55
148.18028372,-35.67961855,1179.72
148.18029168,-35.67961857,1179.99
148.18030748,-35.67961850,1180.61
148.18032339,-35.67961853,1181.02
148.18033124,-35.67961854,1181.25
148.18034715,-35.67961847,1181.56
148.18036284,-35.67961850,1182.06
148.18037090,-35.67961851,1182.12
148.18037875,-35.67961853,1182.42
148.18038659,-35.67961854,1182.53
148.18039445,-35.67961855,1182.81
148.18041013,-35.67961849,1183.16
148.18041798,-35.67961850,1183.48
148.18042582,-35.67961851,1183.48
148.18043378,-35.67961853,1183.75
148.18044152,-35.67961854,1183.92
148.18045721,-35.67961848,1184.43
148.18046494,-35.67961849,1184.64
148.18055152,-35.67961476,1217.85
148.18062058,-35.67961426,1187.66
148.18063582,-35.67961420,1188.03
148.18064334,-35.67961422,1188.26
148.18065870,-35.67961416,1188.47
148.18068909,-35.67961413,1189.10
148.18069682,-35.67961414,1189.13
148.18074234,-35.67961406,1189.43
148.18075008,-35.67961407,1189.34
148.18077285,-35.67961403,1189.34
148.18078787,-35.67961397,1189.49
148.18079550,-35.67961399,1189.43
148.18080290,-35.67961401,1189.50
148.18082544,-35.67961396,1189.60
148.18087030,-35.67961388,1189.69
148.18090732,-35.67961379,1189.80
148.18091461,-35.67961381,1189.98
148.18093682,-35.67961377,1189.88
148.18095892,-35.67961374,1189.78
148.18098080,-35.67961370,1189.83
148.18100986,-35.67961360,1189.75
148.18101704,-35.67961362,1189.88
148.18102445,-35.67961363,1189.77
148.18104599,-35.67961360,1189.78
148.18106743,-35.67961357,1189.85
148.18108168,-35.67961352,1189.94
148.18110312,-35.67961349,1189.78
148.18112423,-35.67961347,1189.85
148.18114533,-35.67961344,1189.84
148.18116611,-35.67961342,1190.03
148.18119395,-35.67961332,1189.95
148.18121462,-35.67961330,1189.94
148.18122146,-35.67961332,1189.94
148.18124876,-35.67961324,1190.06
148.18126920,-35.67961322,1189.98
148.18128931,-35.67961320,1190.05
148.18130280,-35.67961316,1190.02
148.18132280,-35.67961314,1189.96
148.18134942,-35.67961306,1189.74
148.18136909,-35.67961305,1189.74
148.18138876,-35.67961303,1189.58
148.18142755,-35.67961293,1189.37
148.18143417,-35.67961295,1189.20
148.18144711,-35.67961291,1189.12
148.18147882,-35.67961287,1188.86
148.18149141,-35.67961284,1188.71
148.18150390,-35.67961281,1188.64
148.18151627,-35.67961278,1188.59
148.18153473,-35.67961277,1188.53
148.18155926,-35.67961271,1188.31
148.18157120,-35.67961269,1188.34
148.18158324,-35.67961266,1188.27
148.18159517,-35.67961263,1188.18
148.18160688,-35.67961261,1188.12
148.18161882,-35.67961258,1188.03
148.18163639,-35.67961259,1187.93
148.18164810,-35.67961256,1187.82
148.18165948,-35.67961254,1187.85
148.18167661,-35.67961247,1187.74
148.18168821,-35.67961244,1187.54
148.18170489,-35.67961246,1187.48
148.18177594,-35.67961230,1186.95
148.18178645,-35.67961229,1186.99
148.18179694,-35.67961228,1186.94
148.18181241,-35.67961221,1186.95
148.18182280,-35.67961220,1186.81
148.18183307,-35.67961219,1186.67
148.18186279,-35.67961208,1186.83
148.18187296,-35.67961207,1186.52
148.18188269,-35.67961206,1186.49
148.18189263,-35.67961206,1186.28
148.18190688,-35.67961201,1186.27
148.18191650,-35.67961200,1186.06
148.18193053,-35.67961195,1185.98
148.18193981,-35.67961195,1185.88
148.18196246,-35.67961191,1185.75
148.18198920,-35.67961183,1185.45
148.18200214,-35.67961179,1185.36
148.18202335,-35.67961176,1185.09
148.18203561,-35.67961173,1184.96
148.18204766,-35.67961171,1184.96
148.18206346,-35.67961164,1184.86
148.18207495,-35.67961162,1184.83
148.18208622,-35.67961160,1184.82
148.18211185,-35.67961153,1184.62
148.18212236,-35.67961151,1184.60
148.18213937,-35.67961144,1184.57
148.18214932,-35.67961143,1184.47
148.18216213,-35.67961139,1184.49
148.18218655,-35.67961133,1184.36
148.18219815,-35.67961131,1184.34
148.18221197,-35.67961127,1184.32
148.18224247,-35.67961115,1184.21
148.18225185,-35.67961114,1184.20
148.18226711,-35.67961108,1184.08
148.18230213,-35.67961092,1184.48
148.18231285,-35.67961091,1200.18
148.18231296,-35.67961090,1200.14
148.18231307,-35.67961090,1200.20
148.18231329,-35.67961090,1200.25
148.18231340,-35.67961090,1200.24
148.18231462,-35.67961089,1184.45
148.18231716,-35.67961086,1184.45
148.18232191,-35.67961082,1195.03
148.18232224,-35.67961081,1194.98
148.18232246,-35.67961081,1194.96
148.18232257,-35.67961081,1194.96
148.18232279,-35.67961081,1194.96
148.18232312,-35.67961081,1194.98
148.18232323,-35.67961080,1194.95
148.18232335,-35.67961080,1194.87
148.18232556,-35.67961078,1192.27
148.18233042,-35.67961073,1184.36
148.18233130,-35.67961073,1184.36
148.18233207,-35.67961072,1184.38
148.18233296,-35.67961071,1184.32
148.18233362,-35.67961070,1184.37
148.18233417,-35.67961070,1184.46
148.18233472,-35.67961069,1184.49
148.18233550,-35.67961068,1184.45
148.18233605,-35.67961068,1184.48
148.18233671,-35.67961067,1184.42
148.18233704,-35.67961067,1184.54
148.18233760,-35.67961066,1184.48
148.18233937,-35.67961065,1184.36
148.18234047,-35.67961063,1184.41
148.18234091,-35.67961063,1184.37
148.18234125,-35.67961063,1184.35
148.18234147,-35.67961062,1184.39
148.18234169,-35.67961062,1184.37
148.18234191,-35.67961062,1184.34
148.18234213,-35.67961062,1184.34
148.18234224,-35.67961062,1184.36
148.18234246,-35.67961062,1184.32
148.18234268,-35.67961061,1184.36
148.18234290,-35.67961061,1184.32
148.18235095,-35.67960215,1184.24
148.18235131,-35.67959646,1184.05
148.18235427,-35.67929530,1184.70
148.18235948,-35.67886168,1179.15
148.18236481,-35.67859395,1172.79
148.18237511,-35.67837089,1167.07
148.18238273,-35.67813118,1160.46
148.18238499,-35.67791739,1155.88
148.18238585,-35.67782569,1153.59
148.18238493,-35.67776313,1151.83
148.18238449,-35.67773356,1150.94
148.18238436,-35.67772446,1150.58
148.18238397,-35.67769795,1149.75
148.18238361,-35.67767389,1149.04
148.18238330,-35.67765270,1148.33
148.18238330,-35.67765261,1148.33
148.18238300,-35.67763206,1148.02
148.18238276,-35.67761628,1147.46
148.18238256,-35.67760258,1146.92
148.18238245,-35.67759510,1146.66
148.18238229,-35.67758437,1146.40
148.18238174,-35.67754741,1144.92
148.18238158,-35.67753632,1144.57
148.18237972,-35.67741039,1143.12
148.18237950,-35.67739516,1140.28
148.18237877,-35.67734576,1138.65
148.18237867,-35.67733899,1138.45
148.18237860,-35.67733458,1138.28
148.18237830,-35.67731412,1146.06
148.18237709,-35.67723208,1136.90
148.18237630,-35.67717836,1136.76
148.18237613,-35.67716646,1144.58
148.18237612,-35.67716628,1142.06
148.18237586,-35.67714843,1131.80
148.18237511,-35.67709723,1130.71
148.18237362,-35.67699627,1134.35
148.18237341,-35.67698211,1133.60
148.18237317,-35.67696598,1126.01
148.18237226,-35.67690414,1134.94
148.18237211,-35.67689440,1130.22
148.18237010,-35.67675801,1121.70
148.18236883,-35.67667219,1139.34
148.18236883,-35.67667210,1139.32
148.18236827,-35.67663370,1141.98
148.18236782,-35.67660350,1140.43
148.18236771,-35.67659620,1121.90
148.18236736,-35.67657267,1126.48
148.18236723,-35.67656384,1126.37
148.18236671,-35.67652832,1122.60
148.18236505,-35.67641555,1118.77
148.18236505,-35.67641546,1118.74
148.18236444,-35.67637471,1117.94
148.18236175,-35.67619217,1118.76
148.18236049,-35.67610680,1120.37
148.18235791,-35.67593147,1125.74
148.18235726,-35.67588757,1129.46
148.18235717,-35.67588144,1132.86
148.18235694,-35.67586576,1129.30
148.18235694,-35.67586566,1130.85
148.18235674,-35.67585214,1130.88
148.18235613,-35.67581131,1127.12
148.18235596,-35.67579986,1125.72
148.18235506,-35.67573883,1130.92
148.18235496,-35.67573198,1131.46
148.18235472,-35.67571548,1131.35
148.18235285,-35.67558874,1135.78
148.18235278,-35.67558378,1127.15
148.18235208,-35.67553627,1129.47
148.18235168,-35.67550932,1128.24
148.18235054,-35.67543216,1137.47
148.18234918,-35.67533976,1130.24
148.18234889,-35.67532065,1135.01
148.18234862,-35.67530199,1130.67
148.18234823,-35.67527585,1131.18
148.18234763,-35.67523519,1131.99
148.18234753,-35.67522816,1138.20
148.18234737,-35.67521734,1132.36
148.18234729,-35.67521193,1132.43
148.18234641,-35.67515244,1134.19
148.18234573,-35.67510583,1135.10
148.18234531,-35.67507789,1135.74
148.18234506,-35.67506049,1136.35
148.18234379,-35.67497422,1138.81
148.18234378,-35.67497413,1138.78
148.18234290,-35.67491409,1140.54
148.18234243,-35.67489012,1141.11
148.18234170,-35.67485586,1142.04
148.18233684,-35.67472825,1145.40
148.18232772,-35.67458165,1149.75
148.18231533,-35.67425089,1158.67
148.18231209,-35.67415139,1161.39
148.18231035,-35.67409325,1162.63
148.18230624,-35.67399430,1165.45
148.18229480,-35.67369130,1172.65
148.18229165,-35.67344736,1176.57
148.18229133,-35.67338840,1177.24
148.18229019,-35.67316834,1180.10
148.18229006,-35.67311452,1180.39
148.18228973,-35.67307016,1180.92
148.18228783,-35.67286588,1184.14
148.18228485,-35.67246921,1189.03
148.18228188,-35.67210338,1194.40
148.18227804,-35.67194772,1197.71
148.18227778,-35.67151802,1200.97
148.18227977,-35.67139801,1201.19
148.18228233,-35.67096513,1202.67
148.18228335,-35.67087685,1203.47
148.18228025,-35.67065942,1205.75
148.18227989,-35.67063499,1205.58
148.18227938,-35.67060038,1205.73
148.18227807,-35.67051177,1206.29
148.18227772,-35.67048770,1206.15
148.18227763,-35.67048157,1206.27
148.18227756,-35.67047715,1206.28
148.18227747,-35.67047111,1206.26
148.18227715,-35.67044921,1209.43
148.18227659,-35.67041117,1206.35
148.18227636,-35.67039548,1206.19
148.18227627,-35.67038926,1206.27
148.18227613,-35.67037988,1206.18
148.18227578,-35.67035600,1206.40
148.18227532,-35.67032499,1206.67
148.18227454,-35.67027189,1206.87
148.18227428,-35.67025467,1206.82
148.18227368,-35.67021366,1206.86
148.18227350,-35.67020149,1206.74
148.18227309,-35.67017390,1206.98
148.18227220,-35.67011369,1207.13
148.18227215,-35.67011026,1207.08
148.18227209,-35.67010620,1208.87
148.18227127,-35.67005049,1208.85
148.18227127,-35.67005040,1208.87
148.18227112,-35.67004067,1208.98
148.18226979,-35.66995016,1208.12
148.18226852,-35.66986380,1208.51
148.18226764,-35.66980440,1208.46
148.18226757,-35.66979998,1208.47
148.18226747,-35.66979250,1208.48
148.18226676,-35.66974427,1209.41
148.18226598,-35.66969199,1210.33
148.18226575,-35.66967630,1211.09
148.18226393,-35.66955262,1220.31
148.18226267,-35.66946734,1210.91
148.18226211,-35.66942957,1211.16
148.18225861,-35.66919195,1218.48
148.18225684,-35.66907206,1209.49
148.18225640,-35.66904204,1209.20
148.18225547,-35.66897921,1208.51
148.18225511,-35.66895487,1208.42
148.18225451,-35.66891376,1209.21
148.18225426,-35.66889727,1215.57
148.18225426,-35.66889718,1207.70
148.18225235,-35.66876737,1222.25
148.18225185,-35.66873347,1229.39
148.18225185,-35.66873338,1229.34
148.18225140,-35.66870273,1228.49
148.18225122,-35.66869093,1219.57
148.18225092,-35.66867037,1229.04
148.18225092,-35.66867010,1206.22
148.18225086,-35.66866641,1205.90
148.18225075,-35.66865874,1205.89
148.18225023,-35.66862341,1205.76
148.18224907,-35.66854516,1205.38
148.18224888,-35.66853191,1204.91
148.18224814,-35.66848224,1230.46
148.18224791,-35.66846601,1204.80
148.18224774,-35.66845492,1232.18
148.18224743,-35.66843383,1229.68
148.18224734,-35.66842743,1228.92
148.18224734,-35.66842734,1228.92
148.18224598,-35.66833512,1204.05
148.18224550,-35.66830285,1203.74
148.18224473,-35.66825066,1203.49
148.18224450,-35.66823551,1203.56
148.18224388,-35.66819296,1203.47
148.18224365,-35.66817728,1203.38
148.18224355,-35.66817061,1228.82
148.18224292,-35.66812788,1226.96
148.18224266,-35.66811048,1203.56
148.18224181,-35.66805261,1224.43
148.18224156,-35.66803593,1224.98
148.18224135,-35.66802178,1222.96
148.18224122,-35.66801276,1221.63
148.18223764,-35.66777018,1222.33
148.18223751,-35.66776117,1203.25
148.18223686,-35.66771727,1213.22
148.18223605,-35.66766219,1202.96
148.18223532,-35.66761297,1209.59
148.18223400,-35.66752300,1202.63
148.18223377,-35.66750732,1212.41
148.18223081,-35.66730683,1220.69
148.18223081,-35.66730665,1215.16
148.18223030,-35.66727222,1201.84
148.18222957,-35.66722273,1216.96
148.18222933,-35.66720641,1201.52
148.18222607,-35.66698538,1220.16
148.18222518,-35.66692498,1214.40
148.18222442,-35.66687333,1217.32
148.18222408,-35.66685043,1219.17
148.18222356,-35.66681482,1200.72
148.18222323,-35.66679229,1222.35
148.18222281,-35.66676416,1221.52
148.18222247,-35.66674117,1200.68
148.18222236,-35.66673378,1220.27
148.18222207,-35.66671413,1213.18
148.18222175,-35.66669223,1200.77
148.18222075,-35.66662444,1231.14
148.18222075,-35.66662435,1227.38
148.18222065,-35.66661768,1226.57
148.18222060,-35.66661389,1226.34
148.18222017,-35.66658504,1201.51
148.18221916,-35.66651662,1230.54
148.18221904,-35.66650851,1230.92
148.18221881,-35.66649318,1230.74
148.18221868,-35.66648444,1230.88
148.18221842,-35.66646650,1202.26
148.18221653,-35.66633850,1230.59
148.18221653,-35.66633823,1202.31
148.18221467,-35.66621229,1201.82
148.18221436,-35.66619111,1201.70
148.18221365,-35.66614297,1201.23
148.18221350,-35.66613260,1201.32
148.18221246,-35.66606202,1201.21
148.18221213,-35.66603993,1200.76
148.18221110,-35.66596962,1200.45
148.18221007,-35.66590030,1199.99
148.18220742,-35.66572046,1198.60
148.18220708,-35.66569774,1198.57
148.18220609,-35.66563041,1225.76
148.18220574,-35.66560643,1224.57
148.18220538,-35.66558236,1226.00
148.18220378,-35.66547373,1196.92
148.18220290,-35.66541369,1224.72
148.18220240,-35.66538034,1230.59
148.18220218,-35.66536529,1232.05
148.18220110,-35.66529209,1208.15
148.18219997,-35.66521520,1219.10
148.18219910,-35.66515642,1217.98
148.18219643,-35.66497514,1216.42
148.18219432,-35.66483190,1224.58
148.18219338,-35.66476834,1222.51
148.18219319,-35.66475509,1217.50
148.18219202,-35.66467586,1222.55
148.18219201,-35.66467568,1222.72
148.18219196,-35.66467198,1193.45
148.18219186,-35.66466531,1197.08
148.18219135,-35.66463052,1212.70
148.18219108,-35.66461231,1225.22
148.18219049,-35.66457246,1193.43
148.18218865,-35.66444752,1226.85
148.18218865,-35.66444734,1206.70
148.18218493,-35.66419520,1193.78
148.18218373,-35.66411380,1193.81
148.18217879,-35.66377891,1195.28
148.18217831,-35.66374628,1214.16
148.18217806,-35.66372915,1195.32
148.18217791,-35.66371915,1212.67
148.18217757,-35.66369607,1205.37
148.18217711,-35.66366497,1226.81
148.18217704,-35.66366019,1217.63
148.18217482,-35.66350938,1219.35
148.18217434,-35.66347657,1213.41
148.18217267,-35.66336334,1194.55
148.18217183,-35.66330637,1194.52
148.18217108,-35.66325553,1195.07
148.18216668,-35.66295733,1196.61
148.18216307,-35.66271204,1215.61
148.18215872,-35.66241745,1215.46
148.18215672,-35.66228133,1200.24
148.18215671,-35.66228124,1228.96
148.18215662,-35.66227493,1200.30
148.18215623,-35.66224834,1227.11
148.18215322,-35.66204406,1222.75
148.18215275,-35.66201260,1223.31
148.18214996,-35.66182267,1221.04
148.18214959,-35.66179779,1212.49
148.18214929,-35.66177759,1205.89
148.18214815,-35.66170025,1237.12
148.18214773,-35.66167150,1205.82
148.18214758,-35.66166140,1221.35
148.18214629,-35.66157423,1225.57
148.18214442,-35.66144685,1227.87
148.18214393,-35.66141404,1208.89
148.18214363,-35.66139376,1206.07
148.18214262,-35.66132507,1223.78
148.18213998,-35.66114604,1209.52
148.18213828,-35.66103038,1226.96
148.18213827,-35.66102993,1241.36
148.18213693,-35.66093880,1223.88
148.18213252,-35.66063987,1210.46
148.18213232,-35.66062635,1224.97
148.18213157,-35.66057551,1235.89
148.18213111,-35.66054432,1213.65
148.18213053,-35.66050475,1211.43
148.18213044,-35.66049852,1235.66
148.18213006,-35.66047274,1248.07
148.18212755,-35.66030255,1210.83
148.18212267,-35.65997920,1215.87
148.18212046,-35.65982144,1239.40
148.18211809,-35.65966099,1234.53
148.18211779,-35.65964088,1248.87
148.18211770,-35.65963475,1225.76
148.18211749,-35.65962060,1232.23
148.18211692,-35.65958175,1253.13
148.18211450,-35.65941732,1216.11
148.18211379,-35.65936963,1229.77
148.18210891,-35.65903826,1229.68
148.18210647,-35.65887239,1223.07
148.18210251,-35.65860394,1235.94
148.18210210,-35.65857609,1233.94
148.18209892,-35.65836028,1218.85
148.18209822,-35.65831259,1241.98
148.18209521,-35.65810850,1256.11
148.18209397,-35.65802422,1217.84
148.18209315,-35.65796923,1217.83
148.18209206,-35.65789504,1228.62
148.18208722,-35.65756655,1248.48
148.18208663,-35.65752616,1226.70
148.18208517,-35.65742754,1215.15
148.18208515,-35.65742655,1215.14
148.18208367,-35.65732595,1238.09
148.18208275,-35.65726330,1234.96
148.18207840,-35.65696798,1220.18
148.18207478,-35.65672225,1240.89
148.18207357,-35.65664048,1216.65
148.18207212,-35.65654178,1237.92
148.18207174,-35.65651636,1241.17
148.18207105,-35.65646957,1237.21
148.18207070,-35.65644595,1229.83
148.18206925,-35.65634715,1228.69
148.18206875,-35.65631317,1245.73
148.18206692,-35.65618922,1248.08
148.18206692,-35.65618913,1243.48
148.18206665,-35.65617092,1247.15
148.18206269,-35.65590201,1219.79
148.18206114,-35.65579673,1220.68
148.18206086,-35.65577806,1222.00
148.18206076,-35.65577122,1251.61
148.18206064,-35.65576301,1245.25
148.18205749,-35.65554910,1234.75
148.18205590,-35.65544146,1230.62
148.18205325,-35.65526144,1251.69
148.18204702,-35.65483136,1268.02
148.18204059,-35.65440235,1267.14
148.18204015,-35.65437288,1230.30
148.18204000,-35.65436215,1273.82
148.18203964,-35.65433808,1276.35
148.18203964,-35.65433790,1265.57
148.18203882,-35.65428265,1229.48
148.18203828,-35.65424577,1232.98
148.18203755,-35.65419610,1266.05
148.18203452,-35.65399030,1233.87
148.18203012,-35.65368417,1261.69
148.18202380,-35.65326292,1238.37
148.18201797,-35.65285960,1268.24
148.18201154,-35.65243115,1262.11
148.18200960,-35.65229926,1277.56
148.18200899,-35.65225807,1262.38
148.18200773,-35.65217234,1243.77
148.18200681,-35.65211005,1244.71
148.18200600,-35.65205533,1267.93
148.18200435,-35.65194319,1273.63
148.18200408,-35.65192462,1245.05
148.18200375,-35.65190245,1244.07
148.18200191,-35.65177732,1248.40
148.18200165,-35.65175965,1247.51
148.18200059,-35.65168799,1276.53
148.18199925,-35.65159721,1272.33
148.18199520,-35.65132173,1281.95
148.18199460,-35.65128134,1283.70
148.18199444,-35.65127025,1285.20
148.18199433,-35.65126296,1285.38
148.18199419,-35.65125394,1285.02
148.18199397,-35.65123897,1280.33
148.18199382,-35.65122834,1280.70
148.18199312,-35.65118074,1252.43
148.18199100,-35.65103677,1253.02
148.18199013,-35.65097827,1250.07
148.18198974,-35.65095150,1245.28
148.18198648,-35.65073037,1249.98
148.18198077,-35.65033481,1291.96
148.18198054,-35.65031940,1286.03
148.18197599,-35.65001813,1264.60
148.18197044,-35.64963376,1300.78
148.18196956,-35.64957380,1301.28
148.18196398,-35.64920313,1268.85
148.18195820,-35.64880324,1296.63
148.18195404,-35.64852830,1267.68
148.18195069,-35.64829302,1308.12
148.18194637,-35.64800013,1284.42
148.18194254,-35.64773962,1281.12
148.18194225,-35.64772042,1298.10
148.18194165,-35.64767976,1297.13
148.18193867,-35.64748505,1284.88
148.18193396,-35.64715745,1274.00
148.18193388,-35.64715205,1292.53
148.18192935,-35.64685249,1282.14
148.18192506,-35.64655357,1289.88
148.18191995,-35.64620660,1295.18
148.18191506,-35.64587460,1302.34
148.18191044,-35.64556882,1264.92
148.18190716,-35.64533796,1290.87
148.18190056,-35.64489002,1280.64
148.18190034,-35.64487551,1281.77
148.18190028,-35.64487128,1286.81
148.18189594,-35.64458380,1259.65
148.18189241,-35.64433680,1279.22
148.18188874,-35.64408737,1296.17
148.18188348,-35.64373797,1257.21
148.18187863,-35.64340118,1293.66
148.18187858,-35.64339766,1293.69
148.18187350,-35.64306052,1272.44
148.18186954,-35.64278414,1284.77
148.18186312,-35.64235585,1258.37
148.18186052,-35.64217935,1259.08
148.18185780,-35.64199473,1263.84
148.18185155,-35.64156221,1283.73
148.18184667,-35.64123859,1257.85
148.18184082,-35.64084132,1261.89
148.18183978,-35.64077091,1255.01
148.18183638,-35.64054023,1257.95
148.18183319,-35.64031568,1278.04
148.18182783,-35.63995924,1255.15
148.18182600,-35.63983547,1253.55
148.18182109,-35.63950202,1249.66
148.18182037,-35.63945263,1249.57
148.18181448,-35.63904517,1282.08
148.18180907,-35.63868512,1244.08
148.18180571,-35.63845715,1244.04
148.18180486,-35.63839945,1244.42
148.18180217,-35.63821655,1245.64
148.18180166,-35.63818247,1246.16
148.18180092,-35.63813181,1278.06
148.18179950,-35.63803517,1274.13
148.18179622,-35.63781278,1257.98
148.18179039,-35.63741714,1253.19
148.18178904,-35.63732473,1245.06
148.18178873,-35.63730373,1283.08
148.18178789,-35.63724694,1246.11
148.18178534,-35.63707359,1248.46
148.18178446,-35.63701382,1250.00
148.18178431,-35.63700355,1255.16
148.18178333,-35.63693702,1259.63
148.18178313,-35.63692395,1292.02
148.18178201,-35.63684742,1289.98
148.18177909,-35.63664928,1285.61
148.18177794,-35.63657139,1249.06
148.18177783,-35.63656373,1276.06
148.18177755,-35.63654453,1292.77
148.18177500,-35.63637126,1249.13
148.18177309,-35.63624155,1249.15
148.18177223,-35.63618332,1279.89
148.18176852,-35.63593117,1249.38
148.18176775,-35.63587889,1249.10
148.18176409,-35.63563812,1258.10
148.18175900,-35.63528484,1267.31
148.18175483,-35.63500150,1239.87
148.18174944,-35.63463515,1247.86
148.18174327,-35.63422382,1255.41
148.18174230,-35.63415765,1259.19
148.18174162,-35.63411150,1254.20
148.18173529,-35.63367383,1265.80
148.18173509,-35.63366077,1263.02
148.18173306,-35.63352257,1261.57
148.18173118,-35.63339484,1267.81
148.18173050,-35.63334877,1235.39
148.18172825,-35.63319624,1235.16
148.18172395,-35.63290408,1266.44
148.18172273,-35.63282097,1262.91
148.18172044,-35.63266520,1252.04
148.18171796,-35.63250402,1258.10
148.18171357,-35.63219860,1267.81
148.18171085,-35.63201390,1253.70
148.18170538,-35.63164249,1261.49
148.18170140,-35.63137197,1267.82
148.18170133,-35.63136736,1268.68
148.18169902,-35.63121060,1257.91
148.18169671,-35.63105321,1269.04
148.18169400,-35.63086877,1253.01
148.18169371,-35.63084930,1233.59
148.18169324,-35.63081721,1238.99
148.18168726,-35.63041841,1243.71
148.18168099,-35.62998534,1262.51
148.18168074,-35.62996821,1259.32
     </coordinates>
    </LineString>
   </MultiGeometry>
  </Placemark>
 </Document>
</kml>
