<kml>
 <Document>
  <Style id="yellow">
   <LineStyle>
   <color>ff00ffff</color>
   <width>1</width>
   </LineStyle>
  </Style>
  <Style id="red">
   <LineStyle>
   <color>ffff0000</color>
   <width>2</width>
   </LineStyle>
  </Style>
  <Style id="green">
   <LineStyle>
   <color>ff00ff00</color>
   <width>1</width>
   </LineStyle>
  </Style>
  <Placemark>
  <styleUrl>#yellow</styleUrl>
   <MultiGeometry>
    <LineString>
     <coordinates>
146.68796774,-43.08051578,561.86
146.68796771,-43.08049587,557.40
146.68796602,-43.08049037,561.76
146.68796420,-43.08048722,563.27
146.68793176,-43.08048668,563.76
146.68790585,-43.08048652,557.39
146.68781408,-43.08048627,583.93
146.68774590,-43.08048608,565.87
146.68773153,-43.08048604,576.80
146.68770536,-43.08048597,581.79
146.68761090,-43.08048571,562.61
146.68755254,-43.08048555,557.79
146.68744223,-43.08048525,557.84
146.68731238,-43.08048490,555.81
146.68725833,-43.08048475,583.91
146.68723413,-43.08048468,557.60
146.68722369,-43.08048465,561.10
146.68721644,-43.08048463,584.81
146.68719211,-43.08048457,585.85
146.68711730,-43.08048436,560.24
146.68707910,-43.08048426,560.22
146.68697787,-43.08048398,562.74
146.68696387,-43.08048394,563.27
146.68688168,-43.08048372,566.58
146.68683488,-43.08048359,561.06
146.68672751,-43.08048329,553.15
146.68671597,-43.08048326,552.69
146.68668845,-43.08048319,552.89
146.68667641,-43.08048316,552.29
146.68664201,-43.08048306,554.08
146.68660639,-43.08048296,554.42
146.68653538,-43.08048277,560.41
146.68649853,-43.08048267,553.02
146.68644018,-43.08048251,574.58
146.68639743,-43.08048239,552.68
146.68636242,-43.08048230,561.59
146.68634706,-43.08048226,556.97
146.68633060,-43.08048221,552.25
146.68623122,-43.08048193,551.90
146.68622569,-43.08048192,561.14
146.68616107,-43.08048174,559.40
146.68616058,-43.08048174,560.44
146.68614068,-43.08048169,560.83
146.68613085,-43.08048166,556.54
146.68611746,-43.08048163,549.51
146.68605211,-43.08048145,571.81
146.68604633,-43.08048143,549.28
146.68601230,-43.08048134,548.87
146.68598835,-43.08048127,582.74
146.68598798,-43.08048127,549.48
146.68597165,-43.08048122,549.47
146.68592042,-43.08048109,554.50
146.68589032,-43.08048100,556.78
146.68586526,-43.08048093,552.21
146.68583725,-43.08048085,547.95
146.68581772,-43.08048080,551.57
146.68580507,-43.08048077,555.10
146.68579303,-43.08048074,557.81
146.68579241,-43.08048073,558.32
146.68577079,-43.08048067,555.56
146.68576539,-43.08048066,555.71
146.68569967,-43.08048048,550.46
146.68569500,-43.08048046,547.77
146.68569438,-43.08048046,551.34
146.68561662,-43.08048025,547.80
146.68561306,-43.08048024,549.48
146.68558689,-43.08048017,562.88
146.68558640,-43.08048017,557.42
146.68557129,-43.08048012,563.38
146.68554672,-43.08048006,565.80
146.68550987,-43.08047996,564.57
146.68544415,-43.08047977,548.19
146.68541012,-43.08047968,555.06
146.68533518,-43.08047948,558.35
146.68531774,-43.08047943,558.30
146.68526811,-43.08047929,558.31
146.68526553,-43.08047929,553.51
146.68514600,-43.08047895,577.06
146.68505313,-43.08047870,591.47
146.68505178,-43.08047870,553.66
146.68476542,-43.08047791,572.59
146.68471088,-43.08047776,581.24
146.68464750,-43.08047758,561.93
146.68463300,-43.08047754,565.83
146.68457317,-43.08047738,569.97
146.68451286,-43.08047721,598.18
146.68449873,-43.08047717,562.98
146.68447355,-43.08047710,603.87
146.68447158,-43.08047710,563.72
146.68440205,-43.08047691,572.96
146.68427159,-43.08047655,587.24
146.68426287,-43.08047652,587.16
146.68411213,-43.08047611,571.35
146.68407208,-43.08047600,598.44
146.68404678,-43.08047593,579.11
146.68404445,-43.08047592,578.83
146.68402700,-43.08047587,589.92
146.68391583,-43.08047556,581.23
146.68391570,-43.08047556,577.36
146.68390907,-43.08047555,580.61
146.68388770,-43.08047549,571.10
146.68388757,-43.08047549,587.31
146.68387136,-43.08047544,590.36
146.68372775,-43.08047505,582.64
146.68372001,-43.08047502,573.79
146.68366117,-43.08047486,581.14
146.68366080,-43.08047486,580.95
146.68362481,-43.08047476,566.74
146.68359299,-43.08047467,578.38
146.68358967,-43.08047466,595.19
146.68358783,-43.08047466,566.51
146.68340442,-43.08047415,569.36
146.68337666,-43.08047407,578.31
146.68336487,-43.08047404,580.06
146.68333649,-43.08047396,582.15
146.68330725,-43.08047388,581.93
146.68329558,-43.08047385,582.35
146.68327887,-43.08047380,559.88
146.68324055,-43.08047370,562.43
146.68315038,-43.08047345,565.57
146.68314166,-43.08047342,600.04
146.68302974,-43.08047311,575.04
146.68298060,-43.08047298,573.30
146.68296611,-43.08047294,576.54
146.68291943,-43.08047281,569.10
146.68291820,-43.08047280,572.18
146.68285211,-43.08047262,596.12
146.68280617,-43.08047249,589.10
146.68275826,-43.08047236,567.41
146.68275383,-43.08047235,567.82
146.68275125,-43.08047234,565.54
146.68274020,-43.08047231,570.82
146.68272681,-43.08047228,563.39
146.68271280,-43.08047223,580.44
146.68270666,-43.08047222,580.39
146.68266182,-43.08047209,563.91
146.68264990,-43.08047206,583.43
146.68261699,-43.08047197,581.94
146.68246613,-43.08047155,566.99
146.68242571,-43.08047144,570.18
146.68241674,-43.08047141,563.90
146.68237350,-43.08047130,570.07
146.68230115,-43.08047109,592.71
146.68229980,-43.08047109,565.93
146.68226663,-43.08047100,583.18
146.68226122,-43.08047098,596.88
146.68225054,-43.08047095,590.95
146.68221479,-43.08047085,588.59
146.68221160,-43.08047084,582.49
146.68218715,-43.08047078,563.04
146.68216553,-43.08047072,568.61
146.68216405,-43.08047071,567.54
146.68210079,-43.08047054,571.22
146.68195165,-43.08047012,575.24
146.68194244,-43.08047010,573.32
146.68191209,-43.08047001,578.03
146.68188728,-43.08046994,597.61
146.68187709,-43.08046992,594.00
146.68186714,-43.08046989,577.76
146.68186627,-43.08046988,598.96
146.68175191,-43.08046957,573.88
146.68171726,-43.08046947,572.71
146.68171542,-43.08046947,572.96
146.68169392,-43.08046941,572.03
146.68166112,-43.08046931,564.40
146.68159626,-43.08046913,560.80
146.68147096,-43.08046878,573.08
146.68141347,-43.08046862,557.45
146.68137870,-43.08046853,571.04
146.68134443,-43.08046843,575.80
146.68129664,-43.08046830,569.66
146.68120930,-43.08046806,555.30
146.68118301,-43.08046798,576.47
146.68117208,-43.08046795,574.83
146.68109874,-43.08046775,567.44
146.68106852,-43.08046766,569.86
146.68106188,-43.08046764,571.06
146.68104910,-43.08046761,576.46
146.68104726,-43.08046761,583.45
146.68102577,-43.08046754,571.75
146.68100377,-43.08046748,586.42
146.68090403,-43.08046721,561.35
146.68087577,-43.08046713,592.25
146.68087454,-43.08046712,587.53
146.68083831,-43.08046702,588.24
146.68075674,-43.08046680,556.19
146.68074163,-43.08046675,552.45
146.68069949,-43.08046664,561.43
146.68065834,-43.08046652,564.41
146.68054851,-43.08046621,560.14
146.68052493,-43.08046615,560.92
146.68049139,-43.08046605,562.97
146.68048328,-43.08046603,562.70
146.68047948,-43.08046602,561.14
146.68031290,-43.08046555,571.13
146.68031203,-43.08046555,571.48
146.68030503,-43.08046554,566.76
146.68030073,-43.08046552,552.63
146.68025098,-43.08046538,557.67
146.68020835,-43.08046526,571.01
146.68020295,-43.08046525,550.89
146.68016364,-43.08046514,557.73
146.68013686,-43.08046506,559.68
146.68013268,-43.08046505,560.76
146.68009227,-43.08046494,581.08
146.68003981,-43.08046479,576.33
146.68002900,-43.08046476,550.07
146.67999657,-43.08046467,577.99
146.67994448,-43.08046453,559.54
146.67993429,-43.08046450,578.38
146.67993208,-43.08046449,556.31
146.67991856,-43.08046446,578.33
146.67991377,-43.08046444,547.87
146.67990542,-43.08046442,557.58
146.67988969,-43.08046437,555.58
146.67988380,-43.08046436,576.89
146.67987987,-43.08046434,577.29
146.67987950,-43.08046434,566.51
146.67985763,-43.08046428,573.90
146.67981636,-43.08046417,576.87
146.67978736,-43.08046409,551.57
146.67977348,-43.08046405,577.47
146.67975567,-43.08046400,576.16
146.67974977,-43.08046398,577.31
146.67971304,-43.08046388,571.65
146.67970936,-43.08046387,578.59
146.67970469,-43.08046386,560.91
146.67963945,-43.08046367,577.12
146.67962742,-43.08046364,576.73
146.67955998,-43.08046345,573.61
146.67953270,-43.08046338,571.46
146.67952718,-43.08046336,576.54
146.67951575,-43.08046333,566.29
146.67949917,-43.08046328,564.68
146.67949131,-43.08046326,537.53
146.67948775,-43.08046325,537.64
146.67948652,-43.08046325,560.03
146.67944671,-43.08046313,535.10
146.67938394,-43.08046296,568.87
146.67937903,-43.08046294,560.50
146.67933554,-43.08046282,551.53
146.67931441,-43.08046276,565.17
146.67923714,-43.08046254,540.41
146.67922952,-43.08046253,561.12
146.67922596,-43.08046251,552.93
146.67915925,-43.08046233,563.40
146.67911614,-43.08046221,529.54
146.67904808,-43.08046202,531.46
146.67900226,-43.08046189,528.75
146.67899231,-43.08046186,559.22
146.67898482,-43.08046184,551.16
146.67898223,-43.08046183,562.41
146.67888973,-43.08046157,544.10
146.67883003,-43.08046140,540.09
146.67878532,-43.08046128,550.76
146.67866664,-43.08046095,534.43
146.67865621,-43.08046092,548.61
146.67862218,-43.08046082,540.63
146.67860719,-43.08046078,526.06
146.67851997,-43.08046053,514.23
146.67848520,-43.08046044,517.60
146.67841703,-43.08046025,513.47
146.67838152,-43.08046015,527.54
146.67838029,-43.08046014,534.52
146.67834799,-43.08046005,502.41
146.67834246,-43.08046003,500.14
146.67832366,-43.08045998,499.11
146.67830561,-43.08045993,502.62
146.67826973,-43.08045983,529.29
146.67826690,-43.08045982,508.31
146.67799615,-43.08045906,487.29
146.67799456,-43.08045906,516.37
146.67797183,-43.08045899,517.93
146.67795071,-43.08045893,499.72
146.67786299,-43.08045869,485.83
146.67774530,-43.08045835,499.79
146.67756976,-43.08045786,499.50
146.67753340,-43.08045776,487.90
146.67753106,-43.08045775,489.32
146.67751423,-43.08045771,490.20
146.67747628,-43.08045760,507.24
146.67745834,-43.08045755,507.40
146.67740232,-43.08045739,485.16
146.67732616,-43.08045717,482.56
146.67720663,-43.08045684,508.18
146.67719606,-43.08045681,478.45
146.67714840,-43.08045667,480.00
146.67706450,-43.08045644,494.11
146.67704853,-43.08045639,496.22
146.67703575,-43.08045635,500.35
146.67698551,-43.08045621,471.78
146.67692053,-43.08045603,488.21
146.67691524,-43.08045601,492.98
146.67689251,-43.08045595,472.33
146.67688637,-43.08045593,490.47
146.67680566,-43.08045571,469.70
146.67677458,-43.08045562,471.36
146.67676770,-43.08045560,464.62
146.67672901,-43.08045549,470.64
146.67670002,-43.08045541,468.04
146.67667459,-43.08045534,478.89
146.67664031,-43.08045524,459.52
146.67659032,-43.08045510,450.87
146.67655211,-43.08045499,464.43
146.67648983,-43.08045481,461.15
146.67647214,-43.08045476,461.74
146.67644229,-43.08045468,461.71
146.67641096,-43.08045459,462.22
146.67638099,-43.08045451,444.29
146.67633762,-43.08045438,443.38
146.67630826,-43.08045430,482.21
146.67630642,-43.08045429,482.43
146.67619254,-43.08045397,456.07
146.67617903,-43.08045393,457.41
146.67614033,-43.08045382,455.09
146.67606036,-43.08045360,438.42
146.67603665,-43.08045353,449.22
146.67598555,-43.08045338,437.15
146.67597400,-43.08045335,439.66
146.67593604,-43.08045325,436.15
146.67591467,-43.08045319,455.64
146.67585472,-43.08045302,451.92
146.67582831,-43.08045294,450.55
146.67582720,-43.08045294,457.27
146.67582167,-43.08045292,450.20
146.67576995,-43.08045278,451.51
146.67574760,-43.08045271,494.16
146.67573408,-43.08045267,485.13
146.67565940,-43.08045246,448.00
146.67562610,-43.08045237,489.64
146.67556566,-43.08045220,455.62
146.67555694,-43.08045217,452.73
146.67542771,-43.08045180,509.26
146.67540548,-43.08045174,475.56
146.67540375,-43.08045174,507.73
146.67539786,-43.08045172,507.83
146.67539773,-43.08045172,495.44
146.67539196,-43.08045170,507.23
146.67538827,-43.08045169,505.31
146.67537329,-43.08045165,474.25
146.67535265,-43.08045159,511.11
146.67522280,-43.08045122,489.99
146.67521899,-43.08045121,474.99
146.67521298,-43.08045120,474.94
146.67519430,-43.08045114,476.62
146.67511199,-43.08045091,496.54
146.67508706,-43.08045084,493.26
146.67499984,-43.08045059,487.73
146.67496815,-43.08045050,488.49
146.67489517,-43.08045029,485.75
146.67488928,-43.08045028,476.63
146.67485672,-43.08045018,490.86
146.67468400,-43.08044969,480.21
146.67467663,-43.08044967,481.19
146.67454715,-43.08044931,530.92
146.67454089,-43.08044929,526.80
146.67450489,-43.08044918,492.09
146.67445305,-43.08044904,528.87
146.67443708,-43.08044899,497.13
146.67439397,-43.08044887,500.03
146.67438807,-43.08044885,499.40
146.67437468,-43.08044881,506.29
146.67437431,-43.08044881,494.87
146.67428119,-43.08044855,493.49
146.67422002,-43.08044837,506.17
146.67421891,-43.08044837,526.27
146.67415393,-43.08044818,512.55
146.67412346,-43.08044810,512.69
146.67407875,-43.08044797,511.56
146.67406609,-43.08044793,530.68
146.67405282,-43.08044790,487.97
146.67402015,-43.08044780,529.59
146.67398194,-43.08044770,527.21
146.67397777,-43.08044768,496.39
146.67397126,-43.08044767,498.65
146.67396708,-43.08044765,500.07
146.67396560,-43.08044765,527.59
146.67393698,-43.08044757,505.95
146.67393391,-43.08044756,505.71
146.67392187,-43.08044752,494.45
146.67389595,-43.08044745,504.85
146.67382752,-43.08044726,508.73
146.67382163,-43.08044724,505.86
146.67378822,-43.08044714,508.40
146.67371414,-43.08044693,515.52
146.67370874,-43.08044692,508.83
146.67364670,-43.08044674,499.59
146.67359670,-43.08044660,504.31
146.67348909,-43.08044629,502.77
146.67346010,-43.08044621,499.76
146.67342914,-43.08044612,524.52
146.67340236,-43.08044604,519.75
146.67337042,-43.08044595,498.84
146.67333234,-43.08044584,495.08
146.67330691,-43.08044577,501.09
146.67328037,-43.08044570,507.43
146.67323320,-43.08044556,495.18
146.67312399,-43.08044525,529.87
146.67307510,-43.08044511,513.81
146.67298223,-43.08044484,537.41
146.67295176,-43.08044476,519.41
146.67294759,-43.08044475,516.33
146.67290766,-43.08044463,517.08
146.67272585,-43.08044411,496.17
146.67267647,-43.08044397,503.22
146.67264268,-43.08044387,503.99
146.67259305,-43.08044373,522.10
146.67257254,-43.08044367,519.57
146.67255608,-43.08044362,521.18
146.67251738,-43.08044351,514.41
146.67251493,-43.08044350,491.02
146.67251062,-43.08044349,495.84
146.67249428,-43.08044345,495.59
146.67238729,-43.08044314,486.76
146.67230805,-43.08044291,498.96
146.67229761,-43.08044288,493.16
146.67223950,-43.08044272,523.06
146.67218840,-43.08044257,504.81
146.67218263,-43.08044255,496.67
146.67206052,-43.08044220,486.97
146.67200758,-43.08044205,498.91
146.67194320,-43.08044187,520.08
146.67172515,-43.08044124,521.84
146.67172061,-43.08044123,522.21
146.67172024,-43.08044123,520.49
146.67171606,-43.08044122,524.15
146.67171336,-43.08044121,522.37
146.67158830,-43.08044085,520.55
146.67158818,-43.08044085,518.34
146.67158487,-43.08044084,489.02
146.67158401,-43.08044084,520.66
146.67158044,-43.08044083,520.51
146.67157074,-43.08044080,489.22
146.67156545,-43.08044079,516.44
146.67147258,-43.08044052,483.96
146.67144028,-43.08044043,478.51
146.67135809,-43.08044019,477.04
146.67135662,-43.08044019,481.65
146.67135195,-43.08044017,481.55
146.67129004,-43.08044000,474.96
146.67128660,-43.08043998,477.76
146.67117604,-43.08043967,517.61
146.67116142,-43.08043963,490.29
146.67115479,-43.08043960,490.87
146.67114164,-43.08043957,489.77
146.67114152,-43.08043957,488.00
146.67112972,-43.08043953,488.23
146.67110159,-43.08043945,485.55
146.67109619,-43.08043944,482.39
146.67108906,-43.08043942,481.38
146.67084644,-43.08043872,477.65
146.67082715,-43.08043867,475.72
146.67079350,-43.08043857,466.26
146.67076463,-43.08043848,469.90
146.67060714,-43.08043803,496.46
146.67058011,-43.08043795,497.17
146.67047999,-43.08043766,487.66
146.67044977,-43.08043758,488.08
146.67041919,-43.08043749,472.50
146.67041906,-43.08043749,473.74
146.67036907,-43.08043735,471.46
146.67031084,-43.08043718,468.75
146.67026010,-43.08043703,474.38
146.67020138,-43.08043686,474.77
146.67007301,-43.08043649,461.93
146.67005102,-43.08043643,457.22
146.67004119,-43.08043640,466.85
146.66997277,-43.08043620,462.44
146.66989771,-43.08043599,468.40
146.66988088,-43.08043594,465.51
146.66976246,-43.08043560,453.54
146.66975373,-43.08043557,453.93
146.66961197,-43.08043516,493.30
146.66959981,-43.08043513,462.51
146.66957033,-43.08043504,466.69
146.66956492,-43.08043503,460.50
146.66955816,-43.08043501,466.58
146.66947463,-43.08043477,466.39
146.66945326,-43.08043471,462.75
146.66944355,-43.08043468,465.00
146.66943876,-43.08043466,465.26
146.66936383,-43.08043444,456.15
146.66932943,-43.08043435,465.46
146.66930105,-43.08043426,464.14
146.66929761,-43.08043425,466.07
146.66924663,-43.08043411,474.64
146.66924049,-43.08043409,474.34
146.66915941,-43.08043386,458.85
146.66915499,-43.08043384,480.66
146.66913312,-43.08043378,459.09
146.66912010,-43.08043374,454.00
146.66911236,-43.08043372,455.98
146.66909946,-43.08043368,455.33
146.66906494,-43.08043358,476.48
146.66903091,-43.08043348,456.28
146.66900684,-43.08043341,471.40
146.66898964,-43.08043336,452.51
146.66898718,-43.08043336,472.95
146.66895463,-43.08043326,456.22
146.66894025,-43.08043322,480.32
146.66892551,-43.08043318,453.01
146.66891913,-43.08043316,455.27
146.66877539,-43.08043274,448.11
146.66876299,-43.08043271,450.00
146.66867933,-43.08043247,450.37
146.66860648,-43.08043225,452.61
146.66858745,-43.08043220,454.85
146.66858437,-43.08043219,453.76
146.66854506,-43.08043208,443.51
146.66850108,-43.08043195,450.17
146.66848868,-43.08043192,465.58
146.66847467,-43.08043187,455.63
146.66838843,-43.08043162,454.66
146.66836460,-43.08043155,441.38
146.66833266,-43.08043146,439.33
146.66822100,-43.08043114,424.24
146.66811768,-43.08043084,423.27
146.66810663,-43.08043081,428.41
146.66791094,-43.08043024,424.65
146.66790479,-43.08043022,424.53
146.66790209,-43.08043021,413.41
146.66780787,-43.08042994,414.45
146.66747029,-43.08042896,406.71
146.66746525,-43.08042894,416.75
146.66744265,-43.08042888,410.49
146.66740825,-43.08042878,405.70
146.66730887,-43.08042849,407.17
146.66730420,-43.08042848,401.37
146.66728455,-43.08042842,404.43
146.66726809,-43.08042837,404.68
146.66726588,-43.08042837,391.45
146.66725961,-43.08042835,418.43
146.66724229,-43.08042829,391.02
146.66712423,-43.08042795,401.54
146.66711784,-43.08042793,396.98
146.66711686,-43.08042793,389.97
146.66704033,-43.08042771,391.67
146.66702326,-43.08042766,392.23
146.66694660,-43.08042744,381.22
146.66687523,-43.08042723,400.36
146.66687265,-43.08042722,400.50
146.66677400,-43.08042693,403.29
146.66676884,-43.08042692,391.18
146.66673211,-43.08042681,406.24
146.66672290,-43.08042679,403.71
146.66669341,-43.08042670,400.29
146.66664195,-43.08042655,397.43
146.66659133,-43.08042640,393.25
146.66657364,-43.08042635,406.12
146.66655878,-43.08042631,404.53
146.66655190,-43.08042629,400.84
146.66650964,-43.08042616,408.74
146.66647880,-43.08042607,405.65
146.66640400,-43.08042585,400.56
146.66638090,-43.08042579,398.81
146.66631247,-43.08042559,394.19
146.66630277,-43.08042556,394.43
146.66630228,-43.08042556,394.86
146.66623693,-43.08042537,400.38
146.66608042,-43.08042491,389.94
146.66582306,-43.08042416,398.82
146.66577883,-43.08042403,403.86
146.66569923,-43.08042380,410.66
146.66568019,-43.08042374,406.61
146.66561127,-43.08042354,413.64
146.66550821,-43.08042324,424.32
146.66547111,-43.08042313,427.75
146.66545575,-43.08042309,428.24
146.66545403,-43.08042308,422.96
146.66534433,-43.08042276,431.19
146.66531313,-43.08042267,448.68
146.66527099,-43.08042255,440.71
146.66524507,-43.08042247,432.30
146.66521891,-43.08042239,446.97
146.66508771,-43.08042201,440.01
146.66507039,-43.08042196,495.66
146.66505147,-43.08042191,495.29
146.66504103,-43.08042188,480.76
146.66502567,-43.08042183,483.06
146.66502395,-43.08042182,448.26
146.66502358,-43.08042182,469.78
146.66498108,-43.08042170,451.13
146.66495577,-43.08042163,456.15
146.66483219,-43.08042126,484.63
146.66482777,-43.08042125,439.57
146.66480934,-43.08042119,499.40
146.66479731,-43.08042116,439.68
146.66477740,-43.08042110,465.20
146.66476905,-43.08042108,453.57
146.66475173,-43.08042103,496.65
146.66457569,-43.08042051,493.09
146.66456353,-43.08042048,491.25
146.66446906,-43.08042020,457.92
146.66445616,-43.08042016,456.47
146.66440051,-43.08042000,500.62
146.66439449,-43.08041998,461.81
146.66434683,-43.08041984,452.85
146.66422190,-43.08041947,466.90
146.66409574,-43.08041910,497.53
146.66403800,-43.08041893,502.11
146.66401294,-43.08041886,506.54
146.66392953,-43.08041862,464.71
146.66390803,-43.08041855,458.58
146.66377364,-43.08041816,464.97
146.66353212,-43.08041745,496.72
146.66351677,-43.08041740,459.50
146.66348618,-43.08041731,491.62
146.66341161,-43.08041709,468.75
146.66339146,-43.08041703,463.60
146.66333901,-43.08041688,452.85
146.66332697,-43.08041684,455.00
146.66331100,-43.08041680,455.94
146.66330130,-43.08041677,454.53
146.66322378,-43.08041654,456.77
146.66321641,-43.08041652,460.17
146.66316924,-43.08041638,493.02
146.66316420,-43.08041637,495.36
146.66313337,-43.08041627,483.18
146.66308018,-43.08041612,495.58
146.66307993,-43.08041612,506.04
146.66304602,-43.08041602,507.70
146.66295512,-43.08041575,459.39
146.66286642,-43.08041549,469.46
146.66275427,-43.08041516,475.05
146.66271213,-43.08041503,471.03
146.66264813,-43.08041485,461.98
146.66263793,-43.08041482,469.46
146.66263118,-43.08041479,465.98
146.66262196,-43.08041477,466.03
146.66242222,-43.08041418,473.08
146.66240121,-43.08041412,473.77
146.66238033,-43.08041406,513.74
146.66231583,-43.08041387,471.27
146.66227198,-43.08041374,471.88
146.66222714,-43.08041360,478.42
146.66208329,-43.08041318,470.64
146.66208120,-43.08041317,472.52
146.66207211,-43.08041315,462.09
146.66203132,-43.08041302,474.70
146.66195541,-43.08041280,468.99
146.66194742,-43.08041278,472.59
146.66191413,-43.08041268,473.22
146.66189853,-43.08041263,476.75
146.66187961,-43.08041258,477.38
146.66184005,-43.08041246,478.77
146.66180799,-43.08041237,476.55
146.66180308,-43.08041235,476.69
146.66178932,-43.08041231,472.29
146.66176647,-43.08041224,468.70
146.66167446,-43.08041197,476.15
146.66164682,-43.08041189,468.64
146.66160960,-43.08041178,467.51
146.66155247,-43.08041161,467.34
146.66153552,-43.08041156,463.39
146.66153540,-43.08041156,463.89
146.66151280,-43.08041149,468.46
146.66149412,-43.08041144,471.00
146.66139769,-43.08041115,481.86
146.66137472,-43.08041108,482.38
146.66128517,-43.08041082,476.35
146.66125667,-43.08041073,478.75
146.66125421,-43.08041073,478.67
146.66121674,-43.08041062,476.26
146.66113713,-43.08041038,476.40
146.66113505,-43.08041038,475.69
146.66104722,-43.08041011,488.90
146.66103038,-43.08041006,486.10
146.66096257,-43.08040987,482.29
146.66093309,-43.08040978,482.17
146.66093125,-43.08040977,483.63
146.66090668,-43.08040970,494.55
146.66083653,-43.08040949,499.48
146.66082425,-43.08040946,506.71
146.66081860,-43.08040944,500.21
146.66081184,-43.08040942,506.92
146.66079710,-43.08040937,505.41
146.66077634,-43.08040931,492.11
146.66077364,-43.08040930,492.05
146.66065460,-43.08040895,494.43
146.66063065,-43.08040888,484.10
146.66056456,-43.08040868,508.07
146.66051444,-43.08040854,507.49
146.66049871,-43.08040849,506.90
146.66049724,-43.08040848,506.96
146.66043446,-43.08040830,518.83
146.66033877,-43.08040801,509.45
146.66033655,-43.08040801,508.20
146.66033078,-43.08040799,510.24
146.66025253,-43.08040776,511.59
146.66022501,-43.08040767,515.30
146.66019909,-43.08040760,518.54
146.66015843,-43.08040748,527.97
146.66015118,-43.08040746,523.62
146.66002871,-43.08040709,510.15
146.66000242,-43.08040702,513.03
146.65999062,-43.08040698,510.08
146.65991434,-43.08040675,520.02
146.65984124,-43.08040653,528.36
146.65984100,-43.08040653,543.08
146.65978682,-43.08040637,544.20
146.65978425,-43.08040637,544.30
146.65962651,-43.08040590,542.47
146.65957074,-43.08040573,532.65
146.65953843,-43.08040564,549.61
146.65952394,-43.08040559,550.35
146.65950920,-43.08040555,552.11
146.65932088,-43.08040499,571.43
146.65923992,-43.08040475,577.23
146.65923722,-43.08040474,593.10
146.65923562,-43.08040474,592.28
146.65920012,-43.08040463,584.81
146.65919557,-43.08040462,595.47
146.65916142,-43.08040451,594.28
146.65905823,-43.08040421,570.93
146.65898723,-43.08040399,568.66
146.65893293,-43.08040383,576.11
146.65883883,-43.08040355,580.25
146.65883527,-43.08040354,583.70
146.65880824,-43.08040346,580.88
146.65876451,-43.08040333,584.54
146.65870530,-43.08040315,576.24
146.65863085,-43.08040293,587.21
146.65861525,-43.08040288,585.37
146.65861157,-43.08040287,590.66
146.65859339,-43.08040282,581.00
146.65854867,-43.08040269,595.87
146.65854290,-43.08040267,598.09
146.65843197,-43.08040234,602.62
146.65842926,-43.08040233,586.19
146.65842583,-43.08040232,602.75
146.65838578,-43.08040220,634.65
146.65835347,-43.08040211,628.82
146.65832435,-43.08040202,612.97
146.65830691,-43.08040196,617.92
146.65825532,-43.08040181,608.64
146.65824156,-43.08040177,608.78
146.65823689,-43.08040176,604.24
146.65823296,-43.08040174,632.48
146.65821539,-43.08040169,616.40
146.65818800,-43.08040161,615.75
146.65817104,-43.08040156,611.44
146.65811650,-43.08040140,604.96
146.65807707,-43.08040128,607.96
146.65785533,-43.08040062,605.03
146.65784342,-43.08040058,609.02
146.65782437,-43.08040052,597.56
146.65782364,-43.08040052,608.30
146.65782290,-43.08040052,607.90
146.65781762,-43.08040050,597.60
146.65776996,-43.08040036,640.52
146.65776209,-43.08040034,638.54
146.65775927,-43.08040033,636.30
146.65775460,-43.08040031,636.13
146.65773335,-43.08040025,637.53
146.65773323,-43.08040025,602.47
146.65770964,-43.08040018,638.46
146.65748533,-43.08039951,611.51
146.65745621,-43.08039942,621.66
146.65744650,-43.08039939,626.34
146.65741960,-43.08039931,626.41
146.65739245,-43.08039923,614.35
146.65733951,-43.08039907,610.14
146.65733484,-43.08039906,609.59
146.65731863,-43.08039901,604.56
146.65725155,-43.08039881,643.38
146.65724234,-43.08039878,640.82
146.65723534,-43.08039876,640.89
146.65723484,-43.08039876,650.30
146.65723103,-43.08039875,644.14
146.65720032,-43.08039866,611.88
146.65719885,-43.08039865,611.70
146.65716888,-43.08039856,649.85
146.65714898,-43.08039850,647.92
146.65711482,-43.08039840,626.92
146.65708018,-43.08039829,633.39
146.65707380,-43.08039828,635.05
146.65706385,-43.08039825,630.60
146.65703326,-43.08039816,620.97
146.65694972,-43.08039790,650.84
146.65689272,-43.08039773,651.10
146.65688989,-43.08039772,647.00
146.65686876,-43.08039766,646.79
146.65686864,-43.08039766,642.54
146.65673339,-43.08039726,615.27
146.65671755,-43.08039721,631.68
146.65670612,-43.08039717,623.68
146.65670219,-43.08039716,636.28
146.65670158,-43.08039716,635.02
146.65668622,-43.08039711,635.36
146.65667959,-43.08039710,620.63
146.65663831,-43.08039697,625.81
146.65662492,-43.08039693,627.83
146.65661878,-43.08039691,625.55
146.65660870,-43.08039688,624.58
146.65657480,-43.08039678,622.82
146.65645306,-43.08039641,615.45
146.65641670,-43.08039631,614.45
146.65637948,-43.08039619,615.59
146.65628415,-43.08039591,622.19
146.65628366,-43.08039591,618.33
146.65625946,-43.08039583,650.40
146.65620442,-43.08039567,624.77
146.65610750,-43.08039538,627.97
146.65610344,-43.08039536,630.72
146.65607765,-43.08039529,635.68
146.65604190,-43.08039518,628.45
146.65604055,-43.08039518,626.80
146.65596831,-43.08039496,617.20
146.65588810,-43.08039472,628.13
146.65585308,-43.08039461,630.62
146.65581844,-43.08039451,617.75
146.65577373,-43.08039437,636.51
146.65572557,-43.08039423,630.54
146.65561685,-43.08039390,637.96
146.65556170,-43.08039373,641.55
146.65554954,-43.08039370,652.66
146.65550863,-43.08039357,624.96
146.65548185,-43.08039350,623.99
146.65542055,-43.08039331,625.79
146.65539254,-43.08039322,622.21
146.65533726,-43.08039306,635.25
146.65530507,-43.08039296,620.05
146.65530397,-43.08039296,620.36
146.65528382,-43.08039290,636.59
146.65522301,-43.08039271,631.97
146.65519525,-43.08039263,620.75
146.65518640,-43.08039261,644.68
146.65514071,-43.08039247,630.01
146.65508788,-43.08039231,631.78
146.65506700,-43.08039224,627.99
146.65502327,-43.08039211,632.78
146.65492671,-43.08039182,634.71
146.65492069,-43.08039181,629.12
146.65491148,-43.08039178,632.94
146.65491049,-43.08039177,626.88
146.65488163,-43.08039169,621.57
146.65480620,-43.08039146,628.96
146.65478372,-43.08039139,615.38
146.65478003,-43.08039138,633.26
146.65473323,-43.08039124,629.07
146.65472045,-43.08039120,627.26
146.65464613,-43.08039097,614.49
146.65461960,-43.08039090,626.70
146.65460756,-43.08039086,621.84
146.65458201,-43.08039078,614.70
146.65451064,-43.08039057,627.71
146.65448324,-43.08039048,635.25
146.65448017,-43.08039048,637.24
146.65447514,-43.08039046,613.22
146.65447071,-43.08039045,622.70
146.65446703,-43.08039043,615.23
146.65446273,-43.08039042,624.47
146.65445376,-43.08039040,621.63
146.65439737,-43.08039023,619.97
146.65435315,-43.08039009,621.55
146.65434271,-43.08039006,610.35
146.65429492,-43.08038992,617.29
146.65425377,-43.08038979,617.79
146.65425057,-43.08038978,624.24
146.65422858,-43.08038972,622.93
146.65419161,-43.08038960,617.05
146.65416286,-43.08038952,615.84
146.65412957,-43.08038942,623.58
146.65412171,-43.08038939,614.48
146.65405120,-43.08038918,609.93
146.65401999,-43.08038909,614.15
146.65401422,-43.08038907,614.79
146.65399161,-43.08038900,618.91
146.65396545,-43.08038892,613.45
146.65382086,-43.08038848,617.47
146.65380084,-43.08038842,614.69
146.65375858,-43.08038829,614.80
146.65374924,-43.08038827,621.31
146.65372148,-43.08038818,615.40
146.65369642,-43.08038811,615.01
146.65368807,-43.08038808,607.17
146.65366767,-43.08038802,613.52
146.65365674,-43.08038799,613.21
146.65363353,-43.08038792,613.16
146.65363082,-43.08038791,605.38
146.65361940,-43.08038787,607.76
146.65361522,-43.08038786,610.10
146.65359298,-43.08038779,613.64
146.65356166,-43.08038770,616.86
146.65354974,-43.08038766,608.17
146.65354421,-43.08038764,616.44
146.65347665,-43.08038744,620.30
146.65346781,-43.08038741,602.50
146.65336572,-43.08038710,589.05
146.65329066,-43.08038688,596.52
146.65327113,-43.08038682,590.55
146.65324607,-43.08038674,611.67
146.65324030,-43.08038672,611.56
146.65319435,-43.08038659,592.46
146.65315897,-43.08038648,611.41
146.65315394,-43.08038646,597.19
146.65305701,-43.08038617,599.51
146.65305247,-43.08038615,598.60
146.65298576,-43.08038595,592.96
146.65298073,-43.08038594,592.92
146.65298011,-43.08038594,591.05
146.65297360,-43.08038592,587.28
146.65292999,-43.08038579,579.65
146.65292925,-43.08038578,600.31
146.65291832,-43.08038575,593.99
146.65289560,-43.08038568,593.04
146.65286574,-43.08038559,586.01
146.65283823,-43.08038551,592.41
146.65281329,-43.08038543,584.94
146.65276845,-43.08038529,584.27
146.65273835,-43.08038520,576.06
146.65272238,-43.08038516,587.70
146.65264991,-43.08038494,589.05
146.65259720,-43.08038478,594.39
146.65257558,-43.08038471,597.08
146.65255433,-43.08038465,598.89
146.65254991,-43.08038463,588.37
146.65253713,-43.08038459,598.27
146.65253259,-43.08038458,593.79
146.65245434,-43.08038434,591.69
146.65240372,-43.08038419,595.86
146.65240102,-43.08038418,596.38
146.65232080,-43.08038393,573.04
146.65229464,-43.08038386,595.94
146.65227240,-43.08038379,591.57
146.65223961,-43.08038369,593.41
146.65217978,-43.08038351,586.73
146.65215705,-43.08038344,584.11
146.65210939,-43.08038329,590.46
146.65206823,-43.08038317,595.87
146.65205534,-43.08038313,585.49
146.65204035,-43.08038308,587.04
146.65201185,-43.08038299,589.58
146.65198654,-43.08038292,578.09
146.65198531,-43.08038292,578.67
146.65188483,-43.08038261,599.71
146.65185854,-43.08038253,582.75
146.65185215,-43.08038251,575.39
146.65184429,-43.08038248,575.97
146.65182807,-43.08038244,569.39
146.65180805,-43.08038238,574.73
146.65176014,-43.08038223,564.75
146.65175228,-43.08038221,576.14
146.65173066,-43.08038214,573.78
146.65172267,-43.08038212,579.86
146.65170216,-43.08038205,578.53
146.65167673,-43.08038198,577.79
146.65164798,-43.08038189,568.45
146.65164725,-43.08038188,573.34
146.65164184,-43.08038187,568.88
146.65163054,-43.08038184,565.86
146.65158337,-43.08038169,573.10
146.65156924,-43.08038165,583.31
146.65153276,-43.08038154,582.35
146.65152194,-43.08038150,558.56
146.65143301,-43.08038123,566.10
146.65142772,-43.08038122,573.95
146.65139713,-43.08038112,577.54
146.65139161,-43.08038111,575.80
146.65138632,-43.08038109,577.72
146.65137502,-43.08038106,572.41
146.65137072,-43.08038104,572.18
146.65132330,-43.08038090,574.15
146.65129591,-43.08038082,573.72
146.65127527,-43.08038075,569.51
146.65120550,-43.08038054,584.79
146.65119788,-43.08038052,585.28
146.65118633,-43.08038048,582.01
146.65117466,-43.08038045,584.01
146.65116840,-43.08038043,582.36
146.65114100,-43.08038034,569.79
146.65111103,-43.08038025,570.31
146.65110599,-43.08038024,570.39
146.65110255,-43.08038023,563.13
146.65105268,-43.08038007,582.02
146.65103572,-43.08038002,584.14
146.65101853,-43.08037997,584.41
146.65099297,-43.08037989,581.38
146.65099089,-43.08037989,560.69
146.65092639,-43.08037969,570.98
146.65082652,-43.08037939,560.07
146.65077026,-43.08037921,569.51
146.65075711,-43.08037917,560.32
146.65075048,-43.08037915,586.81
146.65074323,-43.08037913,591.84
146.65074139,-43.08037912,596.76
146.65067137,-43.08037891,558.21
146.65061142,-43.08037873,592.25
146.65060945,-43.08037872,559.36
146.65060638,-43.08037871,559.12
146.65055270,-43.08037855,568.08
146.65051769,-43.08037844,553.57
146.65047592,-43.08037832,571.38
146.65039644,-43.08037807,574.39
146.65038047,-43.08037802,546.68
146.65034755,-43.08037792,581.91
146.65034534,-43.08037792,546.04
146.65030947,-43.08037781,582.27
146.65026500,-43.08037767,580.80
146.65025468,-43.08037764,581.04
146.65020382,-43.08037749,550.69
146.65016463,-43.08037736,548.11
146.65012913,-43.08037725,544.88
146.65007864,-43.08037710,549.65
146.65003663,-43.08037697,541.73
146.64997398,-43.08037678,565.97
146.64980052,-43.08037625,551.25
146.64975065,-43.08037610,547.20
146.64974499,-43.08037608,549.40
146.64972792,-43.08037603,546.54
146.64972337,-43.08037601,541.99
146.64961097,-43.08037567,533.45
146.64958100,-43.08037558,548.94
146.64957608,-43.08037556,548.93
146.64956466,-43.08037553,545.18
146.64952387,-43.08037540,537.99
146.64951736,-43.08037538,565.54
146.64950827,-43.08037535,567.73
146.64945348,-43.08037519,565.85
146.64940901,-43.08037505,553.40
146.64939059,-43.08037499,525.87
146.64927941,-43.08037465,535.02
146.64926602,-43.08037461,535.52
146.64925939,-43.08037459,522.84
146.64925816,-43.08037459,526.88
146.64924673,-43.08037455,523.18
146.64923838,-43.08037453,527.82
146.64920534,-43.08037443,523.57
146.64919428,-43.08037439,522.35
146.64911799,-43.08037416,523.99
146.64906161,-43.08037399,522.98
146.64903925,-43.08037392,547.51
146.64903851,-43.08037392,524.24
146.64903716,-43.08037391,520.36
146.64903385,-43.08037390,524.21
146.64902463,-43.08037387,526.94
146.64894552,-43.08037363,518.55
146.64891358,-43.08037353,526.78
146.64891063,-43.08037352,530.63
146.64890818,-43.08037351,530.93
146.64885302,-43.08037335,525.90
146.64884393,-43.08037332,520.06
146.64881531,-43.08037323,527.64
146.64864664,-43.08037271,525.44
146.64855291,-43.08037243,543.22
146.64850696,-43.08037228,540.40
146.64848866,-43.08037223,542.44
146.64848841,-43.08037223,532.28
146.64847552,-43.08037219,516.73
146.64847109,-43.08037217,535.27
146.64847011,-43.08037217,534.86
146.64846962,-43.08037217,524.48
146.64845512,-43.08037212,532.18
146.64841434,-43.08037200,511.15
146.64837270,-43.08037187,523.28
146.64837233,-43.08037187,522.23
146.64835599,-43.08037182,505.64
146.64831398,-43.08037169,534.50
146.64830587,-43.08037167,533.16
146.64826226,-43.08037153,531.16
146.64824518,-43.08037148,528.14
146.64821865,-43.08037140,508.62
146.64818659,-43.08037130,542.37
146.64815501,-43.08037120,538.16
146.64814863,-43.08037118,512.71
146.64814470,-43.08037117,516.51
146.64812774,-43.08037112,534.48
146.64811828,-43.08037109,512.13
146.64810698,-43.08037106,536.27
146.64810367,-43.08037104,536.21
146.64799876,-43.08037072,494.13
146.64780884,-43.08037014,493.18
146.64778464,-43.08037006,498.14
146.64776707,-43.08037001,495.61
146.64774250,-43.08036993,525.32
146.64763624,-43.08036961,486.49
146.64757347,-43.08036941,486.92
146.64752408,-43.08036926,500.96
146.64752089,-43.08036925,502.52
146.64751757,-43.08036924,495.46
146.64750234,-43.08036919,522.85
146.64746278,-43.08036907,528.52
146.64743109,-43.08036897,488.54
146.64742900,-43.08036897,485.07
146.64741856,-43.08036894,533.40
146.64734719,-43.08036872,479.32
146.64720653,-43.08036828,509.57
146.64718356,-43.08036821,514.58
146.64708356,-43.08036790,522.72
146.64706047,-43.08036783,526.83
146.64705555,-43.08036782,477.12
146.64692423,-43.08036741,487.57
146.64687190,-43.08036725,482.36
146.64681343,-43.08036707,472.25
146.64680077,-43.08036703,483.61
146.64670741,-43.08036674,466.96
146.64670237,-43.08036673,467.07
146.64658432,-43.08036636,484.09
146.64656160,-43.08036629,486.86
146.64640583,-43.08036581,459.73
146.64627893,-43.08036542,461.66
146.64626824,-43.08036539,461.56
146.64619122,-43.08036515,462.21
146.64617549,-43.08036510,466.60
146.64617156,-43.08036509,466.83
146.64613999,-43.08036499,462.53
146.64612132,-43.08036493,467.27
146.64611407,-43.08036491,461.16
146.64609565,-43.08036485,463.57
146.64598545,-43.08036451,459.72
146.64594553,-43.08036439,465.42
146.64594430,-43.08036438,459.39
146.64592182,-43.08036432,478.66
146.64590155,-43.08036425,480.30
146.64582957,-43.08036403,466.63
146.64579664,-43.08036393,478.82
146.64578694,-43.08036390,485.28
146.64572318,-43.08036370,467.89
146.64570623,-43.08036365,460.46
146.64564874,-43.08036347,459.95
146.64553056,-43.08036310,466.91
146.64552196,-43.08036308,467.77
146.64546914,-43.08036291,456.43
146.64542295,-43.08036277,473.79
146.64531411,-43.08036243,453.82
146.64520355,-43.08036209,455.48
146.64509274,-43.08036175,450.25
146.64501597,-43.08036151,450.73
146.64496167,-43.08036134,449.08
146.64495528,-43.08036132,459.43
146.64489840,-43.08036114,462.82
146.64488514,-43.08036110,489.56
146.64482187,-43.08036091,479.16
146.64479534,-43.08036082,503.52
146.64474693,-43.08036067,498.00
146.64471487,-43.08036057,502.50
146.64470959,-43.08036056,455.44
146.64463048,-43.08036031,454.81
146.64457114,-43.08036013,462.22
146.64454547,-43.08036005,462.64
146.64453798,-43.08036002,462.57
146.64438135,-43.08035954,484.38
146.64427103,-43.08035919,458.54
146.64425629,-43.08035915,466.47
146.64425052,-43.08035913,464.93
146.64418123,-43.08035891,480.30
146.64410003,-43.08035867,449.44
146.64409537,-43.08035865,485.15
146.64408492,-43.08035862,482.13
146.64406551,-43.08035856,486.30
146.64405053,-43.08035851,439.41
146.64396761,-43.08035825,451.76
146.64395852,-43.08035822,453.56
146.64395643,-43.08035822,449.98
146.64395237,-43.08035820,453.04
146.64393641,-43.08035815,450.14
146.64392977,-43.08035813,436.80
146.64389513,-43.08035802,444.19
146.64389218,-43.08035802,439.14
146.64388886,-43.08035801,446.04
146.64381196,-43.08035777,454.90
146.64371995,-43.08035748,433.08
146.64366381,-43.08035731,432.27
146.64351554,-43.08035684,434.23
146.64349122,-43.08035677,434.17
146.64346529,-43.08035669,432.46
146.64328447,-43.08035612,429.22
146.64312072,-43.08035561,464.11
146.64310389,-43.08035556,458.50
146.64293682,-43.08035504,422.90
146.64293117,-43.08035502,425.10
146.64292429,-43.08035500,421.04
146.64292318,-43.08035500,422.15
146.64285660,-43.08035479,419.95
146.64284174,-43.08035474,420.10
146.64280562,-43.08035463,419.31
146.64279800,-43.08035461,432.88
146.64276263,-43.08035450,423.70
146.64271865,-43.08035436,464.17
146.64270722,-43.08035432,430.80
146.64253438,-43.08035378,423.38
146.64240760,-43.08035339,428.51
146.64237493,-43.08035329,424.15
146.64235478,-43.08035322,430.61
146.64231252,-43.08035309,430.81
146.64231178,-43.08035309,428.03
146.64222518,-43.08035282,437.54
146.64221302,-43.08035278,437.17
146.64221056,-43.08035277,417.19
146.64218624,-43.08035270,425.95
146.64214471,-43.08035257,432.63
146.64211671,-43.08035248,441.51
146.64211560,-43.08035247,417.56
146.64196929,-43.08035202,420.32
146.64192863,-43.08035189,425.04
146.64191991,-43.08035186,424.57
146.64183932,-43.08035161,463.49
146.64182249,-43.08035156,413.33
146.64175075,-43.08035133,414.74
146.64174953,-43.08035133,423.53
146.64173896,-43.08035130,425.68
146.64172643,-43.08035126,429.96
146.64172373,-43.08035125,460.02
146.64172078,-43.08035124,429.89
146.64171783,-43.08035123,425.85
146.64169326,-43.08035115,435.40
146.64166931,-43.08035108,430.63
146.64165997,-43.08035105,434.89
146.64165887,-43.08035105,435.25
146.64158811,-43.08035082,425.80
146.64147693,-43.08035048,449.13
146.64147263,-43.08035046,414.75
146.64145617,-43.08035041,458.35
146.64144524,-43.08035038,462.40
146.64143185,-43.08035034,465.82
146.64142939,-43.08035033,461.80
146.64135311,-43.08035009,427.52
146.64134475,-43.08035006,427.87
146.64131048,-43.08034996,416.24
146.64111774,-43.08034935,409.23
146.64109894,-43.08034929,403.87
146.64109181,-43.08034927,405.04
146.64098076,-43.08034892,404.25
146.64092831,-43.08034876,416.44
146.64091627,-43.08034872,417.87
146.64085030,-43.08034851,420.77
146.64078790,-43.08034832,403.93
146.64063876,-43.08034785,420.17
146.64054761,-43.08034756,411.92
146.64047329,-43.08034733,422.26
146.64047317,-43.08034733,422.82
146.64046518,-43.08034730,422.38
146.64044700,-43.08034724,418.25
146.64044467,-43.08034724,438.31
146.64037944,-43.08034703,448.56
146.64036740,-43.08034699,439.07
146.64034971,-43.08034694,416.94
146.64034504,-43.08034692,415.63
146.64028731,-43.08034674,417.91
146.64025930,-43.08034665,412.36
146.64020537,-43.08034648,408.18
146.64005280,-43.08034601,415.68
146.64003498,-43.08034595,402.70
146.63999162,-43.08034581,413.63
146.63996828,-43.08034574,421.24
146.63995759,-43.08034570,420.76
146.63995526,-43.08034570,398.90
146.63994936,-43.08034568,417.36
146.63994654,-43.08034567,423.69
146.63987713,-43.08034545,415.98
146.63975981,-43.08034508,413.78
146.63967345,-43.08034481,411.75
146.63962370,-43.08034465,400.39
146.63959766,-43.08034457,400.20
146.63959016,-43.08034455,398.38
146.63955331,-43.08034443,407.28
146.63950577,-43.08034428,408.83
146.63948501,-43.08034422,410.70
146.63945921,-43.08034414,405.71
146.63942432,-43.08034402,411.35
146.63941990,-43.08034401,415.19
146.63941314,-43.08034399,413.82
146.63937813,-43.08034388,411.07
146.63936585,-43.08034384,409.52
146.63935111,-43.08034379,404.14
146.63934570,-43.08034378,404.70
146.63932617,-43.08034372,403.36
146.63932396,-43.08034371,409.26
146.63931597,-43.08034369,406.30
146.63919952,-43.08034332,422.61
146.63913330,-43.08034311,405.27
146.63903773,-43.08034281,400.83
146.63902102,-43.08034275,408.52
146.63897889,-43.08034262,412.51
146.63887349,-43.08034229,408.79
146.63879106,-43.08034203,398.66
146.63878946,-43.08034202,402.23
146.63877423,-43.08034198,407.80
146.63864979,-43.08034158,417.96
146.63860765,-43.08034145,418.17
146.63858431,-43.08034138,405.52
146.63851589,-43.08034116,399.70
146.63849955,-43.08034111,398.13
146.63846896,-43.08034101,403.28
146.63842351,-43.08034087,413.91
146.63830275,-43.08034049,410.93
146.63827081,-43.08034039,416.70
146.63809048,-43.08033982,413.84
146.63805264,-43.08033970,418.12
146.63801063,-43.08033956,417.90
146.63797119,-43.08033944,410.05
146.63774602,-43.08033873,435.94
146.63774295,-43.08033872,437.09
146.63770806,-43.08033860,433.38
146.63768583,-43.08033853,442.49
146.63767846,-43.08033851,450.99
146.63750353,-43.08033796,466.46
146.63742552,-43.08033771,478.86
146.63741717,-43.08033768,464.67
146.63741508,-43.08033768,479.25
146.63727946,-43.08033725,433.30
146.63719605,-43.08033698,429.66
146.63716325,-43.08033688,428.79
146.63698709,-43.08033632,431.60
146.63698377,-43.08033631,433.60
146.63691989,-43.08033611,433.80
146.63686879,-43.08033594,441.92
146.63685159,-43.08033589,437.74
146.63679041,-43.08033570,437.37
146.63677985,-43.08033567,438.45
146.63677481,-43.08033565,437.58
146.63677039,-43.08033563,433.56
146.63676707,-43.08033562,427.55
146.63673820,-43.08033553,439.04
146.63673771,-43.08033553,439.33
146.63665258,-43.08033526,467.95
146.63664742,-43.08033524,477.77
146.63664570,-43.08033524,473.98
146.63663821,-43.08033521,438.59
146.63661659,-43.08033514,480.48
146.63660787,-43.08033512,481.61
146.63660406,-43.08033511,475.34
146.63659497,-43.08033508,475.46
146.63659435,-43.08033507,456.67
146.63658698,-43.08033505,474.56
146.63655124,-43.08033494,442.90
146.63654915,-43.08033493,455.84
146.63654694,-43.08033492,474.12
146.63651893,-43.08033483,472.91
146.63647912,-43.08033471,451.70
146.63645370,-43.08033463,443.65
146.63637692,-43.08033438,443.95
146.63630616,-43.08033416,449.45
146.63629130,-43.08033411,447.95
146.63624462,-43.08033396,443.00
146.63619892,-43.08033382,452.40
146.63614941,-43.08033366,457.98
146.63614486,-43.08033365,451.90
146.63613578,-43.08033362,450.53
146.63612312,-43.08033358,451.99
146.63610298,-43.08033351,452.47
146.63607779,-43.08033343,451.96
146.63599696,-43.08033318,444.30
146.63591048,-43.08033290,435.67
146.63585151,-43.08033271,456.40
146.63584635,-43.08033270,455.94
146.63583419,-43.08033266,457.87
146.63582289,-43.08033262,459.30
146.63575705,-43.08033241,431.20
146.63570717,-43.08033225,461.78
146.63570140,-43.08033223,451.62
146.63564047,-43.08033204,466.24
146.63563813,-43.08033203,441.12
146.63560496,-43.08033193,447.03
146.63557941,-43.08033185,430.28
146.63555411,-43.08033176,448.73
146.63551025,-43.08033163,437.24
146.63547880,-43.08033153,451.81
146.63532709,-43.08033104,447.06
146.63532512,-43.08033104,446.91
146.63528802,-43.08033092,441.74
146.63523041,-43.08033074,437.63
146.63515191,-43.08033048,459.40
146.63508435,-43.08033027,447.41
146.63496716,-43.08032989,442.83
146.63494246,-43.08032982,438.18
146.63491335,-43.08032972,440.99
146.63490930,-43.08032971,441.04
146.63487011,-43.08032959,442.58
146.63482932,-43.08032945,444.15
146.63481532,-43.08032941,441.58
146.63474788,-43.08032919,464.68
146.63472196,-43.08032911,472.25
146.63470955,-43.08032908,438.64
146.63467872,-43.08032897,472.46
146.63466729,-43.08032894,430.58
146.63459371,-43.08032870,441.26
146.63452270,-43.08032848,457.09
146.63445956,-43.08032827,445.20
146.63444322,-43.08032822,447.40
146.63437762,-43.08032801,443.04
146.63433758,-43.08032789,465.44
146.63433659,-43.08032788,444.71
146.63432750,-43.08032785,443.68
146.63427554,-43.08032769,465.38
146.63421436,-43.08032749,467.31
146.63418697,-43.08032740,442.49
146.63415429,-43.08032730,441.09
146.63414533,-43.08032727,442.24
146.63393109,-43.08032659,464.30
146.63377691,-43.08032609,461.61
146.63376930,-43.08032607,471.82
146.63374240,-43.08032598,467.73
146.63364314,-43.08032566,428.43
146.63357803,-43.08032545,431.34
146.63353258,-43.08032531,438.05
146.63351415,-43.08032525,438.24
146.63340507,-43.08032490,429.94
146.63333062,-43.08032466,448.32
146.63312977,-43.08032402,455.65
146.63309451,-43.08032391,441.76
146.63308653,-43.08032388,441.74
146.63306393,-43.08032381,419.75
146.63302216,-43.08032367,449.98
146.63301442,-43.08032365,459.57
146.63290349,-43.08032329,423.13
146.63287008,-43.08032319,417.93
146.63284784,-43.08032311,415.34
146.63283408,-43.08032307,425.60
146.63280436,-43.08032298,424.56
146.63278298,-43.08032291,435.34
146.63271357,-43.08032269,416.68
146.63249024,-43.08032197,412.09
146.63233730,-43.08032148,404.04
146.63233263,-43.08032146,447.69
146.63230598,-43.08032137,414.66
146.63227109,-43.08032126,435.00
146.63226175,-43.08032123,432.68
146.63226151,-43.08032123,412.40
146.63225131,-43.08032120,408.72
146.63224922,-43.08032119,415.26
146.63212404,-43.08032079,420.75
146.63204677,-43.08032054,429.82
146.63204616,-43.08032054,429.97
146.63202921,-43.08032048,415.16
146.63197552,-43.08032031,415.40
146.63195906,-43.08032026,413.44
146.63187381,-43.08031999,427.35
146.63177504,-43.08031967,416.19
146.63177283,-43.08031966,413.15
146.63174347,-43.08031957,407.52
146.63172738,-43.08031952,405.38
146.63170342,-43.08031944,405.94
146.63170048,-43.08031943,405.04
146.63161424,-43.08031915,385.11
146.63160945,-43.08031914,407.38
146.63156793,-43.08031900,393.60
146.63156522,-43.08031899,382.78
146.63155847,-43.08031897,382.64
146.63155331,-43.08031895,412.08
146.63155048,-43.08031895,407.26
146.63151805,-43.08031884,414.88
146.63147960,-43.08031872,391.82
146.63146609,-43.08031867,403.64
146.63128710,-43.08031810,389.08
146.63125418,-43.08031799,386.59
146.63123268,-43.08031792,378.68
146.63115050,-43.08031766,376.49
146.63105923,-43.08031736,377.84
146.63105087,-43.08031734,378.35
146.63093675,-43.08031697,365.22
146.63084265,-43.08031667,362.03
146.63069143,-43.08031618,364.31
146.63059635,-43.08031587,365.68
146.63055999,-43.08031575,355.65
146.63055422,-43.08031573,352.65
146.63052289,-43.08031563,362.31
146.63049255,-43.08031553,359.95
146.63048948,-43.08031553,359.66
146.63047056,-43.08031546,351.77
146.63042289,-43.08031531,359.54
146.63041982,-43.08031530,360.37
146.63027524,-43.08031483,355.07
146.63025054,-43.08031475,360.36
146.63021787,-43.08031465,364.04
146.63013077,-43.08031437,376.04
146.62994761,-43.08031378,371.10
146.62991776,-43.08031368,370.69
146.62988078,-43.08031356,366.97
146.62977342,-43.08031321,367.29
146.62976789,-43.08031319,352.70
146.62967809,-43.08031290,362.84
146.62958915,-43.08031261,365.12
146.62957195,-43.08031256,354.09
146.62955094,-43.08031249,368.67
146.62954628,-43.08031248,354.25
146.62953645,-43.08031244,368.28
146.62948387,-43.08031227,369.35
146.62946029,-43.08031220,382.45
146.62944174,-43.08031214,366.59
146.62940771,-43.08031203,364.56
146.62940169,-43.08031201,386.66
146.62937122,-43.08031191,389.44
146.62935120,-43.08031184,367.91
146.62934051,-43.08031181,393.82
146.62919384,-43.08031134,356.66
146.62907750,-43.08031096,352.85
146.62906952,-43.08031093,358.82
146.62906755,-43.08031093,393.63
146.62899974,-43.08031071,396.46
146.62896694,-43.08031060,372.70
146.62892481,-43.08031046,372.45
146.62891203,-43.08031042,370.96
146.62889717,-43.08031037,368.12
146.62886904,-43.08031028,364.64
146.62885540,-43.08031024,362.98
146.62883464,-43.08031017,352.37
146.62877875,-43.08030999,370.25
146.62872396,-43.08030981,367.85
146.62869153,-43.08030970,371.91
146.62868010,-43.08030967,372.00
146.62865750,-43.08030960,378.01
146.62852716,-43.08030917,370.37
146.62851377,-43.08030913,378.60
146.62851033,-43.08030912,379.10
146.62849497,-43.08030907,378.15
146.62839191,-43.08030873,379.49
146.62838663,-43.08030872,364.64
146.62830064,-43.08030844,372.45
146.62826378,-43.08030832,387.94
146.62821673,-43.08030816,360.24
146.62797473,-43.08030738,347.86
146.62797080,-43.08030736,347.72
146.62785950,-43.08030700,363.16
146.62785127,-43.08030698,349.90
146.62780103,-43.08030681,359.84
146.62780054,-43.08030681,335.74
146.62775938,-43.08030668,359.96
146.62774956,-43.08030665,360.79
146.62752905,-43.08030593,329.99
146.62736812,-43.08030540,332.78
146.62723349,-43.08030496,308.53
146.62720192,-43.08030486,300.37
146.62716641,-43.08030475,302.33
146.62715671,-43.08030472,302.79
146.62714688,-43.08030468,301.01
146.62712047,-43.08030460,308.42
146.62712010,-43.08030460,302.84
146.62711617,-43.08030458,301.57
146.62711052,-43.08030456,308.14
146.62707465,-43.08030445,311.36
146.62690955,-43.08030391,334.13
146.62687883,-43.08030381,322.29
146.62685107,-43.08030372,325.93
146.62670268,-43.08030324,335.45
146.62654728,-43.08030300,342.91
146.62654616,-43.08030498,341.90
146.62654550,-43.08031272,339.64
146.62654514,-43.08037161,358.07
146.62654478,-43.08043050,343.28
146.62654460,-43.08045977,327.90
146.62654399,-43.08056170,333.94
146.62654322,-43.08068777,331.47
146.62654319,-43.08069344,333.23
146.62654298,-43.08072784,335.27
146.62654264,-43.08078304,332.32
146.62654210,-43.08087281,320.32
146.62654165,-43.08094557,346.49
146.62654151,-43.08096953,348.89
146.62654139,-43.08098961,347.25
146.62654109,-43.08103815,323.70
146.62654105,-43.08104445,323.54
146.62654095,-43.08106066,319.28
146.62654085,-43.08107759,324.15
146.62654076,-43.08109254,348.92
146.62654069,-43.08110460,327.25
146.62654069,-43.08110469,348.50
146.62654058,-43.08112216,327.71
146.62654041,-43.08115089,328.55
146.62654001,-43.08121608,322.91
146.62653982,-43.08124705,322.94
146.62653974,-43.08126074,323.38
146.62653953,-43.08129523,313.91
146.62653917,-43.08135484,321.51
146.62653877,-43.08142013,312.51
146.62653855,-43.08145678,310.28
146.62653800,-43.08154673,296.69
146.62653728,-43.08166587,305.42
146.62653719,-43.08168090,291.43
146.62653702,-43.08170891,298.42
146.62653692,-43.08172547,295.96
146.62653647,-43.08179950,300.09
146.62653635,-43.08181805,284.36
146.62653623,-43.08183867,283.62
146.62653592,-43.08188981,279.03
146.62653455,-43.08211493,265.65
146.62653438,-43.08214294,260.48
146.62653420,-43.08217283,244.98
146.62653325,-43.08232844,249.14
146.62653312,-43.08235032,238.02
146.62653163,-43.08259615,223.26
146.62653089,-43.08271852,229.82
146.62653082,-43.08272924,221.38
146.62653062,-43.08276220,225.50
146.62653058,-43.08276931,225.45
146.62653056,-43.08277282,225.32
146.62653041,-43.08279614,229.10
146.62653014,-43.08284198,229.57
146.62652975,-43.08290591,237.68
146.62652953,-43.08294085,235.22
146.62652917,-43.08300064,236.14
146.62652908,-43.08301532,235.91
146.62652908,-43.08301559,237.52
146.62652899,-43.08303072,238.21
146.62652883,-43.08305692,239.77
146.62652882,-43.08305882,239.87
146.62652875,-43.08306989,239.20
146.62652862,-43.08309087,241.26
146.62652817,-43.08316489,249.89
146.62652812,-43.08317345,252.37
146.62652812,-43.08317408,252.57
146.62652805,-43.08318578,251.82
146.62652786,-43.08321721,251.88
146.62652785,-43.08321829,247.92
146.62652748,-43.08327871,254.46
146.62652729,-43.08331005,256.79
146.62652719,-43.08332661,255.64
146.62652694,-43.08336768,254.92
146.62652694,-43.08336813,254.11
146.62652689,-43.08337686,258.09
146.62652657,-43.08342846,259.49
146.62652648,-43.08344350,256.99
146.62652640,-43.08345710,259.08
146.62652631,-43.08347213,258.82
146.62652616,-43.08349716,260.16
146.62652535,-43.08362998,260.36
146.62652533,-43.08363260,260.31
146.62652523,-43.08364989,249.09
146.62652491,-43.08370176,255.98
146.62652479,-43.08372228,259.88
146.62652475,-43.08372823,259.67
146.62652465,-43.08374417,258.89
146.62652443,-43.08378081,258.29
146.62652397,-43.08385709,260.58
146.62652361,-43.08391607,258.53
146.62652353,-43.08393003,267.19
146.62652340,-43.08395037,260.04
146.62652326,-43.08397325,267.11
146.62652277,-43.08405420,259.47
146.62652274,-43.08405996,259.07
146.62652262,-43.08407833,260.85
146.62652259,-43.08408428,260.59
146.62652199,-43.08418306,251.22
146.62652198,-43.08418486,251.29
146.62652127,-43.08430129,257.03
146.62652106,-43.08433533,260.59
146.62652106,-43.08433551,261.82
146.62652090,-43.08436180,267.48
146.62652090,-43.08436280,260.16
146.62652079,-43.08438063,259.48
146.62652076,-43.08438603,266.28
146.62652075,-43.08438656,259.23
146.62652063,-43.08440683,250.70
146.62652031,-43.08445996,255.70
146.62652000,-43.08451065,254.76
146.62651985,-43.08453505,260.79
146.62651984,-43.08453632,258.83
146.62651982,-43.08454064,252.60
146.62651961,-43.08457477,257.32
146.62651945,-43.08460151,256.75
146.62651906,-43.08466509,255.39
146.62651887,-43.08469642,269.79
146.62651758,-43.08490831,238.33
146.62651727,-43.08495972,235.64
146.62651725,-43.08496278,235.55
146.62651702,-43.08500060,266.21
146.62651687,-43.08502590,246.79
146.62651653,-43.08508218,250.36
146.62651648,-43.08509029,253.34
146.62651617,-43.08514153,248.98
146.62651609,-43.08515368,272.27
146.62651569,-43.08521978,246.02
146.62651531,-43.08528326,252.11
146.62651410,-43.08548119,289.71
146.62651339,-43.08559852,286.97
146.62651323,-43.08562481,285.94
146.62651261,-43.08572684,283.46
146.62651253,-43.08573935,288.83
146.62651252,-43.08574143,288.68
146.62651245,-43.08575349,289.88
146.62651206,-43.08581797,284.05
146.62651203,-43.08582319,288.99
146.62651201,-43.08582544,265.45
146.62651190,-43.08584363,259.84
146.62651106,-43.08598149,275.78
146.62651083,-43.08601967,277.22
146.62651081,-43.08602390,276.94
146.62651055,-43.08606677,289.66
146.62651051,-43.08607190,272.27
146.62650998,-43.08615987,278.23
146.62650971,-43.08620382,292.67
146.62650968,-43.08620994,292.89
146.62650936,-43.08626199,292.31
146.62650912,-43.08630197,295.32
146.62650910,-43.08630539,294.96
146.62650874,-43.08636365,278.76
146.62650780,-43.08651781,308.35
146.62650753,-43.08656311,282.64
146.62650732,-43.08659688,298.25
146.62650718,-43.08661993,297.33
146.62650679,-43.08668521,290.99
146.62650675,-43.08669152,288.20
146.62650625,-43.08677454,302.23
146.62650616,-43.08678904,294.44
146.62650563,-43.08687513,307.88
146.62650561,-43.08687971,286.82
146.62650552,-43.08689367,287.01
146.62650527,-43.08693518,294.66
146.62650484,-43.08700632,307.00
146.62650468,-43.08703262,286.49
146.62650456,-43.08705215,302.98
146.62650447,-43.08706666,308.87
146.62650437,-43.08708250,306.85
146.62650386,-43.08716760,281.52
146.62650383,-43.08717228,306.03
146.62650329,-43.08726035,267.03
146.62650320,-43.08727556,277.28
146.62650312,-43.08728898,300.67
146.62650305,-43.08730069,301.34
146.62650302,-43.08730618,298.40
146.62650300,-43.08730798,287.72
146.62650251,-43.08738884,265.61
146.62650242,-43.08740334,285.60
146.62650228,-43.08742757,252.53
146.62650205,-43.08746422,295.07
146.62650179,-43.08750852,297.11
146.62650160,-43.08753959,289.30
146.62650132,-43.08758560,271.71
146.62650058,-43.08770654,234.25
146.62649973,-43.08784638,223.33
146.62649836,-43.08807222,250.61
146.62649797,-43.08813705,215.25
146.62649761,-43.08819594,242.24
146.62649747,-43.08821873,224.00
146.62649736,-43.08823746,237.85
146.62649719,-43.08826519,233.43
146.62649713,-43.08827419,236.20
146.62649630,-43.08841142,214.66
146.62649623,-43.08842340,215.55
146.62649597,-43.08846636,201.92
146.62649591,-43.08847599,231.26
146.62649565,-43.08851840,211.19
146.62649508,-43.08861196,226.33
146.62649503,-43.08862061,205.22
146.62649502,-43.08862151,206.20
146.62649480,-43.08865843,205.25
146.62649468,-43.08867725,193.55
146.62649426,-43.08874766,195.78
146.62649373,-43.08883474,230.04
146.62649343,-43.08888408,210.52
146.62649321,-43.08891956,186.43
146.62649301,-43.08895306,197.52
146.62649298,-43.08895837,192.79
146.62649279,-43.08898935,204.35
146.62649241,-43.08905131,189.04
146.62649228,-43.08907346,192.18
146.62649226,-43.08907580,191.98
146.62649173,-43.08916332,194.15
146.62649165,-43.08917611,190.42
146.62649152,-43.08919781,180.25
146.62649135,-43.08922654,213.30
146.62649117,-43.08925580,189.32
146.62649112,-43.08926472,206.12
146.62649105,-43.08927507,209.53
146.62649105,-43.08927606,207.37
146.62649088,-43.08930290,214.48
146.62649071,-43.08933126,200.35
146.62649050,-43.08936665,202.59
146.62649036,-43.08938835,175.36
146.62649002,-43.08944418,188.56
146.62648967,-43.08950316,175.04
146.62648962,-43.08951127,189.63
146.62648960,-43.08951415,196.58
146.62648959,-43.08951559,196.30
146.62648917,-43.08958520,168.93
146.62648910,-43.08959645,190.02
146.62648906,-43.08960339,191.16
146.62648880,-43.08964508,191.05
146.62648872,-43.08965822,160.89
146.62648848,-43.08969794,187.02
146.62648840,-43.08971081,186.09
146.62648840,-43.08971189,154.92
146.62648834,-43.08972144,185.27
146.62648827,-43.08973305,183.56
146.62648802,-43.08977349,176.39
146.62648771,-43.08982472,163.80
146.62648759,-43.08984561,172.01
146.62648753,-43.08985399,171.52
146.62648711,-43.08992387,154.60
146.62648707,-43.08993044,146.17
146.62648694,-43.08995142,152.57
146.62648683,-43.08996916,155.23
146.62648676,-43.08998096,151.62
146.62648667,-43.08999563,153.65
146.62648663,-43.09000356,159.47
146.62648662,-43.09000445,153.21
146.62648653,-43.09001959,141.39
146.62648650,-43.09002355,149.97
146.62648644,-43.09003426,151.44
146.62648628,-43.09006119,149.91
146.62648598,-43.09010972,147.04
146.62648577,-43.09014358,142.67
146.62648570,-43.09015664,144.39
146.62648569,-43.09015673,129.15
146.62648565,-43.09016483,146.14
146.62648538,-43.09020860,141.24
146.62648511,-43.09025218,145.49
146.62648503,-43.09026667,145.44
146.62648466,-43.09032719,144.72
146.62648451,-43.09035123,141.84
146.62648435,-43.09037878,140.11
146.62648415,-43.09041147,116.99
146.62648407,-43.09042480,142.93
146.62648402,-43.09043281,142.86
146.62648388,-43.09045460,132.45
146.62648388,-43.09045488,114.91
146.62648373,-43.09048000,114.63
146.62648347,-43.09052349,137.19
146.62648331,-43.09054897,138.06
146.62648319,-43.09056915,140.33
146.62648317,-43.09057239,140.17
146.62648291,-43.09061534,142.33
146.62648271,-43.09064776,143.34
146.62648254,-43.09067648,145.68
146.62648219,-43.09073429,104.53
146.62648218,-43.09073591,138.61
146.62648206,-43.09075473,124.33
146.62648203,-43.09075933,139.97
146.62648201,-43.09076356,123.75
146.62648197,-43.09076896,122.78
146.62648194,-43.09077445,119.56
146.62648193,-43.09077598,136.77
146.62648178,-43.09080111,120.96
146.62648178,-43.09080156,120.85
146.62648132,-43.09087648,119.72
146.62648119,-43.09089737,118.03
146.62648103,-43.09092366,98.63
146.62648047,-43.09101677,133.49
146.62648043,-43.09102290,134.05
146.62648035,-43.09103703,122.38
146.62648006,-43.09108332,120.21
146.62647974,-43.09113717,114.25
146.62647963,-43.09115535,135.42
146.62647958,-43.09116265,136.00
146.62647928,-43.09121307,112.36
146.62647914,-43.09123550,109.59
146.62647893,-43.09127026,93.43
146.62647881,-43.09128953,108.54
146.62647878,-43.09129448,108.23
146.62647868,-43.09131123,106.78
146.62647865,-43.09131609,104.48
146.62647857,-43.09132861,105.57
146.62647854,-43.09133437,120.72
146.62647854,-43.09133482,111.04
146.62647800,-43.09142316,128.64
146.62647794,-43.09143288,130.11
146.62647780,-43.09145629,106.60
146.62647779,-43.09145692,110.47
146.62647779,-43.09145828,107.75
146.62647766,-43.09147872,126.95
146.62647762,-43.09148538,128.29
146.62647738,-43.09152572,93.20
146.62647735,-43.09152923,112.89
146.62647702,-43.09158434,96.78
146.62647690,-43.09160361,103.98
146.62647670,-43.09163729,128.26
146.62647669,-43.09163891,102.02
146.62647668,-43.09163990,115.41
146.62647667,-43.09164179,104.51
146.62647658,-43.09165701,108.29
146.62647638,-43.09168997,100.69
146.62647636,-43.09169330,86.94
146.62647625,-43.09171041,131.56
146.62647603,-43.09174787,99.64
146.62647527,-43.09187294,102.39
146.62647499,-43.09191797,133.23
146.62647492,-43.09192922,120.26
146.62647483,-43.09194417,120.53
146.62647475,-43.09195795,98.90
146.62647448,-43.09200171,93.74
146.62647444,-43.09200901,122.59
146.62647431,-43.09202999,117.33
146.62647406,-43.09207105,112.27
146.62647399,-43.09208294,81.94
146.62647376,-43.09212112,84.47
146.62647362,-43.09214345,126.05
146.62647360,-43.09214687,125.88
146.62647358,-43.09215092,85.75
146.62647339,-43.09218217,125.79
146.62647329,-43.09219792,118.46
146.62647302,-43.09224187,113.67
146.62647279,-43.09228077,85.47
146.62647242,-43.09234191,123.69
146.62647239,-43.09234587,121.39
146.62647208,-43.09239729,107.20
146.62647179,-43.09244547,107.87
146.62647163,-43.09247176,112.56
146.62647158,-43.09247933,116.89
146.62647139,-43.09251075,104.98
146.62647136,-43.09251597,97.85
146.62647110,-43.09255857,109.01
146.62647102,-43.09257108,117.34
146.62647099,-43.09257729,117.69
146.62647095,-43.09258351,106.21
146.62647084,-43.09260143,120.30
146.62647055,-43.09264870,105.15
146.62647049,-43.09265843,117.96
146.62647021,-43.09270408,119.35
146.62647007,-43.09272839,82.70
146.62646999,-43.09274100,109.02
146.62646981,-43.09277099,110.68
146.62646977,-43.09277666,111.51
146.62646969,-43.09278981,113.14
146.62646927,-43.09286005,114.01
146.62646910,-43.09288787,78.34
146.62646880,-43.09293614,91.88
146.62646875,-43.09294568,90.13
146.62646868,-43.09295739,90.61
146.62646852,-43.09298269,86.13
146.62646846,-43.09299232,108.86
146.62646820,-43.09303609,94.92
146.62646818,-43.09303906,104.93
146.62646786,-43.09309111,119.35
146.62646750,-43.09315108,116.78
146.62646736,-43.09317395,110.98
146.62646732,-43.09318035,114.11
146.62646730,-43.09318304,114.03
146.62646693,-43.09324392,82.23
146.62646599,-43.09339889,84.41
146.62646558,-43.09346607,104.68
146.62646546,-43.09348597,106.57
146.62646515,-43.09353819,103.73
146.62646481,-43.09359366,100.86
146.62646473,-43.09360627,105.86
146.62646431,-43.09367552,101.95
146.62646422,-43.09369101,98.54
146.62646416,-43.09370064,83.91
146.62646297,-43.09389667,109.96
146.62646292,-43.09390468,110.14
146.62646289,-43.09390847,101.48
146.62646275,-43.09393197,103.97
146.62646271,-43.09393962,110.23
146.62646267,-43.09394503,108.08
146.62646248,-43.09397690,111.34
146.62646247,-43.09397772,101.46
146.62646245,-43.09398240,76.22
146.62646241,-43.09398861,99.83
146.62646238,-43.09399293,111.57
146.62646210,-43.09403967,84.95
146.62646206,-43.09404615,75.41
146.62646188,-43.09407569,78.19
146.62646186,-43.09407902,82.46
146.62646184,-43.09408199,85.19
146.62646174,-43.09409856,84.89
146.62646176,-43.09413620,70.92
146.62646158,-43.09434781,70.97
146.62645843,-43.09466271,71.78
146.62645784,-43.09474087,87.29
146.62645781,-43.09474573,87.76
146.62645774,-43.09475644,82.65
146.62645772,-43.09475942,79.31
146.62645740,-43.09481299,114.12
146.62645728,-43.09483218,116.44
146.62645722,-43.09484172,104.56
146.62645685,-43.09490223,84.78
146.62645685,-43.09490232,88.75
146.62645685,-43.09490376,107.01
146.62645678,-43.09491466,84.29
146.62645669,-43.09492934,94.65
146.62645662,-43.09494050,88.92
146.62645637,-43.09498228,91.94
146.62645586,-43.09506639,81.05
146.62645572,-43.09508935,84.42
146.62645502,-43.09520407,90.19
146.62645480,-43.09524000,91.39
146.62645467,-43.09526215,92.35
146.62645461,-43.09527098,94.88
146.62645442,-43.09530348,91.46
146.62645379,-43.09540605,94.91
146.62645320,-43.09550339,98.86
146.62645298,-43.09553968,91.24
146.62645261,-43.09560136,109.29
146.62645255,-43.09561127,94.42
146.62645222,-43.09566539,124.75
146.62645216,-43.09567529,81.05
146.62645211,-43.09568303,117.58
146.62645211,-43.09568348,96.16
146.62645160,-43.09576741,90.77
146.62645142,-43.09579676,117.97
146.62645122,-43.09582900,115.84
146.62645100,-43.09586565,93.08
146.62645094,-43.09587564,102.87
146.62645076,-43.09590446,93.42
146.62645063,-43.09592589,92.27
146.62645063,-43.09592616,92.19
146.62645046,-43.09595426,103.82
146.62645026,-43.09598668,116.45
146.62645026,-43.09598767,104.73
146.62645024,-43.09599036,116.26
146.62645023,-43.09599217,107.04
146.62645023,-43.09599271,100.19
146.62645000,-43.09603044,119.36
146.62644997,-43.09603440,119.13
146.62644949,-43.09611427,84.47
146.62644936,-43.09613561,93.13
146.62644895,-43.09620252,116.12
146.62644881,-43.09622584,117.41
146.62644864,-43.09625340,105.25
146.62644825,-43.09631715,91.97
146.62644766,-43.09641476,85.97
146.62644765,-43.09641701,85.70
146.62644737,-43.09646204,82.63
146.62644716,-43.09649688,82.99
146.62644713,-43.09650292,82.95
146.62644703,-43.09651895,80.92
146.62644662,-43.09658549,81.70
146.62644643,-43.09661665,82.14
146.62644607,-43.09667599,97.83
146.62644600,-43.09668850,109.81
146.62644592,-43.09670147,112.30
146.62644529,-43.09680521,109.40
146.62644527,-43.09680791,109.36
146.62644392,-43.09703023,97.23
146.62644359,-43.09708408,96.69
146.62644351,-43.09709786,92.07
146.62644346,-43.09710660,80.33
146.62644344,-43.09710966,80.39
146.62644335,-43.09712469,80.45
146.62644297,-43.09718683,94.66
146.62644284,-43.09720808,78.92
146.62644255,-43.09725535,101.56
146.62644228,-43.09729957,89.44
146.62644162,-43.09740789,116.31
146.62644161,-43.09741059,112.06
146.62644141,-43.09744391,103.26
146.62644129,-43.09746318,96.13
146.62644097,-43.09751604,89.91
146.62644095,-43.09751901,89.94
146.62644073,-43.09755449,83.56
146.62644036,-43.09761599,81.70
146.62644017,-43.09764742,86.52
146.62644015,-43.09764967,123.83
146.62644009,-43.09765994,110.87
146.62643972,-43.09772054,99.95
146.62643949,-43.09775971,133.13
146.62643884,-43.09786578,107.19
146.62643847,-43.09792657,128.43
146.62643818,-43.09797375,96.51
146.62643811,-43.09798654,93.08
146.62643809,-43.09798942,93.13
146.62643802,-43.09800086,95.20
146.62643731,-43.09811783,141.38
146.62643711,-43.09815079,103.06
146.62643697,-43.09817285,131.53
146.62643645,-43.09825848,122.08
146.62643632,-43.09827982,125.16
146.62643629,-43.09828532,125.17
146.62643629,-43.09828595,130.17
146.62643533,-43.09844371,128.27
146.62643532,-43.09844479,126.16
146.62643529,-43.09845028,126.22
146.62643479,-43.09853169,88.32
146.62643471,-43.09854564,84.75
146.62643452,-43.09857716,87.11
146.62643430,-43.09861300,113.20
146.62643425,-43.09862164,113.23
146.62643423,-43.09862452,113.26
146.62643308,-43.09881272,124.80
146.62643302,-43.09882398,124.93
146.62643300,-43.09882686,124.94
146.62643166,-43.09904694,85.09
146.62643061,-43.09922010,90.22
146.62643057,-43.09922622,101.73
146.62643002,-43.09931618,86.08
146.62642994,-43.09932978,127.85
146.62642959,-43.09938750,107.61
146.62642898,-43.09948709,106.73
146.62642810,-43.09963332,91.06
146.62642804,-43.09964287,98.31
146.62642772,-43.09969483,86.35
146.62642677,-43.09985178,98.33
146.62642457,-43.10023295,118.87
146.62642295,-43.10047986,124.99
146.62642199,-43.10063817,139.13
146.62642049,-43.10088382,126.64
146.62642023,-43.10092722,128.24
146.62641912,-43.10111010,92.71
146.62641828,-43.10124725,119.02
146.62641752,-43.10137259,128.80
146.62641694,-43.10146894,124.12
146.62641634,-43.10156655,123.68
146.62641541,-43.10171954,121.56
146.62641398,-43.10195529,128.50
146.62641234,-43.10222426,125.73
146.62641105,-43.10243614,144.60
146.62641078,-43.10248198,141.95
146.62641051,-43.10252520,115.44
146.62641030,-43.10256086,139.84
146.62640967,-43.10266450,152.10
146.62640854,-43.10285036,110.20
146.62640634,-43.10321082,95.68
146.62640591,-43.10328277,137.92
146.62640584,-43.10329420,99.05
146.62640582,-43.10329753,113.35
146.62640443,-43.10352562,136.51
146.62640429,-43.10354859,138.32
146.62640381,-43.10362765,148.32
146.62640362,-43.10365898,116.91
146.62640350,-43.10367843,148.45
146.62640312,-43.10374147,125.76
146.62640310,-43.10374435,126.04
146.62640306,-43.10375119,126.93
146.62640303,-43.10375588,126.88
146.62640214,-43.10390175,104.93
146.62640133,-43.10403493,105.76
146.62640084,-43.10411570,154.28
146.62640082,-43.10411859,154.27
146.62640031,-43.10420395,112.82
146.62640007,-43.10424213,141.07
146.62639981,-43.10428526,100.82
146.62639971,-43.10430156,141.71
146.62639951,-43.10433434,124.79
146.62639887,-43.10443979,101.08
146.62639870,-43.10446770,106.50
146.62639797,-43.10458872,117.22
146.62639796,-43.10459034,142.67
146.62639748,-43.10466815,120.37
146.62639711,-43.10472920,109.76
146.62639710,-43.10473118,106.84
146.62639710,-43.10473127,102.20
146.62639696,-43.10475387,105.55
146.62639693,-43.10475909,110.13
146.62639687,-43.10476837,109.87
146.62639662,-43.10480988,121.08
146.62639658,-43.10481726,116.58
146.62639626,-43.10486913,118.00
146.62639583,-43.10493946,114.14
146.62639578,-43.10494855,107.18
146.62639568,-43.10496404,125.75
146.62639483,-43.10510415,106.25
146.62639462,-43.10513810,113.79
146.62639451,-43.10515647,146.31
146.62639438,-43.10517799,146.71
146.62639422,-43.10520384,108.28
146.62639369,-43.10529172,142.01
146.62639337,-43.10534512,108.46
146.62639276,-43.10544390,127.49
146.62639160,-43.10563552,105.53
146.62639156,-43.10564128,155.04
146.62639117,-43.10570540,119.73
146.62639085,-43.10575943,157.06
146.62639083,-43.10576222,156.87
146.62639072,-43.10577960,157.62
146.62639056,-43.10580625,156.70
146.62639049,-43.10581715,105.30
146.62639020,-43.10586532,129.98
146.62639010,-43.10588207,152.33
146.62638937,-43.10600283,112.07
146.62638846,-43.10615194,132.53
146.62638804,-43.10622101,108.10
146.62638760,-43.10629323,153.51
146.62638752,-43.10630638,153.05
146.62638577,-43.10659444,136.33
146.62638555,-43.10663046,111.07
146.62638503,-43.10671591,124.06
146.62638500,-43.10672077,148.74
146.62638492,-43.10673338,148.32
146.62638468,-43.10677291,119.10
146.62638412,-43.10686566,119.98
146.62638410,-43.10686881,120.74
146.62638298,-43.10705242,117.57
146.62638229,-43.10716696,132.07
146.62638221,-43.10717956,131.35
146.62638215,-43.10718902,113.56
146.62638208,-43.10720136,159.68
146.62638166,-43.10726934,153.42
146.62638147,-43.10730185,136.36
146.62638142,-43.10730851,148.09
146.62638086,-43.10740198,150.64
146.62638068,-43.10743044,151.98
146.62638043,-43.10747141,138.46
146.62638029,-43.10749590,113.33
146.62638022,-43.10750599,110.86
146.62637997,-43.10754750,115.40
146.62637992,-43.10755623,116.08
146.62637953,-43.10762034,132.41
146.62637941,-43.10764007,137.01
146.62637895,-43.10771535,131.74
146.62637828,-43.10782493,155.33
146.62637828,-43.10782511,155.04
146.62637807,-43.10786005,116.17
146.62637804,-43.10786447,158.05
146.62637780,-43.10790372,125.00
146.62637726,-43.10799278,155.32
146.62637691,-43.10805086,142.93
146.62637654,-43.10811191,160.39
146.62637573,-43.10824545,145.01
146.62637572,-43.10824599,147.86
146.62637558,-43.10826896,120.36
146.62637540,-43.10829966,134.46
146.62637506,-43.10835495,157.75
146.62637467,-43.10841907,160.11
146.62637443,-43.10845914,125.52
146.62637438,-43.10846616,159.32
146.62637417,-43.10850182,159.31
146.62637417,-43.10850200,126.61
146.62637411,-43.10851145,160.85
146.62637400,-43.10852856,161.29
146.62637371,-43.10857773,166.24
146.62637314,-43.10867084,136.84
146.62637301,-43.10869254,138.57
146.62637287,-43.10871559,117.53
146.62637234,-43.10880168,130.54
146.62637232,-43.10880591,125.68
146.62637102,-43.10901869,125.39
146.62636985,-43.10921238,124.73
146.62636983,-43.10921454,122.16
146.62636936,-43.10929171,124.25
146.62636897,-43.10935583,155.91
146.62636873,-43.10939545,136.80
146.62636865,-43.10940913,131.55
146.62636857,-43.10942273,133.61
146.62636846,-43.10943930,135.05
146.62636839,-43.10945164,135.06
146.62636776,-43.10955573,121.64
146.62636764,-43.10957509,147.54
146.62636740,-43.10961453,143.87
146.62636734,-43.10962417,146.61
146.62636725,-43.10963948,121.01
146.62636724,-43.10964146,146.97
146.62636687,-43.10970170,142.30
146.62636685,-43.10970422,142.09
146.62636666,-43.10973628,146.03
146.62636662,-43.10974249,146.38
146.62636620,-43.10981201,145.75
146.62636603,-43.10983893,147.85
146.62636581,-43.10987540,145.45
146.62636572,-43.10989062,144.18
146.62636571,-43.10989197,131.72
146.62636571,-43.10989224,131.55
146.62636549,-43.10992817,137.68
146.62636532,-43.10995662,139.58
146.62636530,-43.10995914,146.28
146.62636529,-43.10996184,144.61
146.62636515,-43.10998508,122.85
146.62636493,-43.11001975,128.63
146.62636449,-43.11009286,128.15
146.62636442,-43.11010349,127.04
146.62636411,-43.11015500,131.17
146.62636409,-43.11015788,131.04
146.62636393,-43.11018444,131.56
146.62636343,-43.11026656,143.59
146.62636340,-43.11027269,143.57
146.62636335,-43.11028052,144.98
146.62636321,-43.11030348,143.43
146.62636305,-43.11033005,152.20
146.62636296,-43.11034509,150.78
146.62636248,-43.11042352,150.54
146.62636239,-43.11043882,149.15
146.62636234,-43.11044657,148.42
146.62636161,-43.11056579,167.31
146.62636158,-43.11057119,162.20
146.62636086,-43.11068988,183.83
146.62636079,-43.11070050,184.32
146.62636026,-43.11078785,189.08
146.62636025,-43.11079028,188.81
146.62636012,-43.11081144,145.82
146.62635913,-43.11097335,178.70
146.62635911,-43.11097785,163.31
146.62635910,-43.11097839,153.69
146.62635898,-43.11099901,154.03
146.62635880,-43.11102773,153.90
146.62635857,-43.11106546,159.07
146.62635815,-43.11113561,205.79
146.62635808,-43.11114723,164.72
146.62635791,-43.11117496,156.12
146.62635778,-43.11119504,194.88
146.62635742,-43.11125546,172.46
146.62635728,-43.11127762,208.00
146.62635727,-43.11127942,205.28
146.62635721,-43.11128941,195.81
146.62635719,-43.11129220,190.80
146.62635708,-43.11131012,172.64
146.62635682,-43.11135361,162.82
146.62635670,-43.11137306,162.07
146.62635670,-43.11137325,190.51
146.62635668,-43.11137595,161.95
146.62635667,-43.11137865,203.22
146.62635667,-43.11137874,161.80
146.62635659,-43.11139125,207.48
146.62635653,-43.11140098,207.83
146.62635627,-43.11144402,169.36
146.62635621,-43.11145366,206.12
146.62635620,-43.11145546,206.26
146.62635620,-43.11145609,206.14
146.62635616,-43.11146275,171.09
146.62635608,-43.11147500,173.22
146.62635596,-43.11149580,171.47
146.62635592,-43.11150156,171.37
146.62635542,-43.11158324,179.89
146.62635542,-43.11158405,208.54
146.62635534,-43.11159620,208.25
146.62635529,-43.11160485,211.29
146.62635480,-43.11168571,164.05
146.62635478,-43.11168931,206.67
146.62635476,-43.11169273,205.87
146.62635468,-43.11170516,164.41
146.62635450,-43.11173569,205.98
146.62635370,-43.11186724,182.42
146.62635368,-43.11186914,166.66
146.62635364,-43.11187652,182.30
146.62635341,-43.11191452,176.92
146.62635330,-43.11193226,178.77
146.62635324,-43.11194252,188.62
146.62635311,-43.11196387,198.24
146.62635299,-43.11198269,185.72
146.62635290,-43.11199727,175.17
146.62635189,-43.11216476,221.19
146.62635153,-43.11222311,220.40
146.62635116,-43.11228470,186.11
146.62635093,-43.11232162,219.02
146.62635083,-43.11233765,218.21
146.62635083,-43.11233810,224.57
146.62635039,-43.11241095,206.42
146.62635021,-43.11243994,178.68
146.62635005,-43.11246660,190.56
146.62634997,-43.11248029,199.23
146.62634977,-43.11251180,196.70
146.62634960,-43.11253999,193.09
146.62634944,-43.11256673,189.32
146.62634900,-43.11263841,207.19
146.62634898,-43.11264282,212.70
146.62634882,-43.11266893,179.97
146.62634861,-43.11270387,225.38
146.62634811,-43.11278482,224.91
146.62634793,-43.11281580,210.28
146.62634776,-43.11284327,195.92
146.62634776,-43.11284372,215.68
146.62634764,-43.11286272,219.41
146.62634754,-43.11287919,221.56
146.62634745,-43.11289441,224.53
146.62634742,-43.11289964,228.58
146.62634739,-43.11290351,204.94
146.62634738,-43.11290576,228.64
146.62634720,-43.11293547,232.47
146.62634715,-43.11294331,232.63
146.62634701,-43.11296600,242.29
146.62634686,-43.11299040,225.63
146.62634686,-43.11299130,239.68
146.62634683,-43.11299635,225.29
146.62634680,-43.11300121,225.61
146.62634670,-43.11301697,240.23
146.62634627,-43.11308783,247.67
146.62634538,-43.11323353,235.36
146.62634532,-43.11324344,235.50
146.62634528,-43.11325046,219.84
146.62634503,-43.11329251,227.97
146.62634492,-43.11331007,187.50
146.62634421,-43.11342578,194.75
146.62634415,-43.11343614,208.12
146.62634383,-43.11348962,207.77
146.62634371,-43.11350917,225.37
146.62634277,-43.11366360,206.64
146.62634250,-43.11370763,235.29
146.62634247,-43.11371267,206.35
146.62634204,-43.11378255,227.99
146.62634203,-43.11378516,227.99
146.62634194,-43.11379939,207.91
146.62634181,-43.11382109,211.13
146.62634138,-43.11389142,208.79
146.62634083,-43.11398137,233.98
146.62634072,-43.11399947,232.11
146.62634068,-43.11400614,232.05
146.62634002,-43.11411545,213.55
146.62633999,-43.11412059,238.48
146.62633966,-43.11417452,231.58
146.62633877,-43.11432121,230.28
146.62633864,-43.11434165,212.92
146.62633852,-43.11436191,199.60
146.62633818,-43.11441711,212.41
146.62633788,-43.11446646,231.90
146.62633788,-43.11446745,214.04
146.62633742,-43.11454219,209.50
146.62633742,-43.11454246,221.88
146.62633741,-43.11454489,209.55
146.62633702,-43.11460855,235.72
146.62633655,-43.11468563,242.23
146.62633625,-43.11473426,193.52
146.62633550,-43.11485834,229.54
146.62633524,-43.11490093,234.93
146.62633523,-43.11490291,208.26
146.62633522,-43.11490346,234.94
146.62633515,-43.11491561,190.36
146.62633510,-43.11492399,190.46
146.62633503,-43.11493515,190.57
146.62633476,-43.11497892,191.08
146.62633471,-43.11498720,225.23
146.62633440,-43.11503826,233.33
146.62633437,-43.11504357,209.53
146.62633421,-43.11507022,194.86
146.62633419,-43.11507301,194.86
146.62633372,-43.11515018,235.55
146.62633372,-43.11515045,235.76
146.62633315,-43.11524383,220.28
146.62633313,-43.11524717,227.56
146.62633311,-43.11525113,211.65
146.62633249,-43.11535360,206.82
146.62633241,-43.11536522,208.92
146.62633230,-43.11538332,211.61
146.62633192,-43.11544680,213.25
146.62633156,-43.11550497,232.31
146.62633149,-43.11551659,233.52
146.62633148,-43.11551803,201.64
146.62633139,-43.11553415,203.45
146.62633123,-43.11555945,207.31
146.62633122,-43.11556197,207.28
146.62633081,-43.11562825,241.62
146.62633076,-43.11563662,231.01
146.62633039,-43.11569848,202.98
146.62633014,-43.11573963,209.27
146.62632951,-43.11584184,225.84
146.62632951,-43.11584283,206.74
146.62632917,-43.11589902,199.28
146.62632903,-43.11592144,191.03
146.62632828,-43.11604516,229.40
146.62632807,-43.11607965,232.02
146.62632786,-43.11611306,201.25
146.62632759,-43.11615880,229.51
146.62632755,-43.11616430,243.65
146.62632739,-43.11619032,211.32
146.62632711,-43.11623642,205.78
146.62632692,-43.11626866,210.80
146.62632663,-43.11631594,206.18
146.62632647,-43.11634142,214.40
146.62632623,-43.11638149,235.16
146.62632556,-43.11649135,206.54
146.62632538,-43.11652151,229.92
146.62632523,-43.11654601,212.20
146.62632523,-43.11654637,229.39
146.62632475,-43.11662507,218.86
146.62632474,-43.11662642,220.39
146.62632467,-43.11663830,220.91
146.62632460,-43.11665028,220.24
146.62632456,-43.11665685,221.26
146.62632413,-43.11672745,211.90
146.62632334,-43.11685667,202.07
146.62632315,-43.11688746,197.87
146.62632313,-43.11689143,197.73
146.62632257,-43.11698363,229.25
146.62632254,-43.11698760,229.27
146.62632215,-43.11705180,208.92
146.62632194,-43.11708692,217.24
146.62632192,-43.11708962,217.20
146.62632160,-43.11714203,211.64
146.62632156,-43.11714860,212.19
146.62632132,-43.11718822,214.18
146.62632129,-43.11719308,204.48
146.62632129,-43.11719335,211.68
146.62632127,-43.11719705,204.45
146.62632115,-43.11721677,211.64
146.62632112,-43.11722064,211.63
146.62632033,-43.11735112,220.03
146.62631903,-43.11756417,220.62
146.62631823,-43.11769699,224.82
146.62631797,-43.11773832,228.42
146.62631782,-43.11776299,224.46
146.62631702,-43.11789491,206.82
146.62631693,-43.11791067,222.63
146.62631675,-43.11793976,218.80
146.62631657,-43.11796974,215.78
146.62631630,-43.11801305,216.04
146.62631591,-43.11807708,231.48
146.62631588,-43.11808293,231.47
146.62631586,-43.11808608,231.43
146.62631578,-43.11809914,209.87
146.62631560,-43.11812930,211.80
146.62631497,-43.11823214,234.56
146.62631495,-43.11823565,231.13
146.62631470,-43.11827698,230.10
146.62631458,-43.11829571,231.91
146.62631417,-43.11836316,241.52
146.62631390,-43.11840755,242.27
146.62631387,-43.11841358,238.13
146.62631235,-43.11866184,237.95
146.62631197,-43.11872443,241.71
146.62631163,-43.11878089,233.82
146.62631154,-43.11879520,235.72
146.62631150,-43.11880250,237.61
146.62631141,-43.11881726,239.76
146.62631132,-43.11883131,246.66
146.62631104,-43.11887742,255.17
146.62631038,-43.11898673,241.05
146.62631011,-43.11903077,236.34
146.62630972,-43.11909461,244.46
146.62630963,-43.11910920,240.87
146.62630843,-43.11930676,246.37
146.62630800,-43.11937817,244.75
146.62630797,-43.11938285,246.08
146.62630794,-43.11938699,246.95
146.62630706,-43.11953197,254.78
146.62630695,-43.11954944,256.13
146.62630686,-43.11956520,253.46
146.62630668,-43.11959428,257.73
146.62630657,-43.11961247,253.27
146.62630655,-43.11961589,253.26
146.62630498,-43.11987433,245.26
146.62630481,-43.11990215,252.45
146.62630440,-43.11996816,250.25
146.62630414,-43.12001093,255.34
146.62630401,-43.12003245,254.66
146.62630400,-43.12003533,253.22
146.62630396,-43.12004109,254.70
146.62630362,-43.12009773,259.65
146.62630349,-43.12011845,259.57
146.62630332,-43.12014636,270.12
146.62630297,-43.12020417,278.60
146.62630287,-43.12022083,279.47
146.62630280,-43.12023218,280.60
146.62630252,-43.12027720,268.07
146.62630228,-43.12031673,278.41
146.62630225,-43.12032150,279.71
146.62630207,-43.12035140,283.37
146.62630205,-43.12035446,275.17
146.62630200,-43.12036328,297.36
146.62630161,-43.12042659,309.19
146.62630138,-43.12046477,282.74
146.62630133,-43.12047332,284.00
146.62630125,-43.12048665,309.71
146.62630110,-43.12051051,328.52
146.62630107,-43.12051690,328.52
146.62630102,-43.12052375,328.40
146.62630094,-43.12053689,328.25
146.62630066,-43.12058399,315.08
146.62630053,-43.12060407,320.26
146.62630043,-43.12062073,292.07
146.62630029,-43.12064468,285.99
146.62630001,-43.12069042,286.47
146.62630000,-43.12069196,305.00
146.62629997,-43.12069727,291.71
146.62629985,-43.12071735,295.10
146.62629943,-43.12078578,330.04
146.62629940,-43.12079128,322.91
146.62629913,-43.12083522,317.55
146.62629883,-43.12088439,321.81
146.62629874,-43.12089969,326.48
146.62629863,-43.12091689,303.77
146.62629856,-43.12092788,326.86
146.62629850,-43.12093886,332.33
146.62629822,-43.12098371,302.83
146.62629808,-43.12100775,329.02
146.62629731,-43.12113364,299.44
146.62629688,-43.12120441,335.71
146.62629529,-43.12146546,308.90
146.62629514,-43.12149004,333.88
146.62629513,-43.12149211,316.92
146.62629484,-43.12154029,337.47
146.62629459,-43.12158045,323.04
146.62629441,-43.12160980,316.94
146.62629407,-43.12166563,326.18
146.62629366,-43.12173371,318.55
146.62629334,-43.12178549,338.86
146.62629318,-43.12181196,343.21
146.62629298,-43.12184609,347.20
146.62629292,-43.12185482,358.19
146.62629286,-43.12186509,358.05
146.62629261,-43.12190597,357.54
146.62629214,-43.12198413,327.11
146.62629161,-43.12206968,331.14
146.62629039,-43.12227030,345.48
146.62629028,-43.12228867,360.81
146.62629009,-43.12232082,353.04
146.62628996,-43.12234180,371.38
146.62628969,-43.12238574,368.53
146.62628933,-43.12244436,333.37
146.62628923,-43.12246192,333.60
146.62628876,-43.12253936,386.64
146.62628873,-43.12254323,333.54
146.62628825,-43.12262193,341.75
146.62628782,-43.12269253,341.17
146.62628778,-43.12269955,341.08
146.62628762,-43.12272540,340.88
146.62628624,-43.12295340,361.20
146.62628615,-43.12296726,361.13
146.62628586,-43.12301490,360.45
146.62628558,-43.12306073,363.97
146.62628514,-43.12313385,361.09
146.62628492,-43.12316888,363.91
146.62628491,-43.12317077,365.16
146.62628490,-43.12317239,363.86
146.62628482,-43.12318644,363.74
146.62628429,-43.12327342,373.31
146.62628402,-43.12331737,395.61
146.62628362,-43.12338346,421.31
146.62628358,-43.12338986,421.25
146.62628356,-43.12339310,421.23
146.62628332,-43.12343308,383.17
146.62628264,-43.12354384,388.36
146.62628247,-43.12357238,388.69
146.62628229,-43.12360111,384.52
146.62628186,-43.12367287,387.92
146.62628110,-43.12379714,390.10
146.62628087,-43.12383559,396.86
146.62628053,-43.12389070,403.68
146.62628052,-43.12389196,405.98
146.62628020,-43.12394436,410.50
146.62628017,-43.12394995,417.73
146.62627980,-43.12401109,421.35
146.62627962,-43.12403990,441.51
146.62627943,-43.12407133,414.72
146.62627936,-43.12408358,418.40
146.62627923,-43.12410438,426.30
146.62627895,-43.12415102,436.10
146.62627850,-43.12422468,432.29
146.62627832,-43.12425431,425.86
146.62627708,-43.12445808,463.96
146.62627702,-43.12446700,456.04
146.62627695,-43.12447861,465.12
146.62627631,-43.12458478,441.05
146.62627606,-43.12462548,444.75
146.62627586,-43.12465781,471.04
146.62627534,-43.12474344,474.28
146.62627516,-43.12477289,478.98
146.62627497,-43.12480422,479.93
146.62627488,-43.12481854,479.50
146.62627477,-43.12483691,476.05
146.62627471,-43.12484763,459.45
146.62627443,-43.12489211,457.73
146.62627377,-43.12500152,463.48
146.62627330,-43.12507860,489.06
146.62627292,-43.12514037,469.56
146.62627283,-43.12515631,470.46
146.62627276,-43.12516657,501.13
146.62627255,-43.12520124,469.81
146.62627239,-43.12522808,464.57
146.62627238,-43.12523024,469.10
146.62627224,-43.12529336,481.93
146.62627352,-43.12532560,479.80
146.62627769,-43.12532634,480.03
146.62643431,-43.12532685,475.13
146.62648115,-43.12532700,482.20
146.62656573,-43.12532728,482.06
146.62658355,-43.12532733,483.57
146.62659105,-43.12532736,484.88
146.62659904,-43.12532738,510.77
146.62661994,-43.12532745,511.74
146.62663924,-43.12532752,510.34
146.62666739,-43.12532761,484.31
146.62669469,-43.12532770,483.77
146.62674054,-43.12532785,481.75
146.62684626,-43.12532819,515.53
146.62691166,-43.12532840,507.86
146.62691253,-43.12532841,507.76
146.62698383,-43.12532864,514.99
146.62699735,-43.12532868,490.75
146.62700251,-43.12532870,508.20
146.62701653,-43.12532875,513.90
146.62706349,-43.12532890,487.21
146.62710836,-43.12532905,512.31
146.62727530,-43.12532959,501.74
146.62743229,-43.12533010,513.26
146.62744114,-43.12533013,491.41
146.62744901,-43.12533016,493.08
146.62746745,-43.12533022,494.75
146.62759948,-43.12533065,513.35
146.62760243,-43.12533065,513.59
146.62764165,-43.12533078,512.44
146.62770336,-43.12533098,487.96
146.62776680,-43.12533119,495.91
146.62783773,-43.12533142,494.12
146.62784388,-43.12533144,522.34
146.62789010,-43.12533159,498.62
146.62792735,-43.12533171,519.40
146.62794530,-43.12533177,520.18
146.62795132,-43.12533179,520.26
146.62796570,-43.12533184,520.51
146.62799509,-43.12533193,520.38
146.62800504,-43.12533196,498.93
146.62802815,-43.12533204,520.76
146.62809515,-43.12533226,499.17
146.62813376,-43.12533238,526.31
146.62814556,-43.12533242,497.77
146.62814863,-43.12533243,524.90
146.62816769,-43.12533249,501.88
146.62824772,-43.12533275,501.32
146.62827562,-43.12533284,523.43
146.62827660,-43.12533285,495.96
146.62838012,-43.12533318,520.31
146.62838872,-43.12533321,509.06
146.62839266,-43.12533322,507.41
146.62840495,-43.12533326,506.38
146.62841417,-43.12533329,504.52
146.62841601,-43.12533330,498.08
146.62842105,-43.12533332,496.88
146.62844343,-43.12533339,497.54
146.62845031,-43.12533341,521.23
146.62846580,-43.12533346,495.04
146.62850280,-43.12533358,528.65
146.62857226,-43.12533381,521.38
146.62860410,-43.12533391,509.74
146.62861234,-43.12533394,517.96
146.62865155,-43.12533406,484.26
146.62865598,-43.12533408,486.89
146.62869852,-43.12533422,494.30
146.62875679,-43.12533441,489.75
146.62877043,-43.12533445,488.46
146.62884886,-43.12533470,490.51
146.62885796,-43.12533473,480.82
146.62887739,-43.12533480,499.05
146.62892939,-43.12533497,486.03
146.62893443,-43.12533498,498.12
146.62903019,-43.12533529,509.92
146.62909768,-43.12533551,487.14
146.62918988,-43.12533581,481.93
146.62925885,-43.12533603,474.84
146.62927250,-43.12533608,475.27
146.62934220,-43.12533630,482.70
146.62934650,-43.12533632,482.65
146.62935400,-43.12533634,503.34
146.62936679,-43.12533638,477.76
146.62937084,-43.12533640,483.86
146.62939973,-43.12533649,502.84
146.62940490,-43.12533651,502.93
146.62948616,-43.12533677,486.95
146.62962839,-43.12533723,480.53
146.62970584,-43.12533748,480.14
146.62978464,-43.12533774,502.28
146.62986565,-43.12533800,499.52
146.62986971,-43.12533801,482.97
146.62988201,-43.12533805,498.12
146.62988434,-43.12533806,476.50
146.62995318,-43.12533828,490.00
146.62997494,-43.12533835,486.45
146.63004612,-43.12533858,506.89
146.63004969,-43.12533859,508.04
146.63005731,-43.12533862,525.76
146.63008251,-43.12533870,526.74
146.63009480,-43.12533874,521.89
146.63012369,-43.12533883,478.29
146.63012873,-43.12533885,523.07
146.63013095,-43.12533886,523.21
146.63014890,-43.12533891,526.87
146.63016119,-43.12533895,524.65
146.63030133,-43.12533941,480.98
146.63033059,-43.12533950,478.31
146.63036883,-43.12533962,485.15
146.63038850,-43.12533969,482.37
146.63039304,-43.12533970,481.70
146.63040263,-43.12533973,480.20
146.63050258,-43.12534006,486.36
146.63057351,-43.12534029,480.01
146.63058015,-43.12534031,479.11
146.63062318,-43.12534045,487.64
146.63065846,-43.12534056,485.34
146.63073763,-43.12534082,496.73
146.63074119,-43.12534083,487.11
146.63074820,-43.12534085,485.26
146.63075472,-43.12534087,505.39
146.63077635,-43.12534094,501.09
146.63081545,-43.12534107,504.98
146.63084261,-43.12534115,484.15
146.63086929,-43.12534124,504.32
146.63099407,-43.12534164,491.80
146.63103808,-43.12534178,502.78
146.63104042,-43.12534179,504.31
146.63109795,-43.12534198,508.32
146.63113385,-43.12534209,507.39
146.63125162,-43.12534247,512.51
146.63126035,-43.12534250,478.37
146.63127866,-43.12534256,505.25
146.63129698,-43.12534262,479.08
146.63130841,-43.12534266,483.47
146.63132771,-43.12534272,493.61
146.63136791,-43.12534285,491.83
146.63136828,-43.12534285,492.39
146.63137271,-43.12534286,500.76
146.63140996,-43.12534298,487.73
146.63141586,-43.12534300,486.53
146.63142741,-43.12534304,486.39
146.63144463,-43.12534309,483.09
146.63146085,-43.12534315,483.44
146.63148372,-43.12534322,486.11
146.63155822,-43.12534346,505.12
146.63158096,-43.12534353,499.92
146.63158723,-43.12534355,501.90
146.63161735,-43.12534365,502.12
146.63169332,-43.12534390,499.44
146.63177741,-43.12534417,498.20
146.63178589,-43.12534419,497.60
146.63180323,-43.12534425,499.35
146.63181146,-43.12534428,497.06
146.63184269,-43.12534438,510.73
146.63193981,-43.12534469,511.06
146.63197939,-43.12534482,513.12
146.63202856,-43.12534497,526.89
146.63204233,-43.12534502,534.29
146.63205057,-43.12534504,534.91
146.63208425,-43.12534515,516.17
146.63209065,-43.12534517,539.53
146.63209827,-43.12534520,516.24
146.63214953,-43.12534536,533.67
146.63219231,-43.12534550,541.08
146.63221456,-43.12534557,541.64
146.63226066,-43.12534572,538.64
146.63227615,-43.12534577,520.76
146.63239810,-43.12534616,509.20
146.63240622,-43.12534619,516.72
146.63246166,-43.12534637,517.82
146.63248121,-43.12534643,540.85
146.63248908,-43.12534645,541.63
146.63250457,-43.12534650,511.59
146.63250653,-43.12534651,543.96
146.63253235,-43.12534659,518.64
146.63260254,-43.12534682,525.25
146.63263242,-43.12534691,528.00
146.63269167,-43.12534710,521.34
146.63269720,-43.12534712,521.05
146.63271810,-43.12534719,521.95
146.63272425,-43.12534721,522.18
146.63273790,-43.12534725,520.25
146.63275597,-43.12534731,528.79
146.63276088,-43.12534733,529.14
146.63282838,-43.12534754,528.16
146.63283280,-43.12534756,549.20
146.63284399,-43.12534759,525.95
146.63285272,-43.12534762,526.32
146.63291836,-43.12534783,527.93
146.63292070,-43.12534784,528.58
146.63293299,-43.12534788,526.35
146.63294615,-43.12534792,548.88
146.63294885,-43.12534793,548.71
146.63295254,-43.12534794,544.15
146.63298893,-43.12534806,550.46
146.63300479,-43.12534811,555.35
146.63305630,-43.12534827,530.02
146.63308531,-43.12534837,551.65
146.63310338,-43.12534843,552.19
146.63316780,-43.12534863,541.90
146.63317210,-43.12534865,549.55
146.63318710,-43.12534869,526.50
146.63320787,-43.12534876,551.93
146.63324549,-43.12534888,527.64
146.63327438,-43.12534897,552.31
146.63327549,-43.12534898,529.46
146.63333708,-43.12534917,552.48
146.63335183,-43.12534922,529.79
146.63337556,-43.12534930,554.50
146.63337851,-43.12534931,531.48
146.63340764,-43.12534940,532.73
146.63341588,-43.12534943,555.32
146.63342928,-43.12534947,531.25
146.63344268,-43.12534951,529.13
146.63345915,-43.12534957,528.89
146.63347907,-43.12534963,548.09
146.63350206,-43.12534970,554.89
146.63356082,-43.12534989,528.70
146.63362032,-43.12535008,549.59
146.63366261,-43.12535022,548.80
146.63368941,-43.12535030,529.22
146.63380226,-43.12535066,535.50
146.63380878,-43.12535069,532.96
146.63382402,-43.12535073,538.60
146.63388229,-43.12535092,555.63
146.63394757,-43.12535113,555.28
146.63395507,-43.12535115,526.24
146.63397449,-43.12535122,520.30
146.63397843,-43.12535123,522.37
146.63399785,-43.12535129,527.89
146.63400769,-43.12535132,529.51
146.63402637,-43.12535138,527.67
146.63404371,-43.12535144,525.47
146.63408968,-43.12535158,527.00
146.63410259,-43.12535162,550.56
146.63415435,-43.12535179,553.14
146.63419344,-43.12535192,551.82
146.63420475,-43.12535195,550.09
146.63429400,-43.12535224,530.27
146.63432473,-43.12535234,548.15
146.63441558,-43.12535263,521.09
146.63450655,-43.12535292,525.56
146.63455069,-43.12535306,558.12
146.63455093,-43.12535306,555.39
146.63455475,-43.12535307,558.50
146.63456347,-43.12535310,555.62
146.63465408,-43.12535339,536.01
146.63465543,-43.12535339,549.11
146.63465567,-43.12535339,533.86
146.63481930,-43.12535391,519.25
146.63484253,-43.12535399,521.48
146.63490228,-43.12535418,519.19
146.63491457,-43.12535422,519.58
146.63495625,-43.12535435,511.50
146.63495920,-43.12535436,513.57
146.63496940,-43.12535439,502.15
146.63499473,-43.12535447,506.82
146.63501329,-43.12535453,501.23
146.63504132,-43.12535462,510.75
146.63509148,-43.12535478,512.45
146.63511606,-43.12535486,535.09
146.63515737,-43.12535499,506.88
146.63521171,-43.12535517,534.15
146.63524195,-43.12535526,537.87
146.63524564,-43.12535527,539.89
146.63527305,-43.12535536,532.58
146.63531927,-43.12535551,527.64
146.63536537,-43.12535566,504.51
146.63540041,-43.12535577,496.70
146.63553699,-43.12535620,517.42
146.63564063,-43.12535653,488.50
146.63569238,-43.12535670,492.11
146.63570590,-43.12535674,495.13
146.63572373,-43.12535680,484.74
146.63572570,-43.12535680,480.02
146.63588563,-43.12535731,473.74
146.63589375,-43.12535734,469.68
146.63591907,-43.12535742,469.75
146.63600513,-43.12535769,459.59
146.63612720,-43.12535808,454.44
146.63615289,-43.12535816,453.92
146.63617072,-43.12535822,456.34
146.63625739,-43.12535850,457.04
146.63634873,-43.12535879,467.49
146.63635881,-43.12535882,458.36
146.63643650,-43.12535906,446.94
146.63653817,-43.12535939,435.54
146.63655145,-43.12535943,430.44
146.63657849,-43.12535952,430.30
146.63667057,-43.12535981,429.84
146.63667377,-43.12535982,429.76
146.63669319,-43.12535988,428.49
146.63672171,-43.12535997,422.58
146.63672417,-43.12535998,426.54
146.63677494,-43.12536014,452.31
146.63685633,-43.12536040,438.39
146.63694447,-43.12536068,419.44
146.63704860,-43.12536101,411.04
146.63706876,-43.12536107,407.48
146.63712125,-43.12536124,423.19
146.63715678,-43.12536135,418.78
146.63716661,-43.12536138,418.08
146.63726226,-43.12536168,407.04
146.63732618,-43.12536189,401.31
146.63736368,-43.12536201,396.59
146.63739871,-43.12536212,395.16
146.63754882,-43.12536259,389.37
146.63765270,-43.12536292,369.64
146.63776653,-43.12536328,358.97
146.63777059,-43.12536330,358.65
146.63779309,-43.12536337,361.49
146.63781362,-43.12536343,353.49
146.63806895,-43.12536424,373.54
146.63819238,-43.12536463,376.06
146.63823713,-43.12536477,381.76
146.63837444,-43.12536521,390.70
146.63859831,-43.12536591,391.87
146.63866838,-43.12536613,387.53
146.63871006,-43.12536627,383.37
146.63876501,-43.12536644,387.20
146.63877374,-43.12536647,387.47
146.63890233,-43.12536687,383.37
146.63892249,-43.12536694,386.82
146.63895457,-43.12536704,403.59
146.63896060,-43.12536706,404.06
146.63901174,-43.12536722,409.11
146.63918508,-43.12536776,425.03
146.63940292,-43.12536845,431.00
146.63967042,-43.12536929,443.36
146.63970337,-43.12536940,430.56
146.63974283,-43.12536952,432.69
146.63983196,-43.12536980,442.29
146.63983626,-43.12536982,431.16
146.63985863,-43.12536989,449.41
146.63989367,-43.12537000,450.91
146.63998587,-43.12537029,413.00
146.64003295,-43.12537043,419.83
146.64010844,-43.12537067,423.78
146.64019216,-43.12537094,425.21
146.64020211,-43.12537097,425.45
146.64025313,-43.12537113,432.43
146.64043077,-43.12537169,427.99
146.64071745,-43.12537259,433.69
146.64093775,-43.12537328,463.68
146.64105282,-43.12537364,441.19
146.64109523,-43.12537377,436.85
146.64135647,-43.12537459,437.27
146.64136163,-43.12537461,436.47
146.64139175,-43.12537470,436.32
146.64142298,-43.12537480,437.92
146.64143724,-43.12537484,435.59
146.64151210,-43.12537508,448.59
146.64153743,-43.12537516,435.58
146.64155710,-43.12537522,442.41
146.64156534,-43.12537525,442.56
146.64168962,-43.12537563,434.50
146.64169663,-43.12537566,459.73
146.64173437,-43.12537577,432.87
146.64174457,-43.12537581,460.25
146.64184268,-43.12537611,439.01
146.64185005,-43.12537614,439.24
146.64185288,-43.12537615,438.38
146.64185964,-43.12537617,438.66
146.64187353,-43.12537621,439.10
146.64188202,-43.12537624,441.36
146.64188964,-43.12537626,437.64
146.64191926,-43.12537635,442.44
146.64192160,-43.12537636,457.39
146.64199880,-43.12537660,439.55
146.64202843,-43.12537669,442.36
146.64211153,-43.12537695,440.36
146.64216993,-43.12537714,463.42
146.64222181,-43.12537730,448.24
146.64225610,-43.12537741,441.98
146.64228192,-43.12537749,440.79
146.64230134,-43.12537755,458.82
146.64230233,-43.12537755,441.79
146.64231597,-43.12537759,441.22
146.64236711,-43.12537775,434.00
146.64238322,-43.12537780,441.41
146.64243547,-43.12537797,455.52
146.64252312,-43.12537824,448.16
146.64254906,-43.12537832,471.25
146.64255139,-43.12537833,458.18
146.64255717,-43.12537835,455.94
146.64262098,-43.12537855,472.66
146.64262749,-43.12537857,472.52
146.64262958,-43.12537857,449.86
146.64263819,-43.12537860,449.76
146.64270101,-43.12537880,453.62
146.64271478,-43.12537884,448.69
146.64282247,-43.12537918,443.57
146.64282886,-43.12537920,470.16
146.64284902,-43.12537926,451.41
146.64286328,-43.12537930,468.92
146.64289278,-43.12537940,465.00
146.64294085,-43.12537955,453.30
146.64297736,-43.12537966,475.00
146.64298892,-43.12537970,449.64
146.64300564,-43.12537975,447.68
146.64304375,-43.12537987,451.73
146.64305518,-43.12537990,450.46
146.64305998,-43.12537992,442.77
146.64320872,-43.12538038,477.03
146.64327585,-43.12538059,482.99
146.64330535,-43.12538068,465.48
146.64338538,-43.12538093,485.12
146.64347931,-43.12538122,465.62
146.64349135,-43.12538126,492.72
146.64353094,-43.12538139,494.58
146.64354262,-43.12538142,502.23
146.64362400,-43.12538168,483.30
146.64362511,-43.12538168,467.97
146.64362892,-43.12538169,489.70
146.64364982,-43.12538176,477.95
146.64365756,-43.12538178,468.70
146.64366813,-43.12538181,474.79
146.64367858,-43.12538185,469.39
146.64372038,-43.12538198,466.24
146.64372493,-43.12538199,466.55
146.64380287,-43.12538223,468.15
146.64386163,-43.12538242,480.45
146.64391031,-43.12538257,488.49
146.64393638,-43.12538265,471.59
146.64400190,-43.12538285,467.25
146.64417573,-43.12538339,500.32
146.64425035,-43.12538362,462.68
146.64426523,-43.12538367,500.32
146.64431821,-43.12538384,490.29
146.64434181,-43.12538391,489.63
146.64437525,-43.12538401,472.75
146.64443131,-43.12538419,466.63
146.64462542,-43.12538479,470.45
146.64468136,-43.12538496,495.94
146.64475844,-43.12538520,474.09
146.64484093,-43.12538546,473.11
146.64485691,-43.12538551,472.09
146.64486097,-43.12538552,470.09
146.64486183,-43.12538552,485.42
146.64486379,-43.12538553,485.50
146.64488826,-43.12538561,464.88
146.64490522,-43.12538566,464.83
146.64497124,-43.12538586,484.45
146.64506098,-43.12538614,483.02
146.64509221,-43.12538624,482.43
146.64522633,-43.12538665,469.79
146.64522879,-43.12538666,469.71
146.64523690,-43.12538669,470.92
146.64526727,-43.12538678,470.03
146.64528915,-43.12538685,501.74
146.64531288,-43.12538692,481.46
146.64531509,-43.12538693,505.20
146.64534300,-43.12538702,515.09
146.64534718,-43.12538703,476.19
146.64536758,-43.12538709,515.47
146.64538172,-43.12538714,517.45
146.64541688,-43.12538725,501.63
146.64544061,-43.12538732,516.24
146.64544233,-43.12538732,502.45
146.64549089,-43.12538747,515.44
146.64549298,-43.12538748,521.81
146.64554252,-43.12538763,518.57
146.64555506,-43.12538767,481.73
146.64561456,-43.12538786,501.31
146.64562304,-43.12538788,483.85
146.64562980,-43.12538790,486.61
146.64565070,-43.12538797,515.15
146.64570725,-43.12538814,514.11
146.64587039,-43.12538865,509.76
146.64592792,-43.12538883,515.69
146.64603278,-43.12538915,525.54
146.64609486,-43.12538934,512.29
146.64614822,-43.12538951,501.25
146.64616100,-43.12538955,494.18
146.64617858,-43.12538960,524.56
146.64618350,-43.12538962,499.45
146.64624349,-43.12538980,532.01
146.64625775,-43.12538985,513.39
146.64630767,-43.12539000,504.54
146.64636692,-43.12539019,507.98
146.64648641,-43.12539055,537.42
146.64649735,-43.12539059,533.39
146.64650547,-43.12539061,505.13
146.64661033,-43.12539094,534.70
146.64663369,-43.12539101,534.84
146.64663959,-43.12539103,539.98
146.64664930,-43.12539106,534.67
146.64669036,-43.12539118,549.48
146.64680530,-43.12539154,557.49
146.64681686,-43.12539158,557.01
146.64686960,-43.12539174,517.44
146.64688054,-43.12539177,516.83
146.64712997,-43.12539254,544.49
146.64718775,-43.12539272,524.22
146.64742625,-43.12539345,522.88
146.64744838,-43.12539352,553.20
146.64748612,-43.12539364,530.55
146.64749730,-43.12539367,567.96
146.64750652,-43.12539370,567.90
146.64762626,-43.12539407,529.40
146.64765982,-43.12539417,564.00
146.64767974,-43.12539424,531.76
146.64771920,-43.12539436,526.03
146.64773248,-43.12539440,525.19
146.64776985,-43.12539451,524.92
146.64785959,-43.12539479,566.46
146.64787348,-43.12539483,524.34
146.64788332,-43.12539486,567.21
146.64789733,-43.12539490,534.56
146.64789955,-43.12539491,534.39
146.64793225,-43.12539501,532.99
146.64798831,-43.12539518,538.58
146.64800785,-43.12539524,535.17
146.64802174,-43.12539529,566.52
146.64809317,-43.12539551,536.66
146.64811690,-43.12539558,566.20
146.64813079,-43.12539562,544.41
146.64815832,-43.12539571,529.61
146.64821696,-43.12539589,532.79
146.64825040,-43.12539599,552.23
146.64827032,-43.12539605,536.28
146.64827978,-43.12539608,526.28
146.64830486,-43.12539616,536.50
146.64832404,-43.12539622,557.74
146.64834629,-43.12539629,535.08
146.64835244,-43.12539630,565.96
146.64837985,-43.12539639,567.22
146.64838539,-43.12539641,567.39
146.64839657,-43.12539644,572.76
146.64840247,-43.12539646,572.96
146.64858687,-43.12539702,541.10
146.64859585,-43.12539705,543.01
146.64866678,-43.12539727,542.89
146.64872419,-43.12539745,544.71
146.64873809,-43.12539749,542.62
146.64877755,-43.12539761,556.24
146.64877853,-43.12539761,541.67
146.64880988,-43.12539771,535.40
146.64882365,-43.12539775,552.68
146.64882562,-43.12539776,547.34
146.64883631,-43.12539779,555.08
146.64884356,-43.12539781,553.04
146.64884491,-43.12539782,535.83
146.64889323,-43.12539797,528.47
146.64889950,-43.12539798,551.56
146.64889987,-43.12539799,558.79
146.64892544,-43.12539806,558.64
146.64895568,-43.12539816,535.59
146.64896355,-43.12539818,535.94
146.64896908,-43.12539820,533.78
146.64897400,-43.12539821,535.55
146.64897695,-43.12539822,535.47
146.64898064,-43.12539823,535.14
146.64899576,-43.12539828,534.70
146.64900498,-43.12539831,534.42
146.64901014,-43.12539832,537.97
146.64904616,-43.12539843,552.42
146.64906989,-43.12539851,537.06
146.64909546,-43.12539859,540.38
146.64918631,-43.12539886,529.01
146.64919848,-43.12539890,530.68
146.64920302,-43.12539892,530.29
146.64921556,-43.12539895,531.56
146.64923376,-43.12539901,532.41
146.64924507,-43.12539904,533.06
146.64925318,-43.12539907,533.37
146.64927162,-43.12539913,532.51
146.64929498,-43.12539920,535.61
146.64932104,-43.12539928,536.32
146.64935497,-43.12539938,534.89
146.64936468,-43.12539941,536.59
146.64937944,-43.12539946,541.20
146.64938153,-43.12539946,541.02
146.64939124,-43.12539949,541.32
146.64940906,-43.12539955,551.72
146.64941951,-43.12539958,551.19
146.64943697,-43.12539963,538.36
146.64947754,-43.12539976,540.54
146.64950680,-43.12539985,547.69
146.64950975,-43.12539986,550.42
146.64951048,-43.12539986,563.71
146.64953273,-43.12539993,561.41
146.64953483,-43.12539993,562.76
146.64958584,-43.12540009,566.41
146.64960072,-43.12540013,542.93
146.64961240,-43.12540017,544.45
146.64965616,-43.12540030,547.12
146.64966391,-43.12540033,544.78
146.64967620,-43.12540036,546.15
146.64971001,-43.12540047,544.87
146.64979299,-43.12540072,546.80
146.64980270,-43.12540075,549.32
146.64985962,-43.12540093,552.31
146.64986404,-43.12540094,551.92
146.64987597,-43.12540098,548.65
146.64995108,-43.12540121,571.38
146.65000714,-43.12540138,566.54
146.65001403,-43.12540140,580.73
146.65002792,-43.12540144,574.48
146.65005447,-43.12540152,559.86
146.65005767,-43.12540153,555.64
146.65017224,-43.12540188,559.69
146.65018269,-43.12540191,556.21
146.65021343,-43.12540201,580.64
146.65021453,-43.12540201,583.35
146.65021994,-43.12540203,559.99
146.65022744,-43.12540205,578.97
146.65023629,-43.12540208,558.55
146.65025363,-43.12540213,578.93
146.65025449,-43.12540213,578.90
146.65027883,-43.12540221,576.69
146.65027920,-43.12540221,559.47
146.65030304,-43.12540228,582.21
146.65037177,-43.12540249,583.74
146.65037816,-43.12540251,564.36
146.65038136,-43.12540252,564.45
146.65040311,-43.12540259,563.99
146.65041922,-43.12540264,565.82
146.65042635,-43.12540266,566.41
146.65044491,-43.12540272,567.83
146.65044983,-43.12540273,556.84
146.65045340,-43.12540274,574.84
146.65045905,-43.12540276,565.90
146.65046778,-43.12540279,566.41
146.65048708,-43.12540284,569.61
146.65050183,-43.12540289,595.95
146.65050306,-43.12540289,568.31
146.65052248,-43.12540295,589.43
146.65058223,-43.12540314,590.00
146.65060964,-43.12540322,588.81
146.65061432,-43.12540323,572.67
146.65064185,-43.12540332,569.81
146.65064665,-43.12540333,570.52
146.65068562,-43.12540345,568.03
146.65070467,-43.12540351,573.71
146.65071439,-43.12540354,585.64
146.65072938,-43.12540358,588.97
146.65074106,-43.12540362,569.84
146.65075483,-43.12540366,590.90
146.65075803,-43.12540367,572.52
146.65077425,-43.12540372,589.94
146.65078212,-43.12540375,595.42
146.65078790,-43.12540376,595.72
146.65079995,-43.12540380,591.57
146.65081925,-43.12540386,601.65
146.65089473,-43.12540409,594.51
146.65089657,-43.12540409,587.65
146.65091833,-43.12540416,592.71
146.65106217,-43.12540460,603.52
146.65108061,-43.12540466,586.58
146.65110519,-43.12540473,605.62
146.65115425,-43.12540488,590.54
146.65118498,-43.12540497,569.74
146.65123243,-43.12540512,578.44
146.65124940,-43.12540517,573.15
146.65128628,-43.12540528,582.64
146.65128923,-43.12540529,595.53
146.65129341,-43.12540530,595.65
146.65131824,-43.12540538,585.08
146.65132439,-43.12540540,582.27
146.65133152,-43.12540542,595.15
146.65134996,-43.12540548,583.63
146.65135844,-43.12540550,584.98
146.65137159,-43.12540554,586.88
146.65137282,-43.12540555,598.74
146.65140700,-43.12540565,585.78
146.65147326,-43.12540585,588.20
146.65148691,-43.12540589,586.52
146.65155047,-43.12540609,593.12
146.65160296,-43.12540625,584.87
146.65161931,-43.12540630,588.28
146.65162804,-43.12540632,586.33
146.65165435,-43.12540640,606.40
146.65165914,-43.12540642,590.11
146.65166074,-43.12540642,585.76
146.65170131,-43.12540655,591.88
146.65175294,-43.12540670,592.10
146.65180851,-43.12540687,582.73
146.65183420,-43.12540695,596.78
146.65184489,-43.12540698,605.00
146.65186579,-43.12540705,592.65
146.65192431,-43.12540723,617.61
146.65195603,-43.12540732,617.15
146.65196340,-43.12540734,617.71
146.65199278,-43.12540743,594.41
146.65201012,-43.12540749,617.79
146.65201934,-43.12540751,598.29
146.65205671,-43.12540763,596.77
146.65208179,-43.12540770,598.33
146.65216059,-43.12540794,601.61
146.65216084,-43.12540794,618.76
146.65218149,-43.12540801,610.41
146.65219477,-43.12540805,616.85
146.65220731,-43.12540809,615.67
146.65221407,-43.12540811,611.18
146.65223828,-43.12540818,621.39
146.65226718,-43.12540827,592.42
146.65228549,-43.12540832,602.87
146.65229311,-43.12540835,629.71
146.65233073,-43.12540846,628.38
146.65233430,-43.12540847,619.75
146.65234548,-43.12540851,604.38
146.65235028,-43.12540852,627.85
146.65236700,-43.12540857,604.00
146.65241015,-43.12540870,621.10
146.65242244,-43.12540874,606.00
146.65245342,-43.12540883,604.13
146.65246203,-43.12540886,624.86
146.65246842,-43.12540888,611.93
146.65255042,-43.12540913,605.28
146.65255644,-43.12540915,605.16
146.65255705,-43.12540915,611.77
146.65256726,-43.12540918,603.84
146.65256898,-43.12540918,611.61
146.65258312,-43.12540923,610.09
146.65259098,-43.12540925,608.67
146.65260955,-43.12540931,604.64
146.65262356,-43.12540935,604.72
146.65264127,-43.12540940,610.27
146.65267630,-43.12540951,606.73
146.65270593,-43.12540960,627.86
146.65271367,-43.12540962,628.08
146.65272105,-43.12540965,625.40
146.65280034,-43.12540989,617.05
146.65281424,-43.12540993,613.52
146.65284054,-43.12541001,632.41
146.65285382,-43.12541005,611.66
146.65285849,-43.12541006,616.17
146.65296372,-43.12541038,639.04
146.65299790,-43.12541049,627.87
146.65304990,-43.12541064,630.50
146.65306084,-43.12541068,638.07
146.65310436,-43.12541081,617.85
146.65310940,-43.12541082,629.06
146.65335478,-43.12541157,637.14
146.65340629,-43.12541172,618.76
146.65341281,-43.12541174,641.69
146.65343161,-43.12541180,642.06
146.65346936,-43.12541192,614.60
146.65347870,-43.12541194,629.72
146.65347907,-43.12541194,638.74
146.65349468,-43.12541199,623.08
146.65353783,-43.12541212,623.16
146.65353992,-43.12541213,620.85
146.65354631,-43.12541215,616.25
146.65354902,-43.12541216,624.33
146.65356107,-43.12541219,637.13
146.65356377,-43.12541220,620.60
146.65357090,-43.12541222,623.12
146.65358123,-43.12541225,615.57
146.65368965,-43.12541258,624.54
146.65376219,-43.12541280,645.55
146.65376526,-43.12541281,629.26
146.65377436,-43.12541284,644.81
146.65378444,-43.12541287,628.48
146.65380607,-43.12541293,623.06
146.65381898,-43.12541297,622.32
146.65384517,-43.12541305,624.66
146.65385094,-43.12541307,648.75
146.65390909,-43.12541325,654.41
146.65398396,-43.12541347,638.22
146.65400166,-43.12541353,646.06
146.65402121,-43.12541359,636.58
146.65402293,-43.12541359,626.40
146.65402625,-43.12541360,645.77
146.65405305,-43.12541368,625.92
146.65407370,-43.12541374,652.12
146.65407383,-43.12541374,643.77
146.65411083,-43.12541386,650.37
146.65411648,-43.12541387,629.16
146.65411759,-43.12541388,646.56
146.65412140,-43.12541389,643.20
146.65413652,-43.12541393,630.69
146.65420512,-43.12541414,640.85
146.65422135,-43.12541419,631.40
146.65424433,-43.12541426,644.86
146.65426069,-43.12541431,642.32
146.65428331,-43.12541438,643.24
146.65429535,-43.12541441,632.10
146.65431072,-43.12541446,643.30
146.65436567,-43.12541463,648.78
146.65440674,-43.12541475,629.95
146.65443685,-43.12541484,647.94
146.65444915,-43.12541488,647.76
146.65445738,-43.12541490,632.79
146.65448504,-43.12541499,633.07
146.65452660,-43.12541511,634.71
146.65453901,-43.12541515,652.61
146.65454123,-43.12541516,635.15
146.65457614,-43.12541526,635.96
146.65465174,-43.12541549,634.85
146.65469440,-43.12541562,645.34
146.65470473,-43.12541565,640.39
146.65473227,-43.12541573,651.00
146.65473866,-43.12541575,638.05
146.65481033,-43.12541597,636.98
146.65482631,-43.12541602,634.31
146.65483393,-43.12541604,630.33
146.65484266,-43.12541607,634.86
146.65487155,-43.12541615,645.36
146.65488151,-43.12541618,644.16
146.65490425,-43.12541625,645.28
146.65492417,-43.12541631,637.58
146.65496498,-43.12541643,639.58
146.65498957,-43.12541651,630.81
146.65500174,-43.12541655,632.04
146.65506395,-43.12541673,637.56
146.65508816,-43.12541681,637.56
146.65509124,-43.12541682,637.73
146.65510636,-43.12541686,636.78
146.65511115,-43.12541688,629.34
146.65512947,-43.12541693,639.76
146.65515750,-43.12541702,635.62
146.65518553,-43.12541710,629.51
146.65522106,-43.12541721,634.96
146.65529236,-43.12541742,653.45
146.65529555,-43.12541743,645.88
146.65531240,-43.12541748,640.28
146.65531547,-43.12541749,655.25
146.65534682,-43.12541759,655.80
146.65536698,-43.12541765,656.74
146.65538112,-43.12541769,635.49
146.65539157,-43.12541772,631.95
146.65539181,-43.12541772,635.31
146.65542660,-43.12541783,632.51
146.65545856,-43.12541792,647.88
146.65548364,-43.12541800,656.87
146.65549200,-43.12541802,653.85
146.65549360,-43.12541803,636.92
146.65550012,-43.12541805,652.50
146.65553946,-43.12541817,657.84
146.65555556,-43.12541821,656.47
146.65555765,-43.12541822,654.81
146.65556146,-43.12541823,651.26
146.65557351,-43.12541827,654.12
146.65558838,-43.12541831,640.13
146.65560437,-43.12541836,640.36
146.65561101,-43.12541838,658.81
146.65562133,-43.12541841,655.58
146.65563412,-43.12541845,650.80
146.65566030,-43.12541853,644.51
146.65566153,-43.12541853,653.73
146.65566178,-43.12541853,646.86
146.65567038,-43.12541856,638.32
146.65567395,-43.12541857,632.62
146.65568292,-43.12541860,641.67
146.65568759,-43.12541861,641.70
146.65568931,-43.12541862,644.97
146.65572202,-43.12541872,642.16
146.65575152,-43.12541880,655.01
146.65577094,-43.12541886,656.42
146.65578459,-43.12541890,643.91
146.65579565,-43.12541894,654.85
146.65580205,-43.12541896,641.43
146.65580536,-43.12541897,641.92
146.65582085,-43.12541901,638.71
146.65584360,-43.12541908,643.68
146.65587298,-43.12541917,640.43
146.65587630,-43.12541918,640.02
146.65588195,-43.12541920,645.49
146.65588503,-43.12541921,632.56
146.65590174,-43.12541926,642.96
146.65590261,-43.12541926,645.42
146.65590285,-43.12541926,644.08
146.65594711,-43.12541939,640.48
146.65595449,-43.12541941,640.60
146.65596690,-43.12541945,643.19
146.65601189,-43.12541959,649.79
146.65605013,-43.12541970,639.55
146.65605234,-43.12541971,633.31
146.65605504,-43.12541972,639.47
146.65611036,-43.12541988,648.95
146.65611184,-43.12541989,641.11
146.65615315,-43.12542001,633.61
146.65618413,-43.12542010,645.75
146.65620109,-43.12542016,642.33
146.65620330,-43.12542016,640.59
146.65627719,-43.12542038,648.25
146.65628752,-43.12542042,648.66
146.65629637,-43.12542044,636.46
146.65631579,-43.12542050,656.12
146.65632317,-43.12542052,658.92
146.65634050,-43.12542057,659.79
146.65640049,-43.12542075,658.38
146.65645250,-43.12542091,656.59
146.65646577,-43.12542095,639.19
146.65649736,-43.12542105,641.95
146.65650536,-43.12542107,648.45
146.65650806,-43.12542108,652.21
146.65656990,-43.12542126,658.03
146.65657617,-43.12542128,661.02
146.65659067,-43.12542133,638.60
146.65660678,-43.12542137,661.29
146.65661071,-43.12542139,638.73
146.65661391,-43.12542140,660.75
146.65666210,-43.12542154,633.93
146.65668300,-43.12542160,634.69
146.65668804,-43.12542162,640.64
146.65670955,-43.12542168,643.21
146.65671557,-43.12542170,644.10
146.65673217,-43.12542175,642.97
146.65674311,-43.12542178,644.01
146.65676930,-43.12542186,657.93
146.65677052,-43.12542186,638.91
146.65677471,-43.12542188,657.42
146.65677631,-43.12542188,656.36
146.65678331,-43.12542190,656.62
146.65679917,-43.12542195,654.53
146.65686383,-43.12542214,637.91
146.65693206,-43.12542235,643.48
146.65696636,-43.12542245,654.22
146.65696833,-43.12542246,638.77
146.65697091,-43.12542247,654.35
146.65697792,-43.12542249,640.69
146.65699242,-43.12542253,640.57
146.65700324,-43.12542256,638.84
146.65702894,-43.12542264,659.27
146.65713306,-43.12542295,661.66
146.65713933,-43.12542297,641.11
146.65714929,-43.12542300,655.55
146.65719945,-43.12542315,641.43
146.65726325,-43.12542334,643.05
146.65727013,-43.12542336,642.76
146.65730628,-43.12542347,635.22
146.65732177,-43.12542352,649.17
146.65735385,-43.12542361,655.36
146.65736762,-43.12542365,636.26
146.65747470,-43.12542398,642.04
146.65755473,-43.12542421,640.96
146.65756653,-43.12542425,639.89
146.65757083,-43.12542426,642.50
146.65757428,-43.12542427,640.51
146.65758816,-43.12542431,657.38
146.65759148,-43.12542432,656.80
146.65759161,-43.12542432,656.67
146.65759641,-43.12542434,658.27
146.65762935,-43.12542444,641.95
146.65763242,-43.12542445,661.33
146.65763796,-43.12542446,659.03
146.65768258,-43.12542460,655.00
146.65768873,-43.12542462,644.57
146.65769709,-43.12542464,645.36
146.65770434,-43.12542466,642.33
146.65770471,-43.12542466,657.12
146.65776581,-43.12542485,634.21
146.65779212,-43.12542492,638.20
146.65780232,-43.12542496,640.55
146.65783342,-43.12542505,659.00
146.65785506,-43.12542511,653.60
146.65787768,-43.12542518,659.11
146.65790485,-43.12542526,650.12
146.65791874,-43.12542530,643.97
146.65792673,-43.12542533,640.41
146.65795648,-43.12542542,636.52
146.65804831,-43.12542569,640.67
146.65805126,-43.12542570,632.61
146.65805520,-43.12542571,651.29
146.65808937,-43.12542581,638.84
146.65813277,-43.12542594,655.75
146.65814740,-43.12542599,638.83
146.65815699,-43.12542602,639.21
146.65815723,-43.12542602,658.55
146.65817039,-43.12542606,638.90
146.65821022,-43.12542617,655.03
146.65822595,-43.12542622,645.51
146.65824353,-43.12542627,651.27
146.65825115,-43.12542630,633.98
146.65826652,-43.12542634,648.22
146.65827132,-43.12542636,659.41
146.65827144,-43.12542636,647.30
146.65829148,-43.12542642,655.48
146.65837938,-43.12542668,635.55
146.65840458,-43.12542675,637.10
146.65843961,-43.12542686,656.08
146.65846002,-43.12542692,636.41
146.65847281,-43.12542696,641.79
146.65855923,-43.12542722,652.02
146.65857238,-43.12542726,641.87
146.65857976,-43.12542728,654.58
146.65858111,-43.12542728,654.76
146.65859857,-43.12542733,658.44
146.65859980,-43.12542734,658.61
146.65860041,-43.12542734,649.31
146.65860103,-43.12542734,660.42
146.65860594,-43.12542736,641.30
146.65862475,-43.12542741,637.68
146.65864590,-43.12542747,637.39
146.65865082,-43.12542749,637.40
146.65865426,-43.12542750,658.87
146.65865942,-43.12542752,637.26
146.65869151,-43.12542761,637.90
146.65869495,-43.12542762,662.16
146.65872593,-43.12542771,640.83
146.65873232,-43.12542773,648.53
146.65875384,-43.12542780,662.56
146.65876736,-43.12542784,662.77
146.65877400,-43.12542786,640.40
146.65878100,-43.12542788,663.61
146.65878138,-43.12542788,652.13
146.65880239,-43.12542794,638.61
146.65881063,-43.12542797,655.98
146.65884812,-43.12542808,663.32
146.65885120,-43.12542809,664.20
146.65885612,-43.12542810,664.04
146.65886202,-43.12542812,638.62
146.65887714,-43.12542816,652.57
146.65888587,-43.12542819,645.31
146.65889754,-43.12542823,656.26
146.65890861,-43.12542826,663.87
146.65891353,-43.12542827,663.90
146.65898078,-43.12542847,643.84
146.65901323,-43.12542857,645.89
146.65903622,-43.12542864,664.51
146.65903646,-43.12542864,664.23
146.65906031,-43.12542871,663.54
146.65909301,-43.12542881,644.73
146.65909437,-43.12542881,645.27
146.65912940,-43.12542892,660.74
146.65915251,-43.12542899,645.23
146.65917304,-43.12542905,651.04
146.65917415,-43.12542905,651.08
146.65917440,-43.12542905,649.76
146.65918583,-43.12542908,671.45
146.65920697,-43.12542915,645.85
146.65923132,-43.12542922,660.92
146.65923279,-43.12542922,663.21
146.65924767,-43.12542927,642.11
146.65925676,-43.12542930,660.42
146.65926008,-43.12542931,644.46
146.65932376,-43.12542950,670.56
146.65932757,-43.12542951,645.77
146.65933249,-43.12542952,670.62
146.65933888,-43.12542954,643.05
146.65942002,-43.12542978,658.80
146.65942408,-43.12542979,668.67
146.65942481,-43.12542980,658.31
146.65942519,-43.12542980,657.79
146.65943563,-43.12542983,664.33
146.65944571,-43.12542986,670.89
146.65944768,-43.12542986,662.98
146.65944793,-43.12542986,670.81
146.65951763,-43.12543007,665.63
146.65953177,-43.12543011,643.58
146.65958783,-43.12543028,650.20
146.65963589,-43.12543042,651.36
146.65966196,-43.12543050,665.58
146.65966269,-43.12543050,665.54
146.65967560,-43.12543054,648.53
146.65968433,-43.12543057,672.10
146.65969872,-43.12543061,646.94
146.65972982,-43.12543070,650.20
146.65972994,-43.12543070,664.39
146.65974777,-43.12543076,645.42
146.65979485,-43.12543090,648.29
146.65979596,-43.12543090,662.77
146.65980776,-43.12543094,648.57
146.65981157,-43.12543095,649.83
146.65982411,-43.12543098,650.01
146.65983296,-43.12543101,649.24
146.65987512,-43.12543114,650.93
146.65987685,-43.12543114,666.28
146.65992713,-43.12543129,646.94
146.65997175,-43.12543142,672.02
146.65998393,-43.12543146,669.65
146.66000126,-43.12543151,658.69
146.66001318,-43.12543155,650.13
146.66002117,-43.12543157,671.08
146.66002880,-43.12543159,669.88
146.66003679,-43.12543162,669.03
146.66004134,-43.12543163,648.26
146.66006727,-43.12543171,663.79
146.66010342,-43.12543181,665.62
146.66011092,-43.12543184,669.18
146.66013440,-43.12543191,651.43
146.66016390,-43.12543199,649.30
146.66016501,-43.12543200,650.31
146.66017054,-43.12543201,668.46
146.66021725,-43.12543215,671.55
146.66023029,-43.12543219,671.36
146.66023139,-43.12543219,668.32
146.66023791,-43.12543221,669.09
146.66024332,-43.12543223,669.69
146.66027589,-43.12543233,665.14
146.66029188,-43.12543237,656.59
146.66030491,-43.12543241,655.23
146.66032999,-43.12543249,664.19
146.66034769,-43.12543254,654.77
146.66035888,-43.12543257,649.08
146.66036797,-43.12543260,656.00
146.66038223,-43.12543264,656.62
146.66039022,-43.12543267,656.57
146.66039834,-43.12543269,652.19
146.66039895,-43.12543269,649.90
146.66040768,-43.12543272,654.00
146.66043387,-43.12543279,652.71
146.66044505,-43.12543283,655.65
146.66046337,-43.12543288,670.66
146.66048697,-43.12543295,672.60
146.66050492,-43.12543301,661.68
146.66052127,-43.12543305,653.63
146.66052717,-43.12543307,669.96
146.66053959,-43.12543311,657.47
146.66056590,-43.12543319,653.30
146.66058557,-43.12543324,672.17
146.66059602,-43.12543328,650.88
146.66061015,-43.12543332,651.72
146.66061483,-43.12543333,653.06
146.66064740,-43.12543343,648.44
146.66066683,-43.12543349,656.08
146.66066720,-43.12543349,656.64
146.66071145,-43.12543362,648.90
146.66079222,-43.12543386,676.25
146.66079530,-43.12543387,676.39
146.66082504,-43.12543396,654.57
146.66083377,-43.12543398,654.74
146.66086586,-43.12543408,664.78
146.66088172,-43.12543412,670.40
146.66090053,-43.12543418,671.36
146.66091258,-43.12543421,656.03
146.66094872,-43.12543432,664.65
146.66094897,-43.12543432,649.18
146.66095450,-43.12543434,653.05
146.66097318,-43.12543439,649.24
146.66098806,-43.12543444,674.67
146.66101351,-43.12543451,651.82
146.66103022,-43.12543456,647.86
146.66104596,-43.12543461,654.26
146.66104707,-43.12543461,674.74
146.66104940,-43.12543462,670.83
146.66105506,-43.12543464,652.69
146.66108825,-43.12543473,647.86
146.66110079,-43.12543477,665.79
146.66110632,-43.12543479,672.43
146.66111271,-43.12543481,647.55
146.66114480,-43.12543490,671.42
146.66114517,-43.12543490,661.18
146.66117676,-43.12543500,652.08
146.66118340,-43.12543502,646.34
146.66119422,-43.12543505,670.29
146.66120909,-43.12543509,649.32
146.66121401,-43.12543511,649.09
146.66125347,-43.12543522,652.28
146.66127376,-43.12543528,654.24
146.66127720,-43.12543529,655.62
146.66136141,-43.12543554,671.05
146.66137321,-43.12543558,667.95
146.66138981,-43.12543563,672.09
146.66140714,-43.12543568,668.11
146.66141649,-43.12543571,667.23
146.66142497,-43.12543573,667.41
146.66144808,-43.12543580,667.40
146.66146591,-43.12543585,669.30
146.66147181,-43.12543587,659.89
146.66149934,-43.12543595,651.85
146.66150070,-43.12543596,651.42
146.66150733,-43.12543598,671.90
146.66151434,-43.12543600,665.11
146.66154852,-43.12543610,648.01
146.66159941,-43.12543625,647.13
146.66164859,-43.12543639,670.52
146.66166801,-43.12543645,668.96
146.66168043,-43.12543649,649.24
146.66168325,-43.12543650,670.98
146.66174042,-43.12543666,672.77
146.66176193,-43.12543673,646.47
146.66180164,-43.12543685,648.74
146.66181971,-43.12543690,648.10
146.66183139,-43.12543693,665.18
146.66183299,-43.12543694,653.15
146.66183779,-43.12543695,648.22
146.66184061,-43.12543696,654.57
146.66184283,-43.12543697,663.90
146.66186471,-43.12543703,654.24
146.66186594,-43.12543704,667.04
146.66187282,-43.12543706,666.45
146.66188782,-43.12543710,649.13
146.66189163,-43.12543711,649.76
146.66190724,-43.12543716,654.77
146.66191277,-43.12543717,647.30
146.66191364,-43.12543718,636.90
146.66191659,-43.12543719,667.04
146.66191830,-43.12543719,647.69
146.66192421,-43.12543721,646.87
146.66193097,-43.12543723,641.37
146.66198616,-43.12543739,643.07
146.66198986,-43.12543740,635.03
146.66199281,-43.12543741,665.28
146.66201506,-43.12543748,639.92
146.66205169,-43.12543758,665.09
146.66205796,-43.12543760,640.74
146.66206349,-43.12543762,666.62
146.66207542,-43.12543765,641.02
146.66207861,-43.12543766,659.59
146.66208722,-43.12543769,635.87
146.66208980,-43.12543770,662.70
146.66209398,-43.12543771,638.84
146.66212570,-43.12543780,633.02
146.66217696,-43.12543795,647.54
146.66218397,-43.12543798,647.77
146.66221114,-43.12543806,648.73
146.66223105,-43.12543811,649.16
146.66224470,-43.12543815,643.78
146.66225675,-43.12543819,657.04
146.66225908,-43.12543820,648.27
146.66225982,-43.12543820,647.57
146.66229068,-43.12543829,663.83
146.66237058,-43.12543853,644.21
146.66238103,-43.12543856,659.45
146.66240033,-43.12543861,635.84
146.66240845,-43.12543864,633.03
146.66243168,-43.12543871,632.23
146.66246598,-43.12543881,637.16
146.66248221,-43.12543886,660.03
146.66248652,-43.12543887,643.09
146.66249794,-43.12543890,649.46
146.66251602,-43.12543895,664.00
146.66251921,-43.12543896,650.60
146.66253372,-43.12543901,651.49
146.66253396,-43.12543901,648.87
146.66254134,-43.12543903,662.21
146.66255216,-43.12543906,641.77
146.66256360,-43.12543910,658.94
146.66256950,-43.12543911,661.73
146.66258597,-43.12543916,636.38
146.66259445,-43.12543919,656.99
146.66259703,-43.12543919,642.62
146.66260834,-43.12543923,633.28
146.66263182,-43.12543930,634.72
146.66265014,-43.12543935,654.54
146.66266403,-43.12543939,632.04
146.66269833,-43.12543949,636.50
146.66272660,-43.12543958,632.07
146.66275537,-43.12543966,658.10
146.66276115,-43.12543968,658.98
146.66279582,-43.12543978,657.55
146.66279938,-43.12543979,667.51
146.66280356,-43.12543980,656.36
146.66280983,-43.12543982,663.41
146.66281094,-43.12543982,654.13
146.66281364,-43.12543983,638.10
146.66281598,-43.12543984,650.05
146.66281819,-43.12543985,631.29
146.66282717,-43.12543987,632.91
146.66282827,-43.12543988,659.88
146.66282999,-43.12543988,632.65
146.66283282,-43.12543989,631.22
146.66284143,-43.12543991,657.77
146.66284253,-43.12543992,661.47
146.66285446,-43.12543995,623.76
146.66286442,-43.12543998,635.82
146.66289183,-43.12544006,639.26
146.66290585,-43.12544010,641.43
146.66292379,-43.12544016,640.45
146.66293830,-43.12544020,637.90
146.66302595,-43.12544046,634.25
146.66306345,-43.12544057,622.51
146.66306886,-43.12544058,623.06
146.66307562,-43.12544060,648.89
146.66312282,-43.12544074,639.88
146.66317237,-43.12544089,651.08
146.66318921,-43.12544094,634.57
146.66319917,-43.12544097,633.60
146.66320642,-43.12544099,618.12
146.66322351,-43.12544104,640.89
146.66325436,-43.12544113,656.57
146.66330194,-43.12544127,629.48
146.66330514,-43.12544128,630.41
146.66330772,-43.12544129,643.11
146.66333821,-43.12544138,650.43
146.66333944,-43.12544138,628.36
146.66339795,-43.12544155,618.71
146.66342045,-43.12544162,641.69
146.66342905,-43.12544164,652.03
146.66342955,-43.12544165,620.66
146.66343717,-43.12544167,637.32
146.66345622,-43.12544172,636.11
146.66345696,-43.12544173,631.95
146.66346397,-43.12544175,616.75
146.66347356,-43.12544178,610.84
146.66348081,-43.12544180,657.65
146.66348610,-43.12544181,657.69
146.66348757,-43.12544182,621.09
146.66350466,-43.12544187,654.53
146.66354129,-43.12544197,621.74
146.66354560,-43.12544199,622.61
146.66354609,-43.12544199,620.32
146.66355888,-43.12544203,609.14
146.66356220,-43.12544204,644.78
146.66356883,-43.12544206,617.17
146.66358752,-43.12544211,648.35
146.66359637,-43.12544214,659.34
146.66362071,-43.12544221,613.96
146.66362956,-43.12544223,622.18
146.66366226,-43.12544233,615.30
146.66367616,-43.12544237,611.58
146.66368673,-43.12544240,635.71
146.66369042,-43.12544241,619.57
146.66369496,-43.12544243,634.10
146.66370123,-43.12544244,640.01
146.66371205,-43.12544248,610.69
146.66371980,-43.12544250,641.74
146.66373197,-43.12544253,610.43
146.66374021,-43.12544256,637.73
146.66374401,-43.12544257,621.87
146.66375275,-43.12544260,645.90
146.66375409,-43.12544260,640.20
146.66377831,-43.12544267,611.22
146.66377843,-43.12544267,621.55
146.66378532,-43.12544269,622.41
146.66381581,-43.12544278,618.29
146.66381790,-43.12544279,618.13
146.66381962,-43.12544279,601.18
146.66382872,-43.12544282,606.17
146.66386818,-43.12544293,612.05
146.66386830,-43.12544294,617.18
146.66386978,-43.12544294,616.36
146.66388195,-43.12544298,619.00
146.66388539,-43.12544299,619.79
146.66389019,-43.12544300,618.09
146.66389424,-43.12544301,615.09
146.66391256,-43.12544307,613.32
146.66395128,-43.12544318,617.94
146.66395755,-43.12544320,612.96
146.66399517,-43.12544331,610.69
146.66403095,-43.12544341,613.00
146.66403144,-43.12544341,610.63
146.66403820,-43.12544343,613.38
146.66404250,-43.12544345,613.38
146.66410114,-43.12544362,606.18
146.66410544,-43.12544363,611.49
146.66416802,-43.12544382,611.46
146.66417281,-43.12544383,611.79
146.66417724,-43.12544384,610.45
146.66418043,-43.12544385,598.31
146.66422937,-43.12544400,613.86
146.66428837,-43.12544417,603.36
146.66430054,-43.12544420,612.30
146.66433079,-43.12544429,603.96
146.66434468,-43.12544433,602.54
146.66434701,-43.12544434,600.42
146.66437455,-43.12544442,604.94
146.66437504,-43.12544442,603.96
146.66438106,-43.12544444,604.15
146.66439311,-43.12544448,602.77
146.66441217,-43.12544453,603.06
146.66445384,-43.12544465,595.10
146.66449884,-43.12544479,600.34
146.66452564,-43.12544486,592.18
146.66457875,-43.12544502,591.21
146.66461218,-43.12544512,596.92
146.66464808,-43.12544522,591.50
146.66465078,-43.12544523,594.89
146.66465300,-43.12544524,597.00
146.66466111,-43.12544526,595.12
146.66468717,-43.12544534,596.48
146.66469406,-43.12544536,596.67
146.66470008,-43.12544538,593.43
146.66470426,-43.12544539,593.48
146.66481306,-43.12544571,597.87
146.66483052,-43.12544576,599.25
146.66483691,-43.12544578,589.47
146.66487600,-43.12544589,591.24
146.66494595,-43.12544610,597.24
146.66495898,-43.12544613,608.05
146.66501775,-43.12544631,585.93
146.66503373,-43.12544635,595.76
146.66504209,-43.12544638,592.21
146.66509397,-43.12544653,594.84
146.66515887,-43.12544672,593.08
146.66516945,-43.12544675,594.67
146.66526878,-43.12544704,586.50
146.66528193,-43.12544708,587.90
146.66528673,-43.12544709,594.32
146.66530320,-43.12544714,598.31
146.66537647,-43.12544736,587.04
146.66539184,-43.12544740,588.09
146.66540106,-43.12544743,591.11
146.66542503,-43.12544750,589.01
146.66543253,-43.12544752,589.81
146.66543634,-43.12544753,588.94
146.66546031,-43.12544760,586.35
146.66551318,-43.12544776,590.59
146.66558202,-43.12544796,588.19
146.66559222,-43.12544799,583.41
146.66560341,-43.12544802,588.06
146.66565172,-43.12544816,581.86
146.66568811,-43.12544827,584.31
146.66568848,-43.12544827,583.69
146.66571208,-43.12544834,584.81
146.66579039,-43.12544857,585.71
146.66580933,-43.12544862,586.16
146.66586047,-43.12544877,585.76
146.66589120,-43.12544886,587.28
146.66589366,-43.12544887,589.21
146.66589808,-43.12544888,588.86
146.66590780,-43.12544891,588.02
146.66594455,-43.12544902,582.67
146.66596693,-43.12544908,588.57
146.66598315,-43.12544913,587.72
146.66599016,-43.12544915,584.67
146.66600233,-43.12544918,582.43
146.66602950,-43.12544926,588.55
146.66606675,-43.12544937,587.62
146.66606884,-43.12544938,586.72
146.66609085,-43.12544944,587.15
146.66609712,-43.12544946,582.47
146.66610584,-43.12544949,587.72
146.66610892,-43.12544950,582.04
146.66615698,-43.12544964,586.83
146.66616104,-43.12544965,587.59
146.66617014,-43.12544967,595.41
146.66622067,-43.12544982,584.87
146.66626418,-43.12544995,581.36
146.66626935,-43.12544996,581.62
146.66628607,-43.12545001,577.76
146.66630746,-43.12545007,581.78
146.66636671,-43.12545025,578.72
146.66638306,-43.12545029,577.40
146.66642707,-43.12545042,578.40
146.66643359,-43.12545044,583.28
146.66647834,-43.12545057,583.60
146.66648117,-43.12545058,584.02
146.66653968,-43.12545075,580.53
146.66654681,-43.12545077,585.47
146.66655862,-43.12545081,585.28
146.66656624,-43.12545083,583.34
146.66660804,-43.12545095,583.05
146.66661762,-43.12545098,586.01
146.66662770,-43.12545101,592.17
146.66664934,-43.12545107,582.82
146.66666790,-43.12545113,594.39
146.66666889,-43.12545113,591.88
146.66671081,-43.12545125,587.39
146.66676588,-43.12545141,583.49
146.66680043,-43.12545151,586.31
146.66684136,-43.12545163,584.77
146.66684653,-43.12545165,585.73
146.66686153,-43.12545169,581.47
146.66689989,-43.12545180,576.39
146.66690173,-43.12545181,578.92
146.66690554,-43.12545182,578.43
146.66690873,-43.12545183,578.62
146.66694807,-43.12545194,575.64
146.66696565,-43.12545199,580.24
146.66698877,-43.12545206,598.37
146.66699147,-43.12545207,577.53
146.66699970,-43.12545209,599.00
146.66702307,-43.12545216,597.78
146.66702995,-43.12545218,592.39
146.66704617,-43.12545223,589.29
146.66706093,-43.12545227,590.55
146.66709043,-43.12545236,591.07
146.66711280,-43.12545242,582.33
146.66711465,-43.12545243,582.89
146.66714256,-43.12545251,577.85
146.66721472,-43.12545272,579.25
146.66724508,-43.12545280,579.04
146.66727619,-43.12545290,593.39
146.66728491,-43.12545292,584.00
146.66733679,-43.12545307,599.56
146.66735806,-43.12545313,581.24
146.66736618,-43.12545316,604.34
146.66737171,-43.12545317,593.33
146.66742150,-43.12545332,583.08
146.66744338,-43.12545338,574.07
146.66745813,-43.12545342,601.23
146.66749452,-43.12545353,597.98
146.66749563,-43.12545353,593.14
146.66751665,-43.12545359,592.22
146.66754160,-43.12545367,579.80
146.66754800,-43.12545369,578.94
146.66761487,-43.12545388,582.71
146.66762508,-43.12545391,586.11
146.66764720,-43.12545397,587.20
146.66766097,-43.12545401,584.61
146.66766749,-43.12545403,583.23
146.66769158,-43.12545410,579.93
146.66774432,-43.12545426,584.11
146.66785140,-43.12545457,594.40
146.66785792,-43.12545459,580.76
146.66791361,-43.12545475,576.67
146.66792799,-43.12545479,581.52
146.66795295,-43.12545486,580.20
146.66796192,-43.12545489,568.65
146.66801491,-43.12545504,581.10
146.66801601,-43.12545504,587.24
146.66809641,-43.12545528,572.02
146.66810920,-43.12545531,590.27
146.66812235,-43.12545535,580.12
146.66814608,-43.12545542,598.22
146.66814964,-43.12545543,587.49
146.66815050,-43.12545543,600.26
146.66818382,-43.12545553,600.28
146.66824135,-43.12545570,577.36
146.66830380,-43.12545588,582.08
146.66832950,-43.12545595,579.06
146.66835150,-43.12545602,582.21
146.66837314,-43.12545608,580.08
146.66841702,-43.12545621,576.44
146.66843915,-43.12545627,575.76
146.66845071,-43.12545630,576.19
146.66847235,-43.12545637,577.96
146.66847862,-43.12545639,577.83
146.66851439,-43.12545649,574.20
146.66856258,-43.12545663,576.44
146.66861298,-43.12545677,581.93
146.66863573,-43.12545684,585.92
146.66864359,-43.12545686,591.95
146.66866228,-43.12545692,601.86
146.66866843,-43.12545694,604.00
146.66868810,-43.12545699,601.93
146.66871293,-43.12545706,584.12
146.66873654,-43.12545713,602.83
146.66873949,-43.12545714,564.78
146.66877465,-43.12545724,560.61
146.66878645,-43.12545728,560.76
146.66886426,-43.12545750,574.11
146.66890901,-43.12545763,578.29
146.66892917,-43.12545769,591.92
146.66897626,-43.12545783,563.10
146.66898154,-43.12545784,586.57
146.66898683,-43.12545786,587.09
146.66902113,-43.12545796,582.00
146.66903232,-43.12545799,581.14
146.66905088,-43.12545804,562.99
146.66905617,-43.12545806,568.36
146.66908370,-43.12545814,568.04
146.66910288,-43.12545819,564.85
146.66912710,-43.12545826,579.02
146.66913177,-43.12545828,560.53
146.66914025,-43.12545830,556.81
146.66914726,-43.12545832,584.14
146.66915279,-43.12545834,584.83
146.66915537,-43.12545834,559.14
146.66915759,-43.12545835,579.99
146.66917861,-43.12545841,568.53
146.66918070,-43.12545842,577.34
146.66919164,-43.12545845,585.50
146.66919619,-43.12545846,584.01
146.66920221,-43.12545848,586.86
146.66921942,-43.12545853,592.30
146.66924106,-43.12545859,592.43
146.66924364,-43.12545860,595.61
146.66927081,-43.12545868,591.26
146.66930339,-43.12545877,574.11
146.66931285,-43.12545880,589.43
146.66936559,-43.12545895,572.39
146.66940530,-43.12545907,573.79
146.66947452,-43.12545927,560.74
146.66952074,-43.12545940,546.14
146.66953106,-43.12545943,543.60
146.66953475,-43.12545944,565.75
146.66954692,-43.12545948,544.38
146.66954803,-43.12545948,545.58
146.66956622,-43.12545953,548.04
146.66960274,-43.12545964,548.10
146.66961921,-43.12545968,546.56
146.66968240,-43.12545987,549.23
146.66972038,-43.12545998,554.44
146.66977312,-43.12546013,547.23
146.66977362,-43.12546013,562.61
146.66982943,-43.12546029,544.33
146.66983533,-43.12546031,577.79
146.66984443,-43.12546033,574.22
146.66985463,-43.12546036,576.40
146.66988708,-43.12546046,568.08
146.66991942,-43.12546055,555.16
146.66994167,-43.12546062,551.22
146.67001985,-43.12546084,541.84
146.67007026,-43.12546099,547.65
146.67012595,-43.12546115,535.13
146.67019172,-43.12546134,521.35
146.67024470,-43.12546149,520.80
146.67025282,-43.12546151,524.61
146.67025417,-43.12546152,522.80
146.67025687,-43.12546152,524.43
146.67026265,-43.12546154,527.02
146.67028540,-43.12546161,533.84
146.67029941,-43.12546165,539.10
146.67030519,-43.12546166,537.49
146.67030666,-43.12546167,539.34
146.67031133,-43.12546168,539.28
146.67031416,-43.12546169,539.08
146.67033383,-43.12546175,528.70
146.67034649,-43.12546178,526.99
146.67038178,-43.12546188,524.81
146.67047435,-43.12546215,530.03
146.67047914,-43.12546216,531.09
146.67050151,-43.12546223,542.86
146.67050742,-43.12546225,537.85
146.67054983,-43.12546237,527.88
146.67056987,-43.12546243,531.97
146.67057958,-43.12546245,530.15
146.67058450,-43.12546247,505.32
146.67061461,-43.12546255,515.58
146.67065420,-43.12546267,522.21
146.67068493,-43.12546276,519.29
146.67073595,-43.12546290,518.09
146.67092478,-43.12546345,511.98
146.67094027,-43.12546349,516.30
146.67095785,-43.12546354,517.67
146.67096399,-43.12546356,517.59
146.67097408,-43.12546359,518.65
146.67102202,-43.12546373,514.92
146.67103530,-43.12546376,513.56
146.67107562,-43.12546388,514.13
146.67109861,-43.12546395,511.98
146.67111595,-43.12546400,514.29
146.67112812,-43.12546403,515.86
146.67116856,-43.12546415,520.21
146.67117323,-43.12546416,518.67
146.67127601,-43.12546446,520.92
146.67129604,-43.12546451,516.64
146.67133293,-43.12546462,500.20
146.67133575,-43.12546463,504.79
146.67134903,-43.12546467,513.47
146.67135690,-43.12546469,512.78
146.67144344,-43.12546494,503.65
146.67144811,-43.12546495,532.38
146.67146447,-43.12546500,513.53
146.67155224,-43.12546525,507.68
146.67157031,-43.12546530,511.23
146.67159084,-43.12546536,510.26
146.67160301,-43.12546540,498.71
146.67162982,-43.12546547,505.18
146.67169214,-43.12546565,515.53
146.67175853,-43.12546584,505.68
146.67182676,-43.12546604,527.18
146.67182762,-43.12546604,508.04
146.67182971,-43.12546605,524.99
146.67184975,-43.12546610,508.86
146.67195301,-43.12546640,530.42
146.67197084,-43.12546645,527.11
146.67199825,-43.12546653,495.92
146.67201595,-43.12546658,492.85
146.67205886,-43.12546670,522.78
146.67206414,-43.12546672,520.54
146.67206722,-43.12546673,518.87
146.67207558,-43.12546675,524.85
146.67212488,-43.12546689,526.36
146.67218216,-43.12546706,496.56
146.67225691,-43.12546727,495.69
146.67230977,-43.12546742,498.09
146.67234591,-43.12546752,496.92
146.67238402,-43.12546763,507.71
146.67238439,-43.12546763,504.24
146.67242152,-43.12546774,493.28
146.67243639,-43.12546778,517.96
146.67248667,-43.12546793,496.98
146.67253327,-43.12546806,495.59
146.67259006,-43.12546822,497.43
146.67260469,-43.12546827,489.87
146.67260567,-43.12546827,512.41
146.67261268,-43.12546829,516.05
146.67262239,-43.12546832,515.90
146.67265337,-43.12546840,508.63
146.67267009,-43.12546845,479.88
146.67270353,-43.12546855,481.85
146.67282966,-43.12546891,475.30
146.67284306,-43.12546895,475.48
146.67296686,-43.12546930,472.20
146.67314770,-43.12546982,468.36
146.67315212,-43.12546983,470.97
146.67317855,-43.12546991,475.35
146.67320879,-43.12546999,475.74
146.67321199,-43.12547000,476.66
146.67322404,-43.12547004,471.64
146.67330210,-43.12547026,468.16
146.67336332,-43.12547043,468.05
146.67337537,-43.12547047,469.54
146.67341053,-43.12547057,477.49
146.67341692,-43.12547059,454.20
146.67342553,-43.12547061,481.05
146.67344889,-43.12547068,482.99
146.67345048,-43.12547068,484.06
146.67348024,-43.12547077,478.14
146.67349683,-43.12547081,476.79
146.67356703,-43.12547101,489.39
146.67359444,-43.12547109,492.09
146.67361215,-43.12547114,482.77
146.67362419,-43.12547118,494.31
146.67365628,-43.12547127,461.69
146.67366218,-43.12547129,461.43
146.67368431,-43.12547135,496.92
146.67375794,-43.12547156,466.91
146.67380318,-43.12547169,464.61
146.67381425,-43.12547172,482.76
146.67382999,-43.12547176,460.52
146.67384732,-43.12547181,450.68
146.67388014,-43.12547191,490.65
146.67390608,-43.12547198,488.48
146.67394973,-43.12547211,458.32
146.67408422,-43.12547249,451.99
146.67422215,-43.12547288,481.97
146.67423973,-43.12547293,477.09
146.67424723,-43.12547295,476.52
146.67425743,-43.12547298,477.22
146.67434619,-43.12547324,446.89
146.67464001,-43.12547407,444.26
146.67467971,-43.12547418,433.36
146.67475852,-43.12547441,437.41
146.67498779,-43.12547506,442.88
146.67499726,-43.12547509,439.37
146.67503500,-43.12547519,431.81
146.67505676,-43.12547526,435.35
146.67511675,-43.12547543,438.81
146.67515891,-43.12547555,426.28
146.67518523,-43.12547562,426.57
146.67520047,-43.12547566,428.43
146.67521325,-43.12547570,424.46
146.67524927,-43.12547580,422.42
146.67526747,-43.12547585,450.57
146.67534492,-43.12547607,453.87
146.67537897,-43.12547617,410.20
146.67552047,-43.12547657,415.75
146.67557087,-43.12547671,412.96
146.67558107,-43.12547674,410.02
146.67563972,-43.12547691,450.14
146.67570119,-43.12547708,409.20
146.67574790,-43.12547722,448.46
146.67575712,-43.12547724,448.23
146.67586862,-43.12547756,418.41
146.67587305,-43.12547757,418.18
146.67592333,-43.12547771,407.58
146.67593845,-43.12547776,397.18
146.67611732,-43.12547826,397.04
146.67642331,-43.12547913,402.33
146.67656776,-43.12547954,399.40
146.67667999,-43.12547985,393.17
146.67672327,-43.12547998,392.02
146.67673359,-43.12548000,389.54
146.67678400,-43.12548015,398.95
146.67679924,-43.12548019,378.72
146.67686022,-43.12548036,389.04
146.67719264,-43.12548130,384.68
146.67720406,-43.12548133,383.35
146.67722042,-43.12548138,404.36
146.67731336,-43.12548164,378.93
146.67732270,-43.12548167,380.01
146.67747883,-43.12548211,414.82
146.67749727,-43.12548216,410.97
146.67780461,-43.12548303,389.24
146.67793295,-43.12548339,401.13
146.67795102,-43.12548344,401.25
146.67844154,-43.12548482,356.74
146.67853165,-43.12548507,379.43
146.67877617,-43.12548576,351.62
146.67888312,-43.12548606,378.76
146.67910231,-43.12548667,348.01
146.67926852,-43.12548714,361.59
146.67942674,-43.12548758,342.63
146.67957745,-43.12548800,347.16
146.67961581,-43.12548811,351.30
146.67972289,-43.12548841,341.05
146.68019312,-43.12548973,359.61
146.68037826,-43.12549024,329.65
146.68086705,-43.12549161,307.82
146.68137428,-43.12549302,310.40
146.68140501,-43.12549311,307.10
146.68188901,-43.12549445,303.11
146.68216586,-43.12549522,301.54
146.68237867,-43.12549581,300.07
146.68242243,-43.12549593,304.12
146.68243103,-43.12549596,305.79
146.68243927,-43.12549598,299.14
146.68254721,-43.12549628,301.50
146.68257806,-43.12549637,298.35
146.68267015,-43.12549662,295.42
146.68304989,-43.12549767,288.70
146.68349775,-43.12549891,273.48
146.68352995,-43.12549900,270.65
146.68356942,-43.12549911,268.54
146.68375763,-43.12549963,267.30
146.68392015,-43.12550008,268.96
146.68398469,-43.12550026,268.56
146.68411931,-43.12550063,274.06
146.68420622,-43.12550087,267.00
146.68448701,-43.12550165,266.48
146.68495846,-43.12550295,261.30
146.68507168,-43.12550326,259.10
146.68525375,-43.12550376,257.20
146.68572251,-43.12550496,256.88
146.68591810,-43.12550558,255.04
146.68618536,-43.12550632,253.02
146.68629969,-43.12550663,252.78
146.68668128,-43.12550768,251.12
146.68686421,-43.12550818,247.54
146.68692556,-43.12550834,246.65
146.68726805,-43.12550928,238.92
146.68749020,-43.12550989,235.08
146.68755154,-43.12550979,234.52
146.68765690,-43.12550926,233.07
146.68772600,-43.12550855,233.01
146.68773906,-43.12550300,236.40
146.68774062,-43.12522061,234.32
146.68774112,-43.12512336,234.42
146.68774211,-43.12492787,235.62
146.68774274,-43.12480270,235.52
146.68774278,-43.12479640,235.37
146.68774354,-43.12464719,235.37
146.68774426,-43.12450447,232.06
146.68774459,-43.12443936,231.86
146.68774477,-43.12440424,232.20
146.68774611,-43.12414157,237.60
146.68774626,-43.12411231,237.05
146.68774647,-43.12407044,237.33
146.68774653,-43.12405900,237.73
146.68774664,-43.12403613,238.55
146.68774670,-43.12402478,238.42
146.68774735,-43.12389754,243.52
146.68774750,-43.12386828,244.53
146.68774794,-43.12378120,247.64
146.68774835,-43.12370088,246.38
146.68774840,-43.12369152,245.98
146.68774849,-43.12367270,246.27
146.68774863,-43.12364640,246.78
146.68774866,-43.12364028,246.72
146.68774965,-43.12344407,248.47
146.68774991,-43.12339346,251.86
146.68775017,-43.12334267,254.57
146.68775048,-43.12328135,251.66
146.68775124,-43.12313223,249.17
146.68775130,-43.12312151,249.19
146.68775137,-43.12310702,250.05
146.68775187,-43.12300787,250.60
146.68775233,-43.12291873,251.84
146.68775240,-43.12290405,251.58
146.68775257,-43.12286974,251.68
146.68775272,-43.12284201,269.47
146.68775276,-43.12283255,252.73
146.68775297,-43.12279347,254.14
146.68775352,-43.12268352,258.75
146.68775383,-43.12262274,259.26
146.68775479,-43.12243391,261.66
146.68775559,-43.12227705,263.22
146.68775564,-43.12226822,263.57
146.68775610,-43.12217646,261.02
146.68775650,-43.12209848,261.20
146.68775690,-43.12201969,260.77
146.68775693,-43.12201393,260.93
146.68775718,-43.12196476,268.17
146.68775735,-43.12193199,261.86
146.68775771,-43.12185959,261.37
146.68775788,-43.12182771,262.62
146.68775814,-43.12177656,263.42
146.68775863,-43.12168003,263.37
146.68775864,-43.12167715,263.47
146.68775923,-43.12156171,263.70
146.68776093,-43.12122682,268.84
146.68776118,-43.12117775,266.49
146.68776133,-43.12114875,274.69
146.68776239,-43.12094083,270.75
146.68776248,-43.12092201,264.49
146.68776305,-43.12081035,263.43
146.68776306,-43.12080837,263.42
146.68776382,-43.12065871,262.73
146.68776459,-43.12050734,262.22
146.68776505,-43.12041756,262.49
146.68776535,-43.12035813,263.49
146.68776579,-43.12027133,262.26
146.68776615,-43.12020163,267.65
146.68776674,-43.12008475,261.74
146.68776726,-43.11998128,260.79
146.68776770,-43.11989574,264.48
146.68776779,-43.11987818,260.40
146.68776886,-43.11964324,269.30
146.68777086,-43.11927468,267.95
146.68777093,-43.11926027,266.98
146.68777136,-43.11915194,278.15
146.68777335,-43.11878455,269.85
146.68777534,-43.11839221,271.06
146.68777631,-43.11820284,280.43
146.68777703,-43.11806138,280.85
146.68777822,-43.11782608,266.70
146.68777866,-43.11774018,269.26
146.68777968,-43.11753874,267.61
146.68778004,-43.11746841,259.82
146.68778034,-43.11740898,264.47
146.68778165,-43.11715090,267.00
146.68778209,-43.11704177,262.78
146.68778407,-43.11665141,273.91
146.68778576,-43.11631931,272.48
146.68778745,-43.11601162,261.07
146.68778813,-43.11587727,291.23
146.68778822,-43.11585953,268.92
146.68778942,-43.11562261,273.86
146.68778945,-43.11561793,294.05
146.68778954,-43.11560091,289.55
146.68779038,-43.11543450,294.68
146.68779134,-43.11524576,270.66
146.68779141,-43.11523253,267.80
146.68779170,-43.11517490,287.58
146.68779199,-43.11511790,270.67
146.68779312,-43.11489674,270.94
146.68779367,-43.11478832,266.59
146.68779388,-43.11474591,271.10
146.68779397,-43.11472853,301.31
146.68779437,-43.11464929,271.80
146.68779445,-43.11463308,271.11
146.68779483,-43.11455852,273.30
146.68779602,-43.11432530,266.82
146.68779604,-43.11432205,264.14
146.68779615,-43.11429909,268.14
146.68779625,-43.11428045,254.22
146.68779636,-43.11425929,264.45
146.68779660,-43.11421049,267.58
146.68779680,-43.11417068,292.13
146.68779689,-43.11415484,294.64
146.68779783,-43.11396880,293.28
146.68779797,-43.11394241,278.86
146.68779806,-43.11392377,270.60
146.68779807,-43.11392134,270.41
146.68779887,-43.11376484,297.15
146.68779902,-43.11373413,261.25
146.68779930,-43.11367956,258.34
146.68779933,-43.11367434,268.73
146.68779978,-43.11358591,259.38
146.68779984,-43.11357277,256.57
146.68779989,-43.11356439,257.60
146.68780027,-43.11348875,283.00
146.68780076,-43.11339240,260.80
146.68780110,-43.11332685,264.35
146.68780119,-43.11330839,261.74
146.68780121,-43.11330379,264.91
146.68780132,-43.11328182,276.44
146.68780137,-43.11327300,285.03
146.68780173,-43.11320321,249.91
146.68780179,-43.11319042,249.22
146.68780226,-43.11309794,287.11
146.68780237,-43.11307534,296.88
146.68780252,-43.11304752,259.49
146.68780259,-43.11303392,260.61
146.68780303,-43.11294693,292.91
146.68780307,-43.11293919,290.88
146.68780320,-43.11291299,259.48
146.68780391,-43.11277350,261.65
146.68780507,-43.11254451,259.70
146.68780547,-43.11246527,264.88
146.68780556,-43.11244915,291.76
146.68780562,-43.11243699,261.18
146.68780573,-43.11241502,289.81
146.68780573,-43.11241430,282.53
146.68780579,-43.11240269,260.95
146.68780593,-43.11237585,286.10
146.68780606,-43.11235010,275.61
146.68780608,-43.11234614,260.03
146.68780624,-43.11231381,261.19
146.68780677,-43.11220998,258.86
146.68780747,-43.11207257,259.15
146.68780751,-43.11206483,257.52
146.68780759,-43.11204907,259.90
146.68780769,-43.11202980,261.04
146.68780816,-43.11193633,248.63
146.68780829,-43.11191256,258.68
146.68780840,-43.11188941,270.94
146.68780855,-43.11186087,261.76
146.68780875,-43.11182161,261.24
146.68780881,-43.11180873,260.95
146.68780903,-43.11176461,289.43
146.68780918,-43.11173651,281.96
146.68780931,-43.11171067,269.22
146.68780946,-43.11168158,265.58
146.68780949,-43.11167546,279.86
146.68780959,-43.11165646,277.90
146.68780963,-43.11164710,247.25
146.68781043,-43.11149050,246.37
146.68781056,-43.11146421,246.49
146.68781061,-43.11145457,246.50
146.68781064,-43.11144800,246.24
146.68781068,-43.11144143,246.33
146.68781069,-43.11143899,246.54
146.68781094,-43.11138983,245.91
146.68781097,-43.11138488,246.13
146.68781101,-43.11137758,246.54
146.68781136,-43.11130860,247.52
146.68781138,-43.11130284,246.91
146.68781152,-43.11127709,248.74
146.68781168,-43.11124494,247.67
146.68781178,-43.11122423,247.13
146.68781181,-43.11121973,245.63
146.68781229,-43.11112428,245.06
146.68781256,-43.11107133,245.12
146.68781263,-43.11105791,244.97
146.68781277,-43.11103045,244.77
146.68781285,-43.11101460,246.10
146.68781286,-43.11101271,293.89
146.68781289,-43.11100731,249.15
146.68781295,-43.11099515,289.48
146.68781301,-43.11098362,293.31
146.68781311,-43.11096228,245.60
146.68781314,-43.11095634,253.50
146.68781330,-43.11092554,287.91
146.68781343,-43.11090006,256.18
146.68781436,-43.11071663,256.52
146.68781448,-43.11069376,250.20
146.68781484,-43.11062280,254.95
146.68781502,-43.11058759,244.51
146.68781526,-43.11053942,239.68
146.68781528,-43.11053554,285.50
146.68781557,-43.11048016,239.60
146.68781564,-43.11046441,281.67
146.68781576,-43.11044163,279.79
146.68781577,-43.11043883,249.47
146.68781592,-43.11041155,283.68
146.68781600,-43.11039327,243.86
146.68781608,-43.11037913,238.78
146.68781616,-43.11036382,244.18
146.68781618,-43.11035923,241.55
146.68781619,-43.11035797,278.09
146.68781621,-43.11035347,239.17
146.68781622,-43.11035050,277.44
146.68781631,-43.11033303,272.33
146.68781638,-43.11031880,245.97
146.68781640,-43.11031700,236.32
146.68781646,-43.11030349,243.51
146.68781664,-43.11026918,235.55
146.68781679,-43.11023803,247.48
146.68781682,-43.11023343,246.40
146.68781684,-43.11022929,241.80
146.68781735,-43.11012898,237.05
146.68781736,-43.11012655,236.96
146.68781737,-43.11012547,237.78
146.68781740,-43.11011961,286.58
146.68781749,-43.11010043,234.83
146.68781750,-43.11009935,283.01
146.68781761,-43.11007693,239.69
146.68781766,-43.11006712,241.37
146.68781771,-43.11005811,268.74
146.68781795,-43.11001129,237.85
146.68781804,-43.10999346,244.38
146.68781811,-43.10998013,250.06
146.68781818,-43.10996491,250.24
146.68781825,-43.10995203,251.94
146.68781843,-43.10991647,243.08
146.68781858,-43.10988810,236.12
146.68781874,-43.10985595,241.27
146.68781875,-43.10985280,240.48
146.68781890,-43.10982336,237.16
146.68781897,-43.10981075,237.67
146.68781898,-43.10980814,238.08
146.68781902,-43.10980012,237.93
146.68781910,-43.10978437,238.48
146.68781912,-43.10978094,234.77
146.68781926,-43.10975321,233.28
146.68781943,-43.10972025,236.16
146.68781948,-43.10970972,234.96
146.68781950,-43.10970656,234.60
146.68781951,-43.10970494,234.65
146.68781958,-43.10968964,233.14
146.68781960,-43.10968702,277.81
146.68781968,-43.10967118,279.89
146.68781972,-43.10966325,231.38
146.68781973,-43.10965965,281.43
146.68781974,-43.10965947,281.10
146.68781976,-43.10965515,232.58
146.68781980,-43.10964740,233.11
146.68781981,-43.10964479,231.57
146.68781982,-43.10964272,253.50
146.68781987,-43.10963318,230.32
146.68782035,-43.10953881,241.37
146.68782081,-43.10944750,269.32
146.68782086,-43.10943921,233.39
146.68782087,-43.10943534,242.24
146.68782096,-43.10941823,228.89
146.68782100,-43.10941067,231.18
146.68782107,-43.10939626,239.27
146.68782108,-43.10939428,237.40
146.68782110,-43.10939185,243.74
146.68782118,-43.10937618,245.16
146.68782118,-43.10937438,245.57
146.68782123,-43.10936537,229.82
146.68782128,-43.10935538,229.39
146.68782129,-43.10935304,229.40
146.68782131,-43.10934880,259.92
146.68782145,-43.10932215,237.03
146.68782151,-43.10930972,250.35
146.68782153,-43.10930702,248.96
146.68782154,-43.10930396,266.69
146.68782154,-43.10930378,248.74
146.68782159,-43.10929424,248.97
146.68782164,-43.10928523,236.20
146.68782167,-43.10927776,240.66
146.68782169,-43.10927533,280.60
146.68782175,-43.10926326,279.38
146.68782182,-43.10924849,276.13
146.68782183,-43.10924768,281.37
146.68782183,-43.10924705,275.16
146.68782184,-43.10924588,239.18
146.68782185,-43.10924246,279.22
146.68782195,-43.10922463,273.07
146.68782196,-43.10922229,230.81
146.68782202,-43.10920941,274.03
146.68782205,-43.10920293,264.66
146.68782210,-43.10919428,272.45
146.68782211,-43.10919149,237.93
146.68782226,-43.10916331,230.52
146.68782237,-43.10914160,269.22
146.68782243,-43.10912990,275.81
146.68782246,-43.10912405,265.44
146.68782247,-43.10912089,265.31
146.68782253,-43.10910964,277.38
146.68782256,-43.10910360,277.22
146.68782264,-43.10908830,274.35
146.68782273,-43.10907029,229.92
146.68782273,-43.10906948,232.27
146.68782275,-43.10906596,259.02
146.68782281,-43.10905498,256.04
146.68782292,-43.10903382,268.53
146.68782299,-43.10901986,271.43
146.68782302,-43.10901266,271.94
146.68782350,-43.10891774,228.00
146.68782369,-43.10888245,231.48
146.68782386,-43.10884859,232.55
146.68782387,-43.10884580,236.14
146.68782389,-43.10884156,233.57
146.68782389,-43.10884139,236.81
146.68782402,-43.10881599,234.71
146.68782404,-43.10881239,233.92
146.68782425,-43.10877124,230.44
146.68782427,-43.10876710,234.75
146.68782433,-43.10875629,254.99
146.68782441,-43.10874098,257.08
146.68782441,-43.10874017,256.75
146.68782444,-43.10873432,257.23
146.68782446,-43.10872973,256.79
146.68782447,-43.10872711,257.41
146.68782452,-43.10871685,228.70
146.68782453,-43.10871640,232.72
146.68782457,-43.10870901,231.85
146.68782465,-43.10869119,250.86
146.68782472,-43.10867939,227.77
146.68782474,-43.10867543,247.08
146.68782476,-43.10867020,229.63
146.68782479,-43.10866507,231.70
146.68782479,-43.10866417,229.89
146.68782481,-43.10866156,240.63
146.68782483,-43.10865769,233.86
146.68782486,-43.10865138,232.66
146.68782490,-43.10864220,232.74
146.68782496,-43.10863103,234.28
146.68782500,-43.10862374,235.24
146.68782504,-43.10861573,234.73
146.68782506,-43.10861266,236.79
146.68782527,-43.10857016,232.71
146.68782549,-43.10852658,270.10
146.68782550,-43.10852442,221.87
146.68782555,-43.10851478,274.70
146.68782556,-43.10851262,268.46
146.68782560,-43.10850488,274.60
146.68782562,-43.10850272,269.68
146.68782563,-43.10849983,269.97
146.68782576,-43.10847417,217.67
146.68782577,-43.10847264,225.73
146.68782591,-43.10844355,225.79
146.68782600,-43.10842654,226.32
146.68782617,-43.10839358,219.14
146.68782622,-43.10838340,220.13
146.68782622,-43.10838268,227.69
146.68782626,-43.10837548,230.01
146.68782634,-43.10836017,213.94
146.68782634,-43.10835981,230.01
146.68782644,-43.10834063,226.76
146.68782670,-43.10829020,229.17
146.68782673,-43.10828363,225.95
146.68782679,-43.10827210,212.65
146.68782690,-43.10824986,232.03
146.68782698,-43.10823401,231.31
146.68782703,-43.10822492,229.37
146.68782714,-43.10820151,226.98
146.68782720,-43.10819142,225.93
146.68782727,-43.10817674,229.29
146.68782729,-43.10817278,230.83
146.68782736,-43.10815873,230.95
146.68782738,-43.10815486,230.83
146.68782762,-43.10810902,224.86
146.68782764,-43.10810524,226.77
146.68782778,-43.10807607,223.84
146.68782779,-43.10807472,222.42
146.68782809,-43.10801592,237.05
146.68782820,-43.10799439,232.19
146.68782821,-43.10799241,246.19
146.68782823,-43.10798827,225.51
146.68782823,-43.10798809,218.90
146.68782823,-43.10798719,245.88
146.68782864,-43.10790786,247.28
146.68782867,-43.10790119,206.25
146.68782885,-43.10786689,227.56
146.68782890,-43.10785671,224.78
146.68782920,-43.10779818,214.85
146.68782930,-43.10777729,212.48
146.68782932,-43.10777477,212.45
146.68782933,-43.10777225,212.40
146.68782951,-43.10773740,215.70
146.68782956,-43.10772515,213.19
146.68782961,-43.10771732,214.41
146.68782996,-43.10764753,221.18
146.68783012,-43.10761601,218.05
146.68783018,-43.10760422,223.15
146.68783026,-43.10758882,224.27
146.68783047,-43.10754641,195.60
146.68783049,-43.10754308,205.72
146.68783074,-43.10749337,208.95
146.68783075,-43.10749139,206.84
146.68783094,-43.10745402,208.57
146.68783095,-43.10745258,212.17
146.68783097,-43.10744924,211.51
146.68783100,-43.10744357,230.40
146.68783103,-43.10743736,231.35
146.68783103,-43.10743664,206.47
146.68783122,-43.10740062,205.49
146.68783140,-43.10736487,210.68
146.68783146,-43.10735136,203.40
146.68783156,-43.10733299,204.01
146.68783165,-43.10731417,200.57
146.68783188,-43.10727014,200.10
146.68783189,-43.10726861,196.33
146.68783209,-43.10722908,227.89
146.68783212,-43.10722223,194.13
146.68783215,-43.10721566,198.58
146.68783220,-43.10720684,238.71
146.68783220,-43.10720630,210.65
146.68783221,-43.10720458,238.67
146.68783222,-43.10720251,238.57
146.68783222,-43.10720215,237.97
146.68783233,-43.10718063,199.04
146.68783234,-43.10717973,230.68
146.68783241,-43.10716433,187.62
146.68783253,-43.10714155,195.92
146.68783270,-43.10710805,186.92
146.68783295,-43.10705799,188.74
146.68783297,-43.10705429,186.44
146.68783310,-43.10702935,188.87
146.68783316,-43.10701738,188.70
146.68783349,-43.10695308,179.29
146.68783353,-43.10694489,178.16
146.68783354,-43.10694263,178.53
146.68783361,-43.10693012,183.57
146.68783361,-43.10692859,175.77
146.68783371,-43.10690842,182.61
146.68783375,-43.10690139,174.71
146.68783382,-43.10688861,191.78
146.68783386,-43.10687915,191.42
146.68783402,-43.10684952,192.09
146.68783412,-43.10682873,219.17
146.68783418,-43.10681801,220.88
146.68783427,-43.10679874,194.99
146.68783430,-43.10679262,178.26
146.68783433,-43.10678703,181.13
146.68783468,-43.10671869,221.36
146.68783476,-43.10670248,222.50
146.68783481,-43.10669329,222.25
146.68783517,-43.10662278,199.52
146.68783534,-43.10658866,176.23
146.68783535,-43.10658614,176.10
146.68783541,-43.10657587,212.69
146.68783550,-43.10655813,208.45
146.68783551,-43.10655525,191.27
146.68783594,-43.10647132,199.95
146.68783602,-43.10645566,206.81
146.68783607,-43.10644566,181.46
146.68783609,-43.10644098,202.07
146.68783616,-43.10642774,161.30
146.68783618,-43.10642333,200.23
146.68783622,-43.10641604,160.63
146.68783623,-43.10641315,168.90
146.68783640,-43.10637920,192.32
146.68783664,-43.10633328,157.15
146.68783675,-43.10631095,170.93
146.68783690,-43.10628132,169.24
146.68783719,-43.10622495,158.42
146.68783724,-43.10621568,157.57
146.68783737,-43.10618939,157.40
146.68783754,-43.10615670,155.78
146.68783757,-43.10615021,155.20
146.68783776,-43.10611194,151.39
146.68783791,-43.10608304,146.15
146.68783794,-43.10607799,146.27
146.68783801,-43.10606413,146.11
146.68783851,-43.10596580,139.20
146.68783864,-43.10593923,184.94
146.68783870,-43.10592717,184.62
146.68783871,-43.10592519,172.27
146.68783878,-43.10591132,171.34
146.68783883,-43.10590321,171.63
146.68783884,-43.10590042,183.08
146.68783886,-43.10589610,136.64
146.68783898,-43.10587179,136.74
146.68783919,-43.10583009,148.41
146.68783930,-43.10580956,135.36
146.68783943,-43.10578336,162.90
146.68783944,-43.10578192,133.80
146.68783945,-43.10577940,133.67
146.68783962,-43.10574770,178.89
146.68783988,-43.10569511,162.87
146.68783993,-43.10568539,176.94
146.68784002,-43.10566720,174.15
146.68784006,-43.10566035,173.67
146.68784022,-43.10562947,158.72
146.68784027,-43.10561866,158.95
146.68784055,-43.10556247,143.07
146.68784061,-43.10555265,127.98
146.68784108,-43.10546027,155.60
146.68784124,-43.10542713,154.85
146.68784125,-43.10542488,153.17
146.68784126,-43.10542416,134.63
146.68784129,-43.10541713,147.03
146.68784147,-43.10538301,153.08
146.68784150,-43.10537625,153.41
146.68784223,-43.10523299,111.82
146.68784226,-43.10522776,117.44
146.68784235,-43.10520831,116.42
146.68784245,-43.10518886,112.08
146.68784247,-43.10518661,109.66
146.68784254,-43.10517274,102.57
146.68784254,-43.10517265,106.62
146.68784260,-43.10516113,102.34
146.68784261,-43.10515888,102.29
146.68784261,-43.10515762,102.21
146.68784272,-43.10513699,97.24
146.68784299,-43.10508405,112.33
146.68784300,-43.10508162,100.36
146.68784324,-43.10503425,102.38
146.68784339,-43.10500526,101.27
146.68784365,-43.10495402,94.40
146.68784369,-43.10494519,104.35
146.68784390,-43.10490503,85.18
146.68784405,-43.10487397,87.17
146.68784412,-43.10486037,91.06
146.68784413,-43.10485830,92.45
146.68784420,-43.10484515,84.65
146.68784425,-43.10483470,92.16
146.68784437,-43.10481111,88.93
146.68784442,-43.10480067,88.86
146.68784443,-43.10479995,89.20
146.68784445,-43.10479544,88.48
146.68784460,-43.10476564,87.18
146.68784462,-43.10476248,87.31
146.68784463,-43.10476023,97.59
146.68784464,-43.10475843,106.37
146.68784472,-43.10474376,85.96
146.68784494,-43.10469891,104.89
146.68784494,-43.10469882,105.31
146.68784534,-43.10462084,79.25
146.68784546,-43.10459608,76.97
146.68784548,-43.10459248,81.06
146.68784561,-43.10456852,79.25
146.68784564,-43.10456195,79.03
146.68784577,-43.10453629,69.17
146.68784590,-43.10450999,63.03
146.68784593,-43.10450423,65.98
146.68784614,-43.10446272,55.07
146.68784615,-43.10446127,60.71
146.68784625,-43.10444192,55.11
146.68784644,-43.10440491,66.69
146.68784649,-43.10439401,57.70
146.68784651,-43.10439041,59.86
146.68784675,-43.10434259,52.10
146.68784683,-43.10432746,51.77
146.68784844,-43.10401094,54.41
146.68784847,-43.10400482,66.02
146.68784878,-43.10394332,69.69
146.68784881,-43.10393702,67.85
146.68784888,-43.10392378,67.52
146.68784917,-43.10386678,68.25
146.68784934,-43.10383292,60.38
146.68784942,-43.10381761,78.77
146.68784943,-43.10381563,77.22
146.68784954,-43.10379330,74.77
146.68784995,-43.10371397,83.42
146.68785008,-43.10368695,75.55
146.68785030,-43.10364436,74.39
146.68785049,-43.10360816,73.46
146.68785050,-43.10360591,71.82
146.68785057,-43.10359195,70.81
146.68785087,-43.10353306,77.35
146.68785098,-43.10351019,75.20
146.68785102,-43.10350298,78.54
146.68785109,-43.10348849,81.31
146.68785116,-43.10347507,80.38
146.68785122,-43.10346273,81.00
146.68785151,-43.10340673,81.89
146.68785162,-43.10338538,112.21
146.68785163,-43.10338349,112.46
146.68785171,-43.10336683,105.85
146.68785176,-43.10335747,69.57
146.68785179,-43.10335107,102.37
146.68785185,-43.10333910,68.50
146.68785194,-43.10332280,111.88
146.68785266,-43.10318079,69.90
146.68785267,-43.10317764,69.79
146.68785345,-43.10302420,73.61
146.68785355,-43.10300421,73.14
146.68785362,-43.10299088,72.71
146.68785423,-43.10287067,74.09
146.68785460,-43.10279800,75.88
146.68785471,-43.10277675,76.70
146.68785537,-43.10264600,79.47
146.68785539,-43.10264249,76.31
146.68785581,-43.10255919,78.68
146.68785588,-43.10254731,80.91
146.68785608,-43.10250705,76.20
146.68785629,-43.10246626,77.73
146.68785764,-43.10220035,81.12
146.68785765,-43.10219729,80.99
146.68785789,-43.10215038,82.45
146.68785835,-43.10205907,81.85
146.68785841,-43.10204826,81.91
146.68785845,-43.10204097,81.65
146.68785883,-43.10196614,83.12
146.68785886,-43.10195848,82.53
146.68785887,-43.10195803,83.04
146.68785928,-43.10187690,83.63
146.68785948,-43.10183719,84.34
146.68785962,-43.10181099,85.28
146.68785966,-43.10180162,87.78
146.68786044,-43.10164800,93.63
146.68786057,-43.10162287,91.28
146.68786057,-43.10162242,91.19
146.68786062,-43.10161279,90.21
146.68786081,-43.10157533,88.54
146.68786092,-43.10155345,92.21
146.68786147,-43.10144602,92.86
146.68786170,-43.10140001,95.92
146.68786204,-43.10133373,96.42
146.68786223,-43.10129591,95.58
146.68786235,-43.10127196,96.48
146.68786264,-43.10121559,97.59
146.68786277,-43.10118938,97.67
146.68786327,-43.10109222,95.36
146.68786334,-43.10107790,98.68
146.68786395,-43.10095679,98.10
146.68786421,-43.10090663,99.31
146.68786446,-43.10085747,98.17
146.68786490,-43.10077003,101.40
146.68786522,-43.10070790,117.92
146.68786529,-43.10069331,102.08
146.68786555,-43.10064171,111.01
146.68786563,-43.10062695,109.54
146.68786596,-43.10056175,129.92
146.68786609,-43.10053636,117.60
146.68786613,-43.10052834,134.43
146.68786621,-43.10051186,112.18
146.68786626,-43.10050223,132.78
146.68786635,-43.10048503,101.74
146.68786637,-43.10048224,107.38
146.68786668,-43.10042055,117.29
146.68786675,-43.10040552,113.42
146.68786682,-43.10039345,114.55
146.68786684,-43.10038787,126.56
146.68786687,-43.10038355,116.53
146.68786715,-43.10032726,113.99
146.68786718,-43.10032123,126.74
146.68786723,-43.10031097,124.18
146.68786731,-43.10029593,117.54
146.68786761,-43.10023731,110.12
146.68786762,-43.10023515,136.99
146.68786763,-43.10023271,136.74
146.68786780,-43.10019994,103.81
146.68786781,-43.10019732,125.18
146.68786789,-43.10018283,135.42
146.68786820,-43.10012196,113.32
146.68786823,-43.10011529,115.79
146.68786825,-43.10011052,112.78
146.68786856,-43.10005046,116.41
146.68786859,-43.10004442,111.62
146.68786880,-43.10000273,112.68
146.68786890,-43.09998256,114.73
146.68786894,-43.09997455,117.04
146.68786905,-43.09995303,133.61
146.68786919,-43.09992637,128.40
146.68786973,-43.09981984,111.82
146.68786988,-43.09978950,108.36
146.68786996,-43.09977500,140.86
146.68786996,-43.09977392,110.15
146.68786998,-43.09977104,110.19
146.68786999,-43.09976807,110.23
146.68787001,-43.09976518,110.21
146.68787002,-43.09976338,138.70
146.68787003,-43.09976068,138.92
146.68787029,-43.09971071,114.31
146.68787038,-43.09969225,118.01
146.68787047,-43.09967442,117.75
146.68787060,-43.09964857,110.10
146.68787075,-43.09961913,111.50
146.68787088,-43.09959301,111.68
146.68787137,-43.09949621,141.12
146.68787146,-43.09947892,140.50
146.68787194,-43.09938410,142.16
146.68787196,-43.09938131,142.12
146.68787235,-43.09930477,127.74
146.68787236,-43.09930198,127.67
146.68787238,-43.09929928,127.63
146.68787301,-43.09917537,114.65
146.68787310,-43.09915574,124.48
146.68787311,-43.09915448,123.56
146.68787362,-43.09905344,117.27
146.68787413,-43.09895394,134.14
146.68787438,-43.09890486,126.08
146.68787445,-43.09888992,116.36
146.68787476,-43.09882950,115.80
146.68787477,-43.09882770,124.29
146.68787583,-43.09861959,116.72
146.68787604,-43.09857718,116.81
146.68787684,-43.09841960,131.16
146.68787696,-43.09839709,118.20
146.68787716,-43.09835629,122.56
146.68787723,-43.09834243,120.07
146.68787765,-43.09826156,120.87
146.68787775,-43.09824031,120.97
146.68787783,-43.09822464,152.31
146.68787785,-43.09822185,152.40
146.68787795,-43.09820159,151.41
146.68787821,-43.09815098,123.26
146.68787823,-43.09814603,123.04
146.68787826,-43.09814018,122.80
146.68787872,-43.09805031,126.41
146.68787904,-43.09798665,128.59
146.68787912,-43.09797143,129.93
146.68787943,-43.09791092,127.21
146.68787945,-43.09790695,127.62
146.68787951,-43.09789453,130.59
146.68787961,-43.09787418,127.95
146.68787982,-43.09783410,129.44
146.68788008,-43.09778323,134.11
146.68788009,-43.09778053,134.33
146.68788104,-43.09759314,131.66
146.68788113,-43.09757576,131.46
146.68788118,-43.09756486,134.18
146.68788167,-43.09746869,132.74
146.68788176,-43.09745104,133.38
146.68788215,-43.09737369,137.88
146.68788244,-43.09731723,133.40
146.68788275,-43.09725636,136.29
146.68788280,-43.09724600,134.51
146.68788288,-43.09723151,136.57
146.68788316,-43.09717550,135.21
146.68788447,-43.09691733,136.81
146.68788449,-43.09691472,136.78
146.68788466,-43.09688068,136.25
146.68788485,-43.09684295,137.22
146.68788488,-43.09683664,137.46
146.68788528,-43.09675812,138.48
146.68788579,-43.09665745,139.99
146.68788580,-43.09665637,141.01
146.68788589,-43.09663710,141.29
146.68788591,-43.09663439,147.65
146.68788591,-43.09663412,141.39
146.68788591,-43.09663367,140.92
146.68788604,-43.09660945,142.59
146.68788606,-43.09660468,142.00
146.68788622,-43.09657316,143.14
146.68788648,-43.09652265,146.55
146.68788651,-43.09651580,145.40
146.68788654,-43.09651058,149.04
146.68788665,-43.09648744,148.16
146.68788724,-43.09637254,153.51
146.68788844,-43.09613526,159.30
146.68788889,-43.09604710,156.76
146.68788890,-43.09604449,156.88
146.68788892,-43.09604179,157.08
146.68788915,-43.09599514,158.19
146.68788995,-43.09583855,161.62
146.68789037,-43.09575652,162.45
146.68789044,-43.09574283,163.33
146.68789045,-43.09574040,163.47
146.68789053,-43.09572446,164.84
146.68789117,-43.09559776,164.90
146.68789139,-43.09555526,166.83
146.68789140,-43.09555292,166.95
146.68789152,-43.09552951,168.04
146.68789159,-43.09551609,172.03
146.68789188,-43.09545837,170.61
146.68789212,-43.09541163,168.19
146.68789221,-43.09539326,169.03
146.68789229,-43.09537714,171.86
146.68789231,-43.09537327,180.37
146.68789237,-43.09536147,177.85
146.68789238,-43.09536067,168.51
146.68789239,-43.09535778,168.68
146.68789251,-43.09533392,171.65
146.68789260,-43.09531672,167.57
146.68789263,-43.09531132,172.75
146.68789277,-43.09528304,174.93
146.68789288,-43.09526206,180.41
146.68789297,-43.09524504,181.64
146.68789300,-43.09523928,182.02
146.68789344,-43.09515121,168.44
146.68789383,-43.09507467,170.11
146.68789386,-43.09506801,170.21
146.68789392,-43.09505720,170.24
146.68789405,-43.09503064,185.68
146.68789415,-43.09501074,172.71
146.68789417,-43.09500849,172.74
146.68789438,-43.09496634,176.87
146.68789480,-43.09488323,188.58
146.68789552,-43.09474239,184.91
146.68789553,-43.09474041,185.09
146.68789590,-43.09466739,182.54
146.68789605,-43.09463794,184.96
146.68789658,-43.09453439,193.31
146.68789704,-43.09444343,188.00
146.68789707,-43.09443731,193.19
146.68789708,-43.09443533,193.32
146.68789708,-43.09443515,188.47
146.68789719,-43.09441309,198.53
146.68789722,-43.09440652,200.45
146.68789723,-43.09440426,200.46
146.68789728,-43.09439616,203.16
146.68789794,-43.09426640,196.06
146.68789820,-43.09421354,203.61
146.68789834,-43.09418653,192.57
146.68789837,-43.09418013,192.84
146.68789844,-43.09416672,203.77
146.68789899,-43.09405974,200.65
146.68789903,-43.09405047,200.65
146.68789985,-43.09388973,199.64
146.68790006,-43.09384768,201.08
146.68790021,-43.09381886,202.92
146.68790023,-43.09381472,207.46
146.68790030,-43.09380049,234.90
146.68790038,-43.09378456,199.09
146.68790047,-43.09376663,243.37
146.68790052,-43.09375673,242.89
146.68790057,-43.09374754,243.52
146.68790073,-43.09371522,219.00
146.68790078,-43.09370540,200.63
146.68790085,-43.09369244,198.56
146.68790087,-43.09368901,209.64
146.68790097,-43.09366857,217.88
146.68790101,-43.09366146,204.22
146.68790130,-43.09360473,213.00
146.68790181,-43.09350387,213.20
146.68790181,-43.09350361,214.42
146.68790202,-43.09346236,214.59
146.68790208,-43.09344948,215.57
146.68790210,-43.09344660,218.23
146.68790227,-43.09341175,218.20
146.68790247,-43.09337312,227.25
146.68790249,-43.09337024,227.21
146.68790291,-43.09328713,200.79
146.68790292,-43.09328398,214.88
146.68790321,-43.09322770,216.53
146.68790324,-43.09322248,212.03
146.68790346,-43.09317799,215.52
146.68790357,-43.09315755,210.87
146.68790357,-43.09315710,210.61
146.68790377,-43.09311874,210.66
146.68790381,-43.09310964,214.69
146.68790410,-43.09305346,215.29
146.68790411,-43.09305066,215.33
146.68790423,-43.09302617,226.33
146.68790425,-43.09302203,223.07
146.68790441,-43.09299132,227.73
146.68790448,-43.09297808,226.63
146.68790452,-43.09296971,225.77
146.68790475,-43.09292468,218.98
146.68790488,-43.09289884,215.57
146.68790494,-43.09288723,215.58
146.68790506,-43.09286300,222.93
146.68790508,-43.09286012,222.94
146.68790511,-43.09285337,224.69
146.68790529,-43.09281753,224.52
146.68790530,-43.09281564,232.81
146.68790548,-43.09278043,226.19
146.68790578,-43.09272235,227.95
146.68790581,-43.09271551,229.20
146.68790597,-43.09268498,222.42
146.68790621,-43.09263815,244.02
146.68790625,-43.09262888,251.30
146.68790638,-43.09260294,252.66
146.68790655,-43.09257016,240.09
146.68790663,-43.09255432,239.71
146.68790665,-43.09255017,239.36
146.68790707,-43.09246751,226.10
146.68790711,-43.09245887,223.44
146.68790711,-43.09245859,223.36
146.68790714,-43.09245301,223.46
146.68790754,-43.09237521,237.20
146.68790761,-43.09236152,231.30
146.68790777,-43.09232902,227.70
146.68790778,-43.09232658,223.59
146.68790784,-43.09231479,224.77
146.68790790,-43.09230308,223.35
146.68790803,-43.09227769,232.51
146.68790814,-43.09225635,246.57
146.68790820,-43.09224554,244.60
146.68790820,-43.09224500,247.72
146.68790831,-43.09222429,247.42
146.68790832,-43.09222213,247.64
146.68790836,-43.09221331,248.32
146.68790843,-43.09219935,225.45
146.68790849,-43.09218791,245.20
146.68790881,-43.09212614,216.67
146.68790891,-43.09210435,239.64
146.68790892,-43.09210272,236.15
146.68790903,-43.09208102,240.02
146.68790910,-43.09206797,232.99
146.68790935,-43.09201808,223.81
146.68790951,-43.09198764,235.71
146.68790954,-43.09198206,238.37
146.68790961,-43.09196783,235.45
146.68790991,-43.09190849,228.22
146.68791000,-43.09189111,256.12
146.68791005,-43.09188157,224.62
146.68791018,-43.09185428,228.99
146.68791031,-43.09182835,256.30
146.68791040,-43.09181151,263.76
146.68791041,-43.09181043,258.00
146.68791053,-43.09178639,260.95
146.68791054,-43.09178431,245.58
146.68791057,-43.09177702,238.71
146.68791064,-43.09176477,239.90
146.68791101,-43.09169229,249.74
146.68791108,-43.09167770,227.86
146.68791116,-43.09166149,249.80
146.68791122,-43.09165123,227.35
146.68791131,-43.09163357,227.33
146.68791141,-43.09161232,227.31
146.68791143,-43.09160944,227.20
146.68791148,-43.09159855,227.64
146.68791180,-43.09153605,229.58
146.68791198,-43.09150013,229.50
146.68791209,-43.09147833,229.89
146.68791215,-43.09146761,232.30
146.68791232,-43.09143295,238.76
146.68791243,-43.09141161,234.51
146.68791260,-43.09137892,233.06
146.68791262,-43.09137559,236.31
146.68791283,-43.09133299,236.86
146.68791284,-43.09133056,236.84
146.68791287,-43.09132435,235.29
146.68791309,-43.09128122,242.97
146.68791312,-43.09127608,243.52
146.68791313,-43.09127482,240.80
146.68791317,-43.09126654,240.47
146.68791318,-43.09126348,240.40
146.68791320,-43.09126050,238.42
146.68791331,-43.09123899,244.71
146.68791331,-43.09123862,244.49
146.68791333,-43.09123520,245.07
146.68791335,-43.09123133,245.36
146.68791335,-43.09123025,247.58
146.68791344,-43.09121332,244.90
146.68791344,-43.09121206,245.19
146.68791355,-43.09119117,249.83
146.68791368,-43.09116515,241.07
146.68791389,-43.09112489,247.43
146.68791395,-43.09111346,248.37
146.68791395,-43.09111283,245.34
146.68791401,-43.09110184,245.31
146.68791415,-43.09107311,244.19
146.68791418,-43.09106789,246.71
146.68791430,-43.09104340,248.25
146.68791438,-43.09102728,246.29
146.68791440,-43.09102476,246.14
146.68791442,-43.09101918,245.96
146.68791446,-43.09101125,246.12
146.68791454,-43.09099694,247.31
146.68791458,-43.09098838,251.17
146.68791460,-43.09098523,248.62
146.68791469,-43.09096623,247.01
146.68791495,-43.09091499,249.02
146.68791523,-43.09086060,253.67
146.68791539,-43.09082936,247.37
146.68791541,-43.09082513,247.65
146.68791541,-43.09082467,247.18
146.68791573,-43.09076092,228.85
146.68791591,-43.09072598,283.80
146.68791592,-43.09072400,283.85
146.68791593,-43.09072211,284.00
146.68791595,-43.09071896,275.61
146.68791601,-43.09070698,281.79
146.68791601,-43.09070635,266.79
146.68791638,-43.09063485,253.44
146.68791642,-43.09062521,244.55
146.68791655,-43.09060099,238.84
146.68791661,-43.09058902,231.34
146.68791665,-43.09057992,252.05
146.68791674,-43.09056272,245.33
146.68791686,-43.09054012,247.76
146.68791692,-43.09052797,225.96
146.68791735,-43.09044305,243.42
146.68791740,-43.09043350,246.71
146.68791743,-43.09042693,247.26
146.68791748,-43.09041757,241.94
146.68791750,-43.09041360,242.25
146.68791834,-43.09024836,258.26
146.68791888,-43.09014220,245.54
146.68791911,-43.09009574,243.72
146.68791924,-43.09006998,240.78
146.68791937,-43.09004495,242.21
146.68791945,-43.09002883,244.17
146.68791964,-43.08999182,243.53
146.68791966,-43.08998803,243.68
146.68791969,-43.08998263,243.45
146.68791989,-43.08994319,276.16
146.68792003,-43.08991564,240.99
146.68792012,-43.08989709,242.38
146.68792023,-43.08987448,233.74
146.68792043,-43.08983558,241.87
146.68792059,-43.08980398,230.18
146.68792102,-43.08971960,245.18
146.68792106,-43.08971168,248.90
146.68792108,-43.08970853,241.69
146.68792114,-43.08969745,248.22
146.68792123,-43.08967989,240.42
146.68792143,-43.08964027,231.40
146.68792150,-43.08962469,232.60
146.68792168,-43.08958984,238.63
146.68792169,-43.08958750,238.76
146.68792170,-43.08958534,238.94
146.68792183,-43.08955977,236.45
146.68792215,-43.08949709,239.83
146.68792226,-43.08947467,239.59
146.68792237,-43.08945450,244.79
146.68792244,-43.08943964,232.09
146.68792277,-43.08937535,237.15
146.68792281,-43.08936850,238.72
146.68792286,-43.08935644,236.06
146.68792290,-43.08934968,236.56
146.68792300,-43.08932969,240.94
146.68792305,-43.08931916,243.53
146.68792310,-43.08931132,251.90
146.68792319,-43.08929232,243.81
146.68792320,-43.08929079,243.04
146.68792366,-43.08920056,243.26
146.68792367,-43.08919930,242.53
146.68792379,-43.08917400,268.82
146.68792382,-43.08916851,271.07
146.68792384,-43.08916553,271.02
146.68792424,-43.08908692,238.91
146.68792429,-43.08907639,253.96
146.68792434,-43.08906549,243.16
146.68792498,-43.08894042,245.60
146.68792503,-43.08892970,245.01
146.68792519,-43.08889926,243.53
146.68792526,-43.08888575,246.18
146.68792541,-43.08885604,245.91
146.68792546,-43.08884596,254.48
146.68792547,-43.08884406,245.11
146.68792554,-43.08882911,263.51
146.68792559,-43.08881993,244.18
146.68792587,-43.08876347,253.71
146.68792612,-43.08871485,245.17
146.68792613,-43.08871385,261.59
146.68792678,-43.08858455,243.42
146.68792686,-43.08856923,245.61
146.68792706,-43.08852979,277.95
146.68792713,-43.08851728,245.16
146.68792715,-43.08851260,279.00
146.68792716,-43.08851106,243.60
146.68792742,-43.08845848,248.16
146.68792760,-43.08842507,246.71
146.68792761,-43.08842165,246.54
146.68792763,-43.08841858,247.43
146.68792764,-43.08841561,246.47
146.68792776,-43.08839328,247.59
146.68792784,-43.08837671,246.60
146.68792785,-43.08837572,248.22
146.68792788,-43.08836978,244.69
146.68792808,-43.08832935,246.33
146.68792811,-43.08832413,250.71
146.68792843,-43.08826037,255.67
146.68792846,-43.08825533,249.89
146.68792859,-43.08822849,253.31
146.68792887,-43.08817456,250.54
146.68792918,-43.08811288,262.00
146.68792923,-43.08810243,261.27
146.68792953,-43.08804408,261.26
146.68793022,-43.08790774,270.00
146.68793033,-43.08788658,268.67
146.68793038,-43.08787596,268.16
146.68793040,-43.08787325,268.07
146.68793134,-43.08768802,277.95
146.68793154,-43.08764688,274.28
146.68793163,-43.08762913,281.52
146.68793179,-43.08759960,276.43
146.68793203,-43.08755187,308.32
146.68793207,-43.08754413,297.82
146.68793213,-43.08753134,266.68
146.68793277,-43.08740636,303.37
146.68793280,-43.08739969,301.97
146.68793351,-43.08725985,289.02
146.68793375,-43.08721221,289.42
146.68793400,-43.08716376,293.71
146.68793406,-43.08715242,293.64
146.68793447,-43.08707164,304.06
146.68793449,-43.08706651,299.61
146.68793494,-43.08697754,320.32
146.68793506,-43.08695386,305.99
146.68793521,-43.08692379,301.05
146.68793547,-43.08687381,295.93
146.68793548,-43.08687102,295.89
146.68793631,-43.08670893,314.25
146.68793636,-43.08669858,312.45
146.68793685,-43.08660160,318.20
146.68793687,-43.08659862,318.03
146.68793706,-43.08656098,311.35
146.68793729,-43.08651605,347.53
146.68793743,-43.08648759,348.14
146.68793748,-43.08647796,349.08
146.68793753,-43.08646841,321.72
146.68793778,-43.08641798,353.62
146.68793788,-43.08639944,329.95
146.68793799,-43.08637845,324.78
146.68793804,-43.08636675,327.61
146.68793807,-43.08636144,326.87
146.68793825,-43.08632506,326.84
146.68793840,-43.08629678,365.59
146.68793962,-43.08605644,348.69
146.68793985,-43.08601034,359.60
146.68793993,-43.08599602,355.29
146.68794001,-43.08597981,360.30
146.68794006,-43.08596963,360.58
146.68794007,-43.08596820,360.56
146.68794020,-43.08594217,357.26
146.68794039,-43.08590435,355.87
146.68794040,-43.08590165,355.88
146.68794069,-43.08584501,381.73
146.68794102,-43.08578062,390.82
146.68794109,-43.08576613,383.61
146.68794109,-43.08576595,390.14
146.68794119,-43.08574704,376.39
146.68794120,-43.08574578,360.68
146.68794161,-43.08566401,374.76
146.68794174,-43.08563754,379.82
146.68794185,-43.08561638,379.46
146.68794202,-43.08558387,393.62
146.68794213,-43.08556190,385.08
146.68794215,-43.08555767,375.42
146.68794225,-43.08553794,391.39
146.68794226,-43.08553551,370.89
146.68794229,-43.08553083,371.11
146.68794267,-43.08545573,409.20
146.68794267,-43.08545492,411.40
146.68794294,-43.08540287,412.68
146.68794295,-43.08540080,412.71
146.68794296,-43.08539882,412.68
146.68794299,-43.08539252,412.87
146.68794303,-43.08538432,413.00
146.68794316,-43.08535893,385.55
146.68794328,-43.08533534,408.05
146.68794357,-43.08527797,392.94
146.68794372,-43.08524844,392.60
146.68794388,-43.08521683,396.05
146.68794420,-43.08515506,393.45
146.68794431,-43.08513156,394.05
146.68794451,-43.08509275,395.85
146.68794465,-43.08506492,395.58
146.68794481,-43.08503377,393.23
146.68794491,-43.08501314,393.87
146.68794510,-43.08497740,398.71
146.68794540,-43.08491805,432.61
146.68794541,-43.08491535,432.71
146.68794562,-43.08487438,429.20
146.68794579,-43.08483962,429.89
146.68794639,-43.08472337,406.01
146.68794741,-43.08452121,425.88
146.68794791,-43.08442261,464.07
146.68794816,-43.08437308,429.07
146.68794825,-43.08435588,445.58
146.68794836,-43.08433391,423.19
146.68794852,-43.08430266,442.63
146.68794864,-43.08427943,440.14
146.68794868,-43.08427196,434.58
146.68794880,-43.08424827,431.67
146.68794913,-43.08418263,439.10
146.68794930,-43.08414949,439.94
146.68794931,-43.08414715,439.87
146.68794943,-43.08412329,440.34
146.68794947,-43.08411572,442.93
146.68794955,-43.08409978,473.40
146.68794974,-43.08406178,435.83
146.68794983,-43.08404495,465.79
146.68795019,-43.08397462,439.93
146.68795025,-43.08396138,478.58
146.68795032,-43.08394805,483.34
146.68795047,-43.08391977,441.38
146.68795091,-43.08383171,460.58
146.68795140,-43.08373527,477.67
146.68795142,-43.08373185,492.95
146.68795143,-43.08373022,503.47
146.68795145,-43.08372527,477.36
146.68795150,-43.08371645,495.22
146.68795158,-43.08370060,493.83
146.68795160,-43.08369655,495.13
146.68795202,-43.08361280,482.94
146.68795209,-43.08359939,510.54
146.68795210,-43.08359642,465.77
146.68795211,-43.08359488,507.52
146.68795212,-43.08359443,466.87
146.68795217,-43.08358363,507.90
146.68795219,-43.08357939,507.04
146.68795226,-43.08356670,498.40
146.68795234,-43.08355049,499.74
146.68795240,-43.08353896,478.76
146.68795244,-43.08353086,479.31
146.68795260,-43.08349979,486.09
146.68795268,-43.08348241,478.10
146.68795278,-43.08346314,476.90
146.68795281,-43.08345801,527.87
146.68795286,-43.08344828,479.68
146.68795289,-43.08344081,484.90
146.68795291,-43.08343883,484.96
146.68795305,-43.08340965,482.72
146.68795306,-43.08340812,483.80
146.68795307,-43.08340596,517.91
146.68795365,-43.08329286,528.23
146.68795369,-43.08328449,494.50
146.68795381,-43.08326107,523.51
146.68795395,-43.08323217,504.47
146.68795396,-43.08323163,505.58
146.68795408,-43.08320777,510.08
146.68795434,-43.08315680,502.40
146.68795437,-43.08315041,508.90
146.68795441,-43.08314320,544.74
146.68795450,-43.08312475,510.58
146.68795456,-43.08311358,498.41
146.68795469,-43.08308773,538.23
146.68795476,-43.08307324,546.85
146.68795485,-43.08305576,536.74
146.68795490,-43.08304559,545.23
146.68795491,-43.08304343,541.02
146.68795498,-43.08302902,502.49
146.68795500,-43.08302659,537.53
146.68795500,-43.08302533,545.13
146.68795507,-43.08301290,533.04
146.68795517,-43.08299201,500.86
146.68795535,-43.08295770,541.71
146.68795535,-43.08295734,505.20
146.68795535,-43.08295617,541.87
146.68795536,-43.08295482,507.59
146.68795536,-43.08295428,541.91
146.68795542,-43.08294275,506.71
146.68795553,-43.08292123,538.44
146.68795561,-43.08290502,526.93
146.68795595,-43.08283974,521.87
146.68795623,-43.08278319,521.62
146.68795630,-43.08277094,522.66
146.68795642,-43.08274627,515.81
146.68795646,-43.08273816,517.09
146.68795675,-43.08268207,537.23
146.68795685,-43.08266207,555.94
146.68795685,-43.08266126,557.38
146.68795691,-43.08265063,523.96
146.68795695,-43.08264244,555.12
146.68795696,-43.08263974,558.68
146.68795698,-43.08263578,557.09
146.68795709,-43.08261426,527.65
146.68795717,-43.08259931,529.49
146.68795726,-43.08258085,530.92
146.68795727,-43.08257932,550.16
146.68795743,-43.08254790,532.94
146.68795751,-43.08253078,531.57
146.68795772,-43.08248954,532.82
146.68795792,-43.08245019,561.55
146.68795799,-43.08243767,533.90
146.68795805,-43.08242543,555.07
146.68795805,-43.08242498,556.07
146.68795806,-43.08242227,565.67
146.68795808,-43.08241957,561.07
146.68795850,-43.08233538,538.87
146.68795852,-43.08233358,538.98
146.68795853,-43.08233016,543.88
146.68795870,-43.08229765,544.78
146.68795885,-43.08226640,541.39
146.68795893,-43.08225226,539.29
146.68795896,-43.08224542,537.79
146.68795899,-43.08224047,557.22
146.68795905,-43.08222831,575.02
146.68795909,-43.08222129,567.92
146.68795912,-43.08221453,542.19
146.68795934,-43.08217104,568.14
146.68795939,-43.08216168,547.12
146.68795956,-43.08212854,545.19
146.68795986,-43.08206803,550.13
146.68796038,-43.08196618,540.49
146.68796077,-43.08189009,554.94
146.68796077,-43.08188955,569.94
146.68796077,-43.08188919,557.17
146.68796078,-43.08188595,546.86
146.68796087,-43.08186929,543.69
146.68796098,-43.08184759,558.09
146.68796099,-43.08184570,552.69
146.68796110,-43.08182462,559.49
146.68796116,-43.08181130,558.34
146.68796137,-43.08177204,557.04
146.68796166,-43.08171396,562.78
146.68796173,-43.08169919,544.32
146.68796178,-43.08169036,546.85
146.68796207,-43.08163238,550.90
146.68796233,-43.08158050,553.17
146.68796247,-43.08155358,546.67
146.68796248,-43.08155322,551.39
146.68796263,-43.08152207,557.95
146.68796270,-43.08150864,559.36
146.68796278,-43.08149271,562.21
146.68796280,-43.08148812,562.09
146.68796289,-43.08147227,564.77
146.68796289,-43.08147200,563.28
146.68796306,-43.08143805,561.13
146.68796329,-43.08139311,567.86
146.68796357,-43.08133719,580.14
146.68796360,-43.08133143,563.90
146.68796363,-43.08132612,568.55
146.68796373,-43.08130630,564.62
146.68796376,-43.08129955,585.99
146.68796389,-43.08127506,551.74
146.68796402,-43.08124823,571.48
146.68796423,-43.08120680,560.82
146.68796442,-43.08116889,562.02
146.68796463,-43.08112945,564.73
146.68796467,-43.08112072,556.44
146.68796472,-43.08111045,551.11
146.68796507,-43.08104138,559.46
146.68796515,-43.08102671,563.41
146.68796566,-43.08092639,560.63
146.68796568,-43.08092180,560.56
146.68796568,-43.08092099,563.01
146.68796574,-43.08090928,557.78
146.68796578,-43.08090244,557.82
146.68796619,-43.08082211,561.28
146.68796625,-43.08080870,576.31
146.68796633,-43.08079366,559.16
146.68796635,-43.08078871,562.20
146.68796667,-43.08072531,572.65
146.68796679,-43.08070397,587.87
146.68796680,-43.08070145,587.92
146.68796689,-43.08068263,580.20
146.68796695,-43.08067138,588.28
146.68796702,-43.08065787,588.06
146.68796722,-43.08061843,564.99
146.68796749,-43.08056503,587.28
146.68796751,-43.08056017,587.45
146.68796757,-43.08054945,557.01
146.68796774,-43.08051578,561.86
     </coordinates>
    </LineString>
   </MultiGeometry>
  </Placemark>
 </Document>
</kml>
