<kml>
 <Document>
  <Style id="yellow">
   <LineStyle>
   <color>ff00ffff</color>
   <width>1</width>
   </LineStyle>
  </Style>
  <Style id="red">
   <LineStyle>
   <color>ffff0000</color>
   <width>2</width>
   </LineStyle>
  </Style>
  <Style id="green">
   <LineStyle>
   <color>ff00ff00</color>
   <width>1</width>
   </LineStyle>
  </Style>
  <Placemark>
  <styleUrl>#yellow</styleUrl>
   <MultiGeometry>
    <LineString>
     <coordinates>
145.71327546,-37.66728156,1107.43
145.71321663,-37.66728092,1110.62
145.71318863,-37.66728062,1067.75
145.71311313,-37.66727979,1114.69
145.71310655,-37.66727972,1068.20
145.71310462,-37.66727970,1067.87
145.71308887,-37.66727953,1117.23
145.71307470,-37.66727937,1070.11
145.71296769,-37.66727821,1103.58
145.71293232,-37.66727782,1082.24
145.71291032,-37.66727758,1079.54
145.71290670,-37.66727754,1090.60
145.71281318,-37.66727652,1118.46
145.71278314,-37.66727619,1120.14
145.71276806,-37.66727603,1113.53
145.71275015,-37.66727583,1121.82
145.71274902,-37.66727582,1113.78
145.71274516,-37.66727578,1121.71
145.71271569,-37.66727545,1093.83
145.71270106,-37.66727529,1120.65
145.71269868,-37.66727527,1073.14
145.71254486,-37.66727359,1075.97
145.71242606,-37.66727230,1123.88
145.71239408,-37.66727195,1115.47
145.71238593,-37.66727186,1079.16
145.71238275,-37.66727182,1078.18
145.71225488,-37.66727043,1120.75
145.71216929,-37.66726949,1083.53
145.71211511,-37.66726890,1122.98
145.71206104,-37.66726831,1131.16
145.71201739,-37.66726783,1132.88
145.71192546,-37.66726683,1125.00
145.71189791,-37.66726653,1122.83
145.71188284,-37.66726636,1118.53
145.71183103,-37.66726580,1084.49
145.71166371,-37.66726397,1094.52
145.71155512,-37.66726278,1126.53
145.71152281,-37.66726243,1132.36
145.71151623,-37.66726236,1120.33
145.71151362,-37.66726233,1132.75
145.71143053,-37.66726142,1087.92
145.71141659,-37.66726127,1087.20
145.71139879,-37.66726108,1135.64
145.71139244,-37.66726100,1121.05
145.71137328,-37.66726080,1088.79
145.71136354,-37.66726069,1087.59
145.71133361,-37.66726036,1130.29
145.71131513,-37.66726016,1129.45
145.71129076,-37.66725989,1088.05
145.71126378,-37.66725960,1135.42
145.71125981,-37.66725956,1135.47
145.71124904,-37.66725944,1087.96
145.71121379,-37.66725905,1130.43
145.71120109,-37.66725891,1109.35
145.71109873,-37.66725779,1133.78
145.71108478,-37.66725764,1128.47
145.71107957,-37.66725758,1136.67
145.71105497,-37.66725732,1086.28
145.71097233,-37.66725641,1085.93
145.71097177,-37.66725641,1120.75
145.71094932,-37.66725616,1123.10
145.71089060,-37.66725552,1092.59
145.71088595,-37.66725547,1128.44
145.71088311,-37.66725544,1121.08
145.71082293,-37.66725478,1085.51
145.71078563,-37.66725437,1085.57
145.71073620,-37.66725383,1124.18
145.71073348,-37.66725380,1129.84
145.71072759,-37.66725374,1124.07
145.71071433,-37.66725359,1085.44
145.71068655,-37.66725329,1117.38
145.71060108,-37.66725235,1084.99
145.71054825,-37.66725178,1085.59
145.71054145,-37.66725170,1084.42
145.71053805,-37.66725167,1130.50
145.71047151,-37.66725094,1122.48
145.71046573,-37.66725088,1130.44
145.71045326,-37.66725074,1129.97
145.71043977,-37.66725059,1126.51
145.71033832,-37.66724948,1083.74
145.71030022,-37.66724906,1084.19
145.71024955,-37.66724851,1081.62
145.71017167,-37.66724766,1116.68
145.71017020,-37.66724764,1125.74
145.71010740,-37.66724696,1122.27
145.71010331,-37.66724691,1106.62
145.71004879,-37.66724632,1122.40
145.71004789,-37.66724630,1078.08
145.70990641,-37.66724476,1075.46
145.70987728,-37.66724444,1108.06
145.70983103,-37.66724393,1118.18
145.70981561,-37.66724376,1072.11
145.70980110,-37.66724361,1115.63
145.70974102,-37.66724295,1114.99
145.70971835,-37.66724270,1112.01
145.70971506,-37.66724266,1112.19
145.70971257,-37.66724264,1112.02
145.70968366,-37.66724232,1105.09
145.70961995,-37.66724163,1112.52
145.70961610,-37.66724158,1112.36
145.70949276,-37.66724023,1100.35
145.70945116,-37.66723978,1101.51
145.70939652,-37.66723918,1057.44
145.70934359,-37.66723860,1101.93
145.70933168,-37.66723847,1085.79
145.70921197,-37.66723716,1097.82
145.70918817,-37.66723690,1049.22
145.70915597,-37.66723655,1049.37
145.70914532,-37.66723643,1047.03
145.70910508,-37.66723599,1093.40
145.70908229,-37.66723574,1092.31
145.70898639,-37.66723469,1086.24
145.70885137,-37.66723321,1082.28
145.70883607,-37.66723305,1037.23
145.70878687,-37.66723251,1035.75
145.70877032,-37.66723232,1078.83
145.70876024,-37.66723222,1034.40
145.70870514,-37.66723161,1070.81
145.70861060,-37.66723058,1073.55
145.70858566,-37.66723030,1027.40
145.70855302,-37.66722995,1025.51
145.70837617,-37.66722801,1067.71
145.70831417,-37.66722733,1012.93
145.70830816,-37.66722726,1064.23
145.70828390,-37.66722700,1064.95
145.70826327,-37.66722677,1061.37
145.70825080,-37.66722663,1061.77
145.70817281,-37.66722578,1061.93
145.70804800,-37.66722441,1053.75
145.70791185,-37.66722292,1046.62
145.70788658,-37.66722265,1037.56
145.70787784,-37.66722255,1030.30
145.70784769,-37.66722222,995.49
145.70776959,-37.66722136,994.54
145.70771257,-37.66722074,1030.41
145.70771177,-37.66722073,1030.70
145.70770214,-37.66722063,1032.54
145.70767675,-37.66722035,985.70
145.70766281,-37.66722019,1031.70
145.70766269,-37.66722019,987.49
145.70764297,-37.66721997,986.93
145.70755080,-37.66721896,984.47
145.70754502,-37.66721890,1034.88
145.70753618,-37.66721880,983.22
145.70750569,-37.66721847,1033.27
145.70750467,-37.66721846,1020.89
145.70749300,-37.66721833,1026.69
145.70749265,-37.66721833,1001.16
145.70745626,-37.66721793,1027.42
145.70743518,-37.66721770,1026.09
145.70742883,-37.66721763,1026.37
145.70738122,-37.66721711,1024.64
145.70738065,-37.66721710,972.96
145.70731944,-37.66721643,1020.82
145.70731581,-37.66721639,1020.49
145.70727693,-37.66721597,993.45
145.70713172,-37.66721437,1016.25
145.70705384,-37.66721352,1012.57
145.70696292,-37.66721252,957.70
145.70692654,-37.66721212,1005.38
145.70680298,-37.66721077,1003.92
145.70666649,-37.66720927,946.23
145.70659632,-37.66720850,944.53
145.70651221,-37.66720758,989.55
145.70649384,-37.66720738,987.82
145.70646800,-37.66720710,937.05
145.70636960,-37.66720602,956.92
145.70632063,-37.66720548,985.72
145.70626327,-37.66720485,982.75
145.70623471,-37.66720454,929.84
145.70611851,-37.66720326,978.70
145.70611568,-37.66720323,926.89
145.70604471,-37.66720245,975.71
145.70603723,-37.66720237,972.99
145.70582196,-37.66720001,918.71
145.70579611,-37.66719972,914.20
145.70572822,-37.66719898,966.03
145.70568968,-37.66719855,959.60
145.70548313,-37.66719629,952.30
145.70545457,-37.66719598,903.29
145.70544561,-37.66719588,902.76
145.70532500,-37.66719455,953.39
145.70520722,-37.66719326,956.76
145.70493527,-37.66719027,929.07
145.70491815,-37.66719009,943.48
145.70491135,-37.66719001,890.78
145.70488255,-37.66718969,886.47
145.70485626,-37.66718940,935.74
145.70484481,-37.66718928,934.11
145.70460822,-37.66718668,880.31
145.70459712,-37.66718656,880.96
145.70451527,-37.66718566,928.11
145.70440498,-37.66718445,876.13
145.70439432,-37.66718433,928.74
145.70436042,-37.66718396,929.72
145.70435668,-37.66718392,929.25
145.70430023,-37.66718330,906.13
145.70424094,-37.66718265,876.80
145.70422020,-37.66718242,876.71
145.70417157,-37.66718188,923.19
145.70400130,-37.66718001,925.91
145.70396797,-37.66717965,920.53
145.70395619,-37.66717952,918.42
145.70388012,-37.66717868,922.52
145.70381925,-37.66717801,927.05
145.70357167,-37.66717529,922.15
145.70349867,-37.66717449,912.37
145.70334405,-37.66717279,912.18
145.70325925,-37.66717185,861.22
145.70315678,-37.66717073,862.67
145.70310905,-37.66717020,863.50
145.70297540,-37.66716873,864.97
145.70292938,-37.66716823,870.47
145.70283835,-37.66716723,859.18
145.70257298,-37.66716431,904.25
145.70245928,-37.66716306,916.65
145.70244931,-37.66716295,910.80
145.70239274,-37.66716233,859.11
145.70230613,-37.66716137,911.43
145.70222689,-37.66716050,914.36
145.70215128,-37.66715967,916.80
145.70212170,-37.66715934,916.60
145.70206660,-37.66715873,907.98
145.70189713,-37.66715687,909.87
145.70158891,-37.66715348,900.29
145.70135426,-37.66715089,844.83
145.70126686,-37.66714993,889.15
145.70124294,-37.66714967,843.29
145.70117322,-37.66714890,897.72
145.70116824,-37.66714884,881.05
145.70111496,-37.66714826,841.94
145.70104252,-37.66714746,861.33
145.70091544,-37.66714606,837.12
145.70090445,-37.66714594,892.89
145.70081263,-37.66714493,838.20
145.70077828,-37.66714455,837.69
145.70077499,-37.66714451,884.19
145.70024776,-37.66713870,822.66
145.70022747,-37.66713848,868.54
145.70015345,-37.66713766,821.64
145.69979965,-37.66713376,828.81
145.69965977,-37.66713222,858.73
145.69958099,-37.66713135,849.18
145.69951739,-37.66713065,815.98
145.69950855,-37.66713056,816.91
145.69944337,-37.66712984,832.44
145.69942478,-37.66712963,805.50
145.69909275,-37.66712597,808.45
145.69902938,-37.66712527,847.71
145.69901431,-37.66712510,840.83
145.69894187,-37.66712430,848.85
145.69887442,-37.66712356,853.45
145.69878623,-37.66712259,852.72
145.69876684,-37.66712237,853.94
145.69875199,-37.66712221,847.68
145.69873578,-37.66712203,796.63
145.69872025,-37.66712186,805.93
145.69871164,-37.66712176,847.34
145.69870699,-37.66712171,793.43
145.69828575,-37.66711706,841.60
145.69825661,-37.66711674,845.60
145.69817726,-37.66711587,846.38
145.69813770,-37.66711543,798.84
145.69796517,-37.66711352,774.18
145.69796007,-37.66711347,789.06
145.69794408,-37.66711329,778.63
145.69784807,-37.66711223,771.64
145.69769957,-37.66711059,775.20
145.69768222,-37.66711040,777.87
145.69759732,-37.66710946,767.18
145.69747999,-37.66710817,766.67
145.69740733,-37.66710737,768.42
145.69740619,-37.66710735,768.39
145.69740076,-37.66710729,768.84
145.69740007,-37.66710728,755.87
145.69721689,-37.66710526,753.36
145.69713176,-37.66710432,767.56
145.69695503,-37.66710237,754.80
145.69693825,-37.66710218,754.04
145.69693644,-37.66710216,754.10
145.69646260,-37.66709693,736.23
145.69607208,-37.66709261,731.65
145.69584491,-37.66709010,740.17
145.69557398,-37.66708710,794.02
145.69550699,-37.66708636,747.53
145.69521203,-37.66708310,760.48
145.69519865,-37.66708295,760.40
145.69511352,-37.66708201,759.03
145.69488907,-37.66707952,757.18
145.69485291,-37.66707912,792.68
145.69479566,-37.66707849,763.05
145.69476211,-37.66707812,765.19
145.69460159,-37.66707634,773.11
145.69434892,-37.66707354,764.90
145.69426991,-37.66707267,786.14
145.69423375,-37.66707227,780.20
145.69418013,-37.66707167,771.62
145.69402891,-37.66707000,799.30
145.69379856,-37.66706745,776.58
145.69379822,-37.66706745,791.62
145.69370391,-37.66706640,817.31
145.69366956,-37.66706602,796.03
145.69353421,-37.66706452,787.40
145.69352072,-37.66706437,840.47
145.69347594,-37.66706388,799.59
145.69345157,-37.66706360,801.70
145.69327099,-37.66706160,791.02
145.69325138,-37.66706139,817.68
145.69315933,-37.66706037,797.78
145.69300630,-37.66705867,833.07
145.69291992,-37.66705772,863.53
145.69290824,-37.66705758,803.91
145.69283456,-37.66705677,804.29
145.69276179,-37.66705596,805.52
145.69276167,-37.66705596,855.64
145.69250106,-37.66705307,812.39
145.69248372,-37.66705288,867.08
145.69241140,-37.66705208,817.03
145.69236605,-37.66705158,860.16
145.69232456,-37.66705111,844.01
145.69224431,-37.66705022,820.14
145.69221664,-37.66704992,872.24
145.69221415,-37.66704989,820.80
145.69200965,-37.66704762,878.31
145.69196250,-37.66704710,827.42
145.69171696,-37.66704437,830.23
145.69168851,-37.66704406,830.68
145.69142019,-37.66704108,833.64
145.69116865,-37.66703829,885.86
145.69115369,-37.66703812,835.20
145.69087346,-37.66703502,889.17
145.69081576,-37.66703438,843.33
145.69075874,-37.66703374,843.08
145.69063246,-37.66703234,844.96
145.69063178,-37.66703233,849.03
145.69057782,-37.66703173,894.17
145.69057125,-37.66703166,841.56
145.69051604,-37.66703105,845.74
145.69019807,-37.66702751,897.36
145.69014570,-37.66702693,902.35
145.69008494,-37.66702626,852.00
145.69001126,-37.66702544,851.15
145.69000366,-37.66702536,851.06
145.68997635,-37.66702505,905.56
145.68990516,-37.66702426,855.18
145.68990221,-37.66702423,856.92
145.68989994,-37.66702421,856.96
145.68986729,-37.66702384,856.42
145.68981254,-37.66702323,857.18
145.68965305,-37.66702146,856.56
145.68963650,-37.66702128,857.83
145.68958220,-37.66702067,856.92
145.68937022,-37.66701832,859.94
145.68925573,-37.66701705,912.16
145.68917558,-37.66701616,919.84
145.68909328,-37.66701524,919.51
145.68908807,-37.66701518,919.69
145.68901280,-37.66701435,864.90
145.68899636,-37.66701416,864.57
145.68892121,-37.66701333,867.19
145.68891622,-37.66701327,870.28
145.68890964,-37.66701320,923.88
145.68888278,-37.66701290,911.83
145.68886725,-37.66701273,866.24
145.68884242,-37.66701245,919.66
145.68858521,-37.66700959,881.82
145.68857921,-37.66700952,927.79
145.68847390,-37.66700836,921.13
145.68845769,-37.66700817,919.01
145.68842368,-37.66700780,925.96
145.68833515,-37.66700681,921.79
145.68825262,-37.66700589,918.73
145.68817202,-37.66700499,922.96
145.68808757,-37.66700406,869.55
145.68804007,-37.66700353,869.45
145.68796265,-37.66700267,871.77
145.68789169,-37.66700188,903.05
145.68785711,-37.66700149,872.92
145.68758199,-37.66699843,912.23
145.68746354,-37.66699711,915.73
145.68732399,-37.66699556,874.91
145.68730574,-37.66699536,929.52
145.68729951,-37.66699529,875.48
145.68726924,-37.66699495,875.58
145.68705216,-37.66699253,877.14
145.68699197,-37.66699186,896.24
145.68688314,-37.66699065,924.91
145.68687169,-37.66699053,932.91
145.68685798,-37.66699037,935.25
145.68664044,-37.66698795,913.01
145.68653785,-37.66698681,933.58
145.68652119,-37.66698662,880.54
145.68649399,-37.66698632,936.04
145.68648333,-37.66698620,884.24
145.68609020,-37.66698182,929.13
145.68604633,-37.66698133,881.85
145.68595916,-37.66698036,883.73
145.68593332,-37.66698007,881.17
145.68580239,-37.66697861,925.31
145.68578879,-37.66697846,932.76
145.68578278,-37.66697840,935.59
145.68575591,-37.66697809,880.47
145.68569164,-37.66697738,881.21
145.68568574,-37.66697731,931.56
145.68564867,-37.66697690,921.65
145.68558168,-37.66697615,929.88
145.68544599,-37.66697464,880.63
145.68539634,-37.66697409,880.77
145.68536426,-37.66697373,924.67
145.68531019,-37.66697313,881.23
145.68518504,-37.66697173,915.29
145.68510898,-37.66697089,936.68
145.68507814,-37.66697054,928.48
145.68507429,-37.66697050,928.89
145.68506726,-37.66697042,926.80
145.68506636,-37.66697041,880.97
145.68505955,-37.66697033,925.63
145.68505865,-37.66697032,880.54
145.68504640,-37.66697019,929.51
145.68496717,-37.66696930,880.67
145.68477605,-37.66696717,927.02
145.68474986,-37.66696688,913.84
145.68474589,-37.66696684,917.62
145.68468445,-37.66696615,930.52
145.68465226,-37.66696579,880.16
145.68445717,-37.66696361,880.72
145.68427602,-37.66696160,878.79
145.68414407,-37.66696012,879.38
145.68406484,-37.66695924,903.51
145.68395873,-37.66695805,877.16
145.68392631,-37.66695769,879.08
145.68382316,-37.66695654,876.66
145.68382225,-37.66695653,890.38
145.68378326,-37.66695610,876.87
145.68370425,-37.66695521,877.99
145.68367670,-37.66695491,877.29
145.68364995,-37.66695461,912.39
145.68357150,-37.66695373,921.53
145.68356153,-37.66695362,922.02
145.68353829,-37.66695336,922.36
145.68347198,-37.66695262,928.51
145.68336440,-37.66695142,920.45
145.68335080,-37.66695127,930.04
145.68333028,-37.66695104,934.50
145.68332552,-37.66695099,931.91
145.68331826,-37.66695090,929.43
145.68327723,-37.66695045,926.70
145.68323902,-37.66695002,928.95
145.68306910,-37.66694812,875.08
145.68293784,-37.66694666,876.07
145.68280215,-37.66694514,875.03
145.68268845,-37.66694387,875.00
145.68267609,-37.66694373,927.94
145.68258325,-37.66694270,921.75
145.68248724,-37.66694162,902.76
145.68246037,-37.66694132,904.13
145.68241650,-37.66694083,923.80
145.68233794,-37.66693996,875.24
145.68232876,-37.66693985,875.55
145.68221110,-37.66693854,918.51
145.68220917,-37.66693852,919.52
145.68218956,-37.66693830,923.36
145.68218650,-37.66693826,909.20
145.68218298,-37.66693823,880.12
145.68217097,-37.66693809,920.34
145.68200365,-37.66693622,874.00
145.68189166,-37.66693497,925.20
145.68189007,-37.66693495,926.10
145.68187805,-37.66693482,891.27
145.68177343,-37.66693365,932.49
145.68172876,-37.66693315,911.96
145.68167900,-37.66693259,874.66
145.68159466,-37.66693165,886.60
145.68149162,-37.66693050,925.83
145.68149139,-37.66693049,897.41
145.68144763,-37.66693000,872.40
145.68139549,-37.66692942,915.20
145.68137134,-37.66692915,922.24
145.68136137,-37.66692904,926.11
145.68132748,-37.66692866,874.04
145.68131002,-37.66692847,873.72
145.68129642,-37.66692831,886.82
145.68126921,-37.66692801,873.33
145.68119598,-37.66692719,919.08
145.68116843,-37.66692688,913.16
145.68105043,-37.66692556,871.75
145.68099114,-37.66692490,896.38
145.68088969,-37.66692376,871.26
145.68085330,-37.66692336,868.92
145.68076046,-37.66692232,867.03
145.68074743,-37.66692217,870.26
145.68072260,-37.66692190,869.64
145.68055562,-37.66692003,883.13
145.68034670,-37.66691769,923.10
145.68025182,-37.66691663,877.47
145.68006569,-37.66691454,930.25
145.68005367,-37.66691441,893.38
145.68002341,-37.66691407,929.83
145.68000096,-37.66691382,934.39
145.67986131,-37.66691226,864.40
145.67977720,-37.66691132,930.50
145.67975486,-37.66691107,927.61
145.67970997,-37.66691057,930.00
145.67966327,-37.66691004,931.22
145.67965783,-37.66690998,931.06
145.67962847,-37.66690965,924.69
145.67957089,-37.66690901,929.08
145.67924226,-37.66690533,930.01
145.67923501,-37.66690525,916.38
145.67922276,-37.66690511,928.74
145.67917549,-37.66690458,927.65
145.67896873,-37.66690226,861.20
145.67895966,-37.66690216,904.52
145.67895320,-37.66690209,913.83
145.67894300,-37.66690198,923.57
145.67893348,-37.66690187,903.97
145.67892803,-37.66690181,925.11
145.67891352,-37.66690164,912.07
145.67890582,-37.66690156,874.08
145.67868024,-37.66689903,911.20
145.67864736,-37.66689866,885.76
145.67864169,-37.66689860,902.74
145.67830060,-37.66689478,922.57
145.67828632,-37.66689462,923.02
145.67827929,-37.66689454,855.46
145.67822850,-37.66689397,885.08
145.67821320,-37.66689380,897.21
145.67821014,-37.66689377,885.03
145.67815029,-37.66689309,902.02
145.67805824,-37.66689206,923.83
145.67804509,-37.66689191,852.31
145.67797776,-37.66689116,852.77
145.67796812,-37.66689105,855.67
145.67795781,-37.66689093,866.64
145.67794058,-37.66689074,913.63
145.67793718,-37.66689070,907.34
145.67789376,-37.66689022,852.07
145.67787869,-37.66689005,906.69
145.67787846,-37.66689005,861.61
145.67774186,-37.66688851,858.97
145.67773132,-37.66688840,861.95
145.67771137,-37.66688817,864.95
145.67762148,-37.66688716,887.72
145.67760753,-37.66688701,911.38
145.67758407,-37.66688675,893.49
145.67755913,-37.66688646,864.38
145.67755255,-37.66688639,862.95
145.67724547,-37.66688295,847.00
145.67713778,-37.66688174,848.82
145.67710649,-37.66688139,856.67
145.67707351,-37.66688102,914.53
145.67704811,-37.66688073,848.44
145.67691843,-37.66687928,844.97
145.67672108,-37.66687706,903.31
145.67666825,-37.66687647,910.46
145.67666089,-37.66687639,848.64
145.67665216,-37.66687629,870.58
145.67663640,-37.66687611,848.60
145.67644007,-37.66687391,923.64
145.67641241,-37.66687360,925.46
145.67640152,-37.66687348,860.80
145.67637681,-37.66687320,856.16
145.67630902,-37.66687244,864.08
145.67626379,-37.66687193,914.31
145.67621505,-37.66687139,850.97
145.67620723,-37.66687130,920.46
145.67609909,-37.66687008,888.51
145.67608140,-37.66686989,909.72
145.67601656,-37.66686916,874.73
145.67590559,-37.66686791,910.79
145.67579880,-37.66686671,921.93
145.67573022,-37.66686594,902.19
145.67572909,-37.66686593,903.05
145.67567128,-37.66686528,899.21
145.67564838,-37.66686502,915.10
145.67563659,-37.66686489,860.30
145.67563546,-37.66686488,861.16
145.67562729,-37.66686479,861.63
145.67562503,-37.66686476,863.30
145.67561086,-37.66686460,863.94
145.67558025,-37.66686426,857.50
145.67557742,-37.66686423,857.48
145.67549376,-37.66686329,855.63
145.67541804,-37.66686244,865.49
145.67540863,-37.66686233,865.74
145.67536374,-37.66686183,912.47
145.67533449,-37.66686150,923.29
145.67531148,-37.66686124,855.19
145.67530343,-37.66686115,853.52
145.67528121,-37.66686090,864.38
145.67527974,-37.66686088,869.35
145.67527861,-37.66686087,853.53
145.67525548,-37.66686061,868.74
145.67517523,-37.66685971,852.67
145.67517352,-37.66685969,853.97
145.67517307,-37.66685969,917.13
145.67517216,-37.66685968,855.07
145.67508613,-37.66685871,860.65
145.67498966,-37.66685762,856.01
145.67492323,-37.66685688,918.73
145.67485692,-37.66685613,903.87
145.67485488,-37.66685611,917.76
145.67485386,-37.66685610,911.44
145.67482552,-37.66685578,869.60
145.67481021,-37.66685561,855.30
145.67479593,-37.66685545,860.14
145.67474798,-37.66685491,910.17
145.67460130,-37.66685326,866.60
145.67459064,-37.66685314,854.49
145.67458645,-37.66685309,856.93
145.67452920,-37.66685245,854.74
145.67431462,-37.66685004,853.60
145.67425080,-37.66684932,862.59
145.67419956,-37.66684875,852.74
145.67419525,-37.66684870,872.18
145.67418890,-37.66684863,925.52
145.67418720,-37.66684861,926.53
145.67411375,-37.66684778,862.21
145.67406534,-37.66684724,858.76
145.67382786,-37.66684457,932.65
145.67381845,-37.66684446,929.89
145.67381675,-37.66684444,932.16
145.67381097,-37.66684438,925.92
145.67378195,-37.66684405,894.82
145.67368775,-37.66684299,864.15
145.67363255,-37.66684237,870.63
145.67352894,-37.66684121,914.77
145.67349618,-37.66684084,901.44
145.67348722,-37.66684074,864.69
145.67335777,-37.66683928,856.23
145.67332081,-37.66683886,865.01
145.67313876,-37.66683681,873.04
145.67313128,-37.66683673,873.82
145.67309807,-37.66683635,877.07
145.67302563,-37.66683554,914.73
145.67294198,-37.66683460,849.58
145.67279166,-37.66683291,907.75
145.67265903,-37.66683142,905.18
145.67262820,-37.66683107,919.23
145.67261789,-37.66683095,901.98
145.67254828,-37.66683017,865.13
145.67249546,-37.66682957,910.54
145.67241997,-37.66682873,909.01
145.67233291,-37.66682775,863.64
145.67231114,-37.66682750,875.83
145.67229833,-37.66682735,868.56
145.67224301,-37.66682673,847.01
145.67222091,-37.66682648,846.68
145.67221830,-37.66682645,846.48
145.67215335,-37.66682572,847.09
145.67210744,-37.66682520,844.72
145.67206198,-37.66682469,883.07
145.67204113,-37.66682446,890.57
145.67201868,-37.66682421,893.73
145.67201358,-37.66682415,893.97
145.67185851,-37.66682240,909.70
145.67184048,-37.66682220,872.31
145.67184037,-37.66682220,873.94
145.67183969,-37.66682219,860.81
145.67183912,-37.66682218,864.88
145.67183323,-37.66682212,861.28
145.67180398,-37.66682179,895.07
145.67177553,-37.66682147,865.34
145.67166229,-37.66682019,897.23
145.67163576,-37.66681989,856.04
145.67160799,-37.66681958,849.19
145.67157489,-37.66681921,848.84
145.67151832,-37.66681857,847.80
145.67143943,-37.66681768,864.98
145.67141653,-37.66681742,863.39
145.67120353,-37.66681502,848.88
145.67120217,-37.66681501,869.11
145.67115388,-37.66681446,867.35
145.67108915,-37.66681373,873.99
145.67105594,-37.66681336,861.71
145.67097874,-37.66681249,850.79
145.67094508,-37.66681211,917.74
145.67088647,-37.66681145,910.15
145.67087128,-37.66681128,914.43
145.67085711,-37.66681112,908.40
145.67074931,-37.66680991,853.24
145.67073922,-37.66680979,851.71
145.67056476,-37.66680783,909.58
145.67056261,-37.66680780,925.09
145.67056227,-37.66680780,926.62
145.67053064,-37.66680744,889.16
145.67034009,-37.66680529,866.48
145.67028590,-37.66680468,845.15
145.67019295,-37.66680364,863.89
145.67016881,-37.66680336,862.96
145.67006338,-37.66680217,859.00
145.67001646,-37.66680164,863.95
145.66992486,-37.66680061,860.51
145.66983985,-37.66679965,871.37
145.66980856,-37.66679930,870.13
145.66979371,-37.66679913,864.68
145.66974111,-37.66679854,862.56
145.66974077,-37.66679854,854.29
145.66971153,-37.66679820,869.64
145.66970246,-37.66679810,908.47
145.66968919,-37.66679795,866.39
145.66968863,-37.66679795,866.11
145.66968421,-37.66679789,854.47
145.66957017,-37.66679661,856.56
145.66955283,-37.66679641,904.14
145.66945058,-37.66679526,871.78
145.66944729,-37.66679522,910.34
145.66943459,-37.66679508,907.21
145.66941226,-37.66679483,853.34
145.66937497,-37.66679441,852.32
145.66936601,-37.66679431,860.95
145.66931036,-37.66679368,850.42
145.66920165,-37.66679245,867.57
145.66913545,-37.66679170,853.64
145.66896983,-37.66678984,859.32
145.66896133,-37.66678974,858.27
145.66895793,-37.66678970,855.60
145.66889366,-37.66678898,866.07
145.66888651,-37.66678889,868.01
145.66888447,-37.66678887,868.01
145.66882031,-37.66678815,859.83
145.66880535,-37.66678798,859.93
145.66878801,-37.66678778,847.25
145.66872997,-37.66678713,868.34
145.66872736,-37.66678710,861.46
145.66872600,-37.66678708,867.76
145.66866184,-37.66678636,868.87
145.66862205,-37.66678591,870.67
145.66849316,-37.66678445,906.97
145.66842493,-37.66678368,868.92
145.66823653,-37.66678156,916.88
145.66816556,-37.66678075,867.91
145.66814697,-37.66678055,869.01
145.66814074,-37.66678048,869.84
145.66803192,-37.66677925,852.17
145.66800528,-37.66677894,863.72
145.66792298,-37.66677802,856.28
145.66789589,-37.66677771,863.58
145.66767677,-37.66677523,859.68
145.66765739,-37.66677501,851.87
145.66758778,-37.66677423,856.98
145.66749495,-37.66677318,863.37
145.66733545,-37.66677138,867.76
145.66730065,-37.66677098,866.28
145.66729702,-37.66677094,864.52
145.66722674,-37.66677015,865.49
145.66718548,-37.66676968,869.50
145.66711667,-37.66676890,855.23
145.66709672,-37.66676868,863.19
145.66706612,-37.66676833,872.40
145.66706453,-37.66676832,867.78
145.66705886,-37.66676825,875.04
145.66696228,-37.66676716,856.92
145.66688928,-37.66676633,876.65
145.66686434,-37.66676605,865.71
145.66685380,-37.66676594,877.46
145.66682399,-37.66676560,871.98
145.66676266,-37.66676490,879.83
145.66665146,-37.66676365,874.02
145.66662981,-37.66676340,874.47
145.66656576,-37.66676268,870.42
145.66651702,-37.66676212,872.24
145.66650047,-37.66676194,932.07
145.66649469,-37.66676188,915.16
145.66630277,-37.66675970,923.25
145.66626842,-37.66675932,933.93
145.66626763,-37.66675930,936.14
145.66623895,-37.66675898,871.80
145.66623419,-37.66675893,877.91
145.66623294,-37.66675891,934.48
145.66623283,-37.66675891,937.04
145.66623136,-37.66675889,880.03
145.66622818,-37.66675886,919.77
145.66622501,-37.66675882,928.16
145.66622138,-37.66675878,907.71
145.66620789,-37.66675863,905.49
145.66620200,-37.66675856,878.21
145.66618998,-37.66675843,920.48
145.66605951,-37.66675695,879.51
145.66602482,-37.66675656,936.52
145.66598809,-37.66675615,937.74
145.66596180,-37.66675585,882.18
145.66594627,-37.66675567,882.66
145.66579493,-37.66675396,880.51
145.66575118,-37.66675346,886.82
145.66572420,-37.66675316,882.60
145.66567274,-37.66675258,896.43
145.66564859,-37.66675230,896.01
145.66559554,-37.66675171,890.81
145.66549896,-37.66675061,941.78
145.66547493,-37.66675034,895.76
145.66541440,-37.66674965,889.63
145.66520933,-37.66674733,954.52
145.66509790,-37.66674607,913.99
145.66507523,-37.66674582,915.75
145.66504383,-37.66674546,912.94
145.66498251,-37.66674476,895.40
145.66496165,-37.66674453,893.91
145.66493773,-37.66674426,893.35
145.66485883,-37.66674336,902.84
145.66482256,-37.66674295,894.57
145.66470671,-37.66674164,952.17
145.66469413,-37.66674150,911.23
145.66449496,-37.66673924,941.72
145.66446753,-37.66673893,912.78
145.66444202,-37.66673864,969.16
145.66437764,-37.66673792,901.17
145.66421905,-37.66673612,903.35
145.66417881,-37.66673566,910.66
145.66416861,-37.66673555,910.61
145.66414367,-37.66673527,977.83
145.66396615,-37.66673325,956.67
145.66395992,-37.66673319,957.26
145.66394903,-37.66673306,912.82
145.66394711,-37.66673304,907.46
145.66392693,-37.66673281,974.96
145.66391843,-37.66673271,960.10
145.66390936,-37.66673261,958.84
145.66389530,-37.66673245,922.02
145.66385370,-37.66673198,923.77
145.66377685,-37.66673111,967.54
145.66373592,-37.66673065,967.98
145.66362189,-37.66672935,978.70
145.66359820,-37.66672909,969.97
145.66359695,-37.66672907,967.86
145.66358811,-37.66672897,925.72
145.66355591,-37.66672861,921.33
145.66354072,-37.66672844,969.44
145.66341048,-37.66672696,919.28
145.66340934,-37.66672695,927.81
145.66338531,-37.66672667,976.66
145.66336026,-37.66672639,969.78
145.66329814,-37.66672569,925.82
145.66328760,-37.66672556,934.85
145.66328091,-37.66672549,920.23
145.66320292,-37.66672461,926.97
145.66310147,-37.66672346,983.97
145.66305318,-37.66672291,935.08
145.66305102,-37.66672289,934.19
145.66305080,-37.66672288,985.44
145.66304037,-37.66672276,961.49
145.66302790,-37.66672262,976.58
145.66299412,-37.66672224,975.25
145.66299197,-37.66672222,925.81
145.66298720,-37.66672216,973.60
145.66287929,-37.66672094,923.00
145.66284619,-37.66672056,986.00
145.66282046,-37.66672027,991.15
145.66274383,-37.66671940,986.38
145.66271050,-37.66671902,985.35
145.66270642,-37.66671898,989.15
145.66268772,-37.66671877,988.44
145.66264713,-37.66671830,985.44
145.66263501,-37.66671817,986.45
145.66260644,-37.66671784,982.36
145.66257425,-37.66671748,921.27
145.66255430,-37.66671725,981.99
145.66246644,-37.66671626,986.44
145.66243096,-37.66671585,988.26
145.66242768,-37.66671582,988.02
145.66242552,-37.66671579,981.20
145.66242360,-37.66671577,958.68
145.66241668,-37.66671569,954.95
145.66230956,-37.66671448,953.33
145.66230196,-37.66671439,989.50
145.66229278,-37.66671428,989.00
145.66224801,-37.66671378,986.04
145.66224325,-37.66671373,930.14
145.66221468,-37.66671340,917.21
145.66219371,-37.66671316,980.16
145.66219122,-37.66671313,971.01
145.66214270,-37.66671258,927.83
145.66200123,-37.66671098,942.95
145.66198978,-37.66671085,973.32
145.66193571,-37.66671024,962.80
145.66190669,-37.66670991,966.23
145.66190590,-37.66670990,913.70
145.66190397,-37.66670987,914.10
145.66190261,-37.66670986,965.62
145.66189581,-37.66670978,914.85
145.66188085,-37.66670961,915.93
145.66172668,-37.66670786,907.42
145.66165425,-37.66670704,921.58
145.66159734,-37.66670639,892.18
145.66151799,-37.66670550,919.92
145.66148977,-37.66670518,919.49
145.66145701,-37.66670480,961.92
145.66144318,-37.66670465,962.08
145.66139579,-37.66670411,918.37
145.66138015,-37.66670393,966.80
145.66134320,-37.66670351,967.41
145.66133163,-37.66670338,920.49
145.66131236,-37.66670316,969.79
145.66130329,-37.66670306,912.47
145.66112725,-37.66670106,976.59
145.66112385,-37.66670102,966.14
145.66111614,-37.66670093,975.79
145.66106615,-37.66670037,971.44
145.66103849,-37.66670005,963.31
145.66102534,-37.66669990,963.78
145.66091675,-37.66669867,920.56
145.66084556,-37.66669786,971.67
145.66083910,-37.66669779,973.72
145.66080759,-37.66669743,964.38
145.66080441,-37.66669739,971.15
145.66076848,-37.66669698,939.55
145.66076474,-37.66669694,939.31
145.66076156,-37.66669691,939.37
145.66073663,-37.66669662,967.97
145.66073300,-37.66669658,967.76
145.66070897,-37.66669631,924.42
145.66070738,-37.66669629,961.99
145.66070217,-37.66669623,924.53
145.66069230,-37.66669612,924.84
145.66068766,-37.66669607,967.36
145.66068505,-37.66669604,924.79
145.66067938,-37.66669597,925.38
145.66064639,-37.66669560,928.37
145.66052669,-37.66669424,973.54
145.66051411,-37.66669410,976.06
145.66050345,-37.66669398,930.12
145.66050289,-37.66669397,976.19
145.66049257,-37.66669385,934.51
145.66048429,-37.66669376,958.65
145.66036606,-37.66669242,934.83
145.66035711,-37.66669231,933.92
145.66028059,-37.66669144,972.33
145.66027198,-37.66669135,978.84
145.66020385,-37.66669057,937.07
145.66019365,-37.66669046,937.26
145.66017052,-37.66669019,987.66
145.66014853,-37.66668994,985.76
145.66012768,-37.66668971,953.92
145.66000661,-37.66668833,979.43
145.66000287,-37.66668829,971.75
145.65999924,-37.66668825,949.85
145.65999460,-37.66668820,992.81
145.65997079,-37.66668792,951.98
145.65996172,-37.66668782,944.54
145.65991797,-37.66668732,954.87
145.65982014,-37.66668621,946.44
145.65981595,-37.66668617,961.72
145.65978069,-37.66668576,988.21
145.65976528,-37.66668559,989.24
145.65973048,-37.66668519,958.79
145.65971551,-37.66668502,1006.06
145.65968615,-37.66668469,1002.74
145.65967266,-37.66668454,995.10
145.65963877,-37.66668415,950.05
145.65950660,-37.66668265,1004.22
145.65947100,-37.66668224,1004.44
145.65945491,-37.66668206,955.89
145.65939335,-37.66668136,1004.84
145.65934450,-37.66668081,955.20
145.65931695,-37.66668049,1011.53
145.65924418,-37.66667967,968.52
145.65924395,-37.66667967,965.16
145.65923715,-37.66667959,1005.00
145.65919781,-37.66667914,980.04
145.65918058,-37.66667894,961.79
145.65914284,-37.66667851,958.16
145.65913547,-37.66667843,959.07
145.65912980,-37.66667837,1010.34
145.65905612,-37.66667753,1005.46
145.65904082,-37.66667736,960.58
145.65903946,-37.66667734,964.43
145.65903424,-37.66667728,1008.07
145.65902925,-37.66667722,966.98
145.65901588,-37.66667707,969.42
145.65899899,-37.66667688,958.28
145.65893131,-37.66667611,958.42
145.65890184,-37.66667577,1017.34
145.65887645,-37.66667549,1016.14
145.65883371,-37.66667500,1010.15
145.65874110,-37.66667395,1015.06
145.65872036,-37.66667371,959.98
145.65871730,-37.66667368,959.98
145.65870789,-37.66667357,1016.70
145.65869814,-37.66667346,1009.32
145.65869791,-37.66667346,959.66
145.65868782,-37.66667334,1017.72
145.65865756,-37.66667300,960.43
145.65864305,-37.66667283,1010.33
145.65855984,-37.66667188,961.87
145.65853003,-37.66667154,963.38
145.65852822,-37.66667153,1009.57
145.65851972,-37.66667143,961.77
145.65850498,-37.66667126,972.07
145.65850090,-37.66667121,971.84
145.65845533,-37.66667069,1014.58
145.65838380,-37.66666988,1012.82
145.65837360,-37.66666977,1011.53
145.65834073,-37.66666939,1007.35
145.65827237,-37.66666861,963.41
145.65826727,-37.66666856,1008.12
145.65814950,-37.66666722,1010.78
145.65808103,-37.66666644,961.46
145.65803727,-37.66666594,963.11
145.65803353,-37.66666590,1007.72
145.65799714,-37.66666548,963.34
145.65797901,-37.66666527,999.09
145.65794534,-37.66666489,983.15
145.65794160,-37.66666485,961.72
145.65791065,-37.66666450,965.94
145.65785998,-37.66666392,961.73
145.65779752,-37.66666321,1007.03
145.65769426,-37.66666203,1016.65
145.65764132,-37.66666143,961.64
145.65760686,-37.66666104,976.96
145.65751062,-37.66665994,961.91
145.65749883,-37.66665981,971.21
145.65747321,-37.66665952,982.97
145.65742186,-37.66665893,962.74
145.65737890,-37.66665845,1003.09
145.65728039,-37.66665732,966.56
145.65725920,-37.66665708,965.72
145.65724571,-37.66665693,973.97
145.65716806,-37.66665604,967.35
145.65714743,-37.66665581,1015.92
145.65711308,-37.66665542,1021.21
145.65710855,-37.66665537,968.41
145.65710390,-37.66665531,969.01
145.65709755,-37.66665524,969.55
145.65706128,-37.66665483,974.90
145.65698714,-37.66665398,969.45
145.65696640,-37.66665375,988.64
145.65694067,-37.66665345,1023.43
145.65692922,-37.66665332,1022.98
145.65684703,-37.66665239,1025.89
145.65682912,-37.66665218,993.12
145.65678820,-37.66665172,1024.02
145.65678503,-37.66665168,1012.73
145.65677392,-37.66665165,1002.39
145.65676802,-37.66665167,1022.75
145.65676631,-37.66665237,1024.45
145.65676600,-37.66665706,1017.50
145.65676521,-37.66666913,1023.73
145.65676478,-37.66669318,975.62
145.65676474,-37.66669508,974.78
145.65676474,-37.66669516,974.89
145.65676427,-37.66672147,1021.11
145.65676301,-37.66679149,1021.59
145.65676271,-37.66680780,1010.55
145.65676242,-37.66682402,978.18
145.65676238,-37.66682618,1014.36
145.65676188,-37.66685376,1023.17
145.65676175,-37.66686096,974.58
145.65676146,-37.66687755,975.48
145.65676140,-37.66688043,974.87
145.65676081,-37.66691341,976.07
145.65676047,-37.66693215,986.85
145.65676037,-37.66693774,984.52
145.65676019,-37.66694792,1023.97
145.65675995,-37.66696099,1022.60
145.65675944,-37.66698946,988.05
145.65675819,-37.66705849,993.88
145.65675816,-37.66706020,1016.63
145.65675806,-37.66706614,1019.48
145.65675743,-37.66710111,1029.83
145.65675727,-37.66710976,1028.86
145.65675706,-37.66712138,1021.46
145.65675682,-37.66713490,985.55
145.65675671,-37.66714094,1035.22
145.65675666,-37.66714382,1026.15
145.65675654,-37.66715049,1033.24
145.65675574,-37.66719437,1028.46
145.65675546,-37.66721032,1031.21
145.65675540,-37.66721338,1025.37
145.65675487,-37.66724294,1028.60
145.65675478,-37.66724772,1028.84
145.65675460,-37.66725808,983.27
145.65675310,-37.66734107,1029.52
145.65675278,-37.66735873,1030.21
145.65675186,-37.66740973,988.56
145.65675166,-37.66742082,987.42
145.65675155,-37.66742730,1032.50
145.65675144,-37.66743307,999.55
145.65675133,-37.66743911,996.90
145.65675123,-37.66744469,1005.03
145.65675119,-37.66744695,1032.88
145.65675118,-37.66744740,993.51
145.65675114,-37.66745001,1036.54
145.65675113,-37.66745046,1036.02
145.65675050,-37.66748551,1035.82
145.65675016,-37.66750390,1033.59
145.65675010,-37.66750759,1039.74
145.65675005,-37.66751047,1030.98
145.65674907,-37.66756490,1030.79
145.65674871,-37.66758445,1008.47
145.65674811,-37.66761779,990.95
145.65674786,-37.66763149,1043.07
145.65674726,-37.66766510,1040.49
145.65674695,-37.66768240,993.75
145.65674274,-37.66791606,1039.41
145.65674258,-37.66792462,1034.33
145.65674125,-37.66799832,996.52
145.65674045,-37.66804275,1034.51
145.65673978,-37.66807996,1017.94
145.65673962,-37.66808916,1016.73
145.65673960,-37.66809015,1020.44
145.65673947,-37.66809745,1043.72
145.65673920,-37.66811231,1039.92
145.65673905,-37.66812060,1044.12
145.65673897,-37.66812475,996.20
145.65673763,-37.66819927,1041.86
145.65673746,-37.66820846,1005.06
145.65673725,-37.66822036,1036.57
145.65673712,-37.66822774,1002.65
145.65673696,-37.66823667,993.71
145.65673685,-37.66824234,993.18
145.65673644,-37.66826550,1038.94
145.65673510,-37.66833939,995.03
145.65673418,-37.66839084,993.56
145.65673360,-37.66842256,1037.89
145.65673358,-37.66842391,993.22
145.65673344,-37.66843157,1023.34
145.65673331,-37.66843887,1038.58
145.65673308,-37.66845157,1038.03
145.65673297,-37.66845779,1030.84
145.65673272,-37.66847167,1031.42
145.65673247,-37.66848573,1000.00
145.65673213,-37.66850429,992.71
145.65673193,-37.66851528,1036.33
145.65672998,-37.66862350,1031.04
145.65672992,-37.66862684,1038.93
145.65672973,-37.66863756,1038.62
145.65672967,-37.66864090,1034.47
145.65672952,-37.66864919,1038.91
145.65672911,-37.66867198,1024.93
145.65672903,-37.66867622,1032.49
145.65672858,-37.66870109,1001.78
145.65672812,-37.66872677,1000.76
145.65672749,-37.66876191,1015.10
145.65672674,-37.66880363,1024.32
145.65672639,-37.66882301,1012.88
145.65672614,-37.66883688,1022.43
145.65672594,-37.66884752,1032.80
145.65672591,-37.66884968,1025.76
145.65672587,-37.66885157,1029.13
145.65672582,-37.66885428,986.71
145.65672581,-37.66885517,1035.77
145.65672557,-37.66886824,1035.81
145.65672483,-37.66890924,1025.50
145.65672479,-37.66891131,1004.49
145.65672446,-37.66892987,1004.39
145.65672399,-37.66895583,1002.15
145.65672304,-37.66900890,1037.93
145.65672248,-37.66903971,1030.43
145.65672208,-37.66906216,987.68
145.65672167,-37.66908477,988.40
145.65672158,-37.66908955,997.72
145.65672134,-37.66910315,1000.49
145.65672100,-37.66912163,998.84
145.65672052,-37.66914866,995.58
145.65671836,-37.66926815,988.05
145.65671800,-37.66928806,1039.39
145.65671769,-37.66930563,1038.53
145.65671558,-37.66942250,988.59
145.65671553,-37.66942503,1024.70
145.65671516,-37.66944557,1034.26
145.65671495,-37.66945765,993.87
145.65671476,-37.66946783,1039.94
145.65671472,-37.66947026,1038.29
145.65671417,-37.66950072,1029.09
145.65671388,-37.66951703,1024.72
145.65671386,-37.66951802,1024.18
145.65671280,-37.66957650,990.34
145.65671255,-37.66959029,993.55
145.65671239,-37.66959966,1025.05
145.65671207,-37.66961732,994.13
145.65671182,-37.66963102,1015.57
145.65671168,-37.66963876,1020.25
145.65671159,-37.66964390,997.60
145.65671099,-37.66967697,1008.52
145.65671071,-37.66969265,1013.33
145.65671067,-37.66969454,1008.13
145.65671039,-37.66971013,1015.01
145.65670963,-37.66975266,998.95
145.65670962,-37.66975294,1020.16
145.65670960,-37.66975401,1014.08
145.65670928,-37.66977185,1024.10
145.65670839,-37.66982141,1031.48
145.65670834,-37.66982394,1029.60
145.65670793,-37.66984691,996.28
145.65670726,-37.66988404,997.74
145.65670692,-37.66990269,998.33
145.65670628,-37.66993847,999.08
145.65670341,-37.67009760,1002.33
145.65670253,-37.67014653,1040.85
145.65670246,-37.67015049,1016.91
145.65670151,-37.67020303,1004.24
145.65670115,-37.67022312,1005.74
145.65670092,-37.67023592,1006.46
145.65670054,-37.67025647,1007.29
145.65670045,-37.67026160,1046.22
145.65670038,-37.67026556,1050.46
145.65670038,-37.67026583,1007.91
145.65670025,-37.67027268,1051.15
145.65670019,-37.67027593,1007.03
145.65670016,-37.67027782,1008.02
145.65669995,-37.67028962,1007.87
145.65669991,-37.67029187,1052.49
145.65669988,-37.67029359,1037.10
145.65669969,-37.67030377,1052.67
145.65669965,-37.67030629,1010.06
145.65669921,-37.67033035,1042.49
145.65669859,-37.67036486,1025.85
145.65669836,-37.67037775,1043.39
145.65669797,-37.67039911,1042.49
145.65669770,-37.67041451,1014.65
145.65669765,-37.67041686,1048.72
145.65669758,-37.67042109,1053.27
145.65669740,-37.67043073,1053.69
145.65669724,-37.67044002,1029.23
145.65669683,-37.67046272,1045.87
145.65669681,-37.67046380,1056.24
145.65669668,-37.67047102,1047.11
145.65669665,-37.67047263,1050.69
145.65669661,-37.67047498,1058.16
145.65669577,-37.67052112,1053.50
145.65669564,-37.67052868,1024.14
145.65669525,-37.67055031,1054.23
145.65669523,-37.67055148,1015.65
145.65669502,-37.67056274,1048.78
145.65669500,-37.67056401,1059.09
145.65669498,-37.67056499,1053.10
145.65669486,-37.67057167,1045.81
145.65669484,-37.67057275,1062.51
145.65669473,-37.67057923,1036.93
145.65669440,-37.67059726,1059.69
145.65669438,-37.67059834,1059.29
145.65669422,-37.67060708,1021.83
145.65669412,-37.67061276,1059.54
145.65669398,-37.67062042,1043.58
145.65669389,-37.67062555,1057.50
145.65669359,-37.67064204,1061.95
145.65669354,-37.67064475,1066.38
145.65669354,-37.67064492,1018.16
145.65669343,-37.67065087,1059.74
145.65669342,-37.67065177,1059.26
145.65669308,-37.67067024,1059.89
145.65669284,-37.67068376,1057.78
145.65669274,-37.67068935,1053.40
145.65669229,-37.67071413,1028.22
145.65669145,-37.67076090,1022.29
145.65669128,-37.67077035,1065.11
145.65669126,-37.67077135,1064.64
145.65669123,-37.67077306,1065.33
145.65669113,-37.67077874,1061.97
145.65669088,-37.67079270,1041.83
145.65669087,-37.67079316,1023.32
145.65669068,-37.67080379,1020.98
145.65669016,-37.67083271,1058.33
145.65669012,-37.67083496,1021.87
145.65668854,-37.67092237,1024.10
145.65668797,-37.67095373,1064.99
145.65668640,-37.67104078,1061.90
145.65668519,-37.67110800,1021.98
145.65668383,-37.67118351,1021.78
145.65668312,-37.67122307,1057.70
145.65668279,-37.67124136,1058.27
145.65668205,-37.67128254,1056.07
145.65668196,-37.67128731,1064.17
145.65668145,-37.67131579,1062.11
145.65668103,-37.67133868,1061.47
145.65667842,-37.67148375,1020.46
145.65667523,-37.67166046,1017.77
145.65667465,-37.67169280,1021.62
145.65667410,-37.67172317,1048.86
145.65667393,-37.67173245,1023.63
145.65667355,-37.67175381,1048.29
145.65667323,-37.67177147,1058.03
145.65667295,-37.67178688,1059.83
145.65667264,-37.67180400,1055.31
145.65667254,-37.67180968,1059.13
145.65667252,-37.67181094,1048.38
145.65667250,-37.67181184,1014.44
145.65667175,-37.67185347,1032.45
145.65667101,-37.67189438,1012.51
145.65667018,-37.67194061,1015.85
145.65666954,-37.67197611,1011.45
145.65666953,-37.67197701,1042.80
145.65666945,-37.67198115,1040.22
145.65666905,-37.67200332,1046.28
145.65666674,-37.67213128,1011.64
145.65666647,-37.67214669,1011.38
145.65666560,-37.67219489,1010.67
145.65666526,-37.67221345,1008.82
145.65666432,-37.67226590,1008.39
145.65666404,-37.67228103,1008.75
145.65666258,-37.67236223,1008.29
145.65666234,-37.67237556,1007.96
145.65666210,-37.67238908,1013.89
145.65666138,-37.67242854,1041.41
145.65666124,-37.67243657,1048.51
145.65666116,-37.67244098,1047.04
145.65666103,-37.67244837,1049.30
145.65666046,-37.67248000,1044.77
145.65665951,-37.67253271,1047.69
145.65665900,-37.67256083,1009.01
145.65665869,-37.67257786,1008.43
145.65665866,-37.67257948,1008.33
145.65665845,-37.67259102,1009.47
145.65665801,-37.67261579,1049.20
145.65665716,-37.67266283,1020.87
145.65665691,-37.67267662,1045.48
145.65665675,-37.67268545,1047.03
145.65665630,-37.67271050,1008.87
145.65665630,-37.67271077,1043.69
145.65665583,-37.67273672,1008.56
145.65665466,-37.67280124,1016.75
145.65665398,-37.67283926,1023.75
145.65665394,-37.67284134,1047.07
145.65665364,-37.67285782,1042.77
145.65665363,-37.67285873,1049.24
145.65665275,-37.67290757,1046.88
145.65665273,-37.67290865,1039.13
145.65665263,-37.67291423,1008.03
145.65665240,-37.67292658,1035.95
145.65665173,-37.67296397,1021.70
145.65665140,-37.67298236,1049.78
145.65665133,-37.67298623,1039.20
145.65665097,-37.67300606,1037.83
145.65665066,-37.67302309,1044.25
145.65665040,-37.67303760,1039.99
145.65665028,-37.67304426,1010.70
145.65664985,-37.67306832,1055.59
145.65664966,-37.67307886,1021.28
145.65664953,-37.67308571,1038.92
145.65664948,-37.67308869,1033.39
145.65664940,-37.67309310,1057.02
145.65664925,-37.67310139,1053.69
145.65664885,-37.67312365,1048.81
145.65664852,-37.67314176,1013.36
145.65664828,-37.67315519,1049.78
145.65664791,-37.67317591,1012.04
145.65664787,-37.67317789,1012.23
145.65664739,-37.67320448,1051.54
145.65664721,-37.67321466,1052.39
145.65664708,-37.67322168,1011.38
145.65664660,-37.67324836,1058.25
145.65664636,-37.67326161,1054.48
145.65664597,-37.67328350,1049.71
145.65664568,-37.67329972,1055.15
145.65664533,-37.67331891,1049.58
145.65664501,-37.67333667,1052.25
145.65664446,-37.67336703,1012.67
145.65664446,-37.67336730,1024.38
145.65664430,-37.67337614,1025.14
145.65664426,-37.67337803,1048.81
145.65664394,-37.67339614,1046.97
145.65664360,-37.67341506,1011.64
145.65664358,-37.67341578,1049.08
145.65664307,-37.67344444,1021.48
145.65664245,-37.67347841,1025.07
145.65664200,-37.67350382,1025.92
145.65664076,-37.67357221,1057.87
145.65664062,-37.67357987,1052.99
145.65663979,-37.67362601,1047.08
145.65663931,-37.67365295,1040.16
145.65663820,-37.67371413,1005.12
145.65663803,-37.67372360,1046.19
145.65663798,-37.67372657,1045.45
145.65663776,-37.67373882,1042.25
145.65663685,-37.67378929,1040.01
145.65663652,-37.67380767,1035.86
145.65663566,-37.67385506,1001.65
145.65663545,-37.67386660,1040.56
145.65663532,-37.67387399,1014.62
145.65663510,-37.67388624,1043.77
145.65663479,-37.67390363,1027.14
145.65663461,-37.67391327,1042.18
145.65663453,-37.67391778,1014.16
145.65663396,-37.67394932,1037.52
145.65663394,-37.67395049,1023.30
145.65663345,-37.67397797,1013.47
145.65663199,-37.67405880,1009.52
145.65663164,-37.67407826,1010.33
145.65663152,-37.67408494,1011.60
145.65662952,-37.67419550,991.33
145.65662950,-37.67419685,991.60
145.65662901,-37.67422397,993.49
145.65662900,-37.67422469,1023.32
145.65662898,-37.67422568,1006.67
145.65662862,-37.67424577,987.99
145.65662823,-37.67426722,1027.73
145.65662803,-37.67427849,1014.66
145.65662791,-37.67428507,992.93
145.65662777,-37.67429290,995.69
145.65662770,-37.67429687,996.15
145.65662760,-37.67430201,996.46
145.65662731,-37.67431805,1011.25
145.65662727,-37.67432057,1000.08
145.65662705,-37.67433292,1003.63
145.65662589,-37.67439698,1023.04
145.65662541,-37.67442374,979.60
145.65662536,-37.67442627,1017.66
145.65662470,-37.67446312,980.75
145.65662425,-37.67448790,1020.99
145.65662417,-37.67449268,983.89
145.65662415,-37.67449358,1007.42
145.65662413,-37.67449484,982.78
145.65662244,-37.67458828,981.33
145.65662225,-37.67459865,971.69
145.65662190,-37.67461811,971.37
145.65662179,-37.67462433,975.69
145.65662114,-37.67466019,988.32
145.65661997,-37.67472534,984.27
145.65661890,-37.67478454,982.73
145.65661855,-37.67480427,974.10
145.65661831,-37.67481752,978.80
145.65661753,-37.67486068,981.97
145.65661644,-37.67492096,975.59
145.65661470,-37.67501747,968.75
145.65661461,-37.67502261,970.12
145.65661340,-37.67508974,970.61
145.65661212,-37.67516093,962.98
145.65661092,-37.67522698,965.96
145.65661091,-37.67522797,973.62
145.65660908,-37.67532934,955.65
145.65660781,-37.67539953,985.14
145.65660759,-37.67541179,979.60
145.65660754,-37.67541476,1000.54
145.65660750,-37.67541693,1000.73
145.65660744,-37.67542017,999.36
145.65660720,-37.67543333,977.60
145.65660699,-37.67544531,972.35
145.65660688,-37.67545108,969.82
145.65660665,-37.67546405,996.75
145.65660642,-37.67547703,1000.98
145.65660529,-37.67553939,971.47
145.65660527,-37.67554029,992.72
145.65660499,-37.67555615,990.27
145.65660490,-37.67556092,995.20
145.65660467,-37.67557362,993.17
145.65660439,-37.67558958,988.34
145.65660429,-37.67559480,975.06
145.65660411,-37.67560498,966.30
145.65660356,-37.67563526,980.48
145.65660316,-37.67565752,1000.01
145.65660302,-37.67566536,967.15
145.65660252,-37.67569320,998.15
145.65660248,-37.67569509,997.35
145.65660219,-37.67571131,998.12
145.65660185,-37.67573033,970.01
145.65660114,-37.67576952,970.20
145.65660094,-37.67578052,1019.30
145.65660086,-37.67578484,1020.02
145.65660025,-37.67581872,1022.32
145.65659994,-37.67583593,973.47
145.65659963,-37.67585342,996.33
145.65659921,-37.67587666,971.95
145.65659862,-37.67590946,972.65
145.65659838,-37.67592289,987.08
145.65659753,-37.67596992,1012.94
145.65659700,-37.67599930,1019.93
145.65659694,-37.67600273,1022.95
145.65659687,-37.67600651,1020.35
145.65659667,-37.67601723,1021.99
145.65659627,-37.67603967,989.37
145.65659556,-37.67607914,980.10
145.65659544,-37.67608554,981.84
145.65659465,-37.67612951,987.36
145.65659404,-37.67616303,1023.34
145.65659396,-37.67616790,994.57
145.65659392,-37.67616979,1011.97
145.65659350,-37.67619304,1018.54
145.65659268,-37.67623863,1023.17
145.65659263,-37.67624161,1021.39
145.65659261,-37.67624233,1020.16
145.65659211,-37.67627026,1024.72
145.65659170,-37.67629279,981.82
145.65659155,-37.67630162,1017.53
145.65659148,-37.67630531,1012.80
145.65659126,-37.67631766,981.95
145.65659113,-37.67632451,980.99
145.65659105,-37.67632901,1021.29
145.65658906,-37.67643949,1003.51
145.65658902,-37.67644183,1006.40
145.65658862,-37.67646372,1015.50
145.65658843,-37.67647418,984.71
145.65658836,-37.67647823,1024.85
145.65658825,-37.67648454,983.58
145.65658824,-37.67648508,1012.06
145.65658803,-37.67649671,984.87
145.65658799,-37.67649869,1009.77
145.65658798,-37.67649950,1014.35
145.65658773,-37.67651328,1002.26
145.65658739,-37.67653185,1016.21
145.65658695,-37.67655653,1021.89
145.65658648,-37.67658258,1018.53
145.65658596,-37.67661141,985.91
145.65658591,-37.67661394,985.60
145.65658562,-37.67663015,1002.26
145.65658456,-37.67668918,1025.88
145.65658452,-37.67669134,1013.56
145.65658451,-37.67669170,1023.14
145.65658376,-37.67673324,982.91
145.65658310,-37.67677009,983.45
145.65658272,-37.67679073,990.50
145.65658109,-37.67688138,1022.92
145.65658078,-37.67689859,986.52
145.65658076,-37.67689958,1027.17
145.65658049,-37.67691472,983.45
145.65657989,-37.67694788,1026.22
145.65657974,-37.67695626,1029.93
145.65657969,-37.67695896,1017.28
145.65657689,-37.67711413,984.04
145.65657648,-37.67713720,1028.14
145.65657638,-37.67714279,1018.08
145.65657605,-37.67716108,982.34
145.65657600,-37.67716351,1025.57
145.65657585,-37.67717198,1020.95
145.65657565,-37.67718324,985.25
145.65657559,-37.67718649,984.82
145.65657551,-37.67719072,988.36
145.65657547,-37.67719325,1025.33
145.65657533,-37.67720054,987.03
145.65657532,-37.67720109,1026.28
145.65657525,-37.67720532,1002.83
145.65657525,-37.67720541,1023.72
145.65657514,-37.67721136,985.22
145.65657470,-37.67723569,986.54
145.65657461,-37.67724092,1020.94
145.65657415,-37.67726605,982.39
145.65657364,-37.67729426,997.22
145.65657313,-37.67732282,1005.52
145.65657307,-37.67732625,992.71
145.65657293,-37.67733391,981.67
145.65657276,-37.67734355,1008.61
145.65657233,-37.67736689,985.50
145.65657225,-37.67737148,986.10
145.65657221,-37.67737401,986.16
145.65657192,-37.67738968,1022.24
145.65657172,-37.67740077,1025.04
145.65657166,-37.67740437,982.06
145.65657102,-37.67743997,1028.76
145.65657088,-37.67744753,1007.65
145.65657052,-37.67746763,1013.61
145.65657026,-37.67748214,994.63
145.65656968,-37.67751386,986.60
145.65656961,-37.67751782,985.77
145.65656926,-37.67753711,984.93
145.65656889,-37.67755792,984.19
145.65656836,-37.67758721,985.55
145.65656739,-37.67764109,988.81
145.65656692,-37.67766704,1003.03
145.65656654,-37.67768804,1030.50
145.65656484,-37.67778238,1035.08
145.65656351,-37.67785618,1039.02
145.65656188,-37.67794629,995.74
145.65656187,-37.67794737,1031.55
145.65656156,-37.67796431,994.87
145.65656137,-37.67797485,994.87
145.65656109,-37.67799035,1032.66
145.65656018,-37.67804081,1001.20
145.65655940,-37.67808434,993.54
145.65655879,-37.67811786,995.79
145.65655838,-37.67814066,999.38
145.65655761,-37.67818337,1039.42
145.65655752,-37.67818850,1040.96
145.65655741,-37.67819436,1041.60
145.65655672,-37.67823265,1038.58
145.65655607,-37.67826888,1000.78
145.65655556,-37.67829673,997.24
145.65655529,-37.67831222,1034.89
145.65655252,-37.67846568,1006.74
145.65655241,-37.67847145,1041.84
145.65655240,-37.67847208,1039.73
145.65655228,-37.67847893,1006.69
145.65655219,-37.67848379,1039.01
145.65655200,-37.67849442,1038.83
145.65655195,-37.67849722,1041.58
145.65655168,-37.67851200,1004.23
145.65655115,-37.67854146,1010.79
145.65655070,-37.67856633,1039.88
145.65655020,-37.67859444,1000.20
145.65655010,-37.67859985,999.12
145.65655003,-37.67860363,998.37
145.65654982,-37.67861517,999.20
145.65654922,-37.67864833,999.86
145.65654905,-37.67865770,1041.92
145.65654790,-37.67872168,1042.32
145.65654763,-37.67873673,1043.73
145.65654761,-37.67873772,1043.99
145.65654711,-37.67876529,1043.03
145.65654697,-37.67877304,1036.46
145.65654671,-37.67878782,998.77
145.65654629,-37.67881116,1006.55
145.65654574,-37.67884134,1003.02
145.65654559,-37.67884954,1005.61
145.65654559,-37.67885000,997.63
145.65654556,-37.67885143,1005.14
145.65654552,-37.67885351,1004.74
145.65654522,-37.67887054,1035.40
145.65654344,-37.67896903,1044.38
145.65654211,-37.67904301,1035.35
145.65654072,-37.67911969,1041.61
145.65653998,-37.67916069,1042.84
145.65653994,-37.67916285,1042.41
145.65653906,-37.67921205,1023.33
145.65653809,-37.67926585,1042.24
145.65653700,-37.67932613,1040.95
145.65653695,-37.67932856,1040.49
145.65653667,-37.67934433,1037.38
145.65653608,-37.67937704,1039.45
145.65653605,-37.67937884,989.98
145.65653377,-37.67950536,1030.79
145.65653314,-37.67954032,987.96
145.65653236,-37.67958321,1030.71
145.65653089,-37.67966458,1020.86
145.65653073,-37.67967377,1025.86
145.65653021,-37.67970261,1030.82
145.65653001,-37.67971387,1030.49
145.65652987,-37.67972126,995.28
145.65652973,-37.67972910,997.91
145.65652963,-37.67973477,1031.12
145.65652959,-37.67973685,1022.48
145.65652912,-37.67976271,1020.39
145.65652881,-37.67978001,1021.87
145.65652832,-37.67980740,1027.47
145.65652830,-37.67980866,1027.51
145.65652740,-37.67985804,996.93
145.65652552,-37.67996266,977.70
145.65652548,-37.67996482,1010.45
145.65652539,-37.67996969,1017.55
145.65652496,-37.67999357,1019.21
145.65652478,-37.68000357,984.80
145.65652478,-37.68000375,1016.17
145.65652464,-37.68001132,980.45
145.65652461,-37.68001312,1021.62
145.65652347,-37.68007620,987.20
145.65652319,-37.68009152,1009.97
145.65652281,-37.68011287,981.40
145.65652171,-37.68017378,987.67
145.65652156,-37.68018190,987.81
145.65651950,-37.68029625,976.49
145.65651940,-37.68030174,975.38
145.65651909,-37.68031922,994.92
145.65651893,-37.68032814,973.99
145.65651786,-37.68038708,982.50
145.65651782,-37.68038924,983.23
145.65651743,-37.68041086,986.72
145.65651717,-37.68042573,985.73
145.65651679,-37.68044655,1015.18
145.65651655,-37.68045979,1011.78
145.65651635,-37.68047079,1018.53
145.65651633,-37.68047187,973.29
145.65651426,-37.68058703,1004.58
145.65651416,-37.68059234,1004.54
145.65651402,-37.68060027,969.78
145.65651396,-37.68060325,1014.53
145.65651369,-37.68061865,1005.94
145.65651336,-37.68063686,1007.30
145.65651276,-37.68066975,984.18
145.65651120,-37.68075643,982.63
145.65651074,-37.68078193,979.53
145.65651045,-37.68079797,976.11
145.65650971,-37.68083906,1005.99
145.65650910,-37.68087312,1010.04
145.65650858,-37.68090169,979.17
145.65650824,-37.68092070,982.62
145.65650791,-37.68093908,1005.93
145.65650786,-37.68094170,978.20
145.65650766,-37.68095296,975.39
145.65650759,-37.68095647,978.60
145.65650701,-37.68098882,1003.37
145.65650672,-37.68100504,1001.78
145.65650637,-37.68102415,997.59
145.65650615,-37.68103622,999.33
145.65650512,-37.68109344,980.33
145.65650423,-37.68114291,976.54
145.65650360,-37.68117787,979.69
145.65650187,-37.68127348,969.73
145.65650155,-37.68129159,964.21
145.65650093,-37.68132556,967.24
145.65650048,-37.68135070,966.93
145.65650043,-37.68135331,982.76
145.65650029,-37.68136106,983.96
145.65650025,-37.68136349,980.52
145.65650001,-37.68137656,981.70
145.65649908,-37.68142846,1002.18
145.65649889,-37.68143901,1003.02
145.65649878,-37.68144505,983.03
145.65649863,-37.68145333,981.27
145.65649806,-37.68148514,989.29
145.65649764,-37.68150839,1013.90
145.65649758,-37.68151163,965.13
145.65649738,-37.68152245,966.34
145.65649683,-37.68155318,1019.55
145.65649671,-37.68155984,965.91
145.65649647,-37.68157327,1029.16
145.65649630,-37.68158273,995.53
145.65649628,-37.68158354,1019.50
145.65649477,-37.68166707,988.28
145.65649337,-37.68174484,979.96
145.65649243,-37.68179710,980.49
145.65649191,-37.68182612,974.96
145.65649171,-37.68183702,974.95
145.65649100,-37.68187631,972.17
145.65649066,-37.68189541,970.60
145.65648949,-37.68195984,969.43
145.65648920,-37.68197615,982.23
145.65648904,-37.68198516,983.18
145.65648873,-37.68200237,984.03
145.65648838,-37.68202147,983.37
145.65648812,-37.68203589,974.59
145.65648763,-37.68206310,985.76
145.65648724,-37.68208455,984.41
145.65648628,-37.68213771,984.94
145.65648627,-37.68213825,987.92
145.65648617,-37.68214411,989.37
145.65648574,-37.68216808,985.62
145.65648524,-37.68219547,1010.53
145.65648495,-37.68221142,1009.46
145.65648415,-37.68225603,993.71
145.65648413,-37.68225702,990.34
145.65648407,-37.68226044,986.28
145.65648384,-37.68227315,994.53
145.65648337,-37.68229946,985.70
145.65648290,-37.68232550,986.96
145.65648226,-37.68236082,986.85
145.65648211,-37.68236920,1000.96
145.65648198,-37.68237614,977.50
145.65648193,-37.68237902,1002.15
145.65648018,-37.68247607,1002.22
145.65647961,-37.68250788,997.38
145.65647920,-37.68253059,1002.99
145.65647909,-37.68253672,1001.42
145.65647878,-37.68255366,1005.42
145.65647798,-37.68259826,1002.38
145.65647775,-37.68261061,999.35
145.65647768,-37.68261466,1031.11
145.65647759,-37.68261944,997.14
145.65647621,-37.68269639,986.16
145.65647482,-37.68277325,1038.65
145.65647474,-37.68277776,1030.41
145.65647340,-37.68285183,991.49
145.65647296,-37.68287661,1020.78
145.65647272,-37.68288958,1044.63
145.65647261,-37.68289580,1044.22
145.65647257,-37.68289787,1019.55
145.65647243,-37.68290580,1044.95
145.65647222,-37.68291716,1042.37
145.65647176,-37.68294284,1035.11
145.65647132,-37.68296744,1039.42
145.65647087,-37.68299195,1034.60
145.65647055,-37.68300970,1034.09
145.65647048,-37.68301366,1039.54
145.65647007,-37.68303655,1007.24
145.65646979,-37.68305196,1005.59
145.65646945,-37.68307097,1007.03
145.65646940,-37.68307395,1005.30
145.65646851,-37.68312278,1007.96
145.65646729,-37.68319064,1001.22
145.65646725,-37.68319307,997.67
145.65646718,-37.68319676,994.32
145.65646702,-37.68320559,998.25
145.65646700,-37.68320649,994.83
145.65646577,-37.68327489,997.48
145.65646405,-37.68337040,1034.70
145.65646399,-37.68337347,1004.27
145.65646330,-37.68341176,1024.80
145.65646318,-37.68341861,1047.74
145.65646304,-37.68342600,1043.48
145.65646290,-37.68343429,1045.84
145.65646251,-37.68345574,999.88
145.65646225,-37.68346979,1043.75
145.65646204,-37.68348160,1011.07
145.65646203,-37.68348214,1042.70
145.65646174,-37.68349854,1009.72
145.65646046,-37.68356946,1044.35
145.65646035,-37.68357558,1018.15
145.65645826,-37.68369101,1002.43
145.65645556,-37.68384077,1041.39
145.65645476,-37.68388502,1049.36
145.65645449,-37.68390034,1048.04
145.65645421,-37.68391547,1018.05
145.65645415,-37.68391917,1004.45
145.65645347,-37.68395683,1022.55
145.65645344,-37.68395828,1015.69
145.65645320,-37.68397161,1021.35
145.65645306,-37.68397963,1013.72
145.65645266,-37.68400189,1043.34
145.65645209,-37.68403343,1017.75
145.65645195,-37.68404109,1019.49
145.65645181,-37.68404884,1013.57
145.65645160,-37.68406064,1014.16
145.65645080,-37.68410497,1002.22
145.65645077,-37.68410651,1019.03
145.65645008,-37.68414462,1014.44
145.65644984,-37.68415787,1001.24
145.65644978,-37.68416147,1013.81
145.65644948,-37.68417796,1009.27
145.65644937,-37.68418409,1007.61
145.65644840,-37.68423752,1011.66
145.65644814,-37.68425221,1013.40
145.65644778,-37.68427221,1018.73
145.65644726,-37.68430078,1018.43
145.65644651,-37.68434259,1009.85
145.65644630,-37.68435440,1011.78
145.65644580,-37.68438197,1016.50
145.65644477,-37.68443892,1037.43
145.65644475,-37.68444018,1015.50
145.65644467,-37.68444441,1011.84
145.65644443,-37.68445784,1015.56
145.65644435,-37.68446208,1016.62
145.65644433,-37.68446325,1023.04
145.65644427,-37.68446694,1018.43
145.65644396,-37.68448406,1020.30
145.65644391,-37.68448685,1020.38
145.65644384,-37.68449028,1019.63
145.65644324,-37.68452353,1020.99
145.65644313,-37.68453002,1039.67
145.65644295,-37.68453984,1046.42
145.65644292,-37.68454128,1046.20
145.65644290,-37.68454245,1050.48
145.65644250,-37.68456480,1021.56
145.65644218,-37.68458255,1008.02
145.65644068,-37.68466572,1058.17
145.65644066,-37.68466707,1049.65
145.65644036,-37.68468329,1057.43
145.65644013,-37.68469609,1045.63
145.65643971,-37.68471934,1058.13
145.65643929,-37.68474249,1012.17
145.65643921,-37.68474691,1011.07
145.65643918,-37.68474880,1059.10
145.65643911,-37.68475259,1058.10
145.65643895,-37.68476160,1059.75
145.65643890,-37.68476439,1058.26
145.65643880,-37.68476989,1011.79
145.65643850,-37.68478647,1011.45
145.65643803,-37.68481233,1058.10
145.65643746,-37.68484432,1011.67
145.65643742,-37.68484666,1060.55
145.65643656,-37.68489433,1048.13
145.65643609,-37.68491992,1063.26
145.65643596,-37.68492740,1065.25
145.65643589,-37.68493136,1012.72
145.65643587,-37.68493217,1015.76
145.65643571,-37.68494146,1024.31
145.65643472,-37.68499597,1061.21
145.65643380,-37.68504688,1062.59
145.65643378,-37.68504824,1063.76
145.65643369,-37.68505301,1061.63
145.65643276,-37.68510464,1066.02
145.65643270,-37.68510798,1065.16
145.65643256,-37.68511555,1059.45
145.65643229,-37.68513095,1019.10
145.65643225,-37.68513294,1027.36
145.65643112,-37.68519556,1020.88
145.65643105,-37.68519926,1064.68
145.65643078,-37.68521449,1067.53
145.65643078,-37.68521458,1059.59
145.65643071,-37.68521854,1063.87
145.65643046,-37.68523224,1069.96
145.65643039,-37.68523593,1073.84
145.65643035,-37.68523818,1074.90
145.65643027,-37.68524287,1069.50
145.65643007,-37.68525386,1074.81
145.65642995,-37.68526071,1074.39
145.65642987,-37.68526476,1077.07
145.65642987,-37.68526486,1076.98
145.65642957,-37.68528126,1021.00
145.65642942,-37.68528981,1023.36
145.65642928,-37.68529748,1074.17
145.65642913,-37.68530568,1066.53
145.65642901,-37.68531252,1069.66
145.65642765,-37.68538804,1070.82
145.65642625,-37.68546535,1025.35
145.65642625,-37.68546562,1064.14
145.65642622,-37.68546715,1060.33
145.65642570,-37.68549617,1068.94
145.65642552,-37.68550590,1068.60
145.65642532,-37.68551716,1038.26
145.65642502,-37.68553365,1073.47
145.65642498,-37.68553572,1071.70
145.65642489,-37.68554095,1073.69
145.65642440,-37.68556780,1030.77
145.65642428,-37.68557474,1031.95
145.65642409,-37.68558546,1031.81
145.65642388,-37.68559700,1074.62
145.65642363,-37.68561088,1074.40
145.65642353,-37.68561619,1075.13
145.65642334,-37.68562682,1072.13
145.65642315,-37.68563710,1074.54
145.65642309,-37.68564079,1067.87
145.65642246,-37.68567539,1033.09
145.65642173,-37.68571603,1070.01
145.65641911,-37.68586120,1088.25
145.65641872,-37.68588291,1036.51
145.65641708,-37.68597401,1085.07
145.65641644,-37.68600952,1076.19
145.65641627,-37.68601862,1088.53
145.65641620,-37.68602249,1077.25
145.65641598,-37.68603466,1077.47
145.65641594,-37.68603673,1039.00
145.65641484,-37.68609791,1086.74
145.65641463,-37.68610981,1038.74
145.65641449,-37.68611720,1087.78
145.65641386,-37.68615243,1039.41
145.65641377,-37.68615747,1088.71
145.65641292,-37.68620424,1088.81
145.65641260,-37.68622199,1093.50
145.65641250,-37.68622767,1092.76
145.65641249,-37.68622803,1053.33
145.65641213,-37.68624803,1042.97
145.65641118,-37.68630084,1042.87
145.65641114,-37.68630318,1090.34
145.65641036,-37.68634625,1089.09
145.65641000,-37.68636635,1089.20
145.65640965,-37.68638554,1046.65
145.65640932,-37.68640411,1043.88
145.65640924,-37.68640807,1090.74
145.65640843,-37.68645303,1046.87
145.65640829,-37.68646096,1045.66
145.65640822,-37.68646475,1046.77
145.65640743,-37.68650845,1081.37
145.65640628,-37.68657216,1096.09
145.65640609,-37.68658288,1053.12
145.65640477,-37.68665623,1096.86
145.65640454,-37.68666893,1051.03
145.65640398,-37.68669966,1049.52
145.65640377,-37.68671137,1049.85
145.65640304,-37.68675210,1092.07
145.65640233,-37.68679139,1099.94
145.65640176,-37.68682311,1096.34
145.65640135,-37.68684564,1097.35
145.65640126,-37.68685050,1054.29
145.65640093,-37.68686870,1052.11
145.65640064,-37.68688492,1101.58
145.65640054,-37.68689024,1051.96
145.65640042,-37.68689700,1102.05
145.65640017,-37.68691097,1101.11
145.65640002,-37.68691917,1055.15
145.65639959,-37.68694323,1091.66
145.65639928,-37.68696035,1052.62
145.65639923,-37.68696287,1054.69
145.65639886,-37.68698368,1055.29
145.65639877,-37.68698855,1054.29
145.65639866,-37.68699495,1097.55
145.65639814,-37.68702351,1054.52
145.65639789,-37.68703739,1101.01
145.65639767,-37.68704982,1058.88
145.65639685,-37.68709497,1087.54
145.65639620,-37.68713092,1085.58
145.65639436,-37.68723275,1105.49
145.65639427,-37.68723824,1054.59
145.65639408,-37.68724870,1054.43
145.65639303,-37.68730700,1053.99
145.65639296,-37.68731087,1093.19
145.65639258,-37.68733159,1097.09
145.65639239,-37.68734214,1093.30
145.65639157,-37.68738773,1096.46
145.65639126,-37.68740476,1052.51
145.65639105,-37.68741639,1097.86
145.65639055,-37.68744432,1101.36
145.65639003,-37.68747289,1052.44
145.65639001,-37.68747388,1053.11
145.65638982,-37.68748478,1099.76
145.65638965,-37.68749424,1051.80
145.65638876,-37.68754326,1091.35
145.65638871,-37.68754642,1104.53
145.65638865,-37.68754948,1049.77
145.65638839,-37.68756372,1103.54
145.65638836,-37.68756570,1102.96
145.65638833,-37.68756696,1100.76
145.65638828,-37.68757002,1101.89
145.65638728,-37.68762526,1059.60
145.65638604,-37.68769410,1048.42
145.65638601,-37.68769572,1048.08
145.65638538,-37.68773051,1101.72
145.65638519,-37.68774141,1098.80
145.65638499,-37.68775213,1050.14
145.65638476,-37.68776511,1049.58
145.65638474,-37.68776619,1099.46
145.65638441,-37.68778466,1047.76
145.65638435,-37.68778755,1053.94
145.65638430,-37.68779061,1097.01
145.65638415,-37.68779881,1058.16
145.65638414,-37.68779944,1058.15
145.65638413,-37.68779989,1095.09
145.65638400,-37.68780701,1096.19
145.65638377,-37.68782017,1092.80
145.65638346,-37.68783684,1056.06
145.65638270,-37.68787928,1085.12
145.65638089,-37.68797939,1056.06
145.65638086,-37.68798101,1057.10
145.65638073,-37.68798867,1050.32
145.65637955,-37.68805364,1095.26
145.65637896,-37.68808653,1052.80
145.65637819,-37.68812897,1096.13
145.65637779,-37.68815150,1053.07
145.65637736,-37.68817529,1092.30
145.65637710,-37.68818961,1098.97
145.65637667,-37.68821322,1099.39
145.65637661,-37.68821665,1054.40
145.65637637,-37.68822998,1095.14
145.65637633,-37.68823223,1103.81
145.65637611,-37.68824458,1101.96
145.65637572,-37.68826585,1055.40
145.65637561,-37.68827224,1098.17
145.65637549,-37.68827873,1103.94
145.65637452,-37.68833235,1103.47
145.65637442,-37.68833829,1057.86
145.65637409,-37.68835622,1057.24
145.65637342,-37.68839362,1104.95
145.65637335,-37.68839740,1059.88
145.65637301,-37.68841642,1069.59
145.65637291,-37.68842191,1105.31
145.65637269,-37.68843417,1110.11
145.65637263,-37.68843750,1109.29
145.65637236,-37.68845246,1060.48
145.65637209,-37.68846724,1060.79
145.65637182,-37.68848247,1107.86
145.65637168,-37.68848995,1109.58
145.65637102,-37.68852626,1110.89
145.65637094,-37.68853086,1109.71
145.65637084,-37.68853635,1073.31
145.65636921,-37.68862682,1090.09
145.65636917,-37.68862898,1090.20
145.65636906,-37.68863493,1070.01
145.65636885,-37.68864674,1063.62
145.65636873,-37.68865331,1110.22
145.65636772,-37.68870945,1107.10
145.65636763,-37.68871414,1109.81
145.65636759,-37.68871666,1068.03
145.65636753,-37.68872000,1111.06
145.65636696,-37.68875135,1065.52
145.65636567,-37.68882290,1112.19
145.65636511,-37.68885426,1067.78
145.65636503,-37.68885867,1067.95
145.65636489,-37.68886597,1091.17
145.65636455,-37.68888489,1068.30
145.65636421,-37.68890400,1111.78
145.65636404,-37.68891337,1090.20
145.65636241,-37.68900366,1110.33
145.65636223,-37.68901348,1082.13
145.65636139,-37.68905997,1116.63
145.65636136,-37.68906214,1116.28
145.65636068,-37.68909980,1100.74
145.65636053,-37.68910809,1083.41
145.65635730,-37.68928669,1117.47
145.65635673,-37.68931859,1074.10
145.65635646,-37.68933336,1073.58
145.65635628,-37.68934337,1119.56
145.65635619,-37.68934850,1096.25
145.65635576,-37.68937193,1117.92
145.65635559,-37.68938175,1073.10
145.65635472,-37.68942978,1072.37
145.65635463,-37.68943456,1121.86
145.65635421,-37.68945790,1073.90
145.65635227,-37.68956539,1072.83
145.65635186,-37.68958846,1113.54
145.65635142,-37.68961261,1112.78
145.65635069,-37.68965316,1076.21
145.65635068,-37.68965397,1076.63
145.65634959,-37.68971417,1073.41
145.65634955,-37.68971606,1069.54
145.65634951,-37.68971849,1119.16
145.65634937,-37.68972606,1108.48
145.65634880,-37.68975769,1115.84
145.65634798,-37.68980337,1117.46
145.65634639,-37.68989123,1066.10
145.65634393,-37.69002774,1106.81
145.65634290,-37.69008496,1114.84
145.65634235,-37.69011542,1070.50
145.65634212,-37.69012795,1110.21
145.65634139,-37.69016859,1075.28
145.65634131,-37.69017291,1112.87
145.65634053,-37.69021625,1083.23
145.65634030,-37.69022878,1080.52
145.65633999,-37.69024626,1100.35
145.65633971,-37.69026158,1062.67
145.65633919,-37.69029050,1112.84
145.65633900,-37.69030114,1103.63
145.65633839,-37.69033493,1112.74
145.65633763,-37.69037674,1068.51
145.65633577,-37.69048009,1109.64
145.65633524,-37.69050947,1062.30
145.65633479,-37.69053434,1110.36
145.65633398,-37.69057885,1110.60
145.65633322,-37.69062111,1069.36
145.65633321,-37.69062165,1062.82
145.65633210,-37.69068338,1061.66
145.65633200,-37.69068860,1061.55
145.65633173,-37.69070401,1109.72
145.65633154,-37.69071437,1061.41
145.65633123,-37.69073131,1096.32
145.65633103,-37.69074249,1061.13
145.65633047,-37.69077367,1061.35
145.65632977,-37.69081232,1060.51
145.65632908,-37.69085080,1109.26
145.65632885,-37.69086332,1100.55
145.65632767,-37.69092856,1102.67
145.65632721,-37.69095415,1101.17
145.65632619,-37.69101101,1106.99
145.65632607,-37.69101768,1107.36
145.65632555,-37.69104616,1060.73
145.65632554,-37.69104697,1101.97
145.65632553,-37.69104742,1065.76
145.65632550,-37.69104922,1097.85
145.65632426,-37.69111779,1065.88
145.65632419,-37.69112149,1065.20
145.65632388,-37.69113861,1068.44
145.65632357,-37.69115573,1095.62
145.65632350,-37.69116005,1102.73
145.65632177,-37.69125584,1102.74
145.65632087,-37.69130531,1071.11
145.65632063,-37.69131909,1066.35
145.65632042,-37.69133036,1098.21
145.65632019,-37.69134315,1067.82
145.65631902,-37.69140812,1099.57
145.65631789,-37.69147057,1094.27
145.65631782,-37.69147471,1087.80
145.65631701,-37.69151941,1102.10
145.65631613,-37.69156843,1054.08
145.65631565,-37.69159483,1095.87
145.65631528,-37.69161546,1098.17
145.65631483,-37.69164015,1089.00
145.65631472,-37.69164646,1093.61
145.65631455,-37.69165583,1063.68
145.65631445,-37.69166133,1093.00
145.65631443,-37.69166250,1059.54
145.65631423,-37.69167376,1054.95
145.65631328,-37.69172621,1063.89
145.65631279,-37.69175306,1065.42
145.65631236,-37.69177739,1096.81
145.65631203,-37.69179523,1096.84
145.65631198,-37.69179829,1096.36
145.65631192,-37.69180145,1096.87
145.65631170,-37.69181379,1093.72
145.65631167,-37.69181515,1096.40
145.65631164,-37.69181686,1094.26
145.65631155,-37.69182181,1094.94
145.65631153,-37.69182298,1096.54
145.65631101,-37.69185200,1058.79
145.65631052,-37.69187930,1054.92
145.65631041,-37.69188507,1093.67
145.65631028,-37.69189219,1056.26
145.65631008,-37.69190336,1074.84
145.65630991,-37.69191264,1088.73
145.65630956,-37.69193229,1098.07
145.65630936,-37.69194328,1097.85
145.65630934,-37.69194454,1096.36
145.65630913,-37.69195589,1091.66
145.65630862,-37.69198437,1093.37
145.65630849,-37.69199131,1070.21
145.65630843,-37.69199491,1070.44
145.65630811,-37.69201239,1095.91
145.65630809,-37.69201383,1085.03
145.65630744,-37.69204970,1083.09
145.65630720,-37.69206304,1056.93
145.65630676,-37.69208727,1058.55
145.65630591,-37.69213476,1051.75
145.65630571,-37.69214548,1064.91
145.65630515,-37.69217684,1092.59
145.65630483,-37.69219423,1090.14
145.65630483,-37.69219432,1095.87
145.65630482,-37.69219513,1050.79
145.65630467,-37.69220297,1096.74
145.65630442,-37.69221712,1097.58
145.65630429,-37.69222433,1065.88
145.65630395,-37.69224298,1098.01
145.65630391,-37.69224524,1098.22
145.65630382,-37.69225010,1061.77
145.65630381,-37.69225064,1064.70
145.65630374,-37.69225496,1096.81
145.65630363,-37.69226109,1063.41
145.65630319,-37.69228497,1094.63
145.65630307,-37.69229209,1057.81
145.65630306,-37.69229227,1060.97
145.65630290,-37.69230155,1060.43
145.65630190,-37.69235643,1083.92
145.65630189,-37.69235733,1049.06
145.65630067,-37.69242482,1088.53
145.65630064,-37.69242644,1092.69
145.65630025,-37.69244798,1091.58
145.65629985,-37.69247015,1094.05
145.65629982,-37.69247168,1061.76
145.65629970,-37.69247835,1062.04
145.65629900,-37.69251745,1087.29
145.65629832,-37.69255503,1052.99
145.65629805,-37.69257026,1048.69
145.65629776,-37.69258603,1053.30
145.65629672,-37.69264379,1052.98
145.65629670,-37.69264505,1046.47
145.65629656,-37.69265280,1057.06
145.65629612,-37.69267686,1057.47
145.65629535,-37.69271966,1056.72
145.65629528,-37.69272326,1086.63
145.65629489,-37.69274507,1067.63
145.65629445,-37.69276922,1056.69
145.65629225,-37.69289158,1076.25
145.65629112,-37.69295394,1094.66
145.65629040,-37.69299377,1096.46
145.65629031,-37.69299872,1096.36
145.65629015,-37.69300746,1051.61
145.65628951,-37.69304306,1054.20
145.65628899,-37.69307189,1064.84
145.65628881,-37.69308198,1079.75
145.65628879,-37.69308316,1085.05
145.65628878,-37.69308388,1054.52
145.65628877,-37.69308406,1090.77
145.65628875,-37.69308532,1101.04
145.65628875,-37.69308541,1082.20
145.65628873,-37.69308613,1075.34
145.65628825,-37.69311298,1098.40
145.65628809,-37.69312199,1051.16
145.65628756,-37.69315110,1099.40
145.65628720,-37.69317119,1097.26
145.65628704,-37.69318002,1064.48
145.65628680,-37.69319336,1081.92
145.65628648,-37.69321093,1095.94
145.65628645,-37.69321291,1057.06
145.65628621,-37.69322589,1063.58
145.65628620,-37.69322679,1095.06
145.65628593,-37.69324175,1090.23
145.65628591,-37.69324238,1090.09
145.65628563,-37.69325806,1077.54
145.65628531,-37.69327563,1098.35
145.65628527,-37.69327815,1051.88
145.65628523,-37.69328023,1092.31
145.65628511,-37.69328689,1097.99
145.65628409,-37.69334375,1087.90
145.65628301,-37.69340358,1051.02
145.65628294,-37.69340701,1051.08
145.65628257,-37.69342746,1093.29
145.65628253,-37.69343016,1051.06
145.65628228,-37.69344350,1098.57
145.65628158,-37.69348243,1097.86
145.65628151,-37.69348648,1054.86
145.65628122,-37.69350234,1100.79
145.65627888,-37.69363210,1058.11
145.65627872,-37.69364120,1090.77
145.65627842,-37.69365751,1082.54
145.65627766,-37.69369986,1092.30
145.65627627,-37.69377663,1091.41
145.65627609,-37.69378655,1082.51
145.65627597,-37.69379330,1083.41
145.65627560,-37.69381394,1082.13
145.65627547,-37.69382106,1052.63
145.65627362,-37.69392342,1052.73
145.65627323,-37.69394505,1052.71
145.65627318,-37.69394802,1098.82
145.65627308,-37.69395370,1052.69
145.65627246,-37.69398758,1093.66
145.65627205,-37.69401038,1052.66
145.65627189,-37.69401948,1098.26
145.65627155,-37.69403849,1093.50
145.65627151,-37.69404020,1052.66
145.65627009,-37.69411932,1098.64
145.65626992,-37.69412878,1099.36
145.65626981,-37.69413446,1054.03
145.65626964,-37.69414392,1054.37
145.65626945,-37.69415464,1097.79
145.65626891,-37.69418429,1055.08
145.65626838,-37.69421402,1053.27
145.65626836,-37.69421492,1053.52
145.65626804,-37.69423295,1094.61
145.65626792,-37.69423925,1097.75
145.65626711,-37.69428413,1092.78
145.65626511,-37.69439478,1054.04
145.65626449,-37.69442920,1052.95
145.65626406,-37.69445317,1053.07
145.65626398,-37.69445741,1052.92
145.65626118,-37.69461293,1093.68
145.65626038,-37.69465691,1051.30
145.65626015,-37.69466970,1094.03
145.65625998,-37.69467934,1094.32
145.65625911,-37.69472728,1059.12
145.65625883,-37.69474287,1098.54
145.65625856,-37.69475783,1076.04
145.65625855,-37.69475828,1081.74
145.65625811,-37.69478297,1051.38
145.65625805,-37.69478603,1097.71
145.65625800,-37.69478892,1091.16
145.65625776,-37.69480225,1051.10
145.65625776,-37.69480252,1096.01
145.65625708,-37.69484010,1051.17
145.65625688,-37.69485109,1052.57
145.65625597,-37.69490155,1050.87
145.65625584,-37.69490840,1079.51
145.65625558,-37.69492309,1093.92
145.65625541,-37.69493246,1051.39
145.65625218,-37.69511115,1096.82
145.65625196,-37.69512367,1051.08
145.65625148,-37.69514998,1085.85
145.65624990,-37.69523766,1064.03
145.65624914,-37.69527956,1045.99
145.65624709,-37.69539319,1043.65
145.65624683,-37.69540787,1088.75
145.65624618,-37.69544356,1093.29
145.65624589,-37.69545969,1041.60
145.65624520,-37.69549798,1094.27
145.65624506,-37.69550573,1064.53
145.65624470,-37.69552556,1039.73
145.65624306,-37.69561675,1088.94
145.65624272,-37.69563540,1036.08
145.65624201,-37.69567496,1086.24
145.65624197,-37.69567694,1086.06
145.65624069,-37.69574813,1067.66
145.65623970,-37.69580282,1030.14
145.65623858,-37.69586482,1074.74
145.65623830,-37.69588059,1076.19
145.65623794,-37.69590032,1026.77
145.65623702,-37.69595150,1027.08
145.65623669,-37.69596961,1021.41
145.65623661,-37.69597376,1064.17
145.65623637,-37.69598718,1070.00
145.65623607,-37.69600385,1025.85
145.65623589,-37.69601368,1023.11
145.65623563,-37.69602809,1022.19
145.65623559,-37.69603053,1022.02
145.65623555,-37.69603242,1062.17
145.65623395,-37.69612136,1063.40
145.65623327,-37.69615920,1010.97
145.65623291,-37.69617867,1020.54
145.65623277,-37.69618687,1020.00
145.65623231,-37.69621227,1053.33
145.65623204,-37.69622705,1054.59
145.65623169,-37.69624652,1016.63
145.65623155,-37.69625427,1051.26
145.65623024,-37.69632680,1046.53
145.65622954,-37.69636537,1046.32
145.65622926,-37.69638132,1008.77
145.65622878,-37.69640754,1041.74
145.65622867,-37.69641385,989.13
145.65622848,-37.69642457,988.54
145.65622843,-37.69642719,988.37
145.65622838,-37.69642980,988.15
145.65622803,-37.69644908,1020.39
145.65622792,-37.69645557,1020.67
145.65622787,-37.69645818,1034.82
145.65622783,-37.69646016,988.57
145.65622774,-37.69646512,1034.40
145.65622724,-37.69649305,995.90
145.65622636,-37.69654180,988.82
145.65622561,-37.69658334,975.83
145.65622546,-37.69659154,988.58
145.65622522,-37.69660479,983.95
145.65622514,-37.69660939,1005.19
145.65622446,-37.69664714,1015.98
145.65622441,-37.69664957,1015.87
145.65622401,-37.69667219,977.94
145.65622375,-37.69668616,977.05
145.65622164,-37.69680321,1018.28
145.65622139,-37.69681709,1002.20
145.65622100,-37.69683880,1019.01
145.65622080,-37.69684953,962.43
145.65622051,-37.69686601,965.39
145.65622044,-37.69686953,959.65
145.65621984,-37.69690296,981.91
145.65621962,-37.69691530,959.75
145.65621956,-37.69691837,959.53
145.65621914,-37.69694180,1008.08
145.65621907,-37.69694549,957.80
145.65621902,-37.69694837,954.25
145.65621898,-37.69695063,1000.12
145.65621886,-37.69695748,955.12
145.65621868,-37.69696748,1008.52
145.65621863,-37.69697000,1008.17
145.65621854,-37.69697505,1004.01
145.65621827,-37.69699009,1005.26
145.65621491,-37.69717599,939.86
145.65621456,-37.69719536,939.75
145.65621381,-37.69723690,935.91
145.65621365,-37.69724573,979.37
145.65621345,-37.69725682,935.13
145.65621236,-37.69731746,930.65
145.65620787,-37.69756598,970.42
145.65620755,-37.69758364,935.01
145.65620643,-37.69764582,923.43
145.65620639,-37.69764798,957.15
145.65620625,-37.69765600,967.54
145.65620618,-37.69765951,967.32
145.65620609,-37.69766474,919.28
145.65620600,-37.69766979,966.69
145.65620599,-37.69767024,902.67
145.65620541,-37.69770204,900.60
145.65620534,-37.69770628,916.57
145.65620511,-37.69771880,968.33
145.65620510,-37.69771926,968.17
145.65620208,-37.69788704,952.98
145.65620203,-37.69788956,952.26
145.65620004,-37.69799976,946.65
145.65619893,-37.69806113,872.76
145.65619775,-37.69812673,874.65
145.65619475,-37.69829253,854.88
145.65619440,-37.69831199,855.16
145.65619340,-37.69836732,862.76
145.65619301,-37.69838930,865.36
145.65619209,-37.69844013,847.92
145.65618957,-37.69857952,835.06
145.65618879,-37.69862305,891.27
145.65618857,-37.69863485,831.23
145.65618836,-37.69864674,829.49
145.65618795,-37.69866963,829.94
145.65618761,-37.69868847,846.88
145.65618732,-37.69870460,826.04
145.65618632,-37.69875983,827.98
145.65618623,-37.69876497,851.70
145.65618597,-37.69877903,851.93
145.65618543,-37.69880876,846.64
145.65618536,-37.69881318,845.77
145.65618514,-37.69882525,829.00
145.65618513,-37.69882552,828.92
145.65618334,-37.69892491,832.25
145.65618313,-37.69893653,812.91
145.65618306,-37.69894050,831.85
145.65618197,-37.69900069,824.85
145.65618030,-37.69909332,834.20
145.65618003,-37.69910810,833.06
145.65617997,-37.69911144,811.83
145.65617945,-37.69914054,823.37
145.65617862,-37.69918605,819.63
145.65617758,-37.69924408,805.74
145.65617588,-37.69933815,804.00
145.65617488,-37.69939366,822.41
145.65617478,-37.69939897,815.49
145.65617477,-37.69939960,809.70
145.65617447,-37.69941636,805.70
145.65617288,-37.69950440,823.93
145.65617110,-37.69960298,836.89
145.65616774,-37.69978860,898.11
145.65616616,-37.69987655,848.57
145.65616573,-37.69989998,854.41
145.65616270,-37.70006803,880.16
145.65616258,-37.70007461,872.02
145.65616108,-37.70015769,865.13
145.65616088,-37.70016895,919.19
145.65616070,-37.70017886,866.66
145.65616021,-37.70020572,926.08
145.65616017,-37.70020842,925.67
145.65615983,-37.70022671,871.88
145.65615926,-37.70025879,914.13
145.65615889,-37.70027897,945.60
145.65615854,-37.70029826,945.62
145.65615719,-37.70037332,879.79
145.65615419,-37.70053921,889.82
145.65615241,-37.70063770,896.21
145.65615165,-37.70067978,898.21
145.65614953,-37.70079728,968.78
145.65614952,-37.70079809,968.85
145.65614940,-37.70080440,967.47
145.65614820,-37.70087117,906.22
145.65614634,-37.70097434,912.24
145.65614625,-37.70097930,911.33
145.65614597,-37.70099489,965.21
145.65614584,-37.70100201,912.95
145.65614553,-37.70101895,951.46
145.65614437,-37.70108302,978.87
145.65614433,-37.70108554,972.82
145.65614359,-37.70112654,982.46
145.65614351,-37.70113077,920.69
145.65614340,-37.70113717,921.24
145.65614292,-37.70116330,920.44
145.65614192,-37.70121881,983.12
145.65614176,-37.70122773,956.76
145.65614173,-37.70122953,923.92
145.65614055,-37.70129486,927.03
145.65613905,-37.70137812,930.41
145.65613864,-37.70140074,928.76
145.65613851,-37.70140759,928.65
145.65613792,-37.70144039,929.70
145.65613770,-37.70145282,989.42
145.65613752,-37.70146246,932.87
145.65613542,-37.70157897,1006.97
145.65613433,-37.70163908,937.64
145.65613395,-37.70166034,938.26
145.65613318,-37.70170314,1011.13
145.65613250,-37.70174036,995.92
145.65613241,-37.70174586,940.70
145.65613217,-37.70175865,941.88
145.65613106,-37.70182065,943.76
145.65613099,-37.70182425,942.99
145.65613062,-37.70184461,1011.74
145.65613049,-37.70185209,994.67
145.65613043,-37.70185525,943.63
145.65613033,-37.70186065,1008.29
145.65613024,-37.70186597,1011.90
145.65613023,-37.70186651,943.27
145.65612944,-37.70191003,1008.47
145.65612932,-37.70191688,1006.95
145.65612919,-37.70192391,1012.68
145.65612892,-37.70193869,1003.86
145.65612873,-37.70194941,1002.05
145.65612872,-37.70194977,1006.58
145.65612808,-37.70198527,1004.19
145.65612807,-37.70198599,952.73
145.65612800,-37.70198987,1004.79
145.65612692,-37.70204970,1013.35
145.65612620,-37.70208971,1005.77
145.65612599,-37.70210106,946.05
145.65612535,-37.70213684,1013.01
145.65612352,-37.70223821,1012.84
145.65612293,-37.70227038,1014.53
145.65612094,-37.70238085,943.83
145.65611923,-37.70247574,948.77
145.65611800,-37.70254368,956.59
145.65611755,-37.70256855,950.09
145.65611573,-37.70266956,946.94
145.65611362,-37.70278625,936.58
145.65611349,-37.70279346,946.27
145.65611335,-37.70280103,946.89
145.65611325,-37.70280679,942.27
145.65611209,-37.70287077,926.31
145.65611098,-37.70293223,928.04
145.65611041,-37.70296403,991.77
145.65610993,-37.70299053,992.61
145.65610980,-37.70299801,930.91
145.65610729,-37.70313695,939.70
145.65610690,-37.70315822,1011.33
145.65610677,-37.70316561,959.68
145.65610671,-37.70316885,1011.98
145.65610651,-37.70317976,961.61
145.65610639,-37.70318660,958.02
145.65610615,-37.70319994,1008.34
145.65610578,-37.70322021,1012.60
145.65610475,-37.70327752,949.67
145.65610467,-37.70328212,999.98
145.65610225,-37.70341602,1001.62
145.65610202,-37.70342882,986.11
145.65610151,-37.70345711,990.40
145.65610124,-37.70347180,961.28
145.65609969,-37.70355776,967.94
145.65609962,-37.70356145,1018.73
145.65609893,-37.70359966,1011.71
145.65609786,-37.70365895,984.95
145.65609783,-37.70366057,985.22
145.65609756,-37.70367562,984.68
145.65609736,-37.70368653,975.85
145.65609663,-37.70372699,977.62
145.65609626,-37.70374735,975.32
145.65609623,-37.70374906,975.22
145.65609596,-37.70376429,980.18
145.65609595,-37.70376474,1030.59
145.65609588,-37.70376853,989.84
145.65609584,-37.70377060,975.27
145.65609527,-37.70380214,977.80
145.65609452,-37.70384413,981.09
145.65609431,-37.70385584,1005.23
145.65609404,-37.70387053,1011.90
145.65609383,-37.70388188,1031.43
145.65609333,-37.70391009,980.33
145.65609211,-37.70397713,995.44
145.65609149,-37.70401191,1031.85
145.65609064,-37.70405868,1031.36
145.65609057,-37.70406246,1031.00
145.65609018,-37.70408427,1018.14
145.65609016,-37.70408535,989.92
145.65608974,-37.70410860,1044.18
145.65608971,-37.70411049,988.81
145.65608929,-37.70413365,1043.58
145.65608846,-37.70417933,992.02
145.65608784,-37.70421366,1042.83
145.65608765,-37.70422421,1013.71
145.65608730,-37.70424349,992.71
145.65608674,-37.70427503,1005.59
145.65608452,-37.70439784,1008.47
145.65608363,-37.70444713,1050.94
145.65608332,-37.70446398,1047.93
145.65608310,-37.70447642,997.61
145.65608308,-37.70447750,1058.15
145.65608221,-37.70452580,998.95
145.65608155,-37.70456193,998.90
145.65608077,-37.70460527,1002.69
145.65608050,-37.70462005,1000.84
145.65607968,-37.70466565,1010.59
145.65607963,-37.70466835,1042.02
145.65607921,-37.70469160,1047.19
145.65607849,-37.70473188,1005.53
145.65607846,-37.70473314,1003.91
145.65607484,-37.70493372,1056.49
145.65607463,-37.70494553,1051.73
145.65607400,-37.70498049,1051.02
145.65607303,-37.70503392,1054.33
145.65607103,-37.70514494,1060.73
145.65607094,-37.70514980,1062.66
145.65607065,-37.70516557,1055.45
145.65606883,-37.70526640,1032.98
145.65606772,-37.70532804,1068.22
145.65606715,-37.70535966,1066.55
145.65606514,-37.70547077,1070.31
145.65606505,-37.70547563,1070.39
145.65606499,-37.70547915,1064.32
145.65606495,-37.70548149,1041.48
145.65606476,-37.70549194,1070.37
145.65606459,-37.70550150,1033.77
145.65606428,-37.70551862,1029.56
145.65606303,-37.70558755,1063.41
145.65606269,-37.70560647,1074.94
145.65606181,-37.70565513,1034.81
145.65606116,-37.70569099,1057.85
145.65605943,-37.70578696,1036.48
145.65605942,-37.70578768,1079.47
145.65605926,-37.70579615,1068.12
145.65605891,-37.70581606,1036.24
145.65605885,-37.70581904,1081.12
145.65605869,-37.70582787,1082.39
145.65605867,-37.70582895,1038.53
145.65605853,-37.70583670,1078.47
145.65605822,-37.70585418,1077.15
145.65605758,-37.70588923,1036.29
145.65605734,-37.70590266,1076.93
145.65605657,-37.70594528,1065.66
145.65605597,-37.70597844,1039.24
145.65605552,-37.70600376,1081.55
145.65605541,-37.70600962,1083.36
145.65605500,-37.70603214,1090.13
145.65605492,-37.70603692,1065.86
145.65605478,-37.70604467,1089.64
145.65605477,-37.70604530,1084.68
145.65605473,-37.70604710,1085.83
145.65605470,-37.70604900,1081.65
145.65605451,-37.70605945,1049.74
145.65605389,-37.70609387,1042.29
145.65605348,-37.70611631,1081.66
145.65605272,-37.70615830,1087.69
145.65605268,-37.70616055,1080.23
145.65605191,-37.70620353,1087.13
145.65605182,-37.70620858,1063.83
145.65605109,-37.70624877,1083.25
145.65605108,-37.70624958,1089.61
145.65605090,-37.70625940,1054.35
145.65605051,-37.70628112,1045.18
145.65605044,-37.70628472,1046.83
145.65604915,-37.70635645,1090.64
145.65604912,-37.70635798,1080.65
145.65604909,-37.70635951,1047.71
145.65604879,-37.70637600,1091.76
145.65604859,-37.70638708,1048.51
145.65604849,-37.70639294,1047.28
145.65604738,-37.70645448,1047.18
145.65604609,-37.70652540,1054.74
145.65604587,-37.70653801,1050.06
145.65604583,-37.70654009,1091.98
145.65604502,-37.70658505,1091.80
145.65604498,-37.70658712,1083.54
145.65604488,-37.70659244,1079.57
145.65604436,-37.70662164,1053.17
145.65604362,-37.70666236,1089.79
145.65604312,-37.70669030,1095.17
145.65604272,-37.70671238,1091.78
145.65604254,-37.70672220,1091.01
145.65604201,-37.70675157,1090.66
145.65604196,-37.70675419,1065.83
145.65604192,-37.70675653,1090.35
145.65604185,-37.70676049,1054.59
145.65604122,-37.70679555,1092.17
145.65604107,-37.70680384,1057.03
145.65604002,-37.70686151,1055.19
145.65603941,-37.70689539,1054.45
145.65603894,-37.70692179,1086.96
145.65603874,-37.70693287,1094.91
145.65603866,-37.70693729,1056.30
145.65603789,-37.70697991,1098.31
145.65603729,-37.70701262,1094.25
145.65603588,-37.70709119,1098.36
145.65603535,-37.70712003,1097.47
145.65603528,-37.70712426,1096.94
145.65603485,-37.70714805,1063.93
145.65603446,-37.70716977,1094.15
145.65603444,-37.70717094,1065.38
145.65603437,-37.70717481,1065.61
145.65603343,-37.70722681,1064.58
145.65603260,-37.70727267,1054.84
145.65603117,-37.70735170,1090.23
145.65603053,-37.70738720,1052.72
145.65603032,-37.70739882,1052.28
145.65602981,-37.70742730,1063.40
145.65602936,-37.70745217,1053.54
145.65602865,-37.70749127,1050.59
145.65602806,-37.70752380,1052.13
145.65602746,-37.70755696,1049.71
145.65602740,-37.70756039,1049.42
145.65602545,-37.70766843,1057.88
145.65602541,-37.70767041,1062.91
145.65602487,-37.70770069,1058.96
145.65602484,-37.70770231,1060.62
145.65602468,-37.70771114,1076.10
145.65602400,-37.70774899,1065.35
145.65602340,-37.70778178,1064.31
145.65602310,-37.70779845,1066.32
145.65602183,-37.70786883,1091.35
145.65602156,-37.70788397,1051.36
145.65602112,-37.70790830,1089.48
145.65602069,-37.70793173,1090.43
145.65601909,-37.70802048,1055.93
145.65601903,-37.70802400,1063.46
145.65601894,-37.70802913,1097.09
145.65601801,-37.70808031,1089.71
145.65601759,-37.70810365,1055.00
145.65601754,-37.70810618,1094.36
145.65601709,-37.70813150,1094.84
145.65601698,-37.70813735,1095.48
145.65601673,-37.70815096,1065.87
145.65601634,-37.70817259,1093.20
145.65601500,-37.70824693,1082.29
145.65601485,-37.70825504,1095.14
145.65601360,-37.70832451,1101.34
145.65601323,-37.70834478,1100.55
145.65601249,-37.70838596,1059.22
145.65601222,-37.70840065,1089.08
145.65601174,-37.70842750,1095.11
145.65600690,-37.70869549,1095.52
145.65600629,-37.70872928,1066.24
145.65600626,-37.70873081,1101.68
145.65600600,-37.70874550,1079.30
145.65600564,-37.70876541,1096.04
145.65600527,-37.70878550,1068.41
145.65600499,-37.70880136,1087.53
145.65600455,-37.70882569,1067.85
145.65600393,-37.70885966,1103.15
145.65600316,-37.70890274,1105.87
145.65600245,-37.70894157,1070.54
145.65600201,-37.70896590,1106.02
145.65600170,-37.70898356,1071.70
145.65600164,-37.70898645,1105.37
145.65600157,-37.70899059,1104.70
145.65600154,-37.70899239,1073.89
145.65600138,-37.70900104,1082.07
145.65600001,-37.70907674,1103.09
145.65599946,-37.70910746,1077.02
145.65599922,-37.70912062,1103.42
145.65599913,-37.70912584,1106.51
145.65599911,-37.70912675,1075.86
145.65599901,-37.70913242,1089.04
145.65599810,-37.70918252,1103.00
145.65599799,-37.70918856,1089.62
145.65599773,-37.70920289,1104.08
145.65599747,-37.70921739,1077.82
145.65599686,-37.70925155,1078.84
145.65599597,-37.70930057,1110.29
145.65599427,-37.70939482,1078.77
145.65599394,-37.70941311,1090.95
145.65599370,-37.70942609,1077.93
145.65599322,-37.70945267,1077.69
145.65599241,-37.70949745,1111.61
145.65599236,-37.70950025,1076.73
145.65599215,-37.70951214,1103.67
145.65599200,-37.70952016,1110.68
145.65599200,-37.70952025,1105.17
145.65599017,-37.70962153,1084.12
145.65598973,-37.70964577,1096.51
145.65598952,-37.70965776,1107.56
145.65598788,-37.70974840,1069.45
145.65598759,-37.70976435,1068.74
145.65598726,-37.70978265,1099.96
145.65598697,-37.70979896,1103.60
145.65598638,-37.70983167,1068.58
145.65598535,-37.70988861,1063.45
145.65598526,-37.70989339,1101.85
145.65598432,-37.70994529,1092.45
145.65598357,-37.70998719,1059.18
145.65598329,-37.71000242,1058.20
145.65598307,-37.71001450,1056.91
145.65598149,-37.71010235,1053.43
145.65598106,-37.71012596,1050.44
145.65597998,-37.71018579,1047.73
145.65597995,-37.71018759,1047.32
145.65597956,-37.71020913,1047.56
145.65597795,-37.71029825,1040.97
145.65597691,-37.71035592,1084.54
145.65597610,-37.71040061,1090.32
145.65597518,-37.71045170,1041.09
145.65597503,-37.71045981,1089.73
145.65597500,-37.71046170,1089.33
145.65597296,-37.71057434,1068.42
145.65597266,-37.71059119,1075.58
145.65596601,-37.71095892,1010.84
145.65596593,-37.71096379,1009.96
145.65596588,-37.71096622,1009.51
145.65596566,-37.71097848,1007.27
145.65596466,-37.71103389,994.12
145.65596350,-37.71109796,998.59
145.65596236,-37.71116095,1001.42
145.65596192,-37.71118546,982.07
145.65596109,-37.71123123,992.01
145.65596080,-37.71124754,982.14
145.65596041,-37.71126908,994.35
145.65596024,-37.71127845,994.82
145.65595969,-37.71130882,1016.57
145.65595920,-37.71133612,976.97
145.65595893,-37.71135090,1015.47
145.65595888,-37.71135396,1017.89
145.65595884,-37.71135621,992.05
145.65595882,-37.71135738,992.00
145.65595696,-37.71145993,1015.80
145.65595648,-37.71148669,1004.44
145.65595646,-37.71148786,978.81
145.65595638,-37.71149201,1016.27
145.65595633,-37.71149480,989.93
145.65595584,-37.71152192,981.25
145.65595583,-37.71152273,989.84
145.65595569,-37.71153039,1012.57
145.65595428,-37.71160825,962.32
145.65595386,-37.71163185,958.18
145.65595256,-37.71170367,976.85
145.65595380,-37.71170423,977.12
145.65595684,-37.71170525,996.26
145.65595888,-37.71170555,996.19
145.65596239,-37.71170595,991.88
145.65597282,-37.71170607,993.70
145.65597305,-37.71170607,974.51
145.65598054,-37.71170615,975.26
145.65600878,-37.71170647,988.71
145.65601343,-37.71170653,988.43
145.65601819,-37.71170658,987.71
145.65615283,-37.71170812,1005.25
145.65615362,-37.71170813,1004.64
145.65622236,-37.71170891,984.43
145.65623688,-37.71170908,985.40
145.65626126,-37.71170935,974.16
145.65626569,-37.71170940,971.54
145.65631276,-37.71170994,973.85
145.65632501,-37.71171008,974.34
145.65634905,-37.71171035,976.30
145.65642641,-37.71171124,990.37
145.65651964,-37.71171230,955.13
145.65653757,-37.71171250,973.10
145.65656059,-37.71171276,974.81
145.65657386,-37.71171292,968.74
145.65658781,-37.71171308,972.83
145.65675579,-37.71171499,1005.05
145.65681965,-37.71171572,986.66
145.65686207,-37.71171620,993.57
145.65708507,-37.71171874,953.88
145.65716957,-37.71171970,972.58
145.65718125,-37.71171984,982.24
145.65720983,-37.71172016,983.37
145.65733608,-37.71172160,957.97
145.65735604,-37.71172183,956.78
145.65775994,-37.71172643,957.58
145.65777435,-37.71172659,964.26
145.65778093,-37.71172667,961.79
145.65783560,-37.71172729,973.93
145.65786146,-37.71172758,979.73
145.65801685,-37.71172935,959.87
145.65805678,-37.71172981,1011.86
145.65837403,-37.71173342,972.18
145.65838956,-37.71173359,972.95
145.65845149,-37.71173430,976.20
145.65847191,-37.71173453,973.21
145.65863683,-37.71173641,998.30
145.65866780,-37.71173676,990.36
145.65869411,-37.71173706,996.63
145.65877328,-37.71173796,1021.70
145.65877759,-37.71173801,987.73
145.65880118,-37.71173828,1001.93
145.65890009,-37.71173940,1022.10
145.65894433,-37.71173991,986.85
145.65902123,-37.71174078,992.55
145.65917446,-37.71174252,990.05
145.65926441,-37.71174355,993.07
145.65927020,-37.71174361,995.71
145.65930581,-37.71174402,994.58
145.65935821,-37.71174461,994.11
145.65936173,-37.71174465,995.48
145.65939224,-37.71174500,995.42
145.65946449,-37.71174582,1002.89
145.65950192,-37.71174625,999.42
145.65958847,-37.71174723,996.98
145.65958983,-37.71174725,996.11
145.65964563,-37.71174788,995.16
145.65965743,-37.71174802,1031.15
145.65968975,-37.71174838,1030.20
145.65981690,-37.71174983,1015.16
145.65990038,-37.71175078,1018.47
145.65990560,-37.71175084,1035.75
145.65998976,-37.71175179,1022.30
145.65999918,-37.71175190,1022.98
145.66010262,-37.71175308,1038.93
145.66023385,-37.71175457,1043.10
145.66027287,-37.71175501,1038.35
145.66027956,-37.71175509,1017.48
145.66030191,-37.71175534,1019.15
145.66031076,-37.71175544,1017.53
145.66039741,-37.71175643,1008.62
145.66041193,-37.71175659,1052.08
145.66045106,-37.71175704,1010.15
145.66046252,-37.71175717,1020.01
145.66056097,-37.71175829,1025.27
145.66069209,-37.71175978,1051.75
145.66072045,-37.71176010,1044.70
145.66079531,-37.71176095,1067.74
145.66083240,-37.71176137,1019.95
145.66092892,-37.71176247,1057.90
145.66097951,-37.71176304,1064.35
145.66107603,-37.71176414,1027.47
145.66118515,-37.71176538,1070.94
145.66122666,-37.71176585,1081.12
145.66122938,-37.71176588,1079.48
145.66131525,-37.71176685,1052.42
145.66131729,-37.71176688,1052.33
145.66131978,-37.71176691,1032.84
145.66134882,-37.71176724,1046.98
145.66136096,-37.71176737,1032.68
145.66137650,-37.71176755,1085.20
145.66144501,-37.71176833,1066.61
145.66146179,-37.71176852,1087.45
145.66146769,-37.71176859,1083.84
145.66147359,-37.71176865,1038.89
145.66152202,-37.71176920,1054.07
145.66153212,-37.71176932,1083.23
145.66155072,-37.71176953,1049.27
145.66181352,-37.71177251,1075.35
145.66185572,-37.71177299,1078.01
145.66186218,-37.71177306,1047.40
145.66187761,-37.71177324,1046.69
145.66194941,-37.71177405,1048.96
145.66195667,-37.71177414,1095.25
145.66202982,-37.71177497,1092.01
145.66209130,-37.71177566,1096.65
145.66213894,-37.71177621,1097.20
145.66214041,-37.71177622,1072.96
145.66215357,-37.71177637,1093.90
145.66228129,-37.71177782,1054.65
145.66233607,-37.71177844,1055.04
145.66243328,-37.71177955,1055.45
145.66244337,-37.71177966,1088.68
145.66250213,-37.71178033,1103.14
145.66251234,-37.71178044,1090.19
145.66251971,-37.71178053,1073.15
145.66252152,-37.71178055,1056.30
145.66252504,-37.71178059,1098.76
145.66253649,-37.71178072,1056.70
145.66261589,-37.71178162,1093.55
145.66265582,-37.71178207,1097.05
145.66266898,-37.71178222,1090.11
145.66275438,-37.71178319,1090.80
145.66275643,-37.71178321,1060.96
145.66277503,-37.71178342,1059.69
145.66279352,-37.71178363,1097.15
145.66280656,-37.71178378,1072.26
145.66281960,-37.71178393,1073.14
145.66286032,-37.71178439,1072.99
145.66287042,-37.71178450,1073.37
145.66287870,-37.71178460,1085.83
145.66288709,-37.71178469,1085.13
145.66292101,-37.71178508,1085.02
145.66293961,-37.71178529,1063.41
145.66299643,-37.71178593,1064.72
145.66302638,-37.71178627,1064.42
145.66304328,-37.71178647,1091.90
145.66307969,-37.71178688,1099.60
145.66309137,-37.71178701,1096.82
145.66310782,-37.71178720,1081.77
145.66312324,-37.71178737,1083.03
145.66312426,-37.71178738,1083.13
145.66323077,-37.71178859,1090.87
145.66342337,-37.71179078,1064.99
145.66347361,-37.71179135,1093.49
145.66348212,-37.71179144,1064.05
145.66350038,-37.71179165,1083.89
145.66361823,-37.71179298,1065.26
145.66365124,-37.71179336,1103.60
145.66365430,-37.71179339,1074.42
145.66369298,-37.71179383,1072.90
145.66386448,-37.71179578,1065.94
145.66390168,-37.71179620,1066.65
145.66396145,-37.71179688,1104.51
145.66398051,-37.71179709,1098.50
145.66400263,-37.71179734,1070.61
145.66402055,-37.71179754,1083.37
145.66405605,-37.71179795,1087.15
145.66406456,-37.71179804,1086.64
145.66411775,-37.71179865,1097.39
145.66412297,-37.71179871,1072.85
145.66412558,-37.71179874,1098.15
145.66413647,-37.71179886,1071.17
145.66419023,-37.71179947,1071.71
145.66419885,-37.71179957,1109.72
145.66429322,-37.71180063,1107.17
145.66433780,-37.71180114,1077.25
145.66438158,-37.71180164,1080.29
145.66438317,-37.71180165,1078.74
145.66440994,-37.71180196,1108.71
145.66443886,-37.71180228,1110.74
145.66444589,-37.71180236,1086.02
145.66446642,-37.71180260,1111.35
145.66464961,-37.71180467,1077.34
145.66465335,-37.71180471,1077.33
145.66467558,-37.71180497,1077.42
145.66472775,-37.71180556,1077.60
145.66477006,-37.71180604,1113.82
145.66479899,-37.71180636,1080.30
145.66486489,-37.71180711,1112.01
145.66497582,-37.71180837,1085.52
145.66500293,-37.71180867,1085.78
145.66504160,-37.71180911,1085.79
145.66510365,-37.71180981,1093.47
145.66526085,-37.71181159,1123.26
145.66527050,-37.71181170,1091.29
145.66538211,-37.71181297,1119.66
145.66544097,-37.71181363,1089.87
145.66545379,-37.71181378,1091.88
145.66548907,-37.71181418,1124.87
145.66551459,-37.71181447,1118.49
145.66554737,-37.71181484,1118.97
145.66568030,-37.71181634,1119.31
145.66578057,-37.71181748,1092.00
145.66581550,-37.71181787,1123.53
145.66583524,-37.71181810,1126.53
145.66583989,-37.71181815,1091.00
145.66587165,-37.71181851,1091.30
145.66588106,-37.71181862,1126.04
145.66589343,-37.71181876,1125.15
145.66591691,-37.71181902,1091.23
145.66596761,-37.71181959,1091.12
145.66601842,-37.71182017,1124.63
145.66607944,-37.71182086,1124.14
145.66608466,-37.71182092,1124.36
145.66608557,-37.71182093,1122.69
145.66618051,-37.71182200,1120.48
145.66622157,-37.71182247,1092.11
145.66623087,-37.71182257,1091.78
145.66625945,-37.71182290,1091.99
145.66627454,-37.71182307,1091.49
145.66629189,-37.71182326,1091.36
145.66634327,-37.71182385,1119.61
145.66641008,-37.71182460,1092.77
145.66641791,-37.71182469,1125.21
145.66641870,-37.71182470,1123.47
145.66644195,-37.71182496,1091.16
145.66648596,-37.71182546,1101.78
145.66667515,-37.71182760,1091.19
145.66668570,-37.71182772,1102.77
145.66669183,-37.71182779,1091.26
145.66682249,-37.71182927,1089.07
145.66708621,-37.71183225,1122.24
145.66710504,-37.71183246,1094.43
145.66710583,-37.71183247,1093.13
145.66710685,-37.71183248,1091.21
145.66714734,-37.71183294,1100.26
145.66715199,-37.71183299,1091.55
145.66721608,-37.71183372,1123.87
145.66725521,-37.71183416,1099.80
145.66727404,-37.71183437,1099.97
145.66727438,-37.71183438,1099.36
145.66732054,-37.71183490,1093.13
145.66734606,-37.71183519,1093.35
145.66735673,-37.71183531,1137.96
145.66735809,-37.71183532,1135.01
145.66738372,-37.71183561,1130.41
145.66738576,-37.71183563,1125.96
145.66753367,-37.71183731,1096.52
145.66765243,-37.71183865,1141.73
145.66765685,-37.71183870,1141.47
145.66768271,-37.71183899,1141.45
145.66771765,-37.71183939,1106.77
145.66791183,-37.71184158,1139.27
145.66794438,-37.71184195,1101.94
145.66795981,-37.71184212,1109.31
145.66796049,-37.71184213,1143.63
145.66796140,-37.71184214,1106.87
145.66808118,-37.71184349,1148.61
145.66810726,-37.71184379,1103.32
145.66813709,-37.71184413,1143.70
145.66813811,-37.71184414,1141.95
145.66814424,-37.71184421,1115.96
145.66815955,-37.71184438,1104.08
145.66817294,-37.71184453,1111.71
145.66818144,-37.71184463,1111.98
145.66820538,-37.71184490,1142.42
145.66821479,-37.71184500,1112.03
145.66822421,-37.71184511,1112.30
145.66824678,-37.71184537,1137.83
145.66827207,-37.71184565,1112.86
145.66833355,-37.71184635,1109.58
145.66835521,-37.71184659,1139.19
145.66836531,-37.71184670,1106.83
145.66837427,-37.71184681,1142.73
145.66837483,-37.71184681,1141.33
145.66837665,-37.71184683,1136.59
145.66837824,-37.71184685,1106.89
145.66839219,-37.71184701,1141.02
145.66840013,-37.71184710,1108.24
145.66843325,-37.71184747,1143.43
145.66843642,-37.71184751,1143.97
145.66859692,-37.71184932,1108.25
145.66859806,-37.71184933,1108.34
145.66872940,-37.71185082,1114.39
145.66877568,-37.71185134,1110.93
145.66877602,-37.71185134,1109.98
145.66878861,-37.71185149,1109.31
145.66882230,-37.71185187,1148.01
145.66884759,-37.71185215,1109.12
145.66888604,-37.71185259,1137.86
145.66890567,-37.71185281,1118.53
145.66892461,-37.71185302,1119.46
145.66902624,-37.71185417,1116.73
145.66903145,-37.71185423,1150.16
145.66904688,-37.71185440,1155.80
145.66906287,-37.71185458,1120.56
145.66911062,-37.71185512,1155.45
145.66913864,-37.71185544,1156.48
145.66917913,-37.71185589,1111.71
145.66919116,-37.71185603,1154.17
145.66925842,-37.71185679,1154.11
145.66926851,-37.71185690,1147.59
145.66927963,-37.71185703,1144.87
145.66928802,-37.71185712,1112.98
145.66930334,-37.71185730,1153.31
145.66932069,-37.71185749,1116.49
145.66941143,-37.71185852,1156.35
145.66942504,-37.71185867,1152.57
145.66943457,-37.71185878,1157.04
145.66945328,-37.71185899,1157.35
145.66963908,-37.71186109,1133.39
145.66965836,-37.71186130,1135.34
145.66971053,-37.71186189,1156.67
145.66972811,-37.71186209,1133.69
145.66985288,-37.71186350,1123.06
145.66988589,-37.71186387,1143.73
145.66989542,-37.71186398,1139.84
145.66992910,-37.71186436,1159.60
145.66997334,-37.71186486,1164.98
145.66999376,-37.71186509,1141.81
145.67006635,-37.71186591,1140.02
145.67007588,-37.71186601,1137.08
145.67010378,-37.71186633,1134.67
145.67013894,-37.71186673,1166.98
145.67016934,-37.71186707,1168.53
145.67022412,-37.71186769,1159.58
145.67039619,-37.71186963,1143.25
145.67041116,-37.71186980,1140.37
145.67047922,-37.71187056,1161.49
145.67057223,-37.71187161,1170.38
145.67063847,-37.71187236,1169.19
145.67063892,-37.71187237,1173.90
145.67067635,-37.71187279,1166.01
145.67068781,-37.71187292,1165.23
145.67068849,-37.71187292,1164.37
145.67068962,-37.71187294,1140.05
145.67077832,-37.71187394,1152.19
145.67079125,-37.71187408,1171.27
145.67080600,-37.71187425,1168.07
145.67081938,-37.71187440,1167.26
145.67082097,-37.71187442,1152.33
145.67082335,-37.71187444,1167.13
145.67082437,-37.71187446,1165.68
145.67083163,-37.71187454,1166.49
145.67085420,-37.71187479,1163.43
145.67088766,-37.71187517,1139.59
145.67096786,-37.71187607,1152.52
145.67097965,-37.71187621,1150.83
145.67107051,-37.71187723,1147.13
145.67107425,-37.71187727,1147.19
145.67108638,-37.71187741,1148.85
145.67117179,-37.71187837,1143.95
145.67119221,-37.71187860,1174.39
145.67119743,-37.71187866,1173.96
145.67126220,-37.71187939,1183.55
145.67136870,-37.71188059,1188.02
145.67137675,-37.71188068,1188.82
145.67141112,-37.71188107,1187.92
145.67150345,-37.71188211,1163.30
145.67150481,-37.71188213,1190.59
145.67153589,-37.71188248,1163.75
145.67154122,-37.71188254,1192.45
145.67154383,-37.71188257,1193.00
145.67154463,-37.71188258,1192.23
145.67160701,-37.71188328,1160.52
145.67169945,-37.71188432,1153.08
145.67173949,-37.71188477,1154.04
145.67174233,-37.71188480,1163.36
145.67175151,-37.71188491,1188.97
145.67175412,-37.71188494,1195.81
145.67175957,-37.71188500,1164.54
145.67176059,-37.71188501,1163.57
145.67177964,-37.71188522,1196.64
145.67178202,-37.71188525,1192.10
145.67178747,-37.71188531,1192.38
145.67179019,-37.71188534,1189.78
145.67183034,-37.71188579,1195.55
145.67183465,-37.71188584,1195.76
145.67185144,-37.71188603,1183.61
145.67185280,-37.71188605,1196.06
145.67185779,-37.71188610,1163.27
145.67185893,-37.71188612,1162.22
145.67186721,-37.71188621,1191.99
145.67188104,-37.71188637,1193.60
145.67188490,-37.71188641,1193.46
145.67191768,-37.71188678,1187.22
145.67191916,-37.71188680,1185.90
145.67194264,-37.71188706,1196.60
145.67198948,-37.71188759,1165.35
145.67202135,-37.71188795,1196.68
145.67203474,-37.71188810,1160.68
145.67204937,-37.71188826,1190.58
145.67205617,-37.71188834,1192.68
145.67209349,-37.71188876,1198.07
145.67210222,-37.71188886,1167.64
145.67215883,-37.71188950,1175.04
145.67216098,-37.71188952,1173.13
145.67218276,-37.71188976,1198.20
145.67225501,-37.71189058,1200.11
145.67226102,-37.71189065,1184.92
145.67227055,-37.71189075,1193.84
145.67231978,-37.71189131,1201.81
145.67233237,-37.71189145,1194.28
145.67234133,-37.71189155,1189.48
145.67235267,-37.71189168,1201.28
145.67236549,-37.71189182,1200.45
145.67241108,-37.71189234,1163.24
145.67242220,-37.71189246,1195.27
145.67247766,-37.71189309,1175.38
145.67255207,-37.71189392,1194.81
145.67258417,-37.71189429,1201.28
145.67260901,-37.71189457,1201.86
145.67267786,-37.71189534,1202.29
145.67267956,-37.71189536,1200.74
145.67269986,-37.71189559,1165.00
145.67273673,-37.71189600,1195.97
145.67278641,-37.71189656,1202.27
145.67279197,-37.71189663,1197.31
145.67279650,-37.71189668,1203.07
145.67280694,-37.71189679,1165.30
145.67285628,-37.71189735,1202.34
145.67288849,-37.71189771,1176.82
145.67289530,-37.71189779,1177.65
145.67291844,-37.71189805,1202.65
145.67301474,-37.71189913,1200.26
145.67302029,-37.71189920,1198.09
145.67310684,-37.71190017,1200.48
145.67312850,-37.71190041,1171.76
145.67312998,-37.71190043,1170.45
145.67313247,-37.71190046,1202.19
145.67314654,-37.71190062,1201.09
145.67315743,-37.71190074,1200.20
145.67315969,-37.71190076,1201.84
145.67317682,-37.71190096,1198.89
145.67320790,-37.71190131,1175.97
145.67320892,-37.71190132,1194.26
145.67322775,-37.71190153,1195.87
145.67327108,-37.71190202,1198.97
145.67330057,-37.71190235,1195.17
145.67330839,-37.71190244,1161.38
145.67340038,-37.71190347,1187.09
145.67344553,-37.71190398,1188.70
145.67347785,-37.71190435,1178.54
145.67348046,-37.71190437,1170.62
145.67348420,-37.71190442,1170.96
145.67348454,-37.71190442,1170.64
145.67350111,-37.71190461,1169.49
145.67353808,-37.71190502,1169.18
145.67353978,-37.71190504,1167.72
145.67355022,-37.71190516,1187.11
145.67355181,-37.71190518,1185.65
145.67355702,-37.71190524,1185.21
145.67357007,-37.71190538,1185.76
145.67369109,-37.71190674,1171.09
145.67369574,-37.71190680,1171.54
145.67376936,-37.71190763,1183.15
145.67378274,-37.71190778,1175.80
145.67379715,-37.71190794,1172.14
145.67380316,-37.71190801,1176.28
145.67383866,-37.71190840,1168.09
145.67384320,-37.71190846,1176.11
145.67384399,-37.71190846,1190.05
145.67387473,-37.71190881,1186.55
145.67396184,-37.71190979,1184.11
145.67396910,-37.71190987,1180.59
145.67398589,-37.71191006,1167.75
145.67401923,-37.71191044,1190.13
145.67406642,-37.71191097,1195.83
145.67407515,-37.71191107,1193.86
145.67408219,-37.71191114,1194.73
145.67409602,-37.71191130,1196.58
145.67413810,-37.71191177,1199.20
145.67414639,-37.71191187,1201.22
145.67415092,-37.71191192,1200.69
145.67415954,-37.71191201,1169.02
145.67416215,-37.71191204,1193.42
145.67416635,-37.71191209,1201.50
145.67423021,-37.71191281,1175.33
145.67425505,-37.71191309,1170.06
145.67425720,-37.71191311,1172.12
145.67427569,-37.71191332,1180.02
145.67432548,-37.71191388,1170.51
145.67433478,-37.71191399,1174.88
145.67435055,-37.71191416,1182.31
145.67438072,-37.71191450,1174.45
145.67441157,-37.71191485,1199.61
145.67449109,-37.71191574,1205.79
145.67453475,-37.71191623,1206.58
145.67458477,-37.71191680,1208.05
145.67459759,-37.71191694,1171.66
145.67467427,-37.71191780,1186.48
145.67474766,-37.71191863,1207.90
145.67476070,-37.71191877,1209.02
145.67480596,-37.71191928,1203.72
145.67485359,-37.71191982,1184.22
145.67489715,-37.71192031,1171.53
145.67490475,-37.71192039,1171.75
145.67491961,-37.71192056,1208.30
145.67492074,-37.71192057,1203.90
145.67492857,-37.71192066,1207.87
145.67493537,-37.71192074,1204.12
145.67505062,-37.71192203,1171.19
145.67506661,-37.71192221,1209.48
145.67508328,-37.71192240,1173.19
145.67510018,-37.71192259,1201.28
145.67511164,-37.71192272,1212.18
145.67511833,-37.71192279,1212.35
145.67513455,-37.71192298,1176.53
145.67518117,-37.71192350,1200.54
145.67522926,-37.71192404,1207.39
145.67523584,-37.71192411,1176.44
145.67524957,-37.71192427,1171.73
145.67528110,-37.71192462,1179.70
145.67537422,-37.71192567,1173.97
145.67539668,-37.71192592,1173.79
145.67561820,-37.71192841,1214.09
145.67564338,-37.71192869,1174.57
145.67570089,-37.71192934,1212.64
145.67570202,-37.71192935,1214.61
145.67571075,-37.71192945,1216.40
145.67571722,-37.71192952,1215.72
145.67573741,-37.71192975,1174.75
145.67575091,-37.71192990,1209.60
145.67576883,-37.71193010,1214.07
145.67581295,-37.71193060,1207.35
145.67584505,-37.71193096,1174.79
145.67589462,-37.71193152,1183.75
145.67603674,-37.71193311,1203.48
145.67605364,-37.71193330,1201.95
145.67605421,-37.71193331,1173.86
145.67614642,-37.71193434,1179.82
145.67615277,-37.71193442,1179.12
145.67616310,-37.71193453,1174.53
145.67618170,-37.71193474,1176.71
145.67618703,-37.71193480,1200.92
145.67622015,-37.71193517,1177.57
145.67623263,-37.71193531,1174.39
145.67624885,-37.71193549,1179.41
145.67625747,-37.71193559,1187.00
145.67627425,-37.71193578,1201.98
145.67628537,-37.71193590,1209.59
145.67629705,-37.71193604,1204.12
145.67632564,-37.71193636,1187.29
145.67634390,-37.71193656,1208.95
145.67635093,-37.71193664,1183.79
145.67635297,-37.71193666,1195.23
145.67635581,-37.71193670,1209.31
145.67643668,-37.71193760,1180.65
145.67644485,-37.71193769,1210.13
145.67644950,-37.71193775,1180.06
145.67646878,-37.71193796,1179.15
145.67647525,-37.71193804,1182.15
145.67647717,-37.71193806,1206.30
145.67648897,-37.71193819,1177.94
145.67649158,-37.71193822,1178.07
145.67653854,-37.71193875,1210.30
145.67655340,-37.71193891,1193.11
145.67655725,-37.71193896,1198.36
145.67660137,-37.71193945,1207.89
145.67662349,-37.71193970,1210.89
145.67663847,-37.71193987,1210.87
145.67664119,-37.71193990,1211.08
145.67668486,-37.71194039,1178.88
145.67669144,-37.71194046,1178.63
145.67676335,-37.71194127,1211.25
145.67677412,-37.71194139,1214.27
145.67678864,-37.71194155,1212.60
145.67679896,-37.71194167,1208.04
145.67685704,-37.71194232,1181.58
145.67686271,-37.71194239,1194.08
145.67686396,-37.71194240,1189.39
145.67687258,-37.71194250,1201.95
145.67687575,-37.71194253,1202.44
145.67689810,-37.71194278,1195.06
145.67690831,-37.71194290,1216.26
145.67691194,-37.71194294,1215.16
145.67691727,-37.71194300,1212.43
145.67694630,-37.71194332,1212.91
145.67697988,-37.71194370,1217.48
145.67710204,-37.71194507,1217.20
145.67712518,-37.71194533,1218.20
145.67715410,-37.71194566,1183.67
145.67715966,-37.71194572,1219.76
145.67716091,-37.71194573,1217.91
145.67716555,-37.71194578,1183.78
145.67721478,-37.71194634,1216.97
145.67724201,-37.71194664,1223.44
145.67725652,-37.71194681,1221.96
145.67725879,-37.71194683,1218.44
145.67727308,-37.71194699,1218.41
145.67729622,-37.71194725,1184.17
145.67730768,-37.71194738,1184.24
145.67730870,-37.71194739,1216.17
145.67732469,-37.71194757,1203.50
145.67735520,-37.71194791,1184.02
145.67737335,-37.71194812,1183.95
145.67739127,-37.71194832,1194.47
145.67740194,-37.71194844,1214.66
145.67740352,-37.71194845,1217.52
145.67740432,-37.71194846,1211.24
145.67740522,-37.71194847,1209.91
145.67741385,-37.71194857,1218.85
145.67741475,-37.71194858,1217.56
145.67743562,-37.71194881,1184.04
145.67755427,-37.71195015,1192.21
145.67758387,-37.71195048,1198.55
145.67760134,-37.71195067,1182.60
145.67760338,-37.71195070,1185.78
145.67761699,-37.71195085,1202.12
145.67762153,-37.71195090,1216.00
145.67765420,-37.71195127,1196.81
145.67765896,-37.71195132,1196.27
145.67767110,-37.71195146,1217.91
145.67767325,-37.71195148,1215.45
145.67769446,-37.71195172,1215.24
145.67770104,-37.71195179,1192.08
145.67772214,-37.71195203,1217.58
145.67775957,-37.71195245,1220.64
145.67779632,-37.71195286,1220.97
145.67779870,-37.71195289,1191.66
145.67779893,-37.71195289,1214.96
145.67780947,-37.71195301,1220.71
145.67782320,-37.71195316,1218.75
145.67782694,-37.71195320,1211.78
145.67782717,-37.71195321,1221.77
145.67783556,-37.71195330,1188.64
145.67788808,-37.71195389,1206.44
145.67793470,-37.71195441,1189.68
145.67794831,-37.71195457,1187.21
145.67800922,-37.71195525,1178.39
145.67801534,-37.71195532,1215.56
145.67807058,-37.71195594,1175.40
145.67807432,-37.71195598,1211.70
145.67808158,-37.71195606,1199.73
145.67811743,-37.71195646,1199.67
145.67821599,-37.71195757,1178.22
145.67821962,-37.71195761,1213.06
145.67822938,-37.71195772,1178.31
145.67825036,-37.71195795,1211.55
145.67827963,-37.71195828,1211.77
145.67828791,-37.71195837,1173.34
145.67829403,-37.71195844,1198.63
145.67834054,-37.71195896,1187.82
145.67834326,-37.71195899,1187.58
145.67839215,-37.71195954,1208.02
145.67839906,-37.71195962,1168.92
145.67839940,-37.71195962,1210.87
145.67845056,-37.71196020,1167.30
145.67850194,-37.71196077,1168.62
145.67850501,-37.71196081,1169.01
145.67850943,-37.71196086,1168.65
145.67856841,-37.71196152,1170.14
145.67862093,-37.71196211,1206.29
145.67862603,-37.71196216,1204.80
145.67869182,-37.71196290,1171.35
145.67869885,-37.71196298,1171.42
145.67870917,-37.71196310,1198.14
145.67871031,-37.71196311,1158.72
145.67878279,-37.71196392,1156.92
145.67899285,-37.71196628,1155.90
145.67906590,-37.71196709,1154.61
145.67918760,-37.71196846,1148.41
145.67919497,-37.71196854,1173.61
145.67919929,-37.71196859,1148.17
145.67920700,-37.71196867,1148.37
145.67929048,-37.71196961,1188.14
145.67931294,-37.71196986,1176.38
145.67931747,-37.71196991,1189.25
145.67932439,-37.71196999,1180.73
145.67933653,-37.71197013,1162.51
145.67947933,-37.71197173,1141.16
145.67950077,-37.71197197,1140.91
145.67950803,-37.71197205,1140.64
145.67959344,-37.71197300,1156.31
145.67963881,-37.71197351,1147.44
145.67969632,-37.71197416,1142.61
145.67970528,-37.71197426,1141.07
145.67972025,-37.71197442,1139.65
145.67976063,-37.71197488,1136.27
145.68000836,-37.71197765,1140.83
145.68004476,-37.71197806,1137.66
145.68005304,-37.71197815,1140.96
145.68005611,-37.71197819,1159.36
145.68006053,-37.71197823,1117.95
145.68006189,-37.71197825,1162.35
145.68008877,-37.71197855,1155.25
145.68022625,-37.71198009,1112.39
145.68027025,-37.71198058,1122.67
145.68033513,-37.71198131,1107.55
145.68035748,-37.71198156,1109.59
145.68036531,-37.71198165,1110.71
145.68037461,-37.71198175,1115.26
145.68042009,-37.71198226,1119.98
145.68042293,-37.71198229,1110.93
145.68043053,-37.71198238,1118.74
145.68046195,-37.71198273,1103.18
145.68047919,-37.71198292,1114.95
145.68048871,-37.71198303,1115.02
145.68051990,-37.71198338,1121.27
145.68063923,-37.71198471,1116.50
145.68066951,-37.71198505,1113.19
145.68070116,-37.71198541,1097.59
145.68074642,-37.71198591,1094.29
145.68084136,-37.71198698,1092.73
145.68084726,-37.71198704,1127.83
145.68085111,-37.71198708,1126.94
145.68086291,-37.71198722,1105.06
145.68099970,-37.71198875,1102.31
145.68100560,-37.71198881,1104.50
145.68100787,-37.71198884,1104.43
145.68116938,-37.71199065,1096.88
145.68117755,-37.71199074,1102.07
145.68126761,-37.71199174,1104.48
145.68130481,-37.71199216,1135.12
145.68131343,-37.71199226,1135.47
145.68134270,-37.71199258,1130.56
145.68139919,-37.71199322,1086.67
145.68140440,-37.71199327,1123.45
145.68140565,-37.71199329,1120.18
145.68140962,-37.71199333,1123.96
145.68141541,-37.71199340,1126.91
145.68142153,-37.71199347,1086.03
145.68144433,-37.71199372,1135.94
145.68144819,-37.71199376,1111.44
145.68145295,-37.71199382,1136.04
145.68147768,-37.71199409,1123.97
145.68151170,-37.71199447,1134.61
145.68158827,-37.71199533,1093.05
145.68160744,-37.71199555,1096.22
145.68161209,-37.71199560,1108.97
145.68163750,-37.71199588,1085.33
145.68164770,-37.71199600,1101.40
145.68165020,-37.71199602,1121.25
145.68165099,-37.71199603,1124.59
145.68166563,-37.71199620,1108.48
145.68166596,-37.71199620,1120.84
145.68166971,-37.71199624,1092.05
145.68167016,-37.71199625,1097.61
145.68167527,-37.71199630,1099.22
145.68167572,-37.71199631,1098.48
145.68167889,-37.71199634,1125.48
145.68168162,-37.71199637,1101.67
145.68173538,-37.71199698,1113.70
145.68175659,-37.71199721,1103.16
145.68175863,-37.71199724,1114.31
145.68177338,-37.71199740,1120.86
145.68178291,-37.71199751,1118.88
145.68180276,-37.71199773,1117.42
145.68180854,-37.71199779,1120.20
145.68181331,-37.71199785,1117.90
145.68199229,-37.71199985,1114.68
145.68203471,-37.71200032,1124.36
145.68204402,-37.71200043,1095.81
145.68206353,-37.71200065,1110.74
145.68209460,-37.71200099,1120.22
145.68210130,-37.71200107,1123.90
145.68211922,-37.71200127,1088.68
145.68214428,-37.71200155,1121.86
145.68215926,-37.71200172,1092.31
145.68216186,-37.71200174,1092.86
145.68216980,-37.71200183,1094.62
145.68217775,-37.71200192,1125.07
145.68221665,-37.71200236,1119.14
145.68222448,-37.71200244,1126.13
145.68222788,-37.71200248,1111.44
145.68223128,-37.71200252,1119.68
145.68223367,-37.71200255,1121.15
145.68224387,-37.71200266,1112.69
145.68224898,-37.71200272,1109.90
145.68227813,-37.71200304,1087.10
145.68227938,-37.71200306,1085.60
145.68228902,-37.71200317,1125.87
145.68230569,-37.71200335,1126.06
145.68232531,-37.71200357,1077.30
145.68238566,-37.71200425,1089.38
145.68238611,-37.71200425,1088.60
145.68238690,-37.71200426,1087.00
145.68240925,-37.71200451,1126.28
145.68242354,-37.71200467,1076.10
145.68245405,-37.71200501,1098.97
145.68246914,-37.71200518,1106.07
145.68247538,-37.71200525,1077.83
145.68247617,-37.71200526,1076.15
145.68248093,-37.71200531,1075.86
145.68248819,-37.71200539,1076.03
145.68251462,-37.71200569,1083.83
145.68252721,-37.71200583,1083.65
145.68252937,-37.71200585,1081.09
145.68255137,-37.71200610,1121.25
145.68255217,-37.71200611,1120.31
145.68255852,-37.71200618,1075.70
145.68261013,-37.71200675,1123.42
145.68265221,-37.71200723,1101.91
145.68266922,-37.71200742,1123.68
145.68267637,-37.71200750,1075.68
145.68268351,-37.71200758,1121.63
145.68268442,-37.71200759,1120.50
145.68268533,-37.71200760,1119.34
145.68269089,-37.71200766,1124.72
145.68269156,-37.71200767,1121.81
145.68270608,-37.71200783,1115.83
145.68271107,-37.71200788,1124.93
145.68276359,-37.71200847,1075.51
145.68284605,-37.71200939,1101.66
145.68285002,-37.71200944,1074.56
145.68290719,-37.71201007,1073.66
145.68291706,-37.71201018,1079.70
145.68292908,-37.71201032,1083.18
145.68296515,-37.71201072,1122.49
145.68297434,-37.71201082,1087.81
145.68299861,-37.71201110,1117.03
145.68301540,-37.71201128,1077.52
145.68302107,-37.71201135,1117.19
145.68306360,-37.71201182,1091.33
145.68306406,-37.71201183,1090.58
145.68309276,-37.71201215,1079.41
145.68315661,-37.71201286,1122.40
145.68315854,-37.71201288,1085.81
145.68317624,-37.71201308,1109.61
145.68317771,-37.71201310,1079.84
145.68319132,-37.71201325,1124.77
145.68319370,-37.71201328,1126.24
145.68321333,-37.71201349,1071.50
145.68330101,-37.71201447,1072.98
145.68331257,-37.71201460,1076.40
145.68332018,-37.71201469,1080.59
145.68336759,-37.71201522,1122.74
145.68337655,-37.71201532,1072.81
145.68338744,-37.71201544,1120.76
145.68338857,-37.71201545,1122.73
145.68341965,-37.71201580,1120.32
145.68343111,-37.71201593,1122.89
145.68350052,-37.71201670,1072.36
145.68351084,-37.71201682,1123.19
145.68352582,-37.71201698,1118.91
145.68352638,-37.71201699,1122.62
145.68353875,-37.71201713,1108.70
145.68354000,-37.71201714,1107.83
145.68356620,-37.71201744,1111.22
145.68357731,-37.71201756,1123.61
145.68359490,-37.71201776,1112.35
145.68359614,-37.71201777,1112.55
145.68359954,-37.71201781,1122.66
145.68362257,-37.71201806,1123.16
145.68364015,-37.71201826,1071.03
145.68364219,-37.71201828,1122.57
145.68365104,-37.71201838,1119.83
145.68365138,-37.71201839,1119.14
145.68365773,-37.71201846,1122.56
145.68365864,-37.71201847,1120.57
145.68372318,-37.71201919,1124.57
145.68372635,-37.71201922,1124.70
145.68373191,-37.71201929,1108.16
145.68373645,-37.71201934,1125.09
145.68374700,-37.71201945,1118.43
145.68376016,-37.71201960,1113.46
145.68376265,-37.71201963,1123.86
145.68376583,-37.71201966,1071.47
145.68380031,-37.71202005,1068.78
145.68380780,-37.71202013,1087.40
145.68381120,-37.71202017,1098.89
145.68381449,-37.71202021,1096.30
145.68382787,-37.71202036,1068.11
145.68383729,-37.71202046,1120.28
145.68388719,-37.71202102,1094.43
145.68390511,-37.71202122,1100.96
145.68391453,-37.71202132,1119.57
145.68393994,-37.71202161,1066.30
145.68396478,-37.71202189,1120.74
145.68397476,-37.71202200,1079.82
145.68398429,-37.71202210,1076.75
145.68404066,-37.71202273,1113.67
145.68407299,-37.71202309,1061.10
145.68408796,-37.71202326,1060.48
145.68409159,-37.71202330,1060.23
145.68414581,-37.71202391,1093.97
145.68416361,-37.71202411,1109.96
145.68421171,-37.71202464,1094.43
145.68458749,-37.71202884,1102.38
145.68459271,-37.71202889,1102.44
145.68459509,-37.71202892,1068.25
145.68460371,-37.71202902,1068.33
145.68460677,-37.71202905,1102.24
145.68465021,-37.71202954,1072.63
145.68467630,-37.71202983,1067.35
145.68469763,-37.71203006,1103.86
145.68470057,-37.71203010,1074.94
145.68475275,-37.71203068,1090.97
145.68475638,-37.71203072,1091.62
145.68475865,-37.71203075,1090.13
145.68476512,-37.71203082,1092.93
145.68477260,-37.71203090,1106.56
145.68477850,-37.71203097,1093.46
145.68478428,-37.71203103,1092.62
145.68480130,-37.71203122,1092.06
145.68483090,-37.71203155,1095.92
145.68485030,-37.71203177,1056.90
145.68485121,-37.71203178,1056.80
145.68485359,-37.71203180,1103.76
145.68486572,-37.71203194,1105.85
145.68487922,-37.71203209,1105.56
145.68489715,-37.71203229,1099.04
145.68490622,-37.71203239,1057.96
145.68491246,-37.71203246,1105.76
145.68492629,-37.71203262,1092.77
145.68493015,-37.71203266,1056.65
145.68496679,-37.71203307,1095.30
145.68497586,-37.71203317,1090.98
145.68504891,-37.71203398,1061.65
145.68507159,-37.71203424,1087.19
145.68524888,-37.71203621,1095.84
145.68525920,-37.71203633,1058.21
145.68528620,-37.71203663,1058.23
145.68531761,-37.71203698,1094.85
145.68531886,-37.71203699,1055.53
145.68532998,-37.71203712,1086.22
145.68534178,-37.71203725,1055.57
145.68535777,-37.71203743,1063.34
145.68536616,-37.71203752,1063.05
145.68537626,-37.71203763,1055.78
145.68538238,-37.71203770,1058.43
145.68541834,-37.71203810,1105.87
145.68546859,-37.71203866,1065.57
145.68549569,-37.71203897,1105.78
145.68551838,-37.71203922,1068.10
145.68552428,-37.71203929,1063.24
145.68552882,-37.71203934,1059.62
145.68558791,-37.71203999,1058.47
145.68559528,-37.71204008,1058.12
145.68561389,-37.71204028,1112.82
145.68561604,-37.71204031,1112.68
145.68562069,-37.71204036,1101.90
145.68565234,-37.71204071,1110.20
145.68566141,-37.71204081,1109.88
145.68569283,-37.71204116,1063.96
145.68572051,-37.71204147,1093.13
145.68572119,-37.71204148,1116.48
145.68572584,-37.71204153,1107.93
145.68573707,-37.71204166,1114.54
145.68573945,-37.71204168,1110.92
145.68578176,-37.71204216,1061.29
145.68580546,-37.71204242,1113.94
145.68581147,-37.71204249,1087.84
145.68581919,-37.71204257,1114.41
145.68582985,-37.71204269,1113.49
145.68586875,-37.71204313,1110.46
145.68596596,-37.71204421,1067.65
145.68599681,-37.71204455,1110.91
145.68603969,-37.71204503,1115.46
145.68605319,-37.71204518,1114.35
145.68610094,-37.71204571,1112.00
145.68612714,-37.71204601,1060.16
145.68614086,-37.71204616,1110.06
145.68615141,-37.71204628,1106.14
145.68622741,-37.71204712,1114.73
145.68624681,-37.71204734,1064.22
145.68630068,-37.71204794,1113.91
145.68633199,-37.71204829,1099.54
145.68636749,-37.71204868,1056.56
145.68643725,-37.71204946,1102.62
145.68645279,-37.71204964,1091.60
145.68645347,-37.71204964,1090.56
145.68650451,-37.71205021,1098.71
145.68650735,-37.71205024,1100.74
145.68651234,-37.71205030,1104.98
145.68651608,-37.71205034,1103.50
145.68653207,-37.71205052,1100.42
145.68656122,-37.71205084,1086.56
145.68657608,-37.71205101,1047.34
145.68659922,-37.71205127,1047.56
145.68665049,-37.71205184,1062.58
145.68665934,-37.71205194,1063.52
145.68667544,-37.71205212,1085.99
145.68676880,-37.71205316,1057.81
145.68677106,-37.71205318,1044.13
145.68678036,-37.71205328,1046.29
145.68693814,-37.71205504,1043.27
145.68695050,-37.71205518,1043.32
145.68696389,-37.71205533,1043.32
145.68700200,-37.71205575,1043.33
145.68705191,-37.71205631,1043.30
145.68711418,-37.71205700,1043.50
145.68722511,-37.71205824,1044.70
145.68726878,-37.71205872,1051.80
145.68728409,-37.71205890,1086.62
145.68728795,-37.71205894,1046.09
145.68729589,-37.71205903,1092.39
145.68730757,-37.71205916,1098.21
145.68732436,-37.71205934,1048.35
145.68738028,-37.71205997,1097.51
145.68739581,-37.71206014,1101.29
145.68750357,-37.71206134,1061.35
145.68750732,-37.71206138,1108.13
145.68751242,-37.71206144,1068.57
145.68757900,-37.71206218,1106.14
145.68762063,-37.71206264,1111.36
145.68762710,-37.71206271,1076.22
145.68764910,-37.71206296,1081.23
145.68765341,-37.71206301,1081.07
145.68769923,-37.71206352,1061.25
145.68781300,-37.71206478,1064.35
145.68783693,-37.71206505,1065.40
145.68793187,-37.71206611,1117.20
145.68795308,-37.71206634,1117.36
145.68801932,-37.71206708,1115.82
145.68802386,-37.71206713,1118.27
145.68806969,-37.71206764,1121.76
145.68807173,-37.71206766,1097.91
145.68808897,-37.71206786,1074.29
145.68811494,-37.71206814,1083.60
145.68811835,-37.71206818,1076.63
145.68812799,-37.71206829,1086.20
145.68814523,-37.71206848,1119.25
145.68815010,-37.71206854,1120.41
145.68815044,-37.71206854,1120.25
145.68820750,-37.71206917,1075.47
145.68820818,-37.71206918,1120.06
145.68826625,-37.71206983,1125.15
145.68828599,-37.71207005,1123.74
145.68829076,-37.71207010,1119.68
145.68833011,-37.71207054,1124.77
145.68833896,-37.71207064,1125.47
145.68834440,-37.71207070,1120.75
145.68841359,-37.71207147,1093.32
145.68851715,-37.71207262,1128.71
145.68852657,-37.71207272,1086.58
145.68853348,-37.71207280,1085.18
145.68853610,-37.71207283,1123.73
145.68853950,-37.71207287,1122.96
145.68854460,-37.71207293,1113.16
145.68855107,-37.71207300,1123.88
145.68856037,-37.71207310,1124.99
145.68857217,-37.71207323,1131.34
145.68857500,-37.71207326,1131.04
145.68860529,-37.71207360,1112.21
145.68861345,-37.71207369,1095.60
145.68865746,-37.71207418,1128.59
145.68865826,-37.71207419,1126.96
145.68871043,-37.71207477,1121.54
145.68872019,-37.71207488,1133.00
145.68873085,-37.71207500,1124.89
145.68874571,-37.71207516,1088.55
145.68875217,-37.71207523,1088.66
145.68877656,-37.71207551,1089.41
145.68885097,-37.71207633,1131.99
145.68889441,-37.71207682,1130.62
145.68889555,-37.71207683,1132.34
145.68892118,-37.71207711,1124.97
145.68899468,-37.71207793,1135.09
145.68905389,-37.71207859,1096.13
145.68911843,-37.71207931,1135.05
145.68913340,-37.71207947,1132.23
145.68913601,-37.71207950,1141.23
145.68913748,-37.71207952,1099.94
145.68916766,-37.71207985,1105.21
145.68917696,-37.71207996,1140.96
145.68918637,-37.71208006,1105.89
145.68918932,-37.71208010,1105.52
145.68923560,-37.71208061,1100.01
145.68928290,-37.71208114,1143.46
145.68929015,-37.71208122,1102.74
145.68930127,-37.71208134,1138.07
145.68930139,-37.71208134,1144.31
145.68932010,-37.71208155,1137.88
145.68932248,-37.71208158,1134.12
145.68939372,-37.71208237,1120.44
145.68941538,-37.71208261,1104.86
145.68950827,-37.71208364,1106.66
145.68959766,-37.71208464,1123.65
145.68959936,-37.71208465,1124.24
145.68960287,-37.71208469,1151.67
145.68962465,-37.71208494,1113.51
145.68975146,-37.71208635,1111.58
145.68975884,-37.71208643,1111.19
145.68985956,-37.71208755,1111.54
145.68991854,-37.71208820,1155.95
145.68991990,-37.71208822,1154.11
145.68992694,-37.71208830,1156.68
145.68993941,-37.71208843,1112.13
145.68997639,-37.71208884,1157.69
145.69000168,-37.71208913,1112.70
145.69003072,-37.71208945,1112.82
145.69005544,-37.71208972,1113.00
145.69007416,-37.71208993,1147.62
145.69007757,-37.71208997,1148.02
145.69012668,-37.71209051,1159.12
145.69016082,-37.71209089,1113.32
145.69017273,-37.71209103,1116.04
145.69021935,-37.71209154,1113.49
145.69022581,-37.71209162,1157.66
145.69028264,-37.71209225,1130.99
145.69028706,-37.71209230,1148.24
145.69031202,-37.71209257,1161.09
145.69041365,-37.71209370,1141.81
145.69041444,-37.71209371,1140.70
145.69042635,-37.71209384,1153.33
145.69044575,-37.71209406,1157.45
145.69047422,-37.71209438,1113.56
145.69047445,-37.71209438,1152.10
145.69061827,-37.71209598,1131.74
145.69063313,-37.71209614,1134.03
145.69065922,-37.71209643,1127.76
145.69071355,-37.71209703,1115.19
145.69079703,-37.71209796,1117.32
145.69085261,-37.71209858,1116.77
145.69086418,-37.71209871,1122.88
145.69088619,-37.71209895,1149.29
145.69090218,-37.71209913,1118.80
145.69090252,-37.71209913,1118.10
145.69091193,-37.71209924,1118.75
145.69093122,-37.71209945,1148.41
145.69093303,-37.71209947,1148.76
145.69094801,-37.71209964,1118.99
145.69096751,-37.71209985,1146.79
145.69103092,-37.71210056,1154.23
145.69111406,-37.71210148,1152.64
145.69119936,-37.71210243,1161.06
145.69120174,-37.71210246,1160.77
145.69120605,-37.71210250,1136.06
145.69122749,-37.71210274,1131.87
145.69127762,-37.71210330,1148.19
145.69128942,-37.71210343,1121.37
145.69130235,-37.71210357,1120.98
145.69130496,-37.71210360,1121.03
145.69138504,-37.71210449,1133.34
145.69140727,-37.71210474,1161.31
145.69143835,-37.71210508,1164.16
145.69145616,-37.71210528,1164.24
145.69146376,-37.71210536,1164.59
145.69148599,-37.71210561,1164.48
145.69149018,-37.71210566,1164.20
145.69158240,-37.71210668,1121.92
145.69158660,-37.71210673,1166.97
145.69163344,-37.71210725,1150.85
145.69167326,-37.71210769,1124.79
145.69167530,-37.71210771,1166.32
145.69169186,-37.71210790,1158.11
145.69169413,-37.71210792,1165.63
145.69169968,-37.71210798,1165.75
145.69170104,-37.71210800,1157.42
145.69170173,-37.71210801,1157.21
145.69172611,-37.71210828,1139.56
145.69173904,-37.71210842,1158.24
145.69175379,-37.71210858,1126.18
145.69178895,-37.71210897,1166.64
145.69182094,-37.71210933,1158.89
145.69184691,-37.71210962,1167.70
145.69185576,-37.71210971,1167.20
145.69191202,-37.71211034,1133.02
145.69191996,-37.71211043,1135.22
145.69195682,-37.71211084,1135.67
145.69196567,-37.71211093,1143.56
145.69196964,-37.71211098,1144.91
145.69197304,-37.71211102,1130.71
145.69197384,-37.71211103,1144.81
145.69197724,-37.71211106,1161.25
145.69198007,-37.71211109,1163.90
145.69198246,-37.71211112,1164.13
145.69198801,-37.71211118,1155.76
145.69202091,-37.71211155,1138.73
145.69204439,-37.71211181,1137.75
145.69207978,-37.71211220,1131.12
145.69211063,-37.71211254,1153.16
145.69219048,-37.71211343,1154.97
145.69226330,-37.71211424,1154.18
145.69227680,-37.71211439,1168.54
145.69230187,-37.71211466,1163.74
145.69230357,-37.71211468,1119.10
145.69230935,-37.71211475,1119.09
145.69236629,-37.71211538,1157.80
145.69238138,-37.71211555,1120.16
145.69239692,-37.71211572,1117.81
145.69242834,-37.71211607,1148.56
145.69244785,-37.71211628,1154.29
145.69245817,-37.71211640,1150.25
145.69246010,-37.71211642,1117.23
145.69246123,-37.71211643,1149.72
145.69246441,-37.71211647,1117.18
145.69250978,-37.71211697,1117.49
145.69251159,-37.71211699,1117.56
145.69263999,-37.71211841,1115.74
145.69267130,-37.71211876,1148.16
145.69267334,-37.71211878,1149.04
145.69268037,-37.71211886,1153.39
145.69269909,-37.71211907,1154.68
145.69271395,-37.71211924,1149.24
145.69271678,-37.71211927,1151.31
145.69274514,-37.71211958,1130.77
145.69276045,-37.71211975,1116.04
145.69276476,-37.71211980,1117.72
145.69279471,-37.71212013,1152.90
145.69288318,-37.71212111,1115.85
145.69291517,-37.71212147,1143.14
145.69292220,-37.71212154,1143.79
145.69295317,-37.71212189,1115.74
145.69316402,-37.71212423,1116.15
145.69317514,-37.71212435,1117.29
145.69343092,-37.71212718,1151.73
145.69343908,-37.71212727,1136.13
145.69345859,-37.71212749,1112.62
145.69346835,-37.71212760,1111.79
145.69347232,-37.71212764,1150.28
145.69349852,-37.71212793,1113.33
145.69349966,-37.71212795,1148.94
145.69351168,-37.71212808,1146.24
145.69351678,-37.71212814,1138.91
145.69352960,-37.71212828,1141.29
145.69353584,-37.71212835,1143.77
145.69366413,-37.71212977,1141.44
145.69375793,-37.71213081,1140.98
145.69379910,-37.71213126,1139.96
145.69380330,-37.71213131,1139.84
145.69384152,-37.71213173,1101.62
145.69385616,-37.71213190,1098.86
145.69388837,-37.71213225,1136.18
145.69388894,-37.71213226,1136.24
145.69389132,-37.71213229,1096.99
145.69390278,-37.71213241,1099.92
145.69390471,-37.71213243,1098.49
145.69391253,-37.71213252,1098.19
145.69391378,-37.71213253,1097.24
145.69394758,-37.71213291,1097.10
145.69395291,-37.71213297,1095.99
145.69397854,-37.71213325,1093.98
145.69398365,-37.71213331,1098.43
145.69401189,-37.71213362,1123.50
145.69402233,-37.71213374,1135.07
145.69402482,-37.71213376,1133.27
145.69405681,-37.71213412,1091.67
145.69405704,-37.71213412,1136.82
145.69405919,-37.71213415,1136.89
145.69407246,-37.71213429,1136.93
145.69409106,-37.71213450,1131.45
145.69414959,-37.71213515,1117.21
145.69415209,-37.71213517,1118.11
145.69421152,-37.71213583,1086.76
145.69423829,-37.71213613,1108.04
145.69424862,-37.71213624,1124.87
145.69425939,-37.71213636,1127.48
145.69426257,-37.71213640,1127.65
145.69426415,-37.71213642,1126.35
145.69429739,-37.71213678,1081.62
145.69431463,-37.71213698,1082.17
145.69431610,-37.71213699,1082.23
145.69443815,-37.71213834,1123.38
145.69446469,-37.71213864,1078.88
145.69450553,-37.71213909,1078.66
145.69454421,-37.71213952,1076.40
145.69455362,-37.71213962,1116.13
145.69456099,-37.71213970,1114.52
145.69463597,-37.71214053,1114.22
145.69471140,-37.71214137,1120.79
145.69471208,-37.71214138,1073.05
145.69472671,-37.71214154,1073.69
145.69474486,-37.71214174,1071.07
145.69476233,-37.71214193,1071.18
145.69477594,-37.71214208,1119.05
145.69478513,-37.71214219,1070.34
145.69479034,-37.71214224,1112.68
145.69479499,-37.71214229,1072.59
145.69479669,-37.71214231,1119.40
145.69479874,-37.71214234,1073.18
145.69486078,-37.71214302,1068.90
145.69492441,-37.71214373,1107.68
145.69498657,-37.71214442,1073.39
145.69499043,-37.71214446,1079.84
145.69500642,-37.71214464,1068.93
145.69503648,-37.71214497,1103.36
145.69513324,-37.71214604,1110.71
145.69518462,-37.71214661,1102.83
145.69518802,-37.71214665,1103.00
145.69520798,-37.71214687,1100.45
145.69521093,-37.71214690,1091.97
145.69521241,-37.71214692,1091.29
145.69528681,-37.71214774,1057.17
145.69529906,-37.71214787,1073.44
145.69531245,-37.71214802,1103.34
145.69549495,-37.71215004,1049.63
145.69551061,-37.71215022,1088.50
145.69554826,-37.71215063,1060.09
145.69555416,-37.71215070,1093.72
145.69561053,-37.71215132,1051.70
145.69561087,-37.71215133,1047.61
145.69570911,-37.71215241,1077.77
145.69576241,-37.71215300,1089.58
145.69580314,-37.71215345,1083.27
145.69581028,-37.71215353,1086.65
145.69594242,-37.71215499,1086.82
145.69594878,-37.71215506,1037.23
145.69601751,-37.71215582,1054.08
145.69603917,-37.71215606,1052.95
145.69611154,-37.71215686,1068.70
145.69614092,-37.71215719,1032.49
145.69614183,-37.71215720,1077.93
145.69614342,-37.71215722,1043.71
145.69616882,-37.71215750,1080.09
145.69617234,-37.71215754,1080.20
145.69617483,-37.71215756,1040.70
145.69619502,-37.71215779,1079.78
145.69626490,-37.71215856,1073.09
145.69633851,-37.71215937,1056.37
145.69638229,-37.71215986,1042.25
145.69655663,-37.71216179,1023.89
145.69656174,-37.71216184,1016.81
145.69656242,-37.71216185,1058.83
145.69662503,-37.71216254,1016.47
145.69663467,-37.71216265,1022.35
145.69663762,-37.71216268,1024.55
145.69665418,-37.71216286,1060.87
145.69667380,-37.71216308,1055.33
145.69669252,-37.71216329,1064.88
145.69670125,-37.71216339,1061.64
145.69681786,-37.71216467,1007.68
145.69681865,-37.71216468,1053.10
145.69686345,-37.71216518,1006.15
145.69687014,-37.71216525,1049.28
145.69688670,-37.71216544,1052.96
145.69698221,-37.71216649,1009.94
145.69700728,-37.71216677,1052.06
145.69702440,-37.71216696,1054.10
145.69723912,-37.71216933,1031.83
145.69724638,-37.71216941,991.12
145.69726022,-37.71216956,1029.14
145.69734438,-37.71217049,1020.69
145.69738385,-37.71217093,986.00
145.69745679,-37.71217174,982.22
145.69759109,-37.71217322,1024.70
145.69760424,-37.71217336,1027.34
145.69760742,-37.71217340,1020.40
145.69761559,-37.71217349,973.90
145.69764156,-37.71217378,1015.94
145.69765789,-37.71217396,1015.08
145.69766470,-37.71217403,985.18
145.69766663,-37.71217405,987.44
145.69769159,-37.71217433,1020.17
145.69769351,-37.71217435,1008.48
145.69779707,-37.71217550,970.77
145.69779911,-37.71217552,968.53
145.69794986,-37.71217718,1011.23
145.69799840,-37.71217772,1013.83
145.69807145,-37.71217853,960.39
145.69816877,-37.71217960,973.13
145.69821131,-37.71218007,972.01
145.69826179,-37.71218063,1009.33
145.69829536,-37.71218100,953.56
145.69836795,-37.71218180,952.41
145.69842353,-37.71218241,954.81
145.69842387,-37.71218242,955.67
145.69843125,-37.71218250,987.71
145.69843340,-37.71218252,954.19
145.69849215,-37.71218317,954.18
145.69849476,-37.71218320,955.57
145.69850270,-37.71218329,990.99
145.69859288,-37.71218428,950.92
145.69880930,-37.71218667,946.56
145.69903479,-37.71218916,940.57
145.69910500,-37.71218994,937.93
145.69928728,-37.71219195,933.26
145.69931586,-37.71219226,979.51
145.69932358,-37.71219235,934.70
145.69933095,-37.71219243,934.45
145.69936917,-37.71219285,956.86
145.69951368,-37.71219444,928.01
145.69961179,-37.71219553,974.49
145.69967577,-37.71219623,925.01
145.69971422,-37.71219666,970.42
145.69984001,-37.71219804,967.43
145.69997817,-37.71219957,964.55
145.69997862,-37.71219957,964.54
145.70009523,-37.71220086,926.64
145.70011496,-37.71220108,913.86
145.70023553,-37.71220241,960.66
145.70032582,-37.71220340,951.36
145.70033354,-37.71220349,955.90
145.70034442,-37.71220361,955.22
145.70037947,-37.71220399,953.92
145.70040227,-37.71220424,957.45
145.70040363,-37.71220426,957.44
145.70040851,-37.71220431,957.36
145.70066123,-37.71220710,954.41
145.70067064,-37.71220720,897.56
145.70071976,-37.71220774,949.63
145.70072554,-37.71220781,949.54
145.70085870,-37.71220928,943.73
145.70097451,-37.71221055,932.29
145.70097667,-37.71221058,931.99
145.70098415,-37.71221066,887.77
145.70106389,-37.71221154,935.75
145.70108885,-37.71221181,937.17
145.70142754,-37.71221554,873.03
145.70154006,-37.71221678,925.74
145.70158124,-37.71221724,866.73
145.70162604,-37.71221773,914.51
145.70166540,-37.71221816,864.21
145.70169966,-37.71221854,918.39
145.70175444,-37.71221914,861.02
145.70175739,-37.71221918,908.30
145.70176318,-37.71221924,858.83
145.70188273,-37.71222056,869.85
145.70196712,-37.71222149,854.63
145.70197551,-37.71222158,862.98
145.70218229,-37.71222385,878.66
145.70235198,-37.71222572,830.53
145.70237682,-37.71222600,827.37
145.70241686,-37.71222644,836.24
145.70252802,-37.71222766,822.99
145.70277801,-37.71223041,809.45
145.70285049,-37.71223121,806.97
145.70292422,-37.71223202,802.68
145.70298876,-37.71223273,803.41
145.70321232,-37.71223519,801.52
145.70326938,-37.71223582,800.84
145.70342920,-37.71223758,795.07
145.70343135,-37.71223760,808.52
145.70343203,-37.71223761,855.03
145.70359526,-37.71223940,854.61
145.70369689,-37.71224052,811.81
145.70371504,-37.71224072,850.84
145.70388983,-37.71224264,788.92
145.70389901,-37.71224274,783.80
145.70411067,-37.71224507,788.18
145.70412258,-37.71224520,779.14
145.70416240,-37.71224564,833.84
145.70434513,-37.71224765,777.23
145.70442146,-37.71224848,766.89
145.70453285,-37.71224971,765.98
145.70481664,-37.71225283,806.26
145.70488698,-37.71225306,783.92
145.70491092,-37.71225287,783.95
145.70545536,-37.71225957,770.65
145.70547720,-37.71225639,772.59
145.70549284,-37.71225088,769.27
145.70590992,-37.71218318,708.46
145.70622398,-37.71225359,701.48
145.70626400,-37.71226809,702.50
145.70627714,-37.71226886,702.26
145.70635484,-37.71226972,701.89
145.70642823,-37.71227052,701.39
145.70665305,-37.71227281,696.73
145.70708724,-37.71227775,680.49
145.70744183,-37.71228110,673.92
145.70766585,-37.71228383,676.76
145.70782577,-37.71228576,682.41
145.70785935,-37.71228613,674.72
145.70800239,-37.71228752,676.38
145.70836942,-37.71227333,669.68
145.70871565,-37.71226126,661.91
145.70900563,-37.71222190,660.10
145.70943379,-37.71220207,659.17
145.70986759,-37.71227523,653.95
145.70990269,-37.71227985,655.62
145.70995605,-37.71228359,669.19
145.71051769,-37.71227982,654.06
145.71072349,-37.71216887,656.38
145.71119585,-37.71213176,644.47
145.71147205,-37.71210873,633.79
145.71159711,-37.71208640,625.71
145.71215533,-37.71205726,626.25
145.71217793,-37.71206273,627.47
145.71253370,-37.71214827,633.12
145.71262741,-37.71214858,631.03
145.71266391,-37.71214366,638.39
145.71266998,-37.71208766,629.35
145.71267243,-37.71192627,620.62
145.71267362,-37.71184436,1298.83
145.71268106,-37.71144103,676.99
145.71268231,-37.71137561,607.24
145.71268321,-37.71132344,653.78
145.71268334,-37.71131560,608.94
145.71268931,-37.71097074,632.89
145.71268971,-37.71094785,633.66
145.71269075,-37.71088766,632.34
145.71269307,-37.71075340,664.98
145.71269568,-37.71058272,704.51
145.71270376,-37.71013533,660.74
145.71270568,-37.71002458,731.84
145.71270746,-37.70992194,666.16
145.71271091,-37.70971568,676.97
145.71271527,-37.70947013,685.36
145.71272081,-37.70914970,709.58
145.71272105,-37.70913600,712.80
145.71272118,-37.70912870,714.04
145.71272257,-37.70904805,705.85
145.71272310,-37.70901750,706.39
145.71272312,-37.70901660,701.12
145.71272391,-37.70897092,710.78
145.71272807,-37.70873023,770.29
145.71272981,-37.70862967,726.32
145.71273167,-37.70852235,729.86
145.71273231,-37.70848549,788.68
145.71273253,-37.70847251,771.37
145.71273444,-37.70836204,736.41
145.71273589,-37.70827824,746.58
145.71273656,-37.70823949,741.29
145.71273662,-37.70823642,741.86
145.71273700,-37.70821408,802.16
145.71273843,-37.70813172,807.21
145.71273950,-37.70806972,768.04
145.71273966,-37.70806035,753.87
145.71273993,-37.70804512,814.84
145.71273997,-37.70804269,816.84
145.71274000,-37.70804097,757.21
145.71274035,-37.70802070,759.28
145.71274042,-37.70801646,810.13
145.71274065,-37.70800331,760.64
145.71274299,-37.70786814,767.55
145.71274336,-37.70784643,810.38
145.71274362,-37.70783156,779.89
145.71274362,-37.70783129,819.79
145.71274363,-37.70783102,783.76
145.71274369,-37.70782741,778.72
145.71274434,-37.70779011,830.18
145.71274434,-37.70779002,830.15
145.71274452,-37.70777938,774.99
145.71274460,-37.70777461,775.21
145.71274470,-37.70776902,775.58
145.71274582,-37.70770414,786.97
145.71274732,-37.70761773,841.25
145.71274780,-37.70759006,843.09
145.71274830,-37.70756105,830.76
145.71274956,-37.70748824,789.65
145.71275124,-37.70739128,829.82
145.71275198,-37.70734829,857.60
145.71275314,-37.70728116,842.70
145.71275322,-37.70727657,863.55
145.71275671,-37.70707499,811.27
145.71275686,-37.70706643,867.77
145.71275819,-37.70698929,816.48
145.71275908,-37.70693757,817.94
145.71275939,-37.70691991,868.38
145.71275947,-37.70691513,863.03
145.71276043,-37.70685989,821.17
145.71276055,-37.70685278,842.37
145.71276074,-37.70684169,826.68
145.71276085,-37.70683529,825.57
145.71276171,-37.70678564,861.72
145.71276231,-37.70675131,833.56
145.71276280,-37.70672293,829.77
145.71276296,-37.70671328,829.56
145.71276396,-37.70665588,837.29
145.71276418,-37.70664291,839.11
145.71276427,-37.70663795,842.05
145.71276485,-37.70660452,835.40
145.71276500,-37.70659542,890.44
145.71276529,-37.70657857,836.16
145.71276544,-37.70656992,864.83
145.71276546,-37.70656911,864.03
145.71276565,-37.70655838,839.73
145.71276650,-37.70650891,877.23
145.71276693,-37.70648404,843.83
145.71276757,-37.70644701,897.24
145.71276761,-37.70644484,897.41
145.71276842,-37.70639781,903.72
145.71276863,-37.70638573,901.46
145.71276886,-37.70637240,851.43
145.71276895,-37.70636717,901.64
145.71276969,-37.70632464,895.64
145.71277013,-37.70629895,884.55
145.71277054,-37.70627517,892.70
145.71277151,-37.70621921,858.46
145.71277188,-37.70619758,858.69
145.71277216,-37.70618145,858.92
145.71277315,-37.70612459,860.52
145.71277528,-37.70600141,910.00
145.71277539,-37.70599465,898.62
145.71277606,-37.70595644,907.49
145.71277639,-37.70593734,901.19
145.71277640,-37.70593653,910.09
145.71277756,-37.70586958,879.66
145.71278085,-37.70567917,916.65
145.71278098,-37.70567160,883.40
145.71278106,-37.70566737,918.82
145.71278151,-37.70564097,886.80
145.71278207,-37.70560871,896.86
145.71278258,-37.70557915,917.59
145.71278340,-37.70553220,934.15
145.71278416,-37.70548787,900.68
145.71278541,-37.70541578,897.81
145.71278582,-37.70539199,903.57
145.71278704,-37.70532143,955.58
145.71279295,-37.70497991,975.32
145.71279398,-37.70492053,973.55
145.71279449,-37.70489088,946.94
145.71279484,-37.70487079,977.06
145.71279626,-37.70478861,982.99
145.71279659,-37.70476906,941.84
145.71279766,-37.70470769,971.50
145.71279792,-37.70469210,952.38
145.71279858,-37.70465443,943.83
145.71280085,-37.70452287,979.97
145.71280107,-37.70451044,989.99
145.71280110,-37.70450855,982.36
145.71280112,-37.70450764,990.26
145.71280127,-37.70449845,990.37
145.71280302,-37.70439780,1004.88
145.71280313,-37.70439149,1011.27
145.71280321,-37.70438645,1011.05
145.71280326,-37.70438401,1010.78
145.71280340,-37.70437527,964.59
145.71280363,-37.70436248,998.96
145.71280370,-37.70435806,1010.78
145.71280391,-37.70434635,1010.63
145.71280403,-37.70433887,1010.14
145.71280488,-37.70429012,1004.58
145.71280499,-37.70428372,1012.96
145.71280505,-37.70428002,1013.43
145.71280522,-37.70427020,1008.05
145.71280538,-37.70426101,982.09
145.71280544,-37.70425759,1009.31
145.71280550,-37.70425434,1009.41
145.71280589,-37.70423191,984.93
145.71280853,-37.70407881,1020.91
145.71280863,-37.70407331,1020.57
145.71280883,-37.70406160,992.81
145.71280901,-37.70405132,1021.27
145.71280901,-37.70405087,1017.64
145.71280918,-37.70404123,1017.91
145.71280987,-37.70400140,1020.73
145.71280996,-37.70399654,1020.58
145.71281065,-37.70395635,1030.13
145.71281086,-37.70394409,1032.46
145.71281236,-37.70385758,989.10
145.71281325,-37.70380577,1029.22
145.71281337,-37.70379928,992.46
145.71281340,-37.70379766,1028.57
145.71281432,-37.70374423,996.95
145.71281466,-37.70372458,1031.24
145.71281502,-37.70370377,1036.85
145.71281517,-37.70369494,1008.08
145.71281546,-37.70367863,1039.87
145.71281561,-37.70366952,992.06
145.71281616,-37.70363790,1041.12
145.71281645,-37.70362086,1041.48
145.71281787,-37.70353868,1000.07
145.71281866,-37.70349309,999.46
145.71281877,-37.70348687,1043.29
145.71281930,-37.70345605,1044.09
145.71281946,-37.70344713,1042.25
145.71282055,-37.70338387,1040.07
145.71282060,-37.70338081,1017.01
145.71282072,-37.70337396,1016.93
145.71282214,-37.70329196,1034.94
145.71282243,-37.70327556,1041.45
145.71282256,-37.70326781,1034.57
145.71282339,-37.70321978,1000.80
145.71282368,-37.70320329,1012.05
145.71282378,-37.70319743,1035.96
145.71282388,-37.70319185,1016.71
145.71282393,-37.70318833,1044.50
145.71282410,-37.70317878,1034.71
145.71282414,-37.70317680,1044.36
145.71282420,-37.70317301,1045.45
145.71282446,-37.70315769,1031.73
145.71282583,-37.70307894,1033.41
145.71282613,-37.70306137,1028.09
145.71282620,-37.70305740,1020.92
145.71282649,-37.70304028,1020.75
145.71282732,-37.70299279,1040.48
145.71282759,-37.70297729,1021.36
145.71282867,-37.70291440,1017.91
145.71283019,-37.70282699,1015.86
145.71283054,-37.70280617,1014.63
145.71283083,-37.70278995,1013.23
145.71283126,-37.70276490,1001.31
145.71283150,-37.70275084,1003.07
145.71283176,-37.70273589,1003.29
145.71283353,-37.70263343,1043.02
145.71283371,-37.70262298,1046.28
145.71283413,-37.70259910,1048.77
145.71283460,-37.70257188,1048.46
145.71283466,-37.70256846,1000.33
145.71283478,-37.70256161,1020.09
145.71283492,-37.70255287,1048.39
145.71283531,-37.70253043,1017.79
145.71283612,-37.70248358,1032.93
145.71283629,-37.70247402,1016.21
145.71283634,-37.70247114,1011.65
145.71283638,-37.70246871,1033.13
145.71283669,-37.70245078,1030.69
145.71283696,-37.70243510,1033.78
145.71283711,-37.70242663,1033.31
145.71283737,-37.70241158,1016.99
145.71283738,-37.70241104,1009.45
145.71283775,-37.70238959,1013.70
145.71283792,-37.70237977,1038.44
145.71283793,-37.70237941,1040.19
145.71283802,-37.70237409,1037.32
145.71283802,-37.70237400,1038.06
145.71283843,-37.70235021,1012.22
145.71283855,-37.70234364,1007.92
145.71283984,-37.70226866,1001.17
145.71284059,-37.70222550,1033.23
145.71284099,-37.70220225,1040.67
145.71284123,-37.70218846,1034.41
145.71284188,-37.70215053,1021.18
145.71284191,-37.70214899,1041.33
145.71284191,-37.70214891,1040.18
145.71284212,-37.70213701,1018.65
145.71284214,-37.70213566,1022.25
145.71284265,-37.70210610,1026.25
145.71284271,-37.70210241,1026.06
145.71284280,-37.70209745,1014.36
145.71284425,-37.70201374,1012.98
145.71284436,-37.70200734,1012.30
145.71284544,-37.70194471,1018.10
145.71284644,-37.70188722,1022.15
145.71284710,-37.70184902,1052.96
145.71284739,-37.70183217,1051.28
145.71284740,-37.70183135,1051.13
145.71284746,-37.70182829,1044.54
145.71284781,-37.70180757,1017.47
145.71284818,-37.70178630,1054.21
145.71284874,-37.70175413,1005.46
145.71284883,-37.70174890,1041.54
145.71284883,-37.70174881,1017.98
145.71284891,-37.70174458,1041.83
145.71284913,-37.70173178,1041.17
145.71284944,-37.70171367,1038.64
145.71284949,-37.70171088,1038.44
145.71284991,-37.70168646,1006.92
145.71285088,-37.70163005,1034.62
145.71285133,-37.70160419,1041.69
145.71285182,-37.70157589,1022.35
145.71285191,-37.70157066,1021.83
145.71285201,-37.70156481,1023.33
145.71285208,-37.70156102,1022.17
145.71285216,-37.70155634,1022.20
145.71285228,-37.70154931,1017.36
145.71285232,-37.70154706,1015.78
145.71285293,-37.70151182,1008.27
145.71285372,-37.70146596,1034.11
145.71285412,-37.70144280,1007.85
145.71285472,-37.70140819,1040.31
145.71285574,-37.70134908,1052.18
145.71285580,-37.70134602,1053.13
145.71285595,-37.70133692,1051.68
145.71285654,-37.70130304,1053.18
145.71285667,-37.70129538,1022.33
145.71285669,-37.70129429,1053.85
145.71285690,-37.70128222,1030.90
145.71285709,-37.70127132,1044.65
145.71285712,-37.70126969,1051.43
145.71285720,-37.70126501,1054.92
145.71285721,-37.70126429,1051.60
145.71285898,-37.70116192,1018.14
145.71285966,-37.70112290,1040.30
145.71285970,-37.70112011,1021.18
145.71285985,-37.70111191,1019.99
145.71286009,-37.70109794,1035.61
145.71286012,-37.70109587,1036.33
145.71286083,-37.70105469,1037.18
145.71286117,-37.70103514,1010.25
145.71286136,-37.70102423,1027.08
145.71286158,-37.70101198,1021.39
145.71286171,-37.70100432,1027.10
145.71286286,-37.70093782,1029.19
145.71286288,-37.70093665,1032.48
145.71286298,-37.70093070,1010.40
145.71286318,-37.70091934,1033.15
145.71286346,-37.70090294,1031.02
145.71286363,-37.70089330,1029.10
145.71286434,-37.70085221,1016.23
145.71286466,-37.70083383,1017.79
145.71286620,-37.70074435,1019.15
145.71286628,-37.70073984,1018.23
145.71286645,-37.70072993,1021.74
145.71286674,-37.70071326,1015.38
145.71286721,-37.70068587,1018.21
145.71286778,-37.70065298,1021.83
145.71286823,-37.70062720,1021.53
145.71286850,-37.70061116,1023.56
145.71286903,-37.70058062,1026.07
145.71286912,-37.70057575,1024.34
145.71286986,-37.70053304,1018.73
145.71287049,-37.70049618,1019.57
145.71287063,-37.70048816,1020.28
145.71287080,-37.70047861,1023.24
145.71287149,-37.70043869,1022.99
145.71287150,-37.70043788,1022.97
145.71287236,-37.70038823,1012.74
145.71287305,-37.70034813,1038.91
145.71287317,-37.70034155,1015.85
145.71287408,-37.70028848,1026.17
145.71287633,-37.70015890,1015.00
145.71287717,-37.70011006,1046.37
145.71287809,-37.70005707,1049.50
145.71287836,-37.70004130,1023.33
145.71287877,-37.70001770,1020.86
145.71288009,-37.69994155,1049.01
145.71288151,-37.69985937,1064.48
145.71288262,-37.69979521,1059.18
145.71288266,-37.69979251,1058.68
145.71288279,-37.69978512,1058.51
145.71288330,-37.69975547,1024.35
145.71288360,-37.69973844,1022.37
145.71288365,-37.69973511,1061.43
145.71288373,-37.69973105,1039.96
145.71288378,-37.69972799,1062.47
145.71288455,-37.69968347,1064.43
145.71288507,-37.69965347,1058.42
145.71288654,-37.69956804,1053.19
145.71288747,-37.69951452,1063.95
145.71288792,-37.69948856,1060.80
145.71288848,-37.69945585,1041.63
145.71288946,-37.69939962,1045.48
145.71289041,-37.69934466,1041.30
145.71289117,-37.69930032,1039.88
145.71289141,-37.69928654,1035.95
145.71289241,-37.69922850,1035.66
145.71289257,-37.69921967,1026.78
145.71289374,-37.69915200,1037.21
145.71289388,-37.69914371,1036.20
145.71289453,-37.69910640,1038.33
145.71289470,-37.69909604,1040.05
145.71289483,-37.69908901,1026.45
145.71289498,-37.69907991,1045.52
145.71289520,-37.69906739,1056.51
145.71289559,-37.69904468,1038.96
145.71289572,-37.69903720,1039.97
145.71289593,-37.69902512,1026.73
145.71289636,-37.69900025,1042.36
145.71289637,-37.69899980,1044.77
145.71289880,-37.69885905,1049.63
145.71289914,-37.69883977,1039.94
145.71289935,-37.69882715,1041.91
145.71289940,-37.69882436,1042.64
145.71289999,-37.69879057,1031.86
145.71290014,-37.69878192,1046.11
145.71290073,-37.69874776,1045.41
145.71290105,-37.69872893,1041.43
145.71290195,-37.69867703,1044.55
145.71290195,-37.69867685,1043.05
145.71290345,-37.69859007,1046.63
145.71290423,-37.69854510,1045.60
145.71290430,-37.69854132,1056.16
145.71290432,-37.69854024,1046.48
145.71290492,-37.69850510,1057.33
145.71290508,-37.69849626,1064.32
145.71290533,-37.69848167,1065.35
145.71290600,-37.69844283,1031.31
145.71290609,-37.69843769,1028.98
145.71290630,-37.69842571,1031.68
145.71290632,-37.69842463,1059.40
145.71290644,-37.69841760,1028.71
145.71290680,-37.69839624,1031.09
145.71290709,-37.69838002,1040.19
145.71290796,-37.69832956,1061.73
145.71290805,-37.69832424,1046.51
145.71290823,-37.69831388,1042.15
145.71290832,-37.69830874,1063.87
145.71290845,-37.69830090,1046.88
145.71290910,-37.69826333,1033.63
145.71291185,-37.69810473,1030.73
145.71291244,-37.69807013,1028.74
145.71291322,-37.69802534,1028.95
145.71291325,-37.69802372,1028.60
145.71291353,-37.69800723,1029.26
145.71291378,-37.69799299,1055.60
145.71291398,-37.69798146,1039.21
145.71291404,-37.69797786,1037.27
145.71291435,-37.69795956,1029.60
145.71291455,-37.69794821,1036.41
145.71291511,-37.69791577,1036.84
145.71291574,-37.69787955,1030.16
145.71291587,-37.69787198,1029.25
145.71291635,-37.69784404,1060.23
145.71291645,-37.69783854,1062.11
145.71291666,-37.69782602,1066.38
145.71291678,-37.69781917,1066.16
145.71291693,-37.69781043,1054.81
145.71291773,-37.69776438,1064.46
145.71291800,-37.69774861,1039.19
145.71291804,-37.69774654,1058.45
145.71291810,-37.69774330,1027.07
145.71291859,-37.69771482,1037.74
145.71291900,-37.69769121,1027.00
145.71291944,-37.69766535,1041.80
145.71291950,-37.69766238,1040.55
145.71291994,-37.69763679,1049.83
145.71292049,-37.69760507,1060.73
145.71292078,-37.69758768,1059.79
145.71292137,-37.69755389,1026.48
145.71292169,-37.69753550,1038.07
145.71292238,-37.69749567,1037.37
145.71292255,-37.69748540,1038.42
145.71292273,-37.69747558,1036.53
145.71292284,-37.69746891,1038.62
145.71292314,-37.69745179,1040.99
145.71292438,-37.69737988,1025.17
145.71292512,-37.69733672,1024.97
145.71292549,-37.69731536,1064.11
145.71292644,-37.69726075,1024.88
145.71292680,-37.69723958,1027.06
145.71292737,-37.69720660,1035.67
145.71292811,-37.69716388,1033.89
145.71292828,-37.69715451,1035.52
145.71292830,-37.69715289,1048.91
145.71292832,-37.69715208,1023.21
145.71292950,-37.69708369,1043.34
145.71293011,-37.69704854,1030.80
145.71293063,-37.69701845,1037.29
145.71293087,-37.69700457,1024.18
145.71293090,-37.69700277,1040.95
145.71293106,-37.69699358,1041.11
145.71293113,-37.69698970,1062.22
145.71293126,-37.69698177,1063.88
145.71293165,-37.69695933,1043.49
145.71293203,-37.69693753,1054.81
145.71293354,-37.69684994,1054.82
145.71293392,-37.69682822,1020.98
145.71293444,-37.69679813,1020.23
145.71293457,-37.69679056,1036.12
145.71293519,-37.69675487,1024.94
145.71293527,-37.69675037,1025.14
145.71293601,-37.69670693,1022.70
145.71293657,-37.69667458,1032.48
145.71293812,-37.69658510,1024.81
145.71293860,-37.69655717,1020.73
145.71293896,-37.69653626,1026.60
145.71293955,-37.69650238,1042.32
145.71294057,-37.69644354,1054.03
145.71294083,-37.69642840,1045.62
145.71294141,-37.69639497,1052.45
145.71294155,-37.69638668,1046.64
145.71294334,-37.69628341,1051.66
145.71294392,-37.69624971,1046.43
145.71294455,-37.69621340,1028.19
145.71294489,-37.69619357,1028.66
145.71294541,-37.69616347,1016.93
145.71294565,-37.69614951,1053.22
145.71294618,-37.69611869,1052.06
145.71294666,-37.69609121,1048.89
145.71294676,-37.69608544,1042.23
145.71294749,-37.69604336,1042.21
145.71294860,-37.69597884,1030.37
145.71294878,-37.69596839,1024.36
145.71294915,-37.69594703,1034.55
145.71294927,-37.69594009,1015.54
145.71294942,-37.69593162,1014.66
145.71294991,-37.69590332,1031.12
145.71295012,-37.69589107,1010.89
145.71295046,-37.69587152,1030.39
145.71295085,-37.69584890,1027.80
145.71295093,-37.69584439,1014.63
145.71295102,-37.69583916,1013.41
145.71295219,-37.69577113,1035.88
145.71295287,-37.69573202,1027.27
145.71295388,-37.69567372,1030.00
145.71295597,-37.69555270,1041.28
145.71295621,-37.69553865,1009.91
145.71295622,-37.69553802,1041.21
145.71295655,-37.69551909,1006.14
145.71295697,-37.69549485,1008.94
145.71295790,-37.69544133,1005.62
145.71295827,-37.69541943,1019.05
145.71296019,-37.69530877,1003.74
145.71296073,-37.69527759,1005.57
145.71296094,-37.69526507,1037.01
145.71296106,-37.69525831,1041.07
145.71296152,-37.69523146,1039.32
145.71296179,-37.69521605,1002.29
145.71296180,-37.69521551,1030.71
145.71296287,-37.69515360,1035.54
145.71296313,-37.69513855,1037.97
145.71296325,-37.69513188,1034.71
145.71296401,-37.69508764,1034.54
145.71296414,-37.69508016,1033.41
145.71296452,-37.69505817,1028.63
145.71296469,-37.69504835,1002.93
145.71296492,-37.69503502,1007.90
145.71296547,-37.69500321,999.23
145.71296582,-37.69498320,1023.88
145.71296585,-37.69498095,1024.56
145.71296612,-37.69496572,1024.66
145.71296617,-37.69496266,998.76
145.71296622,-37.69495995,1029.55
145.71296751,-37.69488534,1000.46
145.71297027,-37.69472567,1032.33
145.71297035,-37.69472098,1033.96
145.71297074,-37.69469845,1030.40
145.71297107,-37.69467962,1010.03
145.71297162,-37.69464754,1011.18
145.71297171,-37.69464231,1011.12
145.71297188,-37.69463240,1007.21
145.71297221,-37.69461321,1038.34
145.71297237,-37.69460401,1036.94
145.71297250,-37.69459636,1012.35
145.71297357,-37.69453454,1005.53
145.71297428,-37.69449372,1024.79
145.71297454,-37.69447867,993.73
145.71297489,-37.69445804,1021.01
145.71297556,-37.69441956,1022.91
145.71297563,-37.69441559,1006.70
145.71297577,-37.69440748,990.66
145.71297578,-37.69440685,1014.89
145.71297603,-37.69439207,1006.66
145.71297695,-37.69433936,1011.61
145.71297764,-37.69429944,1008.63
145.71297775,-37.69429304,1009.67
145.71297789,-37.69428448,1008.90
145.71297799,-37.69427881,1005.29
145.71297829,-37.69426177,1006.69
145.71297868,-37.69423880,1004.08
145.71297950,-37.69419176,1014.22
145.71298020,-37.69415148,1024.73
145.71298038,-37.69414075,1025.71
145.71298094,-37.69410814,1021.68
145.71298120,-37.69409318,1025.22
145.71298136,-37.69408407,1024.76
145.71298152,-37.69407479,1023.74
145.71298302,-37.69398811,1015.90
145.71298356,-37.69395675,989.43
145.71298410,-37.69392548,980.66
145.71298425,-37.69391701,989.90
145.71298426,-37.69391656,980.84
145.71298449,-37.69390322,992.20
145.71298547,-37.69384609,977.98
145.71298603,-37.69381419,1012.85
145.71298655,-37.69378410,1025.17
145.71298661,-37.69378040,979.64
145.71298666,-37.69377725,1022.95
145.71298760,-37.69372291,994.44
145.71298911,-37.69363568,1023.23
145.71298933,-37.69362307,1023.34
145.71298991,-37.69358955,1015.58
145.71298992,-37.69358883,1021.25
145.71299016,-37.69357495,1024.19
145.71299022,-37.69357144,1022.73
145.71299042,-37.69356017,1023.67
145.71299164,-37.69348952,983.76
145.71299213,-37.69346096,984.96
145.71299263,-37.69343230,973.67
145.71299350,-37.69338220,1010.39
145.71299502,-37.69329398,994.99
145.71299536,-37.69327407,1001.87
145.71299576,-37.69325100,1011.25
145.71299593,-37.69324109,974.30
145.71299654,-37.69320576,1008.11
145.71299859,-37.69308700,969.99
145.71299994,-37.69300941,999.20
145.71300014,-37.69299788,1001.63
145.71300055,-37.69297400,1004.28
145.71300209,-37.69288497,959.22
145.71300291,-37.69283766,998.63
145.71300371,-37.69279116,956.66
145.71300434,-37.69275458,998.52
145.71300457,-37.69274124,953.63
145.71300467,-37.69273575,972.37
145.71300528,-37.69270015,1000.34
145.71300541,-37.69269276,1010.89
145.71300553,-37.69268573,1010.59
145.71300567,-37.69267798,1009.86
145.71300602,-37.69265762,1001.57
145.71300612,-37.69265158,972.38
145.71300639,-37.69263617,958.51
145.71300693,-37.69260482,992.74
145.71300698,-37.69260229,949.43
145.71300698,-37.69260220,995.79
145.71300749,-37.69257237,947.28
145.71300822,-37.69253020,980.62
145.71300831,-37.69252525,978.88
145.71300872,-37.69250164,975.42
145.71300932,-37.69246685,969.22
145.71300960,-37.69245045,947.74
145.71300977,-37.69244072,946.46
145.71300990,-37.69243333,937.97
145.71300996,-37.69242973,937.82
145.71301035,-37.69240711,941.05
145.71301078,-37.69238188,942.75
145.71301098,-37.69237071,948.95
145.71301106,-37.69236584,935.08
145.71301233,-37.69229267,945.56
145.71301261,-37.69227654,948.28
145.71301343,-37.69222905,950.96
145.71301399,-37.69219652,949.81
145.71301418,-37.69218553,951.36
145.71301461,-37.69216075,981.64
145.71301473,-37.69215381,982.10
145.71301617,-37.69207028,979.94
145.71301688,-37.69202919,984.98
145.71301695,-37.69202522,984.84
145.71301721,-37.69201008,982.90
145.71301722,-37.69200954,985.39
145.71301723,-37.69200900,941.70
145.71301732,-37.69200378,946.50
145.71301757,-37.69198918,982.02
145.71301777,-37.69197755,978.61
145.71301797,-37.69196620,949.37
145.71301822,-37.69195205,965.85
145.71301826,-37.69194935,952.84
145.71301863,-37.69192817,936.05
145.71302015,-37.69184013,978.57
145.71302179,-37.69174516,937.39
145.71302216,-37.69172380,985.20
145.71302243,-37.69170812,987.40
145.71302265,-37.69169533,952.71
145.71302381,-37.69162837,961.07
145.71302421,-37.69160548,982.12
145.71302512,-37.69155241,966.68
145.71302582,-37.69151231,927.85
145.71302595,-37.69150483,961.63
145.71302750,-37.69141490,951.58
145.71302843,-37.69136092,932.65
145.71302859,-37.69135209,927.09
145.71303004,-37.69126775,924.64
145.71303108,-37.69120810,922.43
145.71303112,-37.69120521,922.80
145.71303201,-37.69115385,919.03
145.71303266,-37.69111618,918.44
145.71303290,-37.69110267,948.35
145.71303314,-37.69108888,949.96
145.71303422,-37.69102634,932.10
145.71303627,-37.69090785,983.85
145.71303640,-37.69090010,984.38
145.71303741,-37.69084153,927.77
145.71303804,-37.69080530,980.17
145.71303819,-37.69079611,980.23
145.71303835,-37.69078683,933.24
145.71303845,-37.69078133,932.29
145.71303907,-37.69074538,936.83
145.71304106,-37.69063039,942.17
145.71304376,-37.69047414,925.79
145.71304416,-37.69045107,931.83
145.71304544,-37.69037700,947.01
145.71304549,-37.69037394,943.93
145.71304725,-37.69027202,957.61
145.71304807,-37.69022453,942.16
145.71304890,-37.69017687,978.75
145.71304969,-37.69013091,980.51
145.71305013,-37.69010577,940.02
145.71305055,-37.69008135,940.26
145.71305084,-37.69006459,946.07
145.71305196,-37.68999953,940.29
145.71305226,-37.68998241,948.61
145.71305248,-37.68996970,962.27
145.71305263,-37.68996114,939.59
145.71305270,-37.68995718,943.51
145.71305280,-37.68995123,983.83
145.71305291,-37.68994456,940.89
145.71305293,-37.68994366,987.16
145.71305301,-37.68993870,985.78
145.71305397,-37.68988365,983.40
145.71305470,-37.68984111,972.81
145.71305498,-37.68982498,948.76
145.71305507,-37.68981967,977.77
145.71305515,-37.68981525,978.22
145.71305555,-37.68979209,940.78
145.71305561,-37.68978885,945.01
145.71305576,-37.68978011,943.56
145.71305579,-37.68977848,937.11
145.71305605,-37.68976317,971.43
145.71305618,-37.68975551,936.20
145.71305623,-37.68975307,962.69
145.71305662,-37.68973037,930.93
145.71305856,-37.68961800,927.46
145.71306004,-37.68953212,928.71
145.71306005,-37.68953176,924.29
145.71306222,-37.68940588,936.40
145.71306238,-37.68939714,937.50
145.71306277,-37.68937398,932.36
145.71306300,-37.68936118,927.49
145.71306308,-37.68935659,955.83
145.71306313,-37.68935361,932.54
145.71306366,-37.68932261,925.66
145.71306371,-37.68932000,922.08
145.71306398,-37.68930423,965.84
145.71306404,-37.68930090,965.78
145.71306800,-37.68907193,922.82
145.71306805,-37.68906904,923.17
145.71306927,-37.68899785,928.25
145.71306944,-37.68898857,964.88
145.71307006,-37.68895235,968.53
145.71307056,-37.68892387,933.25
145.71307066,-37.68891775,962.81
145.71307164,-37.68886116,929.50
145.71307241,-37.68881655,931.23
145.71307455,-37.68869265,962.65
145.71307467,-37.68868571,926.00
145.71307534,-37.68864696,967.33
145.71307546,-37.68864011,969.08
145.71307572,-37.68862498,919.01
145.71307601,-37.68860839,943.35
145.71307605,-37.68860596,963.07
145.71307642,-37.68858434,963.33
145.71307671,-37.68856793,961.61
145.71307710,-37.68854514,961.25
145.71307718,-37.68854045,944.70
145.71307723,-37.68853766,916.66
145.71307757,-37.68851810,944.23
145.71307771,-37.68851026,956.41
145.71307791,-37.68849810,909.39
145.71307796,-37.68849530,951.24
145.71307826,-37.68847791,948.45
145.71307875,-37.68844953,924.13
145.71307898,-37.68843619,923.81
145.71307917,-37.68842538,918.50
145.71307953,-37.68840465,920.85
145.71308010,-37.68837140,925.73
145.71308022,-37.68836473,919.19
145.71308047,-37.68835014,925.87
145.71308121,-37.68830751,918.95
145.71308192,-37.68826624,922.72
145.71308210,-37.68825570,925.92
145.71308212,-37.68825444,924.25
145.71308229,-37.68824461,929.42
145.71308270,-37.68822110,927.27
145.71308300,-37.68820362,924.58
145.71308305,-37.68820064,926.56
145.71308397,-37.68814766,930.89
145.71308432,-37.68812756,955.42
145.71308435,-37.68812567,955.29
145.71308469,-37.68810585,930.54
145.71308471,-37.68810485,920.64
145.71308489,-37.68809467,960.28
145.71308505,-37.68808503,959.66
145.71308584,-37.68803934,916.74
145.71308657,-37.68799726,956.32
145.71308782,-37.68792481,922.76
145.71308884,-37.68786615,966.28
145.71308985,-37.68780731,960.72
145.71309012,-37.68779163,971.29
145.71309017,-37.68778911,950.90
145.71309024,-37.68778451,937.79
145.71309034,-37.68777919,932.46
145.71309068,-37.68775928,923.24
145.71309083,-37.68775072,971.42
145.71309090,-37.68774693,923.56
145.71309105,-37.68773783,959.66
145.71309258,-37.68764970,923.90
145.71309451,-37.68753797,960.76
145.71309635,-37.68743145,935.76
145.71309755,-37.68736180,919.03
145.71309759,-37.68735936,925.06
145.71309772,-37.68735207,917.44
145.71309898,-37.68727881,934.11
145.71310022,-37.68720753,922.37
145.71310041,-37.68719636,922.76
145.71310195,-37.68710705,936.39
145.71310269,-37.68706443,929.00
145.71310275,-37.68706101,930.85
145.71310307,-37.68704236,922.76
145.71310316,-37.68703704,944.38
145.71310445,-37.68696279,940.33
145.71310572,-37.68688917,936.49
145.71310686,-37.68682330,934.74
145.71310687,-37.68682249,969.35
145.71310775,-37.68677175,937.31
145.71310878,-37.68671192,972.85
145.71310904,-37.68669696,945.20
145.71310920,-37.68668777,977.70
145.71310948,-37.68667164,952.73
145.71310974,-37.68665632,960.62
145.71310978,-37.68665398,974.57
145.71311054,-37.68661045,929.28
145.71311139,-37.68656134,930.79
145.71311140,-37.68656017,943.37
145.71311145,-37.68655792,945.65
145.71311150,-37.68655458,971.37
145.71311163,-37.68654729,943.94
145.71311176,-37.68653963,972.49
145.71311176,-37.68653953,942.18
145.71311207,-37.68652169,940.29
145.71311231,-37.68650763,930.35
145.71311242,-37.68650124,968.26
145.71311251,-37.68649610,930.56
145.71311257,-37.68649259,944.40
145.71311259,-37.68649187,967.67
145.71311379,-37.68642230,947.71
145.71311470,-37.68636914,948.98
145.71311493,-37.68635616,957.57
145.71311530,-37.68633480,930.58
145.71311580,-37.68630588,932.31
145.71311750,-37.68620775,934.90
145.71311907,-37.68611646,952.14
145.71311912,-37.68611358,950.87
145.71311930,-37.68610340,940.27
145.71312006,-37.68605951,937.86
145.71312045,-37.68603690,931.88
145.71312143,-37.68598013,955.16
145.71312146,-37.68597814,955.74
145.71312182,-37.68595769,955.61
145.71312277,-37.68590227,971.22
145.71312279,-37.68590137,968.99
145.71312323,-37.68587569,950.83
145.71312333,-37.68586992,975.17
145.71312362,-37.68585361,975.21
145.71312382,-37.68584154,978.78
145.71312385,-37.68583973,951.27
145.71312437,-37.68580991,953.11
145.71312441,-37.68580747,952.55
145.71312547,-37.68574620,954.08
145.71312547,-37.68574593,946.78
145.71312556,-37.68574115,949.01
145.71312627,-37.68570006,935.37
145.71312627,-37.68569988,944.97
145.71312678,-37.68567023,944.24
145.71312695,-37.68566077,943.95
145.71312695,-37.68566050,938.02
145.71312721,-37.68564581,949.80
145.71312735,-37.68563762,950.19
145.71312752,-37.68562770,957.06
145.71312836,-37.68557886,957.17
145.71312848,-37.68557202,935.17
145.71313040,-37.68546073,947.97
145.71313070,-37.68544379,943.70
145.71313079,-37.68543811,942.69
145.71313118,-37.68541585,942.77
145.71313185,-37.68537719,944.54
145.71313193,-37.68537215,940.58
145.71313203,-37.68536647,937.41
145.71313211,-37.68536206,952.08
145.71313321,-37.68529835,962.62
145.71313462,-37.68521698,957.53
145.71313481,-37.68520553,958.26
145.71313542,-37.68517057,960.97
145.71313577,-37.68515029,961.65
145.71313639,-37.68511434,967.29
145.71313661,-37.68510127,967.18
145.71313698,-37.68508001,964.45
145.71313710,-37.68507307,964.03
145.71313743,-37.68505415,957.65
145.71313810,-37.68501540,987.04
145.71313817,-37.68501116,964.39
145.71313947,-37.68493592,955.83
145.71313951,-37.68493394,992.21
145.71314120,-37.68483608,963.74
145.71314128,-37.68483103,979.15
145.71314151,-37.68481796,983.76
145.71314155,-37.68481571,995.53
145.71314191,-37.68479490,998.53
145.71314227,-37.68477408,986.28
145.71314285,-37.68474029,963.00
145.71314291,-37.68473677,1001.85
145.71314314,-37.68472362,959.08
145.71314317,-37.68472209,988.24
145.71314371,-37.68469037,980.62
145.71314424,-37.68466018,998.21
145.71314557,-37.68458296,997.56
145.71314564,-37.68457890,999.01
145.71314569,-37.68457620,997.66
145.71314577,-37.68457124,995.07
145.71314634,-37.68453826,957.34
145.71314653,-37.68452745,960.55
145.71314663,-37.68452150,989.09
145.71314779,-37.68445437,962.12
145.71314797,-37.68444400,998.91
145.71314874,-37.68439940,976.85
145.71314957,-37.68435164,960.76
145.71315367,-37.68411438,963.15
145.71315396,-37.68409735,977.63
145.71315417,-37.68408554,977.46
145.71315437,-37.68407356,967.69
145.71315482,-37.68404797,974.34
145.71315491,-37.68404265,967.75
145.71315578,-37.68399183,952.55
145.71315876,-37.68381936,974.15
145.71315928,-37.68378953,985.78
145.71315962,-37.68376970,974.77
145.71315978,-37.68376078,981.38
145.71316057,-37.68371464,967.46
145.71316100,-37.68368977,970.67
145.71316180,-37.68364400,963.94
145.71316254,-37.68360111,965.50
145.71316277,-37.68358777,966.28
145.71316338,-37.68355235,972.31
145.71316447,-37.68348946,975.39
145.71316535,-37.68343809,978.59
145.71316595,-37.68340367,974.84
145.71316729,-37.68332591,981.58
145.71316770,-37.68330239,981.16
145.71316792,-37.68328959,981.26
145.71316805,-37.68328202,981.84
145.71317003,-37.68316776,984.50
145.71317016,-37.68316010,983.98
145.71317035,-37.68314911,981.21
145.71317182,-37.68306395,982.03
145.71317192,-37.68305783,980.55
145.71317302,-37.68299403,970.15
145.71317323,-37.68298222,971.25
145.71317357,-37.68296258,985.00
145.71317369,-37.68295555,971.53
145.71317385,-37.68294636,971.01
145.71317437,-37.68291635,986.64
145.71317473,-37.68289545,988.11
145.71317521,-37.68286751,987.60
145.71317566,-37.68284147,983.19
145.71317613,-37.68281444,989.03
145.71317624,-37.68280822,990.83
145.71317627,-37.68280650,994.80
145.71317689,-37.68277001,989.40
145.71317720,-37.68275217,985.85
145.71317723,-37.68275064,991.63
145.71317762,-37.68272784,985.14
145.71317813,-37.68269846,992.27
145.71317882,-37.68265872,987.88
145.71317899,-37.68264881,981.01
145.71317929,-37.68263169,979.74
145.71317936,-37.68262763,979.98
145.71318008,-37.68258573,988.43
145.71318022,-37.68257771,981.18
145.71318026,-37.68257510,988.94
145.71318034,-37.68257060,994.19
145.71318037,-37.68256915,998.97
145.71318064,-37.68255329,1000.16
145.71318066,-37.68255212,995.52
145.71318075,-37.68254707,1001.07
145.71318102,-37.68253140,996.95
145.71318108,-37.68252797,1003.63
145.71318114,-37.68252437,1004.16
145.71318130,-37.68251509,1002.47
145.71318217,-37.68246480,997.04
145.71318218,-37.68246417,997.66
145.71318245,-37.68244858,996.81
145.71318245,-37.68244831,1003.83
145.71318258,-37.68244111,995.16
145.71318278,-37.68242948,1002.64
145.71318301,-37.68241633,1007.80
145.71318363,-37.68238001,991.31
145.71318368,-37.68237740,994.37
145.71318384,-37.68236821,994.49
145.71318440,-37.68233567,989.84
145.71318588,-37.68225034,1012.30
145.71318598,-37.68224430,1011.50
145.71318610,-37.68223700,988.56
145.71318815,-37.68211878,997.60
145.71318911,-37.68206282,1015.61
145.71318967,-37.68203101,1020.08
145.71318971,-37.68202867,1021.45
145.71319014,-37.68200344,993.67
145.71319025,-37.68199695,1020.42
145.71319086,-37.68196171,1015.89
145.71319114,-37.68194550,991.87
145.71319138,-37.68193198,1028.91
145.71319170,-37.68191351,1015.36
145.71319171,-37.68191251,1028.63
145.71319219,-37.68188458,991.99
145.71319240,-37.68187268,1018.14
145.71319271,-37.68185466,994.92
145.71319312,-37.68183114,993.58
145.71319332,-37.68181961,1019.77
145.71319429,-37.68176338,991.79
145.71319434,-37.68176050,1020.50
145.71319501,-37.68172130,1017.64
145.71319530,-37.68170481,1029.76
145.71319652,-37.68163425,1033.75
145.71319658,-37.68163092,992.06
145.71319709,-37.68160145,1038.76
145.71319742,-37.68158226,992.02
145.71319765,-37.68156874,1038.24
145.71319797,-37.68155045,1037.31
145.71319807,-37.68154459,992.45
145.71319810,-37.68154279,1014.21
145.71319834,-37.68152873,1023.75
145.71319840,-37.68152558,992.58
145.71319857,-37.68151539,992.56
145.71319903,-37.68148872,1024.22
145.71319911,-37.68148458,1030.41
145.71319997,-37.68143483,993.44
145.71320056,-37.68140023,995.28
145.71320119,-37.68136356,1038.74
145.71320130,-37.68135779,993.88
145.71320161,-37.68133977,1038.75
145.71320191,-37.68132229,1008.69
145.71320223,-37.68130363,1006.96
145.71320240,-37.68129372,999.22
145.71320274,-37.68127390,1042.91
145.71320360,-37.68122443,994.06
145.71320369,-37.68121902,1043.88
145.71320389,-37.68120766,1037.68
145.71320407,-37.68119730,1032.00
145.71320426,-37.68118586,1030.30
145.71320438,-37.68117955,994.53
145.71320493,-37.68114747,1039.28
145.71320533,-37.68112413,1043.33
145.71320581,-37.68109665,1039.74
145.71320599,-37.68108637,1005.74
145.71320726,-37.68101276,1041.65
145.71320791,-37.68097482,1041.69
145.71320795,-37.68097274,1045.69
145.71320808,-37.68096491,996.29
145.71320955,-37.68088011,998.29
145.71320972,-37.68086993,1044.69
145.71321254,-37.68070710,1044.77
145.71321594,-37.68051038,1049.29
145.71321632,-37.68048786,1051.95
145.71321638,-37.68048470,1044.33
145.71321673,-37.68046425,1048.49
145.71321705,-37.68044604,1049.88
145.71321739,-37.68042622,1051.71
145.71321744,-37.68042325,1001.83
145.71321792,-37.68039531,1053.89
145.71321876,-37.68034683,1051.68
145.71321891,-37.68033818,1050.89
145.71321892,-37.68033755,1043.54
145.71321896,-37.68033521,1014.14
145.71321928,-37.68031647,1002.49
145.71321991,-37.68028015,1051.75
145.71322032,-37.68025663,1003.47
145.71322044,-37.68024951,1041.46
145.71322219,-37.68014823,1049.92
145.71322288,-37.68010822,1050.64
145.71322317,-37.68009146,1006.64
145.71322322,-37.68008858,1043.79
145.71322364,-37.68006425,1003.75
145.71322368,-37.68006199,1046.13
145.71322469,-37.68000351,1004.92
145.71322525,-37.67997098,1015.37
145.71322526,-37.67997035,1055.38
145.71322552,-37.67995548,1002.93
145.71322684,-37.67987925,1052.75
145.71322793,-37.67981626,1051.10
145.71322795,-37.67981518,1052.40
145.71322903,-37.67975219,1002.82
145.71322913,-37.67974687,1051.36
145.71322962,-37.67971849,1001.38
145.71322974,-37.67971146,1048.66
145.71323023,-37.67968307,1001.59
145.71323046,-37.67966947,1002.68
145.71323054,-37.67966478,1048.21
145.71323108,-37.67963370,1041.76
145.71323209,-37.67957512,998.95
145.71323223,-37.67956683,1040.13
145.71323295,-37.67952565,999.87
145.71323425,-37.67945023,996.37
145.71323499,-37.67940734,995.68
145.71323531,-37.67938904,1039.00
145.71323532,-37.67938841,1039.86
145.71323536,-37.67938598,1046.19
145.71323536,-37.67938571,997.85
145.71323562,-37.67937102,997.53
145.71323567,-37.67936814,1029.29
145.71323688,-37.67929785,1040.77
145.71323741,-37.67926712,1007.19
145.71323786,-37.67924117,1045.13
145.71323842,-37.67920891,994.57
145.71323855,-37.67920134,1040.64
145.71323888,-37.67918242,1041.61
145.71323974,-37.67913222,1041.32
145.71324019,-37.67910627,993.36
145.71324027,-37.67910150,1035.25
145.71324083,-37.67906942,994.05
145.71324131,-37.67904139,1033.17
145.71324132,-37.67904103,1040.90
145.71324171,-37.67901823,990.44
145.71324209,-37.67899643,1001.94
145.71324224,-37.67898796,1041.69
145.71324234,-37.67898192,996.68
145.71324236,-37.67898057,1000.38
145.71324265,-37.67896399,1041.84
145.71324304,-37.67894101,1020.75
145.71324310,-37.67893812,1001.06
145.71324319,-37.67893254,988.63
145.71324324,-37.67892992,1025.94
145.71324345,-37.67891776,1001.74
145.71324375,-37.67890046,1000.92
145.71324375,-37.67890037,1002.01
145.71324389,-37.67889244,1002.42
145.71324390,-37.67889145,999.99
145.71324414,-37.67887766,1000.01
145.71324421,-37.67887361,1000.54
145.71324481,-37.67883918,986.61
145.71324522,-37.67881503,989.45
145.71324539,-37.67880521,1008.84
145.71324630,-37.67875268,984.03
145.71324648,-37.67874240,1034.28
145.71324652,-37.67873961,984.01
145.71324686,-37.67872051,984.92
145.71324954,-37.67856498,1028.04
145.71325006,-37.67853533,1030.27
145.71325052,-37.67850848,1026.00
145.71325054,-37.67850694,1031.78
145.71325153,-37.67844981,1029.58
145.71325156,-37.67844792,1011.23
145.71325263,-37.67838592,1027.03
145.71325393,-37.67831113,1028.38
145.71325393,-37.67831095,1028.26
145.71325412,-37.67830005,1036.29
145.71325472,-37.67826508,987.30
145.71325489,-37.67825500,1035.88
145.71325557,-37.67821607,1029.02
145.71325726,-37.67811829,1036.04
145.71325756,-37.67810081,1037.39
145.71325778,-37.67808793,1036.97
145.71325795,-37.67807847,1033.55
145.71325833,-37.67805648,1015.37
145.71325894,-37.67802079,1038.45
145.71325939,-37.67799484,990.02
145.71325965,-37.67797970,990.85
145.71326011,-37.67795330,1039.71
145.71326012,-37.67795276,1035.96
145.71326013,-37.67795213,1039.70
145.71326029,-37.67794285,1037.19
145.71326030,-37.67794204,989.21
145.71326036,-37.67793879,1037.22
145.71326048,-37.67793195,1036.09
145.71326097,-37.67790347,1033.84
145.71326163,-37.67786508,994.63
145.71326200,-37.67784400,996.51
145.71326345,-37.67775974,1000.58
145.71326359,-37.67775199,1030.91
145.71326365,-37.67774848,1036.59
145.71326365,-37.67774821,1006.15
145.71326387,-37.67773577,1036.55
145.71326418,-37.67771766,1037.32
145.71326421,-37.67771568,1038.09
145.71326439,-37.67770541,992.25
145.71326447,-37.67770108,992.17
145.71326554,-37.67763890,1037.43
145.71326561,-37.67763485,1028.44
145.71326585,-37.67762088,992.54
145.71326630,-37.67759502,1047.59
145.71326740,-37.67753086,995.93
145.71326788,-37.67750356,1038.47
145.71326877,-37.67745183,1032.32
145.71326935,-37.67741849,998.56
145.71327256,-37.67723232,1004.42
145.71327349,-37.67717862,1007.76
145.71327365,-37.67716942,1053.47
145.71327389,-37.67715528,1043.08
145.71327412,-37.67714185,1036.68
145.71327610,-37.67702732,1056.29
145.71327617,-37.67702344,1036.24
145.71327639,-37.67701065,1046.17
145.71327677,-37.67698848,1008.07
145.71327690,-37.67698145,1046.29
145.71327719,-37.67696415,1047.62
145.71327731,-37.67695730,1016.36
145.71327731,-37.67695712,1006.34
145.71327741,-37.67695171,1006.92
145.71327777,-37.67693090,1056.71
145.71327795,-37.67692054,1007.45
145.71327811,-37.67691125,1059.29
145.71327831,-37.67689936,1007.33
145.71327899,-37.67686016,1055.92
145.71327970,-37.67681916,1040.01
145.71328000,-37.67680177,1009.59
145.71328087,-37.67675122,1017.27
145.71328112,-37.67673653,1055.35
145.71328133,-37.67672472,1013.13
145.71328155,-37.67671184,1057.03
145.71328191,-37.67669120,1058.75
145.71328203,-37.67668417,1057.80
145.71328207,-37.67668174,1061.77
145.71328212,-37.67667886,1067.94
145.71328219,-37.67667471,1044.97
145.71328244,-37.67666048,1067.71
145.71328297,-37.67662993,1015.85
145.71328305,-37.67662515,1015.85
145.71328315,-37.67661948,1062.24
145.71328315,-37.67661921,1013.32
145.71328334,-37.67660803,1015.18
145.71328357,-37.67659488,1014.18
145.71328433,-37.67655090,1015.24
145.71328450,-37.67654126,1017.36
145.71328550,-37.67648314,1024.61
145.71328564,-37.67647530,1063.38
145.71328594,-37.67645764,1066.38
145.71328599,-37.67645502,1022.79
145.71328633,-37.67643547,1061.61
145.71328638,-37.67643249,1019.02
145.71328647,-37.67642736,1027.22
145.71328647,-37.67642700,1018.82
145.71328662,-37.67641862,1021.57
145.71328695,-37.67639942,1064.70
145.71328755,-37.67636473,1061.99
145.71328755,-37.67636428,1018.75
145.71328765,-37.67635861,1018.85
145.71328778,-37.67635139,1067.29
145.71328780,-37.67635040,1020.84
145.71328792,-37.67634310,1020.76
145.71328827,-37.67632319,1058.91
145.71328866,-37.67630039,1058.09
145.71328892,-37.67628516,1059.51
145.71328909,-37.67627516,1049.83
145.71328912,-37.67627363,1050.97
145.71328950,-37.67625200,1050.86
145.71328965,-37.67624299,1022.37
145.71328992,-37.67622767,1022.95
145.71329010,-37.67621713,1024.13
145.71329037,-37.67620136,1023.13
145.71329078,-37.67617775,1035.31
145.71329079,-37.67617721,1023.82
145.71329115,-37.67615630,1034.44
145.71329132,-37.67614603,1035.15
145.71329141,-37.67614089,1035.24
145.71329153,-37.67613414,1025.64
145.71329159,-37.67613089,1025.22
145.71329185,-37.67611575,1025.27
145.71329227,-37.67609124,1026.66
145.71329279,-37.67606097,1029.13
145.71329420,-37.67597951,1078.54
145.71329433,-37.67597221,1079.04
145.71329433,-37.67597176,1029.35
145.71329467,-37.67595211,1037.44
145.71329533,-37.67591409,1030.57
145.71329541,-37.67590931,1031.34
145.71329617,-37.67586552,1032.80
145.71329627,-37.67585984,1040.73
145.71329630,-37.67585813,1071.37
145.71329647,-37.67584831,1042.39
145.71329648,-37.67584767,1042.76
145.71329683,-37.67582722,1044.29
145.71329737,-37.67579604,1075.90
145.71329738,-37.67579559,1076.17
145.71329742,-37.67579333,1077.44
145.71329757,-37.67578460,1077.67
145.71329757,-37.67578432,1048.24
145.71329772,-37.67577595,1047.54
145.71329781,-37.67577081,1080.57
145.71329782,-37.67577000,1035.31
145.71329784,-37.67576874,1036.05
145.71329818,-37.67574945,1082.37
145.71329835,-37.67573900,1083.38
145.71329867,-37.67572089,1078.09
145.71329929,-37.67568520,1035.86
145.71329942,-37.67567727,1061.48
145.71329949,-37.67567322,1053.48
145.71329977,-37.67565691,1084.22
145.71329978,-37.67565637,1051.95
145.71329999,-37.67564429,1039.74
145.71330013,-37.67563600,1050.13
145.71330017,-37.67563411,1073.01
145.71330019,-37.67563267,1036.72
145.71330040,-37.67562095,1075.53
145.71330067,-37.67560519,1078.47
145.71330081,-37.67559708,1039.53
145.71330091,-37.67559085,1076.81
145.71330098,-37.67558725,1040.55
145.71330099,-37.67558653,1073.98
145.71330108,-37.67558131,1038.54
145.71330127,-37.67557022,1048.59
145.71330132,-37.67556734,1049.12
145.71330168,-37.67554634,1044.53
145.71330194,-37.67553129,1047.38
145.71330215,-37.67551922,1049.75
145.71330457,-37.67537928,1059.03
145.71330521,-37.67534197,1056.62
145.71330542,-37.67533008,1059.03
145.71330683,-37.67524825,1046.30
145.71330693,-37.67524240,1056.92
145.71330705,-37.67523555,1053.11
145.71330715,-37.67522996,1045.49
145.71330943,-37.67509759,1080.00
145.71330946,-37.67509588,1080.38
145.71331010,-37.67505911,1058.50
145.71331013,-37.67505722,1079.24
145.71331078,-37.67501982,1050.96
145.71331257,-37.67491566,1053.53
145.71331306,-37.67488772,1062.58
145.71331510,-37.67476940,1087.06
145.71331532,-37.67475706,1056.37
145.71331542,-37.67475075,1057.66
145.71331546,-37.67474850,1057.01
145.71331569,-37.67473552,1057.05
145.71331586,-37.67472561,1058.53
145.71331638,-37.67469524,1057.85
145.71331672,-37.67467578,1104.70
145.71331690,-37.67466542,1106.97
145.71331706,-37.67465613,1102.43
145.71331739,-37.67463685,1107.36
145.71331760,-37.67462495,1107.45
145.71331813,-37.67459422,1078.83
145.71331818,-37.67459098,1096.64
145.71331829,-37.67458485,1075.06
145.71331830,-37.67458450,1078.66
145.71331830,-37.67458396,1096.54
145.71331852,-37.67457134,1065.50
145.71331891,-37.67454863,1063.60
145.71331909,-37.67453854,1064.42
145.71332021,-37.67447357,1078.00
145.71332021,-37.67447348,1069.49
145.71332036,-37.67446510,1068.47
145.71332036,-37.67446501,1066.84
145.71332041,-37.67446221,1074.98
145.71332050,-37.67445654,1079.48
145.71332070,-37.67444518,1079.46
145.71332106,-37.67442428,1069.15
145.71332121,-37.67441571,1066.95
145.71332131,-37.67441004,1070.38
145.71332133,-37.67440869,1070.66
145.71332156,-37.67439526,1068.60
145.71332170,-37.67438751,1070.23
145.71332287,-37.67431930,1102.81
145.71332340,-37.67428920,1076.43
145.71332340,-37.67428884,1114.12
145.71332391,-37.67425910,1108.86
145.71332400,-37.67425397,1073.29
145.71332464,-37.67421693,1115.83
145.71332522,-37.67418359,1075.84
145.71332536,-37.67417566,1119.50
145.71332539,-37.67417368,1077.36
145.71332556,-37.67416376,1077.29
145.71332611,-37.67413205,1079.55
145.71332617,-37.67412817,1111.65
145.71332667,-37.67409925,1078.50
145.71332737,-37.67405924,1119.37
145.71332773,-37.67403815,1080.49
145.71332825,-37.67400824,1092.32
145.71332873,-37.67398030,1120.67
145.71332890,-37.67397030,1094.18
145.71332904,-37.67396255,1092.12
145.71332930,-37.67394741,1123.99
145.71332951,-37.67393542,1114.80
145.71332977,-37.67392010,1123.30
145.71332978,-37.67391947,1122.14
145.71332989,-37.67391344,1123.82
145.71333015,-37.67389785,1120.67
145.71333046,-37.67387991,1125.33
145.71333067,-37.67386793,1116.16
145.71333085,-37.67385774,1124.78
145.71333094,-37.67385225,1124.94
145.71333116,-37.67383946,1087.33
145.71333279,-37.67374484,1091.03
145.71333360,-37.67369825,1091.80
145.71333371,-37.67369176,1091.77
145.71333496,-37.67361967,1130.52
145.71333500,-37.67361697,1093.35
145.71333512,-37.67361058,1123.55
145.71333513,-37.67360994,1131.01
145.71333538,-37.67359553,1095.92
145.71333557,-37.67358453,1093.83
145.71333560,-37.67358273,1093.92
145.71333598,-37.67356047,1136.18
145.71333619,-37.67354849,1095.60
145.71333631,-37.67354146,1135.21
145.71333635,-37.67353921,1131.92
145.71333672,-37.67351739,1134.10
145.71333683,-37.67351145,1127.98
145.71333690,-37.67350749,1123.83
145.71333720,-37.67348973,1133.71
145.71333747,-37.67347451,1096.10
145.71333751,-37.67347171,1132.44
145.71333764,-37.67346450,1134.80
145.71333790,-37.67344945,1130.96
145.71333810,-37.67343783,1135.99
145.71333814,-37.67343549,1132.98
145.71333831,-37.67342557,1116.61
145.71333943,-37.67336052,1131.56
145.71333966,-37.67334736,1137.05
145.71334001,-37.67332726,1138.93
145.71334005,-37.67332501,1139.88
145.71334047,-37.67330041,1126.51
145.71334114,-37.67326202,1127.99
145.71334146,-37.67324292,1135.91
145.71334163,-37.67323346,1100.32
145.71334184,-37.67322111,1123.81
145.71334216,-37.67320255,1131.63
145.71334225,-37.67319732,1100.55
145.71334243,-37.67318678,1114.65
145.71334304,-37.67315200,1114.06
145.71334342,-37.67312974,1102.35
145.71334346,-37.67312758,1119.26
145.71334349,-37.67312551,1116.38
145.71334406,-37.67309261,1118.30
145.71334458,-37.67306251,1117.96
145.71334669,-37.67294050,1117.99
145.71334675,-37.67293654,1106.62
145.71334686,-37.67293042,1117.39
145.71334717,-37.67291275,1116.80
145.71334737,-37.67290095,1105.87
145.71334761,-37.67288716,1107.25
145.71334784,-37.67287374,1120.39
145.71334786,-37.67287229,1120.98
145.71334798,-37.67286571,1116.54
145.71334822,-37.67285193,1117.63
145.71334928,-37.67279065,1123.08
145.71334930,-37.67278930,1123.52
145.71334964,-37.67276929,1107.42
145.71334983,-37.67275830,1107.82
145.71335133,-37.67267179,1115.58
145.71335173,-37.67264872,1117.10
145.71335175,-37.67264755,1106.98
145.71335261,-37.67259781,1122.77
145.71335296,-37.67257736,1125.53
145.71335317,-37.67256492,1108.48
145.71335326,-37.67256005,1126.23
145.71335363,-37.67253825,1121.88
145.71335383,-37.67252653,1121.42
145.71335393,-37.67252104,1118.72
145.71335518,-37.67244859,1111.42
145.71335554,-37.67242759,1123.75
145.71335559,-37.67242525,1123.88
145.71335606,-37.67239786,1114.49
145.71335700,-37.67234316,1147.38
145.71335764,-37.67230612,1112.93
145.71335782,-37.67229585,1113.74
145.71335839,-37.67226242,1138.46
145.71335863,-37.67224917,1146.41
145.71335961,-37.67219231,1113.85
145.71336011,-37.67216302,1114.23
145.71336050,-37.67214032,1152.00
145.71336054,-37.67213824,1153.29
145.71336071,-37.67212842,1152.11
145.71336094,-37.67211491,1143.41
145.71336139,-37.67208931,1144.61
145.71336139,-37.67208895,1151.79
145.71336151,-37.67208219,1140.47
145.71336252,-37.67202353,1134.16
145.71336291,-37.67200100,1115.37
145.71336337,-37.67197424,1132.10
145.71336352,-37.67196559,1130.20
145.71336357,-37.67196316,1131.80
145.71336437,-37.67191657,1122.68
145.71336444,-37.67191234,1132.21
145.71336485,-37.67188863,1130.97
145.71336592,-37.67182664,1116.33
145.71336597,-37.67182367,1131.91
145.71336613,-37.67181448,1123.52
145.71336652,-37.67179194,1129.14
145.71336656,-37.67178933,1114.83
145.71336678,-37.67177663,1115.85
145.71336722,-37.67175139,1114.95
145.71336727,-37.67174860,1116.49
145.71336809,-37.67170094,1124.30
145.71336866,-37.67166813,1129.74
145.71336902,-37.67164696,1136.51
145.71336912,-37.67164119,1123.16
145.71336972,-37.67160686,1114.06
145.71336982,-37.67160064,1126.36
145.71336987,-37.67159785,1150.60
145.71336994,-37.67159379,1123.52
145.71336998,-37.67159190,1147.15
145.71337099,-37.67153288,1153.01
145.71337100,-37.67153261,1144.77
145.71337121,-37.67152035,1114.15
145.71337137,-37.67151098,1149.09
145.71337148,-37.67150485,1151.83
145.71337152,-37.67150269,1147.78
145.71337182,-37.67148485,1112.37
145.71337191,-37.67147999,1155.69
145.71337217,-37.67146457,1156.68
145.71337230,-37.67145691,1142.63
145.71337242,-37.67145052,1143.07
145.71337252,-37.67144421,1111.83
145.71337258,-37.67144105,1155.85
145.71337266,-37.67143655,1111.78
145.71337407,-37.67135455,1156.49
145.71337416,-37.67134950,1151.30
145.71337428,-37.67134275,1155.57
145.71337454,-37.67132751,1151.01
145.71337476,-37.67131472,1157.15
145.71337505,-37.67129796,1150.62
145.71337509,-37.67129579,1123.15
145.71337519,-37.67128985,1149.94
145.71337520,-37.67128949,1150.32
145.71337531,-37.67128318,1147.86
145.71337539,-37.67127813,1150.62
145.71337545,-37.67127489,1117.42
145.71337548,-37.67127336,1115.63
145.71337562,-37.67126471,1151.39
145.71337572,-37.67125894,1157.88
145.71337580,-37.67125461,1116.69
145.71337580,-37.67125434,1139.65
145.71337583,-37.67125281,1158.08
145.71337588,-37.67124966,1152.72
145.71337591,-37.67124822,1116.77
145.71337618,-37.67123245,1111.70
145.71337631,-37.67122488,1111.92
145.71337668,-37.67120361,1152.30
145.71337676,-37.67119865,1151.15
145.71337679,-37.67119703,1138.48
145.71337687,-37.67119280,1153.46
145.71337720,-37.67117378,1146.84
145.71337740,-37.67116162,1140.21
145.71337751,-37.67115540,1109.80
145.71337767,-37.67114639,1144.12
145.71337772,-37.67114333,1109.81
145.71337774,-37.67114197,1118.67
145.71337775,-37.67114180,1127.09
145.71337777,-37.67114044,1148.75
145.71337795,-37.67113044,1150.51
145.71337795,-37.67113008,1120.34
145.71337825,-37.67111251,1115.03
145.71337854,-37.67109557,1114.28
145.71337860,-37.67109259,1146.88
145.71337867,-37.67108845,1109.09
145.71337891,-37.67107448,1142.51
145.71337908,-37.67106448,1141.32
145.71337920,-37.67105781,1109.67
145.71338061,-37.67097599,1145.37
145.71338069,-37.67097167,1147.15
145.71338145,-37.67092751,1152.49
145.71338176,-37.67090958,1142.67
145.71338182,-37.67090624,1108.11
145.71338210,-37.67088975,1146.95
145.71338221,-37.67088309,1107.61
145.71338269,-37.67085578,1152.13
145.71338271,-37.67085461,1148.99
145.71338315,-37.67082893,1147.36
145.71338317,-37.67082757,1144.64
145.71338355,-37.67080586,1138.49
145.71338385,-37.67078856,1109.23
145.71338408,-37.67077495,1151.00
145.71338443,-37.67075495,1152.98
145.71338443,-37.67075477,1136.27
145.71338454,-37.67074837,1149.86
145.71338509,-37.67071683,1145.66
145.71338512,-37.67071475,1152.08
145.71338520,-37.67071016,1151.71
145.71338530,-37.67070457,1124.28
145.71338625,-37.67064934,1145.83
145.71338658,-37.67063015,1148.52
145.71338667,-37.67062537,1106.21
145.71338713,-37.67059833,1107.81
145.71338717,-37.67059644,1105.99
145.71338725,-37.67059113,1108.05
145.71338753,-37.67057554,1142.64
145.71338764,-37.67056896,1130.46
145.71339105,-37.67037134,1127.17
145.71339113,-37.67036666,1126.77
145.71339156,-37.67034170,1113.60
145.71339191,-37.67032178,1133.21
145.71339211,-37.67030998,1119.19
145.71339218,-37.67030592,1120.69
145.71339225,-37.67030169,1125.10
145.71339255,-37.67028457,1103.39
145.71339272,-37.67027465,1132.40
145.71339296,-37.67026096,1113.55
145.71339311,-37.67025213,1107.65
145.71339341,-37.67023465,1129.91
145.71339403,-37.67019905,1129.12
145.71339571,-37.67010164,1107.96
145.71339605,-37.67008191,1111.58
145.71339626,-37.67006956,1101.32
145.71339633,-37.67006559,1137.58
145.71339666,-37.67004649,1133.33
145.71339726,-37.67001198,1134.23
145.71339802,-37.66996755,1118.67
145.71339858,-37.66993557,1114.49
145.71339944,-37.66988573,1135.98
145.71339949,-37.66988258,1128.24
145.71340102,-37.66979391,1129.43
145.71340524,-37.66954953,1110.45
145.71340527,-37.66954781,1110.90
145.71340536,-37.66954286,1124.56
145.71340570,-37.66952313,1097.32
145.71340619,-37.66949438,1108.55
145.71340667,-37.66946653,1108.86
145.71340699,-37.66944842,1117.04
145.71340732,-37.66942905,1103.41
145.71340768,-37.66940805,1104.62
145.71340874,-37.66934678,1093.20
145.71340925,-37.66931731,1092.32
145.71340996,-37.66927613,1099.38
145.71341027,-37.66925847,1119.83
145.71341059,-37.66923954,1093.97
145.71341095,-37.66921909,1091.29
145.71341125,-37.66920179,1091.74
145.71341135,-37.66919585,1124.72
145.71341145,-37.66919016,1091.52
145.71341147,-37.66918854,1091.86
145.71341169,-37.66917611,1092.10
145.71341179,-37.66917016,1125.45
145.71341234,-37.66913862,1132.62
145.71341260,-37.66912339,1092.02
145.71341266,-37.66912006,1095.84
145.71341268,-37.66911880,1129.44
145.71341325,-37.66908563,1089.84
145.71341342,-37.66907572,1128.12
145.71341345,-37.66907419,1089.45
145.71341375,-37.66905671,1089.52
145.71341380,-37.66905383,1122.86
145.71341393,-37.66904635,1122.52
145.71341429,-37.66902553,1128.00
145.71341489,-37.66899075,1107.00
145.71341535,-37.66896398,1093.10
145.71341547,-37.66895705,1098.13
145.71341611,-37.66892019,1088.43
145.71341621,-37.66891452,1127.09
145.71341687,-37.66887604,1129.70
145.71341715,-37.66885955,1087.55
145.71341719,-37.66885757,1087.81
145.71341771,-37.66882728,1129.05
145.71341804,-37.66880827,1126.84
145.71341864,-37.66877376,1084.70
145.71341868,-37.66877106,1123.44
145.71341994,-37.66869815,1085.04
145.71342078,-37.66864968,1128.38
145.71342131,-37.66861904,1125.01
145.71342148,-37.66860894,1087.87
145.71342248,-37.66855083,1125.41
145.71342252,-37.66854876,1079.40
145.71342647,-37.66832014,1076.50
145.71342735,-37.66826905,1078.33
145.71342764,-37.66825193,1122.16
145.71342808,-37.66822651,1077.82
145.71342852,-37.66820119,1126.10
145.71342855,-37.66819939,1125.65
145.71342858,-37.66819786,1125.97
145.71342878,-37.66818642,1076.65
145.71342879,-37.66818570,1124.68
145.71342907,-37.66816938,1124.67
145.71342924,-37.66815947,1075.73
145.71342928,-37.66815713,1101.49
145.71342939,-37.66815064,1124.98
145.71342956,-37.66814091,1076.73
145.71343001,-37.66811496,1122.88
145.71343014,-37.66810730,1076.43
145.71343019,-37.66810450,1076.55
145.71343073,-37.66807305,1076.66
145.71343102,-37.66805647,1111.24
145.71343105,-37.66805485,1076.48
145.71343116,-37.66804809,1075.86
145.71343137,-37.66803656,1076.58
145.71343181,-37.66801061,1101.86
145.71343227,-37.66798385,1074.98
145.71343242,-37.66797519,1102.24
145.71343249,-37.66797123,1106.68
145.71343255,-37.66796817,1075.06
145.71343258,-37.66796591,1120.30
145.71343286,-37.66794996,1074.48
145.71343293,-37.66794572,1120.85
145.71343352,-37.66791176,1105.98
145.71343387,-37.66789175,1118.75
145.71343419,-37.66787264,1074.52
145.71343476,-37.66783958,1111.15
145.71343490,-37.66783155,1073.22
145.71343569,-37.66778569,1103.93
145.71343638,-37.66774595,1078.06
145.71343639,-37.66774541,1071.49
145.71343644,-37.66774262,1078.47
145.71343650,-37.66773937,1071.51
145.71343677,-37.66772315,1121.15
145.71343691,-37.66771523,1118.99
145.71343692,-37.66771450,1115.67
145.71343736,-37.66768945,1082.74
145.71343740,-37.66768683,1119.15
145.71343779,-37.66766449,1117.79
145.71343783,-37.66766179,1118.29
145.71343881,-37.66760511,1102.89
145.71343882,-37.66760439,1081.26
145.71343889,-37.66760069,1119.47
145.71343911,-37.66758781,1118.33
145.71343963,-37.66755798,1112.41
145.71343987,-37.66754374,1115.25
145.71344043,-37.66751175,1068.03
145.71344212,-37.66741353,1113.00
145.71344242,-37.66739596,1110.38
145.71344247,-37.66739316,1106.83
145.71344323,-37.66734279,1065.31
145.71344379,-37.66730359,1063.75
145.71344380,-37.66729647,1063.03
145.71344361,-37.66728790,1109.82
145.71344164,-37.66728347,1109.93
145.71341160,-37.66728305,1071.52
145.71337068,-37.66728260,1109.95
145.71333678,-37.66728223,1107.86
145.71327546,-37.66728156,1107.43
     </coordinates>
    </LineString>
   </MultiGeometry>
  </Placemark>
 </Document>
</kml>
