<kml>
 <Document>
  <Style id="yellow">
   <LineStyle>
   <color>ff00ffff</color>
   <width>1</width>
   </LineStyle>
  </Style>
  <Style id="red">
   <LineStyle>
   <color>ffff0000</color>
   <width>2</width>
   </LineStyle>
  </Style>
  <Style id="green">
   <LineStyle>
   <color>ff00ff00</color>
   <width>1</width>
   </LineStyle>
  </Style>
  <Placemark>
  <styleUrl>#yellow</styleUrl>
   <MultiGeometry>
    <LineString>
     <coordinates>
148.36643220,-37.45220926,318.09
148.36643179,-37.45218673,286.76
148.36643028,-37.45210392,311.07
148.36643014,-37.45209635,301.15
148.36642998,-37.45208743,287.04
148.36642891,-37.45202877,308.98
148.36642876,-37.45202002,308.98
148.36642862,-37.45201281,293.30
148.36642848,-37.45200507,288.45
148.36642841,-37.45200101,292.37
148.36642827,-37.45199326,288.27
148.36642778,-37.45196623,319.68
148.36642773,-37.45196388,288.43
148.36642726,-37.45193802,288.94
148.36642688,-37.45191721,322.01
148.36642672,-37.45190810,289.34
148.36642662,-37.45190279,295.60
148.36642634,-37.45188720,308.76
148.36642621,-37.45187999,305.83
148.36642485,-37.45180547,292.81
148.36642420,-37.45176960,328.43
148.36642405,-37.45176167,327.25
148.36642390,-37.45175338,294.84
148.36642372,-37.45174338,295.17
148.36642365,-37.45173969,307.97
148.36642309,-37.45170887,335.87
148.36642292,-37.45169923,297.40
148.36642256,-37.45167967,332.71
148.36642255,-37.45167904,320.36
148.36642203,-37.45165066,328.13
148.36642141,-37.45161606,331.26
148.36642135,-37.45161308,333.09
148.36642115,-37.45160200,327.45
148.36642089,-37.45158785,334.50
148.36642051,-37.45156712,301.83
148.36642043,-37.45156271,329.19
148.36642027,-37.45155397,304.28
148.36641990,-37.45153342,303.22
148.36641980,-37.45152784,325.55
148.36641818,-37.45143890,310.84
148.36641787,-37.45142214,310.85
148.36641783,-37.45141979,326.09
148.36641777,-37.45141628,317.68
148.36641739,-37.45139564,317.17
148.36641722,-37.45138627,309.55
148.36641690,-37.45136843,307.06
148.36641659,-37.45135130,334.01
148.36641599,-37.45131833,307.95
148.36641592,-37.45131463,334.51
148.36641562,-37.45129823,312.88
148.36641527,-37.45127895,310.59
148.36641464,-37.45124407,332.56
148.36641456,-37.45123975,311.18
148.36641403,-37.45121055,318.29
148.36641384,-37.45120019,318.05
148.36641216,-37.45110764,320.80
148.36641050,-37.45101699,311.06
148.36640993,-37.45099167,327.74
148.36640960,-37.45097941,309.77
148.36640898,-37.45097032,330.52
148.36640759,-37.45096880,330.49
148.36640329,-37.45096822,329.68
148.36639016,-37.45096801,309.52
148.36634687,-37.45096833,308.57
148.36627724,-37.45096914,342.58
148.36626436,-37.45096929,329.19
148.36623497,-37.45096963,305.22
148.36622209,-37.45096978,332.20
148.36612183,-37.45097094,304.37
148.36609030,-37.45097130,303.96
148.36608826,-37.45097132,303.89
148.36601185,-37.45097221,335.70
148.36595602,-37.45097285,303.65
148.36595478,-37.45097287,304.13
148.36592923,-37.45097316,322.75
148.36588108,-37.45097372,331.48
148.36588085,-37.45097372,335.36
148.36587792,-37.45097376,308.89
148.36581756,-37.45097445,327.12
148.36579755,-37.45097468,312.14
148.36579733,-37.45097469,333.62
148.36567616,-37.45097609,302.93
148.36546208,-37.45097856,299.63
148.36541913,-37.45097906,308.33
148.36537381,-37.45097958,308.56
148.36506117,-37.45098319,337.04
148.36504523,-37.45098338,305.40
148.36504184,-37.45098342,307.02
148.36502387,-37.45098362,308.60
148.36501076,-37.45098378,308.58
148.36484506,-37.45098569,348.34
148.36484348,-37.45098571,311.01
148.36471451,-37.45098720,344.23
148.36455582,-37.45098903,359.08
148.36455130,-37.45098908,354.63
148.36453434,-37.45098928,350.05
148.36453152,-37.45098931,349.84
148.36439170,-37.45099093,329.84
148.36438458,-37.45099101,327.69
148.36434954,-37.45099141,334.91
148.36433948,-37.45099153,329.16
148.36433632,-37.45099156,345.03
148.36424872,-37.45099258,345.05
148.36422577,-37.45099284,332.73
148.36422205,-37.45099289,343.19
148.36410449,-37.45099424,336.80
148.36410348,-37.45099425,349.08
148.36409884,-37.45099430,368.03
148.36406946,-37.45099464,342.82
148.36405883,-37.45099477,363.78
148.36404323,-37.45099495,338.76
148.36404143,-37.45099497,339.00
148.36402289,-37.45099518,353.43
148.36400706,-37.45099537,342.25
148.36399791,-37.45099547,340.20
148.36377095,-37.45099809,376.22
148.36374710,-37.45099836,356.26
148.36374212,-37.45099842,377.67
148.36371613,-37.45099872,377.60
148.36360287,-37.45100003,350.48
148.36359971,-37.45100007,369.75
148.36356682,-37.45100045,351.24
148.36350951,-37.45100111,352.06
148.36349843,-37.45100124,352.19
148.36349764,-37.45100124,371.48
148.36348318,-37.45100141,352.36
148.36344655,-37.45100183,370.04
148.36344033,-37.45100191,352.69
148.36333759,-37.45100309,366.11
148.36329995,-37.45100352,370.42
148.36323022,-37.45100433,350.78
148.36314454,-37.45100532,369.28
148.36314069,-37.45100536,369.60
148.36311606,-37.45100565,347.78
148.36298981,-37.45100710,344.33
148.36298664,-37.45100714,343.44
148.36294222,-37.45100765,341.60
148.36292730,-37.45100782,344.15
148.36290221,-37.45100811,340.13
148.36279991,-37.45100929,335.37
148.36278205,-37.45100950,344.45
148.36264970,-37.45101103,330.74
148.36263173,-37.45101123,327.67
148.36253294,-37.45101237,346.06
148.36253079,-37.45101240,344.60
148.36252808,-37.45101243,339.69
148.36252571,-37.45101246,339.56
148.36249406,-37.45101282,339.32
148.36231558,-37.45101488,314.71
148.36230293,-37.45101502,312.31
148.36219792,-37.45101624,335.69
148.36209540,-37.45101742,322.15
148.36207788,-37.45101762,309.87
148.36205743,-37.45101786,305.28
148.36204714,-37.45101797,300.90
148.36197412,-37.45101881,314.35
148.36197051,-37.45101886,314.33
148.36195525,-37.45101903,300.20
148.36193649,-37.45101925,317.49
148.36179644,-37.45102086,293.46
148.36172071,-37.45102173,316.13
148.36169348,-37.45102205,291.20
148.36165030,-37.45102255,303.67
148.36164815,-37.45102257,303.74
148.36162351,-37.45102286,290.05
148.36159458,-37.45102319,315.23
148.36158587,-37.45102329,314.63
148.36154122,-37.45102380,299.08
148.36149330,-37.45102436,286.55
148.36147363,-37.45102458,293.61
148.36146775,-37.45102465,294.68
148.36141994,-37.45102520,294.43
148.36137439,-37.45102573,283.94
148.36128194,-37.45102679,282.09
148.36126532,-37.45102698,282.02
148.36125764,-37.45102707,282.94
148.36124961,-37.45102717,297.37
148.36123978,-37.45102728,300.96
148.36123864,-37.45102729,300.14
148.36123163,-37.45102737,281.30
148.36119931,-37.45102774,299.56
148.36118416,-37.45102792,281.51
148.36116664,-37.45102812,279.82
148.36112448,-37.45102860,301.54
148.36111239,-37.45102874,297.52
148.36108481,-37.45102906,300.20
148.36106763,-37.45102926,284.88
148.36104808,-37.45102949,277.17
148.36100072,-37.45103003,293.78
148.36097641,-37.45103031,289.28
148.36078913,-37.45103247,271.44
148.36056623,-37.45103503,267.22
148.36048881,-37.45103593,269.37
148.36048485,-37.45103597,266.73
148.36047637,-37.45103607,270.92
148.36028558,-37.45103827,307.27
148.36027405,-37.45103840,267.39
148.36026321,-37.45103852,267.56
148.36017662,-37.45103952,272.98
148.36015921,-37.45103972,284.04
148.36007964,-37.45104064,311.78
148.36006178,-37.45104084,297.32
148.36004946,-37.45104098,270.80
148.36004076,-37.45104108,310.59
148.35990999,-37.45104259,301.41
148.35984522,-37.45104333,283.61
148.35979719,-37.45104389,298.48
148.35978339,-37.45104404,299.01
148.35968596,-37.45104517,290.72
148.35968528,-37.45104517,278.43
148.35967635,-37.45104528,286.73
148.35966448,-37.45104541,311.71
148.35965635,-37.45104551,315.13
148.35964708,-37.45104561,315.91
148.35961657,-37.45104596,280.18
148.35960232,-37.45104613,281.71
148.35958243,-37.45104636,301.03
148.35953993,-37.45104685,322.37
148.35952727,-37.45104699,285.94
148.35947799,-37.45104756,317.19
148.35944951,-37.45104789,313.35
148.35936473,-37.45104886,318.56
148.35934088,-37.45104914,295.02
148.35933264,-37.45104923,288.14
148.35926222,-37.45105004,325.90
148.35926165,-37.45105005,292.65
148.35926030,-37.45105006,324.61
148.35918298,-37.45105095,301.94
148.35910883,-37.45105180,317.57
148.35909301,-37.45105199,294.60
148.35907933,-37.45105214,294.94
148.35903593,-37.45105264,296.24
148.35893635,-37.45105379,299.06
148.35885203,-37.45105476,300.99
148.35867480,-37.45105680,314.71
148.35863490,-37.45105725,306.01
148.35858879,-37.45105779,307.05
148.35849339,-37.45105888,319.74
148.35843484,-37.45105956,330.66
148.35840975,-37.45105984,319.75
148.35830113,-37.45106109,327.32
148.35829547,-37.45106116,328.39
148.35825954,-37.45106157,313.48
148.35816538,-37.45106265,315.53
148.35814470,-37.45106289,314.54
148.35809813,-37.45106343,314.83
148.35809315,-37.45106348,314.86
148.35808061,-37.45106363,326.70
148.35802274,-37.45106429,315.15
148.35789954,-37.45106571,334.35
148.35785851,-37.45106618,315.34
148.35782968,-37.45106651,315.41
148.35779611,-37.45106690,315.39
148.35778606,-37.45106701,315.41
148.35775079,-37.45106742,319.50
148.35758927,-37.45106927,318.76
148.35753558,-37.45106989,314.43
148.35747341,-37.45107061,313.92
148.35731935,-37.45107238,316.83
148.35729200,-37.45107269,312.39
148.35728307,-37.45107279,312.33
148.35726600,-37.45107299,320.09
148.35726273,-37.45107302,320.71
148.35710279,-37.45107486,310.70
148.35709646,-37.45107493,329.32
148.35687718,-37.45107745,309.31
148.35686871,-37.45107755,324.73
148.35681841,-37.45107813,325.04
148.35680033,-37.45107834,322.47
148.35670041,-37.45107948,308.74
148.35669883,-37.45107950,308.74
148.35665407,-37.45108002,322.38
148.35663542,-37.45108023,320.97
148.35662716,-37.45108033,315.75
148.35659382,-37.45108071,330.42
148.35655189,-37.45108119,307.91
148.35654714,-37.45108124,315.62
148.35652668,-37.45108148,307.60
148.35646847,-37.45108215,306.88
148.35644835,-37.45108238,306.58
148.35643467,-37.45108253,306.45
148.35641523,-37.45108276,306.12
148.35629248,-37.45108417,319.95
148.35619403,-37.45108529,302.64
148.35618952,-37.45108535,302.58
148.35618658,-37.45108538,314.32
148.35615278,-37.45108577,308.75
148.35613051,-37.45108602,301.54
148.35612848,-37.45108605,313.69
148.35612644,-37.45108607,313.70
148.35604370,-37.45108702,299.68
148.35603896,-37.45108708,317.65
148.35596414,-37.45108793,297.94
148.35575740,-37.45109031,309.76
148.35572508,-37.45109068,310.78
148.35567862,-37.45109121,311.55
148.35566020,-37.45109142,311.79
148.35558379,-37.45109230,287.31
148.35549540,-37.45109331,294.85
148.35548737,-37.45109340,293.96
148.35546714,-37.45109364,285.40
148.35546488,-37.45109366,283.94
148.35538610,-37.45109457,281.52
148.35538361,-37.45109459,293.96
148.35538226,-37.45109461,293.09
148.35536508,-37.45109481,290.63
148.35522379,-37.45109643,298.00
148.35513540,-37.45109744,273.41
148.35512998,-37.45109750,273.14
148.35512953,-37.45109751,287.10
148.35509878,-37.45109786,272.05
148.35501322,-37.45109884,286.54
148.35485283,-37.45110068,265.58
148.35477653,-37.45110156,269.62
148.35477405,-37.45110159,269.79
148.35477020,-37.45110163,267.34
148.35469018,-37.45110255,262.86
148.35457907,-37.45110382,269.38
148.35442026,-37.45110564,255.75
148.35436533,-37.45110627,242.52
148.35434080,-37.45110655,247.69
148.35429085,-37.45110712,241.56
148.35423037,-37.45110782,236.02
148.35422246,-37.45110791,235.64
148.35421715,-37.45110797,254.29
148.35417454,-37.45110845,255.46
148.35415826,-37.45110864,252.39
148.35400951,-37.45111035,224.69
148.35396883,-37.45111081,235.20
148.35394429,-37.45111110,232.62
148.35393039,-37.45111125,250.32
148.35392768,-37.45111129,248.78
148.35372479,-37.45111361,221.84
148.35363075,-37.45111469,211.17
148.35360408,-37.45111499,208.26
148.35359006,-37.45111515,237.83
148.35347861,-37.45111643,225.71
148.35343035,-37.45111698,204.41
148.35338706,-37.45111748,222.50
148.35338514,-37.45111750,220.87
148.35327437,-37.45111877,202.09
148.35326894,-37.45111883,222.36
148.35316575,-37.45112001,231.22
148.35311127,-37.45112064,199.49
148.35308211,-37.45112097,190.99
148.35295404,-37.45112244,189.23
148.35294512,-37.45112254,190.70
148.35275997,-37.45112466,190.69
148.35275850,-37.45112467,189.61
148.35274799,-37.45112480,196.26
148.35269803,-37.45112537,193.52
148.35269487,-37.45112540,194.06
148.35267430,-37.45112564,193.55
148.35258953,-37.45112661,202.06
148.35253584,-37.45112723,216.79
148.35250294,-37.45112760,208.54
148.35239952,-37.45112878,219.39
148.35231655,-37.45112973,237.04
148.35220296,-37.45113103,222.59
148.35204167,-37.45113288,238.65
148.35202133,-37.45113311,239.42
148.35201488,-37.45113319,242.51
148.35197227,-37.45113367,236.00
148.35192242,-37.45113424,252.67
148.35189315,-37.45113458,233.91
148.35184466,-37.45113514,241.63
148.35178905,-37.45113577,231.92
148.35176181,-37.45113608,224.73
148.35172643,-37.45113649,224.84
148.35165206,-37.45113734,221.82
148.35131082,-37.45114124,222.45
148.35121599,-37.45114233,206.06
148.35102824,-37.45114447,196.78
148.35085960,-37.45114640,201.25
148.35084525,-37.45114656,205.14
148.35081688,-37.45114689,197.09
148.35055612,-37.45114987,206.38
148.35051826,-37.45115030,244.64
148.35051611,-37.45115033,244.87
148.35050526,-37.45115045,244.81
148.35049463,-37.45115057,222.20
148.35041834,-37.45115144,211.61
148.35041449,-37.45115149,216.02
148.35040906,-37.45115155,216.62
148.35038940,-37.45115177,212.63
148.35036318,-37.45115207,213.33
148.35033526,-37.45115239,218.22
148.35032814,-37.45115247,215.37
148.35029615,-37.45115284,225.88
148.35029299,-37.45115288,216.90
148.35027230,-37.45115311,216.42
148.35026620,-37.45115318,225.33
148.35025094,-37.45115336,216.93
148.35020640,-37.45115387,233.17
148.35017091,-37.45115427,232.61
148.35012785,-37.45115476,259.58
148.35009066,-37.45115519,256.88
148.34993717,-37.45115694,231.83
148.34993276,-37.45115699,260.13
148.34992869,-37.45115704,227.12
148.34990258,-37.45115734,262.51
148.34980922,-37.45115840,231.04
148.34974219,-37.45115917,258.47
148.34974174,-37.45115917,253.89
148.34972829,-37.45115933,249.96
148.34970738,-37.45115957,264.70
148.34970726,-37.45115957,264.83
148.34968093,-37.45115987,265.88
148.34955027,-37.45116136,239.28
148.34954100,-37.45116147,239.46
148.34951885,-37.45116172,240.17
148.34951523,-37.45116176,240.35
148.34942932,-37.45116274,242.52
148.34940717,-37.45116299,243.49
148.34933393,-37.45116383,251.90
148.34929188,-37.45116431,246.85
148.34924305,-37.45116487,276.82
148.34921864,-37.45116515,280.06
148.34909340,-37.45116658,278.21
148.34907611,-37.45116677,252.44
148.34901270,-37.45116750,253.65
148.34898478,-37.45116782,257.55
148.34891866,-37.45116857,255.26
148.34885389,-37.45116931,275.32
148.34880303,-37.45116989,256.18
148.34878958,-37.45117004,256.27
148.34878879,-37.45117006,264.11
148.34870910,-37.45117097,282.73
148.34863540,-37.45117181,293.10
148.34855086,-37.45117277,260.13
148.34854441,-37.45117284,260.23
148.34850519,-37.45117329,295.79
148.34838866,-37.45117462,277.58
148.34826975,-37.45117598,262.29
148.34825065,-37.45117620,262.30
148.34819379,-37.45117684,262.10
148.34813050,-37.45117757,262.12
148.34809523,-37.45117797,267.43
148.34798266,-37.45117925,261.95
148.34797779,-37.45117931,261.92
148.34792478,-37.45117991,262.11
148.34789133,-37.45118030,287.42
148.34788613,-37.45118036,272.57
148.34787980,-37.45118043,277.89
148.34782475,-37.45118105,266.18
148.34777638,-37.45118161,262.88
148.34767679,-37.45118274,263.23
148.34765916,-37.45118294,288.51
148.34754952,-37.45118419,297.21
148.34750918,-37.45118466,263.21
148.34726853,-37.45118740,265.73
148.34709368,-37.45118939,278.17
148.34700495,-37.45119040,267.89
148.34692978,-37.45119126,262.89
148.34690876,-37.45119150,289.25
148.34687315,-37.45119190,261.25
148.34680906,-37.45119264,297.26
148.34680161,-37.45119272,281.29
148.34678488,-37.45119291,290.66
148.34678273,-37.45119294,290.80
148.34671152,-37.45119375,281.43
148.34667411,-37.45119417,264.88
148.34661658,-37.45119483,263.42
148.34660177,-37.45119500,263.17
148.34656142,-37.45119546,256.35
148.34651270,-37.45119601,290.16
148.34646285,-37.45119658,257.77
148.34638453,-37.45119747,262.43
148.34636192,-37.45119773,264.83
148.34625940,-37.45119890,266.53
148.34615733,-37.45120006,263.04
148.34607415,-37.45120101,248.44
148.34599152,-37.45120195,248.95
148.34596880,-37.45120221,268.06
148.34595365,-37.45120238,266.78
148.34588222,-37.45120320,266.43
148.34582559,-37.45120384,272.64
148.34582378,-37.45120386,272.72
148.34575506,-37.45120465,261.36
148.34572612,-37.45120497,263.32
148.34572454,-37.45120499,269.51
148.34564271,-37.45120592,266.49
148.34558190,-37.45120662,314.05
148.34557930,-37.45120665,314.42
148.34555364,-37.45120694,281.77
148.34544456,-37.45120818,283.21
148.34542931,-37.45120835,318.41
148.34539675,-37.45120872,286.30
148.34536703,-37.45120906,315.52
148.34533244,-37.45120946,324.63
148.34530599,-37.45120976,325.88
148.34527909,-37.45121007,283.27
148.34522721,-37.45121065,312.80
148.34521602,-37.45121078,291.66
148.34510344,-37.45121206,290.13
148.34507179,-37.45121242,296.04
148.34506953,-37.45121245,291.05
148.34499979,-37.45121324,302.83
148.34497741,-37.45121350,326.41
148.34495447,-37.45121376,328.64
148.34494531,-37.45121387,296.92
148.34494260,-37.45121390,334.79
148.34490395,-37.45121433,329.02
148.34488643,-37.45121453,328.63
148.34486822,-37.45121474,329.37
148.34482550,-37.45121523,304.64
148.34482211,-37.45121527,307.91
148.34481928,-37.45121530,299.64
148.34480504,-37.45121546,310.20
148.34479261,-37.45121560,328.46
148.34473677,-37.45121624,302.98
148.34465279,-37.45121719,313.84
148.34464703,-37.45121726,327.01
148.34461775,-37.45121759,313.39
148.34456429,-37.45121820,314.89
148.34453829,-37.45121850,339.58
148.34452314,-37.45121867,310.47
148.34450642,-37.45121886,311.09
148.34439644,-37.45122011,325.05
148.34439576,-37.45122012,337.82
148.34429539,-37.45122126,336.38
148.34429211,-37.45122130,348.36
148.34426645,-37.45122159,348.21
148.34425006,-37.45122177,343.24
148.34422543,-37.45122205,321.85
148.34418846,-37.45122247,327.93
148.34418349,-37.45122253,330.45
148.34406537,-37.45122388,340.68
148.34405430,-37.45122400,343.87
148.34394431,-37.45122525,336.55
148.34391606,-37.45122557,345.40
148.34390080,-37.45122575,332.79
148.34388701,-37.45122591,333.30
148.34387311,-37.45122606,351.25
148.34379014,-37.45122700,336.67
148.34368039,-37.45122825,341.12
148.34366705,-37.45122841,341.67
148.34358906,-37.45122929,347.55
148.34358499,-37.45122934,364.15
148.34355108,-37.45122972,368.46
148.34354487,-37.45122979,373.61
148.34352633,-37.45123001,371.95
148.34352328,-37.45123004,378.74
148.34351333,-37.45123015,367.55
148.34350949,-37.45123020,377.35
148.34350486,-37.45123025,379.46
148.34349118,-37.45123041,381.85
148.34338075,-37.45123166,351.86
148.34317322,-37.45123402,360.83
148.34313751,-37.45123443,383.54
148.34309603,-37.45123490,380.67
148.34296717,-37.45123636,366.25
148.34296412,-37.45123640,366.75
148.34286929,-37.45123748,372.11
148.34286217,-37.45123755,389.51
148.34285312,-37.45123766,384.50
148.34284318,-37.45123777,385.68
148.34283651,-37.45123785,370.27
148.34282724,-37.45123795,372.54
148.34279197,-37.45123835,371.85
148.34272461,-37.45123912,378.21
148.34272054,-37.45123916,382.55
148.34271624,-37.45123921,374.12
148.34270856,-37.45123930,374.31
148.34270223,-37.45123937,398.57
148.34270031,-37.45123939,396.66
148.34269477,-37.45123946,374.69
148.34269239,-37.45123948,389.08
148.34268324,-37.45123959,396.54
148.34266629,-37.45123978,392.58
148.34265984,-37.45123985,395.52
148.34257496,-37.45124082,378.52
148.34254794,-37.45124113,379.00
148.34248227,-37.45124187,380.72
148.34244882,-37.45124225,399.26
148.34241411,-37.45124265,400.15
148.34238246,-37.45124300,407.71
148.34235635,-37.45124330,383.50
148.34234742,-37.45124340,404.74
148.34233364,-37.45124356,384.76
148.34229374,-37.45124401,394.56
148.34227803,-37.45124419,385.88
148.34220580,-37.45124501,401.20
148.34217234,-37.45124539,387.62
148.34213911,-37.45124577,387.45
148.34212442,-37.45124594,394.89
148.34211458,-37.45124605,404.84
148.34210000,-37.45124622,388.04
148.34205038,-37.45124678,388.72
148.34197658,-37.45124762,389.68
148.34191090,-37.45124836,390.18
148.34183698,-37.45124920,390.97
148.34181562,-37.45124945,391.33
148.34173887,-37.45125032,405.80
148.34172384,-37.45125049,391.69
148.34166133,-37.45125120,398.50
148.34164223,-37.45125141,408.97
148.34164087,-37.45125143,409.60
148.34163240,-37.45125152,391.72
148.34151077,-37.45125291,406.21
148.34150139,-37.45125301,405.95
148.34146941,-37.45125338,405.28
148.34137242,-37.45125447,408.81
148.34135061,-37.45125472,408.41
148.34127646,-37.45125557,392.90
148.34126934,-37.45125564,391.40
148.34118819,-37.45125657,390.93
148.34114919,-37.45125701,390.69
148.34108691,-37.45125772,390.14
148.34101457,-37.45125854,405.79
148.34096326,-37.45125912,388.76
148.34091092,-37.45125971,388.16
148.34087182,-37.45126016,387.72
148.34081937,-37.45126075,406.46
148.34073618,-37.45126170,387.43
148.34055759,-37.45126372,382.84
148.34052786,-37.45126406,388.08
148.34052063,-37.45126414,386.91
148.34048480,-37.45126455,388.01
148.34039652,-37.45126555,379.76
148.34037866,-37.45126575,380.37
148.34029559,-37.45126669,398.90
148.34027773,-37.45126690,397.81
148.34019951,-37.45126779,387.57
148.34017046,-37.45126811,383.10
148.34009043,-37.45126902,373.56
148.34007529,-37.45126919,373.24
148.34006478,-37.45126931,391.02
148.34005438,-37.45126943,393.58
148.34004861,-37.45126950,372.75
148.34003019,-37.45126970,393.45
148.34002307,-37.45126979,372.21
148.33999165,-37.45127014,390.37
148.33996938,-37.45127040,380.76
148.33995243,-37.45127059,387.06
148.33993389,-37.45127080,391.64
148.33980526,-37.45127226,368.43
148.33976333,-37.45127273,367.76
148.33967414,-37.45127374,391.91
148.33964035,-37.45127413,365.93
148.33962057,-37.45127435,388.43
148.33961232,-37.45127444,390.86
148.33960972,-37.45127447,365.62
148.33954450,-37.45127521,388.21
148.33954360,-37.45127522,387.22
148.33953308,-37.45127534,375.91
148.33942378,-37.45127658,372.83
148.33929199,-37.45127807,372.00
148.33923547,-37.45127872,379.57
148.33923378,-37.45127873,379.74
148.33921558,-37.45127894,361.80
148.33915341,-37.45127965,382.71
148.33914155,-37.45127978,362.57
148.33911984,-37.45128003,387.63
148.33910481,-37.45128019,385.98
148.33904468,-37.45128088,385.77
148.33901631,-37.45128120,366.55
148.33900466,-37.45128133,388.18
148.33900455,-37.45128133,388.16
148.33899076,-37.45128149,386.87
148.33876866,-37.45128401,389.62
148.33875023,-37.45128421,390.44
148.33867948,-37.45128501,387.81
148.33863426,-37.45128553,392.41
148.33859696,-37.45128595,390.46
148.33856475,-37.45128631,384.21
148.33855096,-37.45128647,388.72
148.33846834,-37.45128741,377.79
148.33844019,-37.45128773,394.70
148.33839961,-37.45128819,380.64
148.33836966,-37.45128852,379.10
148.33836559,-37.45128857,379.12
148.33836390,-37.45128859,382.52
148.33836220,-37.45128861,388.57
148.33835677,-37.45128867,382.24
148.33834920,-37.45128876,389.07
148.33826239,-37.45128974,393.31
148.33825437,-37.45128983,400.06
148.33825143,-37.45128987,389.04
148.33823481,-37.45129005,381.04
148.33822532,-37.45129016,401.95
148.33819197,-37.45129054,381.41
148.33818079,-37.45129066,381.45
148.33813467,-37.45129119,381.81
148.33800525,-37.45129265,382.23
148.33800446,-37.45129266,382.26
148.33799282,-37.45129279,396.37
148.33795201,-37.45129326,384.30
148.33795043,-37.45129327,384.59
148.33792432,-37.45129357,394.71
148.33790205,-37.45129382,398.37
148.33789923,-37.45129385,399.62
148.33789821,-37.45129386,398.65
148.33782157,-37.45129473,382.19
148.33761168,-37.45129711,392.32
148.33749910,-37.45129838,391.44
148.33749718,-37.45129840,379.37
148.33746383,-37.45129878,397.88
148.33744236,-37.45129903,395.25
148.33741602,-37.45129932,378.26
148.33735792,-37.45129998,378.20
148.33721177,-37.45130163,374.64
148.33720793,-37.45130168,395.32
148.33720556,-37.45130170,374.43
148.33717956,-37.45130200,408.47
148.33716826,-37.45130213,402.88
148.33715684,-37.45130226,382.91
148.33712836,-37.45130258,407.25
148.33700538,-37.45130397,377.07
148.33699668,-37.45130407,377.17
148.33696706,-37.45130440,377.59
148.33686963,-37.45130550,385.33
148.33685573,-37.45130566,391.34
148.33684895,-37.45130574,381.23
148.33682306,-37.45130603,409.93
148.33681707,-37.45130610,387.71
148.33681040,-37.45130617,407.99
148.33673298,-37.45130705,384.86
148.33671252,-37.45130728,405.71
148.33669635,-37.45130747,405.69
148.33668641,-37.45130758,386.32
148.33668584,-37.45130758,404.87
148.33664007,-37.45130810,391.29
148.33663046,-37.45130821,395.06
148.33659644,-37.45130860,389.18
148.33652929,-37.45130936,415.89
148.33643458,-37.45131043,393.29
148.33638495,-37.45131099,396.47
148.33636879,-37.45131117,395.40
148.33636755,-37.45131119,395.58
148.33634008,-37.45131149,396.25
148.33633070,-37.45131160,396.93
148.33622694,-37.45131278,400.28
148.33619337,-37.45131316,401.35
148.33617313,-37.45131338,402.12
148.33594391,-37.45131598,410.25
148.33593667,-37.45131606,444.72
148.33586083,-37.45131691,412.70
148.33585665,-37.45131696,433.88
148.33583879,-37.45131716,435.89
148.33583122,-37.45131725,413.73
148.33576430,-37.45131801,436.96
148.33572418,-37.45131846,443.70
148.33571559,-37.45131856,441.33
148.33567682,-37.45131899,447.55
148.33566201,-37.45131916,419.02
148.33565817,-37.45131921,418.96
148.33564981,-37.45131930,447.92
148.33563262,-37.45131949,438.15
148.33558447,-37.45132004,446.95
148.33553869,-37.45132055,433.87
148.33551383,-37.45132084,423.55
148.33550264,-37.45132096,449.07
148.33540860,-37.45132203,443.44
148.33539809,-37.45132214,450.03
148.33537254,-37.45132243,453.21
148.33535751,-37.45132260,448.54
148.33534394,-37.45132276,455.32
148.33529782,-37.45132328,430.21
148.33523656,-37.45132397,434.39
148.33523340,-37.45132400,449.81
148.33523023,-37.45132404,432.37
148.33519960,-37.45132439,433.33
148.33514478,-37.45132501,434.47
148.33513235,-37.45132515,443.46
148.33511777,-37.45132531,453.10
148.33507064,-37.45132584,436.45
148.33505571,-37.45132601,436.84
148.33502226,-37.45132639,437.79
148.33488199,-37.45132797,441.36
148.33485723,-37.45132825,461.12
148.33484502,-37.45132839,462.83
148.33483542,-37.45132850,461.45
148.33483203,-37.45132854,459.44
148.33482751,-37.45132859,442.69
148.33481236,-37.45132876,443.12
148.33473335,-37.45132966,471.17
148.33471097,-37.45132991,445.42
148.33470441,-37.45132998,447.81
148.33470283,-37.45133000,449.70
148.33470046,-37.45133003,447.79
148.33467582,-37.45133030,447.48
148.33464914,-37.45133060,454.16
148.33462349,-37.45133090,447.07
148.33458641,-37.45133131,448.21
148.33443506,-37.45133302,458.56
148.33442602,-37.45133313,450.83
148.33438397,-37.45133360,465.33
148.33437369,-37.45133372,451.71
148.33436431,-37.45133382,466.19
148.33435300,-37.45133395,452.11
148.33434780,-37.45133401,452.24
148.33432972,-37.45133421,476.85
148.33429988,-37.45133455,476.00
148.33423861,-37.45133524,453.93
148.33422856,-37.45133535,454.06
148.33419250,-37.45133576,454.90
148.33418470,-37.45133585,455.63
148.33417735,-37.45133593,459.90
148.33416718,-37.45133605,454.90
148.33416062,-37.45133612,484.10
148.33412739,-37.45133650,455.65
148.33411553,-37.45133663,463.63
148.33408534,-37.45133697,456.28
148.33401809,-37.45133773,480.12
148.33401764,-37.45133774,472.49
148.33399763,-37.45133796,457.19
148.33398215,-37.45133814,459.00
148.33397197,-37.45133825,457.52
148.33396994,-37.45133828,471.43
148.33388234,-37.45133926,472.29
148.33387578,-37.45133934,472.19
148.33384527,-37.45133968,484.74
148.33383702,-37.45133978,459.08
148.33382899,-37.45133987,477.30
148.33380333,-37.45134016,476.56
148.33376863,-37.45134055,459.59
148.33375145,-37.45134074,459.76
148.33374829,-37.45134078,470.84
148.33370906,-37.45134122,460.07
148.33367516,-37.45134160,478.32
148.33365493,-37.45134183,460.27
148.33364509,-37.45134194,460.32
148.33362384,-37.45134218,487.09
148.33359061,-37.45134256,460.66
148.33357829,-37.45134270,460.87
148.33357320,-37.45134275,484.83
148.33356314,-37.45134287,460.70
148.33355885,-37.45134292,460.85
148.33353568,-37.45134318,478.92
148.33349736,-37.45134361,473.00
148.33349464,-37.45134364,480.21
148.33346130,-37.45134402,461.07
148.33345249,-37.45134412,480.52
148.33342570,-37.45134442,481.02
148.33340139,-37.45134469,460.92
148.33339303,-37.45134479,460.91
148.33336647,-37.45134509,460.92
148.33325705,-37.45134632,476.37
148.33324259,-37.45134649,461.07
148.33320664,-37.45134689,460.87
148.33318551,-37.45134713,461.01
148.33317341,-37.45134726,460.73
148.33314900,-37.45134754,460.67
148.33313396,-37.45134771,487.77
148.33310751,-37.45134801,484.51
148.33309271,-37.45134818,460.52
148.33303133,-37.45134887,460.20
148.33300794,-37.45134913,460.07
148.33299788,-37.45134925,460.09
148.33296453,-37.45134962,485.16
148.33293752,-37.45134992,459.92
148.33291559,-37.45135017,459.93
148.33290734,-37.45135027,474.50
148.33288688,-37.45135050,474.95
148.33283364,-37.45135110,472.27
148.33273689,-37.45135219,468.26
148.33272174,-37.45135236,472.59
148.33271134,-37.45135248,472.59
148.33271055,-37.45135249,475.53
148.33270264,-37.45135258,459.01
148.33268568,-37.45135277,466.43
148.33266794,-37.45135297,475.53
148.33266715,-37.45135298,459.00
148.33265517,-37.45135311,458.94
148.33262476,-37.45135345,479.64
148.33260080,-37.45135372,484.88
148.33259311,-37.45135381,483.77
148.33258983,-37.45135385,478.71
148.33249432,-37.45135492,458.68
148.33245578,-37.45135536,464.08
148.33245081,-37.45135542,488.68
148.33243238,-37.45135562,458.99
148.33232184,-37.45135687,458.72
148.33225820,-37.45135759,458.88
148.33225119,-37.45135767,458.75
148.33223277,-37.45135787,485.20
148.33202298,-37.45136024,459.07
148.33202264,-37.45136024,463.06
148.33201383,-37.45136034,459.15
148.33200637,-37.45136043,459.17
148.33200162,-37.45136048,459.20
148.33199868,-37.45136051,459.25
148.33199552,-37.45136055,473.62
148.33199450,-37.45136056,481.62
148.33199054,-37.45136060,481.58
148.33198874,-37.45136062,476.15
148.33196556,-37.45136089,481.95
148.33195109,-37.45136105,459.27
148.33194454,-37.45136112,477.88
148.33193674,-37.45136121,476.25
148.33193346,-37.45136125,476.52
148.33191854,-37.45136142,475.08
148.33191719,-37.45136143,475.64
148.33189888,-37.45136164,459.87
148.33188938,-37.45136174,459.40
148.33186779,-37.45136199,474.17
148.33184801,-37.45136221,462.06
148.33178257,-37.45136295,485.05
148.33167496,-37.45136416,468.40
148.33159516,-37.45136506,481.37
148.33158352,-37.45136519,480.57
148.33157922,-37.45136524,479.05
148.33152282,-37.45136588,460.81
148.33148891,-37.45136626,478.18
148.33145071,-37.45136669,461.04
148.33140018,-37.45136726,486.67
148.33138798,-37.45136740,488.53
148.33137939,-37.45136749,478.28
148.33128749,-37.45136853,461.38
148.33127732,-37.45136864,470.65
148.33127596,-37.45136866,475.61
148.33125245,-37.45136892,485.69
148.33117525,-37.45136979,474.49
148.33117469,-37.45136980,461.55
148.33107036,-37.45137097,461.96
148.33106550,-37.45137103,482.45
148.33104108,-37.45137130,461.40
148.33102662,-37.45137147,467.91
148.33095145,-37.45137231,461.22
148.33089742,-37.45137292,465.03
148.33081841,-37.45137381,482.92
148.33075037,-37.45137458,467.27
148.33062355,-37.45137601,464.20
148.33060738,-37.45137619,464.61
148.33059325,-37.45137635,459.44
148.33056884,-37.45137662,459.37
148.33054103,-37.45137694,471.23
148.33051436,-37.45137723,459.17
148.33047152,-37.45137772,475.93
148.33034074,-37.45137919,474.62
148.33032401,-37.45137938,466.77
148.33029994,-37.45137965,474.11
148.33025337,-37.45138017,468.84
148.33022398,-37.45138051,469.79
148.33018103,-37.45138099,466.06
148.33017255,-37.45138108,471.64
148.33015560,-37.45138127,465.15
148.33012519,-37.45138162,465.06
148.33011027,-37.45138178,457.06
148.33008880,-37.45138203,467.63
148.33006676,-37.45138227,468.16
148.33006099,-37.45138234,459.01
148.33005896,-37.45138236,468.73
148.33001374,-37.45138287,468.55
148.33000289,-37.45138299,473.48
148.33000075,-37.45138302,469.08
148.32995689,-37.45138351,465.46
148.32994050,-37.45138369,466.34
148.32993926,-37.45138371,464.47
148.32993055,-37.45138381,467.04
148.32991416,-37.45138399,466.08
148.32983380,-37.45138490,456.83
148.32982882,-37.45138495,455.42
148.32982283,-37.45138502,457.03
148.32981843,-37.45138507,457.19
148.32981764,-37.45138508,457.32
148.32981628,-37.45138509,455.34
148.32981515,-37.45138511,457.30
148.32978972,-37.45138539,465.03
148.32977152,-37.45138560,462.67
148.32975332,-37.45138580,461.63
148.32973829,-37.45138597,462.22
148.32968641,-37.45138656,459.51
148.32967431,-37.45138669,457.87
148.32964741,-37.45138699,461.44
148.32963023,-37.45138719,455.51
148.32961260,-37.45138739,465.75
148.32957982,-37.45138775,455.24
148.32957111,-37.45138785,464.27
148.32955744,-37.45138801,454.44
148.32952975,-37.45138832,454.26
148.32951415,-37.45138849,454.93
148.32951324,-37.45138850,460.00
148.32944090,-37.45138932,456.33
148.32943220,-37.45138942,461.40
148.32939840,-37.45138980,469.54
148.32932290,-37.45139065,468.69
148.32931566,-37.45139073,454.15
148.32926955,-37.45139125,455.30
148.32926311,-37.45139132,454.09
148.32922151,-37.45139179,456.78
148.32921337,-37.45139188,454.07
148.32919687,-37.45139206,453.99
148.32919540,-37.45139208,467.40
148.32917743,-37.45139228,453.99
148.32916036,-37.45139247,470.70
148.32915640,-37.45139252,470.48
148.32909537,-37.45139320,453.92
148.32902483,-37.45139400,465.43
148.32901184,-37.45139414,453.91
148.32901105,-37.45139415,455.69
148.32900709,-37.45139420,458.58
148.32891881,-37.45139519,459.36
148.32891429,-37.45139524,453.71
148.32887676,-37.45139566,459.63
148.32886761,-37.45139577,462.52
148.32884127,-37.45139606,453.71
148.32883065,-37.45139618,470.98
148.32881629,-37.45139634,456.65
148.32881381,-37.45139637,458.47
148.32870936,-37.45139754,467.47
148.32860266,-37.45139874,461.06
148.32851518,-37.45139973,472.02
148.32844962,-37.45140047,474.32
148.32837208,-37.45140134,471.05
148.32831715,-37.45140196,451.61
148.32830788,-37.45140206,450.66
148.32830290,-37.45140212,453.73
148.32829104,-37.45140225,450.55
148.32815958,-37.45140372,449.29
148.32815506,-37.45140378,470.93
148.32808464,-37.45140457,448.52
148.32807153,-37.45140472,468.00
148.32806452,-37.45140479,455.81
148.32805819,-37.45140486,455.92
148.32804384,-37.45140503,455.35
148.32802914,-37.45140519,447.96
148.32800100,-37.45140551,469.98
148.32797534,-37.45140580,469.99
148.32791521,-37.45140647,446.76
148.32790967,-37.45140653,446.95
148.32789373,-37.45140671,464.17
148.32782422,-37.45140749,454.33
148.32772667,-37.45140859,444.50
148.32769988,-37.45140889,463.80
148.32769265,-37.45140897,444.02
148.32768078,-37.45140911,444.31
148.32759149,-37.45141011,445.82
148.32756673,-37.45141039,471.72
148.32730032,-37.45141338,472.09
148.32727285,-37.45141369,465.35
148.32726991,-37.45141372,437.29
148.32718910,-37.45141463,458.23
148.32709279,-37.45141571,456.37
148.32706962,-37.45141597,450.76
148.32693489,-37.45141749,469.41
148.32693172,-37.45141752,430.66
148.32692426,-37.45141761,469.51
148.32689103,-37.45141798,454.75
148.32689024,-37.45141799,466.50
148.32684118,-37.45141854,429.21
148.32669775,-37.45142015,456.20
148.32665887,-37.45142059,427.35
148.32661410,-37.45142109,448.29
148.32650661,-37.45142230,452.00
148.32634215,-37.45142414,458.41
148.32620346,-37.45142570,422.04
148.32616876,-37.45142609,421.54
148.32605347,-37.45142738,419.76
148.32599967,-37.45142798,420.95
148.32595253,-37.45142851,418.25
148.32592247,-37.45142885,433.36
148.32582662,-37.45142992,416.44
148.32580525,-37.45143016,416.52
148.32577507,-37.45143050,429.43
148.32575552,-37.45143072,437.11
148.32567764,-37.45143160,419.98
148.32565097,-37.45143190,413.68
148.32555353,-37.45143299,411.70
148.32553929,-37.45143315,448.00
148.32552708,-37.45143329,444.71
148.32548877,-37.45143372,447.54
148.32546492,-37.45143398,446.57
148.32546186,-37.45143402,410.28
148.32529639,-37.45143587,408.10
148.32518030,-37.45143717,419.43
148.32513385,-37.45143770,433.73
148.32512447,-37.45143780,405.82
148.32511938,-37.45143786,441.39
148.32509745,-37.45143811,405.45
148.32506332,-37.45143849,407.37
148.32503585,-37.45143879,404.51
148.32500770,-37.45143911,404.12
148.32500397,-37.45143915,422.09
148.32499810,-37.45143922,403.93
148.32498623,-37.45143935,435.23
148.32497493,-37.45143948,435.97
148.32493785,-37.45143989,439.11
148.32479995,-37.45144144,426.75
148.32479724,-37.45144147,437.97
148.32479238,-37.45144153,427.82
148.32478808,-37.45144157,401.35
148.32477735,-37.45144169,423.67
148.32470896,-37.45144246,406.44
148.32470568,-37.45144250,423.76
148.32467483,-37.45144284,414.37
148.32465889,-37.45144302,403.22
148.32462498,-37.45144340,400.07
148.32456349,-37.45144409,399.84
148.32454744,-37.45144427,409.54
148.32454156,-37.45144434,399.81
148.32450958,-37.45144470,403.96
148.32450890,-37.45144470,430.00
148.32448516,-37.45144497,440.33
148.32447906,-37.45144504,429.10
148.32444628,-37.45144540,429.96
148.32439779,-37.45144595,438.13
148.32437021,-37.45144626,399.94
148.32436354,-37.45144633,399.95
148.32427718,-37.45144730,399.95
148.32420281,-37.45144813,399.92
148.32418585,-37.45144832,400.14
148.32406118,-37.45144972,400.74
148.32405982,-37.45144974,399.94
148.32405519,-37.45144979,399.89
148.32394204,-37.45145105,399.76
148.32387332,-37.45145183,433.47
148.32368456,-37.45145394,399.97
148.32366817,-37.45145412,434.22
148.32366591,-37.45145415,432.84
148.32360306,-37.45145485,428.26
148.32359108,-37.45145499,397.56
148.32358226,-37.45145509,427.94
148.32355005,-37.45145545,422.37
148.32354146,-37.45145554,423.45
148.32349229,-37.45145610,396.72
148.32349082,-37.45145611,420.05
148.32348698,-37.45145615,396.34
148.32346381,-37.45145641,420.46
148.32332953,-37.45145792,395.90
148.32323944,-37.45145893,391.75
148.32322452,-37.45145909,421.12
148.32318451,-37.45145954,390.29
148.32317286,-37.45145967,417.90
148.32313681,-37.45146007,420.16
148.32295867,-37.45146207,384.69
148.32295064,-37.45146216,387.96
148.32293030,-37.45146239,408.90
148.32290645,-37.45146266,409.33
148.32286305,-37.45146314,416.82
148.32284123,-37.45146339,411.72
148.32283987,-37.45146340,386.10
148.32282902,-37.45146352,389.55
148.32282066,-37.45146361,391.31
148.32281037,-37.45146373,414.30
148.32279138,-37.45146394,419.74
148.32270480,-37.45146491,385.27
148.32264218,-37.45146561,397.22
148.32263743,-37.45146567,396.48
148.32263630,-37.45146568,385.01
148.32260601,-37.45146602,386.03
148.32253039,-37.45146686,385.10
148.32252610,-37.45146691,413.41
148.32246540,-37.45146759,408.05
148.32245817,-37.45146767,390.48
148.32241341,-37.45146817,384.92
148.32236062,-37.45146876,385.02
148.32233835,-37.45146901,385.31
148.32233553,-37.45146904,415.71
148.32233293,-37.45146907,403.54
148.32231563,-37.45146927,417.42
148.32228964,-37.45146956,415.78
148.32228783,-37.45146958,398.84
148.32228263,-37.45146964,400.67
148.32227426,-37.45146973,416.52
148.32227257,-37.45146975,414.86
148.32225154,-37.45146998,412.88
148.32224861,-37.45147002,418.10
148.32222035,-37.45147033,416.65
148.32216847,-37.45147091,407.61
148.32216734,-37.45147093,415.20
148.32215716,-37.45147104,408.10
148.32197937,-37.45147303,413.74
148.32190736,-37.45147383,383.62
148.32188758,-37.45147405,413.24
148.32186859,-37.45147427,382.51
148.32184282,-37.45147456,393.39
148.32182168,-37.45147479,410.05
148.32176811,-37.45147539,385.10
148.32172945,-37.45147582,389.49
148.32169859,-37.45147617,386.19
148.32162060,-37.45147704,380.26
148.32161687,-37.45147708,405.35
148.32160161,-37.45147725,408.98
148.32159189,-37.45147736,379.84
148.32158737,-37.45147741,403.67
148.32157618,-37.45147754,381.05
148.32157516,-37.45147755,403.96
148.32156895,-37.45147762,404.00
148.32152023,-37.45147816,384.98
148.32143738,-37.45147909,378.91
148.32141986,-37.45147929,383.14
148.32141375,-37.45147936,398.95
148.32140030,-37.45147950,377.42
148.32139262,-37.45147959,394.99
148.32123143,-37.45148139,404.80
148.32118622,-37.45148190,380.94
148.32118487,-37.45148192,407.22
148.32109885,-37.45148288,375.06
148.32100401,-37.45148394,373.91
148.32098604,-37.45148414,373.79
148.32091122,-37.45148497,373.61
148.32090726,-37.45148502,376.24
148.32089991,-37.45148510,373.09
148.32085674,-37.45148558,403.26
148.32084735,-37.45148569,403.86
148.32084046,-37.45148577,402.86
148.32078100,-37.45148643,371.46
148.32075049,-37.45148677,371.02
148.32074529,-37.45148683,397.55
148.32070900,-37.45148723,370.68
148.32068233,-37.45148753,380.88
148.32065102,-37.45148788,385.67
148.32061168,-37.45148832,379.14
148.32060083,-37.45148845,379.55
148.32051911,-37.45148936,368.51
148.32051515,-37.45148940,368.56
148.32047559,-37.45148984,368.18
148.32037838,-37.45149093,367.13
148.32031803,-37.45149160,372.40
148.32026671,-37.45149218,365.45
148.32019324,-37.45149300,364.60
148.32018917,-37.45149304,364.55
148.32011886,-37.45149383,363.62
148.32009004,-37.45149415,389.22
148.32008575,-37.45149420,382.79
148.31995779,-37.45149563,379.50
148.31994242,-37.45149580,379.19
148.31994231,-37.45149580,380.36
148.31991959,-37.45149606,361.06
148.31988930,-37.45149640,368.17
148.31985098,-37.45149682,364.16
148.31983391,-37.45149701,377.17
148.31983018,-37.45149705,377.42
148.31982363,-37.45149713,376.00
148.31982023,-37.45149717,364.01
148.31981029,-37.45149728,365.25
148.31977502,-37.45149767,377.23
148.31974394,-37.45149802,360.21
148.31966674,-37.45149888,356.89
148.31965950,-37.45149896,356.72
148.31961587,-37.45149945,371.74
148.31960841,-37.45149953,373.45
148.31960830,-37.45149953,356.16
148.31957439,-37.45149991,355.61
148.31943977,-37.45150141,354.00
148.31942926,-37.45150153,354.13
148.31939625,-37.45150190,353.44
148.31934595,-37.45150246,367.53
148.31934087,-37.45150252,357.04
148.31929871,-37.45150299,367.49
148.31929577,-37.45150302,353.88
148.31928661,-37.45150312,370.21
148.31927384,-37.45150327,366.92
148.31913345,-37.45150483,351.40
148.31913334,-37.45150484,349.64
148.31912520,-37.45150493,349.44
148.31912396,-37.45150494,368.09
148.31910418,-37.45150516,367.18
148.31907954,-37.45150544,367.39
148.31907558,-37.45150548,367.39
148.31907377,-37.45150550,348.70
148.31898606,-37.45150648,359.64
148.31896786,-37.45150668,364.67
148.31893373,-37.45150706,364.65
148.31893282,-37.45150707,352.54
148.31890422,-37.45150739,348.28
148.31885833,-37.45150791,361.99
148.31876474,-37.45150895,347.06
148.31875491,-37.45150906,344.13
148.31873310,-37.45150930,365.66
148.31867409,-37.45150996,345.17
148.31866708,-37.45151004,345.11
148.31862820,-37.45151047,345.13
148.31859395,-37.45151086,364.94
148.31853631,-37.45151150,348.05
148.31841276,-37.45151288,353.98
148.31834664,-37.45151361,363.67
148.31834167,-37.45151367,343.15
148.31820682,-37.45151517,359.74
148.31819529,-37.45151530,367.86
148.31818941,-37.45151537,357.55
148.31814499,-37.45151586,341.17
148.31808022,-37.45151659,343.73
148.31805750,-37.45151684,340.56
148.31805276,-37.45151689,344.18
148.31802450,-37.45151721,345.83
148.31802088,-37.45151725,347.40
148.31800517,-37.45151742,343.77
148.31799929,-37.45151749,345.72
148.31799794,-37.45151751,344.58
148.31797149,-37.45151780,344.01
148.31796357,-37.45151789,345.28
148.31795148,-37.45151802,342.02
148.31793498,-37.45151821,342.49
148.31787281,-37.45151890,347.79
148.31781754,-37.45151952,353.69
148.31781471,-37.45151955,353.85
148.31779550,-37.45151976,354.71
148.31773559,-37.45152043,356.30
148.31773389,-37.45152045,354.56
148.31771671,-37.45152064,354.51
148.31763929,-37.45152150,350.11
148.31762968,-37.45152161,348.74
148.31760470,-37.45152189,354.31
148.31759837,-37.45152196,349.16
148.31755090,-37.45152249,363.15
148.31744351,-37.45152369,354.70
148.31744125,-37.45152371,352.67
148.31741593,-37.45152400,364.07
148.31732675,-37.45152499,375.11
148.31732280,-37.45152504,381.01
148.31717235,-37.45152671,376.36
148.31716749,-37.45152676,352.79
148.31703581,-37.45152823,370.22
148.31701931,-37.45152842,366.25
148.31696991,-37.45152897,354.82
148.31695330,-37.45152915,374.95
148.31685484,-37.45153025,355.60
148.31683032,-37.45153052,356.00
148.31682602,-37.45153057,358.64
148.31680353,-37.45153082,356.06
148.31679449,-37.45153092,364.02
148.31676284,-37.45153128,360.56
148.31673108,-37.45153163,377.99
148.31669276,-37.45153206,359.08
148.31668801,-37.45153211,381.36
148.31668552,-37.45153214,381.55
148.31667693,-37.45153223,366.96
148.31664494,-37.45153259,357.11
148.31663850,-37.45153266,362.33
148.31663014,-37.45153275,369.14
148.31662833,-37.45153277,358.04
148.31657453,-37.45153337,358.38
148.31653101,-37.45153386,382.10
148.31652174,-37.45153396,381.07
148.31645923,-37.45153466,357.88
148.31643018,-37.45153498,380.46
148.31640170,-37.45153530,368.94
148.31639481,-37.45153538,379.76
148.31635151,-37.45153586,366.30
148.31627782,-37.45153668,358.56
148.31626844,-37.45153678,382.38
148.31622141,-37.45153731,378.72
148.31620389,-37.45153750,375.10
148.31616512,-37.45153793,379.74
148.31616377,-37.45153795,364.51
148.31615495,-37.45153805,384.26
148.31615280,-37.45153807,358.14
148.31612477,-37.45153838,358.18
148.31607052,-37.45153899,384.58
148.31606385,-37.45153906,358.96
148.31605639,-37.45153915,388.89
148.31605164,-37.45153920,391.31
148.31603412,-37.45153939,389.49
148.31602372,-37.45153951,370.95
148.31599637,-37.45153981,375.64
148.31599320,-37.45153985,385.19
148.31594336,-37.45154040,367.65
148.31592787,-37.45154058,358.22
148.31592098,-37.45154065,358.35
148.31585463,-37.45154139,382.01
148.31584185,-37.45154153,368.96
148.31577618,-37.45154226,371.55
148.31571921,-37.45154290,382.14
148.31571458,-37.45154295,357.78
148.31571334,-37.45154297,355.98
148.31570972,-37.45154301,376.57
148.31570554,-37.45154305,355.92
148.31567366,-37.45154341,382.14
148.31566247,-37.45154353,364.77
148.31559917,-37.45154424,373.00
148.31554594,-37.45154483,354.38
148.31554390,-37.45154485,354.41
148.31551971,-37.45154512,375.97
148.31551915,-37.45154513,377.63
148.31551293,-37.45154520,365.34
148.31548953,-37.45154546,380.75
148.31547054,-37.45154567,353.79
148.31541018,-37.45154634,378.69
148.31537254,-37.45154676,380.01
148.31533219,-37.45154721,375.41
148.31532970,-37.45154723,379.29
148.31532179,-37.45154732,370.22
148.31528766,-37.45154770,353.42
148.31523939,-37.45154824,352.64
148.31507979,-37.45155002,366.44
148.31499389,-37.45155097,363.97
148.31498744,-37.45155105,347.57
148.31492290,-37.45155176,359.07
148.31492109,-37.45155178,351.76
148.31491872,-37.45155181,354.29
148.31491759,-37.45155182,353.07
148.31477664,-37.45155339,355.06
148.31476726,-37.45155350,349.40
148.31464530,-37.45155485,351.06
148.31460336,-37.45155532,341.46
148.31459895,-37.45155537,353.13
148.31457115,-37.45155568,341.01
148.31441200,-37.45155745,349.56
148.31438747,-37.45155772,356.49
148.31433005,-37.45155836,350.34
148.31426110,-37.45155913,335.77
148.31423488,-37.45155942,345.94
148.31420345,-37.45155977,335.14
148.31415530,-37.45156030,334.38
148.31413100,-37.45156057,341.24
148.31411924,-37.45156070,344.82
148.31410805,-37.45156083,346.41
148.31402159,-37.45156179,332.76
148.31399966,-37.45156203,328.53
148.31393432,-37.45156276,325.10
148.31390765,-37.45156306,324.92
148.31386379,-37.45156354,325.09
148.31386334,-37.45156355,324.22
148.31385520,-37.45156364,321.95
148.31372103,-37.45156513,312.69
148.31367164,-37.45156568,301.26
148.31364756,-37.45156595,308.61
148.31363016,-37.45156614,309.08
148.31355872,-37.45156694,294.24
148.31353905,-37.45156715,299.96
148.31353543,-37.45156719,298.64
148.31352481,-37.45156731,301.08
148.31351283,-37.45156745,300.39
148.31349915,-37.45156760,292.85
148.31340285,-37.45156867,290.27
148.31339720,-37.45156873,289.85
148.31336046,-37.45156914,298.08
148.31319046,-37.45157103,317.59
148.31318164,-37.45157113,317.75
148.31303527,-37.45157275,283.41
148.31299571,-37.45157319,304.93
148.31295422,-37.45157365,304.84
148.31288166,-37.45157446,305.00
148.31286696,-37.45157462,304.92
148.31276162,-37.45157580,280.48
148.31264146,-37.45157713,298.85
148.31258461,-37.45157776,297.26
148.31254471,-37.45157820,280.15
148.31249294,-37.45157878,282.48
148.31242049,-37.45157958,282.29
148.31235787,-37.45158028,284.01
148.31225659,-37.45158140,276.73
148.31220821,-37.45158194,285.41
148.31215723,-37.45158251,268.35
148.31214039,-37.45158270,275.31
148.31204827,-37.45158372,284.94
148.31194586,-37.45158486,277.13
148.31194383,-37.45158488,289.58
148.31193886,-37.45158493,283.19
148.31187929,-37.45158559,264.70
148.31184639,-37.45158596,270.47
148.31182560,-37.45158619,262.99
148.31162383,-37.45158843,261.65
148.31161592,-37.45158852,257.52
148.31160914,-37.45158859,270.14
148.31138206,-37.45159111,263.97
148.31127626,-37.45159229,258.88
148.31121590,-37.45159295,248.00
148.31109450,-37.45159430,251.24
148.31108806,-37.45159437,250.65
148.31108716,-37.45159439,243.71
148.31098373,-37.45159553,247.89
148.31080559,-37.45159751,253.50
148.31072523,-37.45159840,235.19
148.31071743,-37.45159849,233.36
148.31070816,-37.45159859,233.76
148.31066306,-37.45159909,236.92
148.31056868,-37.45160014,236.99
148.31047599,-37.45160117,233.12
148.31033515,-37.45160273,224.71
148.30998136,-37.45160665,204.46
148.30989648,-37.45160759,211.61
148.30989527,-37.45160959,212.02
148.30989480,-37.45161527,223.19
148.30989494,-37.45163005,215.95
148.30989730,-37.45177135,212.72
148.30989762,-37.45178974,212.68
148.30989813,-37.45181920,216.57
148.30989866,-37.45184975,210.04
148.30990110,-37.45198961,223.66
148.30990124,-37.45199763,223.61
148.30990149,-37.45201205,225.32
148.30990192,-37.45203638,223.21
148.30990197,-37.45203917,219.89
148.30990233,-37.45205980,231.31
148.30990255,-37.45207251,231.31
148.30990275,-37.45208423,235.37
148.30990342,-37.45212234,235.31
148.30990345,-37.45212415,239.60
148.30990355,-37.45212964,234.19
148.30990390,-37.45215019,237.14
148.30990426,-37.45217037,239.93
148.30990622,-37.45228275,251.41
148.30990649,-37.45229843,250.06
148.30990666,-37.45230825,249.46
148.30990668,-37.45230960,249.03
148.30990694,-37.45232411,240.70
148.30990698,-37.45232654,253.54
148.30990703,-37.45232916,253.65
148.30990711,-37.45233420,251.57
148.30990745,-37.45235376,242.24
148.30990760,-37.45236223,256.12
148.30990826,-37.45240008,255.66
148.30990832,-37.45240359,257.39
148.30990904,-37.45244477,247.42
148.30990925,-37.45245648,263.43
148.30990949,-37.45247073,255.56
148.30990964,-37.45247902,255.53
148.30991017,-37.45250975,256.41
148.30991020,-37.45251091,256.31
148.30991064,-37.45253632,275.79
148.30991071,-37.45254038,275.52
148.30991089,-37.45255066,275.55
148.30991113,-37.45256435,278.49
148.30991129,-37.45257363,274.34
148.30991157,-37.45258985,273.10
148.30991182,-37.45260409,276.93
148.30991194,-37.45261094,257.69
148.30991276,-37.45265807,275.58
148.30991278,-37.45265924,276.35
148.30991325,-37.45268628,268.30
148.30991357,-37.45270430,263.78
148.30991380,-37.45271737,267.09
148.30991450,-37.45275792,268.57
148.30991530,-37.45280352,274.33
148.30991623,-37.45285677,275.07
148.30991722,-37.45291373,277.60
148.30991762,-37.45293644,283.26
148.30991781,-37.45294752,282.56
148.30991946,-37.45304232,281.85
148.30991957,-37.45304853,291.63
148.30991965,-37.45305286,291.60
148.30992012,-37.45308016,281.92
148.30992035,-37.45309305,281.88
148.30992037,-37.45309404,283.95
148.30992122,-37.45314297,284.94
148.30992153,-37.45316082,282.79
148.30992199,-37.45318722,291.09
148.30992200,-37.45318794,285.71
148.30992201,-37.45318821,293.56
148.30992202,-37.45318902,282.25
148.30992246,-37.45321407,282.48
148.30992269,-37.45322750,295.42
148.30992407,-37.45330662,302.99
148.30992418,-37.45331284,303.51
148.30992473,-37.45334402,284.14
148.30992503,-37.45336150,293.33
148.30992504,-37.45336177,282.06
148.30992529,-37.45337619,293.59
148.30992541,-37.45338349,293.26
148.30992569,-37.45339908,276.81
148.30992595,-37.45341431,276.32
148.30992683,-37.45346450,287.65
148.30992693,-37.45347063,274.30
148.30992810,-37.45353758,282.38
148.30992817,-37.45354164,282.32
148.30992917,-37.45359868,288.55
148.30992931,-37.45360679,269.08
148.30992936,-37.45360976,269.00
148.30992939,-37.45361121,287.84
148.30992965,-37.45362616,273.43
148.30993133,-37.45372258,282.14
148.30993142,-37.45372790,281.60
148.30993169,-37.45374304,263.72
148.30993189,-37.45375493,263.29
148.30993191,-37.45375611,267.44
148.30993251,-37.45379017,290.77
148.30993361,-37.45385352,287.15
148.30993435,-37.45389587,257.56
148.30993442,-37.45389966,258.39
148.30993474,-37.45391786,288.86
148.30993497,-37.45393156,259.33
148.30993512,-37.45393994,256.63
148.30993533,-37.45395201,285.16
148.30993634,-37.45400987,253.81
148.30993655,-37.45402177,254.25
148.30993666,-37.45402798,253.16
148.30993725,-37.45406204,279.27
148.30993784,-37.45409593,259.01
148.30993848,-37.45413242,252.95
148.30993911,-37.45416838,272.84
148.30994012,-37.45422659,244.27
148.30994082,-37.45426651,277.37
148.30994095,-37.45427417,272.01
148.30994101,-37.45427751,272.35
148.30994111,-37.45428318,278.32
148.30994237,-37.45435537,284.40
148.30994266,-37.45437194,257.99
148.30994361,-37.45442646,278.53
148.30994367,-37.45442989,271.67
148.30994381,-37.45443809,276.09
148.30994417,-37.45445863,245.77
148.30994453,-37.45447954,247.61
148.30994498,-37.45450513,248.15
148.30994530,-37.45452351,252.50
148.30994547,-37.45453298,252.86
148.30994650,-37.45459209,251.94
148.30994757,-37.45465364,277.12
148.30994762,-37.45465634,277.74
148.30994765,-37.45465796,276.36
148.30994787,-37.45467058,275.22
148.30994790,-37.45467229,272.63
148.30994889,-37.45472943,276.48
148.30994957,-37.45476844,257.84
148.30994964,-37.45477250,258.05
148.30995092,-37.45484540,261.66
148.30995121,-37.45486216,261.97
148.30995138,-37.45487199,262.06
148.30995145,-37.45487595,262.15
148.30995194,-37.45490416,263.20
148.30995316,-37.45497418,287.57
148.30995349,-37.45499274,286.97
148.30995475,-37.45506519,281.11
148.30995593,-37.45513278,273.30
148.30995598,-37.45513602,295.29
148.30995669,-37.45517657,275.72
148.30995683,-37.45518441,275.89
148.30995690,-37.45518838,276.03
148.30995745,-37.45521974,277.31
148.30995767,-37.45523235,277.99
148.30995775,-37.45523740,298.34
148.30995786,-37.45524380,278.59
148.30995814,-37.45525947,297.94
148.30995880,-37.45529750,281.13
148.30995927,-37.45532418,292.59
148.30995955,-37.45534013,283.28
148.30996179,-37.45546854,289.85
148.30996264,-37.45551756,292.30
148.30996345,-37.45556397,297.78
148.30996349,-37.45556649,294.61
148.30996411,-37.45560200,309.96
148.30996418,-37.45560596,309.70
148.30996511,-37.45565904,304.17
148.30996521,-37.45566508,298.84
148.30996528,-37.45566868,298.99
148.30996625,-37.45572473,313.26
148.30996664,-37.45574681,317.14
148.30996743,-37.45579196,304.67
148.30996834,-37.45584432,314.60
148.30997044,-37.45596461,311.22
148.30997050,-37.45596813,311.29
148.30997053,-37.45596966,319.27
148.30997168,-37.45603599,322.29
148.30997170,-37.45603698,313.71
148.30997358,-37.45614439,318.21
148.30997401,-37.45616908,317.30
148.30997407,-37.45617260,317.38
148.30997535,-37.45624613,335.36
148.30997588,-37.45627677,324.60
148.30997609,-37.45628839,320.13
148.30997659,-37.45631714,335.09
148.30997679,-37.45632886,332.07
148.30997712,-37.45634787,329.96
148.30997774,-37.45638328,335.69
148.30997806,-37.45640166,321.74
148.30997864,-37.45643447,322.05
148.30997870,-37.45643825,322.09
148.30997897,-37.45645348,336.36
148.30998055,-37.45654450,336.93
148.30998236,-37.45664786,329.98
148.30998277,-37.45667120,337.94
148.30998284,-37.45667570,322.77
148.30998347,-37.45671184,332.91
148.30998407,-37.45674617,330.27
148.30998437,-37.45676329,328.04
148.30998449,-37.45677032,327.30
148.30998502,-37.45680024,337.08
148.30998582,-37.45684629,334.17
148.30998603,-37.45685836,328.20
148.30998634,-37.45687584,321.59
148.30998661,-37.45689135,337.01
148.30998666,-37.45689423,337.17
148.30998671,-37.45689711,337.34
148.30998709,-37.45691883,334.30
148.30998743,-37.45693847,335.21
148.30998847,-37.45699831,331.82
148.30998878,-37.45701588,320.84
148.30998895,-37.45702588,320.34
148.30998920,-37.45703985,332.51
148.30998963,-37.45706481,330.60
148.30999064,-37.45712285,331.65
148.30999070,-37.45712609,329.50
148.30999077,-37.45712987,340.26
148.30999080,-37.45713186,329.17
148.30999101,-37.45714402,341.37
148.30999106,-37.45714682,341.26
148.30999145,-37.45716881,318.75
148.30999204,-37.45720260,321.72
148.30999212,-37.45720728,328.98
148.30999216,-37.45720981,318.17
148.30999272,-37.45724189,334.18
148.30999332,-37.45727613,344.92
148.30999375,-37.45730082,330.25
148.30999407,-37.45731929,326.87
148.30999454,-37.45734597,316.50
148.30999455,-37.45734696,333.92
148.30999459,-37.45734921,316.44
148.30999645,-37.45745582,315.18
148.30999716,-37.45749637,314.96
148.30999732,-37.45750574,333.88
148.30999738,-37.45750871,334.81
148.30999740,-37.45751006,314.56
148.30999749,-37.45751520,332.95
148.30999756,-37.45751899,334.20
148.30999829,-37.45756134,313.96
148.31000165,-37.45775364,311.26
148.31000280,-37.45781952,332.86
148.31000299,-37.45783024,310.09
148.31000309,-37.45783619,309.89
148.31000309,-37.45783628,332.15
148.31000324,-37.45784502,309.45
148.31000335,-37.45785106,309.26
148.31000337,-37.45785222,309.29
148.31000340,-37.45785421,309.21
148.31000346,-37.45785718,309.11
148.31000356,-37.45786313,308.84
148.31000361,-37.45786611,308.73
148.31000366,-37.45786917,308.67
148.31000392,-37.45788368,308.35
148.31000423,-37.45790143,321.29
148.31000440,-37.45791143,307.74
148.31000650,-37.45803182,303.99
148.31000679,-37.45804804,304.25
148.31000785,-37.45810878,301.28
148.31000825,-37.45813203,320.83
148.31001190,-37.45834109,324.03
148.31001283,-37.45839444,313.59
148.31001302,-37.45840526,313.54
148.31001358,-37.45843742,288.29
148.31001367,-37.45844283,323.68
148.31001376,-37.45844806,304.95
148.31001476,-37.45850501,326.83
148.31001481,-37.45850807,326.68
148.31001501,-37.45851916,292.03
148.31001522,-37.45853159,315.74
148.31001594,-37.45857296,289.71
148.31001704,-37.45863603,293.88
148.31001851,-37.45871993,305.33
148.31001891,-37.45874273,312.77
148.31001913,-37.45875562,312.36
148.31001968,-37.45878734,288.34
148.31002019,-37.45881662,295.82
148.31002031,-37.45882320,295.63
148.31002099,-37.45886240,307.56
148.31002185,-37.45891151,311.73
148.31002333,-37.45899613,311.75
148.31002520,-37.45910346,274.15
148.31002675,-37.45919249,299.55
148.31002713,-37.45921411,299.71
148.31002852,-37.45929396,306.28
148.31003037,-37.45939957,269.46
148.31003130,-37.45945309,277.54
148.31003228,-37.45950942,267.42
148.31003247,-37.45952032,266.90
148.31003291,-37.45954519,275.82
148.31003349,-37.45957835,286.77
148.31003448,-37.45963539,290.27
148.31003457,-37.45964026,290.42
148.31003482,-37.45965486,290.16
148.31003500,-37.45966513,289.50
148.31003622,-37.45973488,287.04
148.31003625,-37.45973695,286.81
148.31003764,-37.45981670,261.13
148.31003811,-37.45984356,284.50
148.31003831,-37.45985500,261.94
148.31003843,-37.45986185,288.21
148.31003899,-37.45989402,257.84
148.31003903,-37.45989628,268.36
148.31004044,-37.45997693,257.95
148.31004165,-37.46004604,276.03
148.31004214,-37.46007425,267.57
148.31004238,-37.46008786,268.93
148.31004310,-37.46012958,284.69
148.31004317,-37.46013363,284.77
148.31004326,-37.46013868,285.01
148.31004366,-37.46016139,268.39
148.31004546,-37.46026466,294.62
148.31004565,-37.46027538,294.39
148.31004594,-37.46029196,272.36
148.31004671,-37.46033648,279.00
148.31004808,-37.46041488,300.77
148.31004887,-37.46046011,280.06
148.31004897,-37.46046570,280.61
148.31004916,-37.46047697,281.69
148.31004962,-37.46050292,282.02
148.31005037,-37.46054617,283.84
148.31005056,-37.46055681,298.80
148.31005409,-37.46075939,287.44
148.31005575,-37.46085418,302.54
148.31005684,-37.46091663,298.94
148.31005700,-37.46092591,300.62
148.31005708,-37.46093051,301.01
148.31005866,-37.46102098,289.23
148.31005877,-37.46102738,304.36
148.31005904,-37.46104270,295.49
148.31006040,-37.46112092,299.09
148.31006188,-37.46120545,304.00
148.31006299,-37.46126934,305.88
148.31006310,-37.46127546,286.36
148.31006447,-37.46135404,285.66
148.31006452,-37.46135675,285.13
148.31006454,-37.46135810,284.69
148.31006526,-37.46139928,294.21
148.31006569,-37.46142388,286.96
148.31006612,-37.46144857,294.30
148.31006634,-37.46146119,290.69
148.31006644,-37.46146705,281.65
148.31006646,-37.46146822,297.87
148.31006672,-37.46148318,294.14
148.31006688,-37.46149237,300.32
148.31006715,-37.46150760,285.10
148.31006828,-37.46157248,277.79
148.31006853,-37.46158653,277.24
148.31006917,-37.46162339,287.49
148.31006936,-37.46163439,300.08
148.31006952,-37.46164349,300.59
148.31006999,-37.46167070,273.15
148.31007038,-37.46169260,289.72
148.31007181,-37.46177461,274.39
148.31007187,-37.46177812,275.03
148.31007237,-37.46180659,290.40
148.31007377,-37.46188706,265.17
148.31007420,-37.46191167,264.42
148.31007463,-37.46193645,272.09
148.31007561,-37.46199277,279.93
148.31007680,-37.46206089,282.34
148.31007695,-37.46206945,287.40
148.31007730,-37.46208946,251.59
148.31007813,-37.46213704,281.15
148.31007842,-37.46215353,270.45
148.31007908,-37.46219120,285.16
148.31007933,-37.46220553,245.51
148.31008001,-37.46224482,247.29
148.31008071,-37.46228483,256.01
148.31008076,-37.46228789,279.46
148.31008129,-37.46231808,240.45
148.31008232,-37.46237693,240.45
148.31008247,-37.46238539,280.53
148.31008266,-37.46239630,285.37
148.31008359,-37.46245000,246.60
148.31008431,-37.46249137,242.58
148.31008445,-37.46249939,242.38
148.31008466,-37.46251137,238.68
148.31008478,-37.46251795,238.78
148.31008500,-37.46253084,236.22
148.31008606,-37.46259139,235.07
148.31008645,-37.46261347,233.54
148.31008780,-37.46269133,233.27
148.31008844,-37.46272765,272.90
148.31008851,-37.46273152,272.84
148.31008865,-37.46273954,244.28
148.31008869,-37.46274197,271.31
148.31008871,-37.46274333,244.61
148.31008873,-37.46274441,252.95
148.31008878,-37.46274702,244.99
148.31008893,-37.46275576,271.94
148.31008916,-37.46276910,271.89
148.31008956,-37.46279172,232.87
148.31009026,-37.46283182,231.77
148.31009172,-37.46291544,236.75
148.31009356,-37.46302142,265.11
148.31009414,-37.46305422,229.31
148.31009414,-37.46305458,228.49
148.31009525,-37.46311829,225.81
148.31009551,-37.46313298,246.12
148.31009570,-37.46314406,235.15
148.31009584,-37.46315154,230.35
148.31009595,-37.46315812,225.97
148.31009598,-37.46315956,227.47
148.31009681,-37.46320750,224.24
148.31009728,-37.46323426,218.15
148.31009735,-37.46323832,218.07
148.31009782,-37.46326544,216.52
148.31009838,-37.46329752,215.72
148.31009855,-37.46330708,222.14
148.31009932,-37.46335123,216.08
148.31009948,-37.46336042,216.07
148.31009949,-37.46336105,219.29
148.31009957,-37.46336565,216.01
148.31009972,-37.46337394,216.55
148.31010062,-37.46342558,222.61
148.31010064,-37.46342702,222.64
148.31010081,-37.46343648,223.68
148.31010111,-37.46345369,248.83
148.31010245,-37.46353047,237.44
148.31010346,-37.46358868,254.54
148.31010355,-37.46359346,250.50
148.31010412,-37.46362644,234.49
148.31010467,-37.46365753,250.80
148.31010508,-37.46368150,231.50
148.31010538,-37.46369835,249.98
148.31010604,-37.46373610,241.19
148.31010738,-37.46381297,239.55
148.31010796,-37.46384650,238.10
148.31010805,-37.46385163,238.82
148.31010835,-37.46386866,238.27
148.31010850,-37.46387741,239.35
148.31010934,-37.46392535,241.32
148.31011013,-37.46397058,248.93
148.31011024,-37.46397707,249.61
148.31011079,-37.46400825,243.29
148.31011104,-37.46402303,243.88
148.31011138,-37.46404204,244.76
148.31011185,-37.46406944,256.15
148.31011240,-37.46410080,246.85
148.31011245,-37.46410386,247.60
148.31011268,-37.46411702,254.91
148.31011323,-37.46414820,258.34
148.31011331,-37.46415297,248.70
148.31011357,-37.46416793,249.20
148.31011405,-37.46419506,250.03
148.31011421,-37.46420443,251.12
148.31011454,-37.46422335,251.23
148.31011461,-37.46422722,251.11
148.31011496,-37.46424750,256.48
148.31011543,-37.46427417,252.73
148.31011644,-37.46433230,253.75
148.31011675,-37.46434987,254.19
148.31011710,-37.46437023,269.26
148.31011781,-37.46441052,256.47
148.31011828,-37.46443791,276.37
148.31011835,-37.46444170,276.22
148.31011991,-37.46453118,256.59
148.31012010,-37.46454181,256.67
148.31012078,-37.46458110,276.43
148.31012092,-37.46458867,276.17
148.31012136,-37.46461400,277.20
148.31012173,-37.46463553,259.44
148.31012180,-37.46463931,259.46
148.31012187,-37.46464319,259.34
148.31012207,-37.46465472,256.80
148.31012392,-37.46476070,256.42
148.31012452,-37.46479548,256.12
148.31012488,-37.46481585,257.53
148.31012585,-37.46487154,255.60
148.31012591,-37.46487487,255.98
148.31012592,-37.46487514,255.53
148.31012645,-37.46490596,271.92
148.31012676,-37.46492380,255.04
148.31012888,-37.46504500,276.50
148.31012905,-37.46505465,276.19
148.31013017,-37.46511908,276.68
148.31013031,-37.46512701,276.47
148.31013044,-37.46513440,253.07
148.31013058,-37.46514260,252.96
148.31013206,-37.46522749,272.96
148.31013224,-37.46523749,275.85
148.31013235,-37.46524362,252.94
148.31013276,-37.46526723,250.38
148.31013346,-37.46530769,257.52
148.31013355,-37.46531255,271.17
148.31013371,-37.46532174,255.03
148.31013428,-37.46535418,253.36
148.31013435,-37.46535860,253.23
148.31013442,-37.46536221,253.06
148.31013534,-37.46541492,254.82
148.31013547,-37.46542249,257.02
148.31013568,-37.46543484,264.68
148.31013611,-37.46545953,256.38
148.31013631,-37.46547079,275.32
148.31013684,-37.46550116,260.62
148.31013717,-37.46552017,258.38
148.31013832,-37.46558614,271.66
148.31013970,-37.46566508,262.85
148.31013976,-37.46566832,264.70
148.31014039,-37.46570428,264.15
148.31014040,-37.46570527,285.69
148.31014051,-37.46571148,285.59
148.31014072,-37.46572338,280.68
148.31014080,-37.46572798,288.40
148.31014093,-37.46573573,280.73
148.31014107,-37.46574357,283.15
148.31014126,-37.46575438,280.32
148.31014132,-37.46575772,278.44
148.31014190,-37.46579097,266.92
148.31014196,-37.46579421,266.83
148.31014201,-37.46579754,266.83
148.31014220,-37.46580800,278.36
148.31014236,-37.46581719,277.99
148.31014250,-37.46582521,267.55
148.31014371,-37.46589496,269.48
148.31014444,-37.46593677,292.79
148.31014450,-37.46594028,286.37
148.31014458,-37.46594452,270.66
148.31014538,-37.46599066,291.76
148.31014628,-37.46604193,290.99
148.31014730,-37.46610024,286.88
148.31014746,-37.46610934,289.52
148.31014848,-37.46616809,274.50
148.31014937,-37.46621910,274.95
148.31014953,-37.46622829,276.09
148.31014955,-37.46622937,293.27
148.31015024,-37.46626911,275.24
148.31015030,-37.46627226,275.27
148.31015228,-37.46638563,282.36
148.31015232,-37.46638788,276.98
148.31015252,-37.46639968,296.89
148.31015330,-37.46644429,277.20
148.31015348,-37.46645447,284.33
148.31015348,-37.46645456,275.28
148.31015489,-37.46653540,294.51
148.31015498,-37.46654044,296.42
148.31015500,-37.46654152,294.45
148.31015506,-37.46654495,275.15
148.31015512,-37.46654864,284.36
148.31015573,-37.46658360,277.11
148.31015606,-37.46660253,275.16
148.31015647,-37.46662578,298.82
148.31015665,-37.46663632,275.14
148.31015729,-37.46667273,275.15
148.31015823,-37.46672644,297.36
148.31015834,-37.46673274,296.94
148.31015840,-37.46673662,290.60
148.31015880,-37.46675960,293.73
148.31015885,-37.46676239,293.55
148.31015999,-37.46682763,289.32
148.31016075,-37.46687116,282.14
148.31016093,-37.46688161,275.33
148.31016125,-37.46689972,275.44
148.31016131,-37.46690297,275.44
148.31016201,-37.46694343,293.23
148.31016218,-37.46695316,276.62
148.31016228,-37.46695857,296.46
148.31016233,-37.46696145,275.67
148.31016243,-37.46696713,299.69
148.31016245,-37.46696821,275.68
148.31016327,-37.46701552,287.19
148.31016338,-37.46702147,275.68
148.31016344,-37.46702543,275.64
148.31016466,-37.46709491,275.82
148.31016514,-37.46712276,296.05
148.31016522,-37.46712690,284.47
148.31016590,-37.46716592,284.17
148.31016620,-37.46718349,276.02
148.31016684,-37.46721999,276.14
148.31016698,-37.46722819,276.23
148.31016705,-37.46723206,276.16
148.31016718,-37.46723936,295.13
148.31016729,-37.46724585,295.46
148.31016732,-37.46724765,276.34
148.31016738,-37.46725099,276.32
148.31016741,-37.46725288,295.23
148.31016744,-37.46725432,276.33
148.31016749,-37.46725729,276.25
148.31016806,-37.46729001,276.85
148.31016895,-37.46734110,293.94
148.31016896,-37.46734155,276.29
148.31016993,-37.46739688,279.28
148.31017012,-37.46740778,284.36
148.31017014,-37.46740886,287.84
148.31017022,-37.46741337,296.27
148.31017037,-37.46742247,287.62
148.31017039,-37.46742356,287.51
148.31017122,-37.46747086,290.39
148.31017158,-37.46749150,276.52
148.31017213,-37.46752277,276.22
148.31017221,-37.46752772,278.76
148.31017222,-37.46752836,276.92
148.31017281,-37.46756188,276.34
148.31017282,-37.46756269,294.10
148.31017294,-37.46756945,276.21
148.31017307,-37.46757666,276.14
148.31017308,-37.46757720,284.13
148.31017335,-37.46759306,276.72
148.31017394,-37.46762649,276.00
148.31017399,-37.46762955,276.03
148.31017400,-37.46763028,275.94
148.31017406,-37.46763388,275.87
148.31017461,-37.46766488,287.98
148.31017482,-37.46767740,280.26
148.31017488,-37.46768056,278.47
148.31017639,-37.46776734,301.01
148.31017664,-37.46778130,297.51
148.31017756,-37.46783393,274.71
148.31017764,-37.46783871,275.18
148.31017770,-37.46784213,274.75
148.31017797,-37.46785772,310.62
148.31017838,-37.46788115,274.21
148.31017872,-37.46790071,301.79
148.31017897,-37.46791467,306.64
148.31018052,-37.46800343,274.37
148.31018065,-37.46801110,288.04
148.31018147,-37.46805786,275.49
148.31018155,-37.46806264,284.95
148.31018226,-37.46810346,282.18
148.31018271,-37.46812923,276.51
148.31018277,-37.46813248,307.19
148.31018291,-37.46814041,310.74
148.31018311,-37.46815203,276.70
148.31018322,-37.46815816,313.16
148.31018359,-37.46817934,305.65
148.31018372,-37.46818727,304.64
148.31018438,-37.46822484,278.66
148.31018444,-37.46822818,279.01
148.31018447,-37.46822989,279.31
148.31018468,-37.46824215,278.85
148.31018487,-37.46825296,279.05
148.31018548,-37.46828765,279.80
148.31018555,-37.46829180,280.18
148.31018584,-37.46830865,281.26
148.31018660,-37.46835217,288.52
148.31018678,-37.46836227,288.21
148.31018703,-37.46837651,281.66
148.31018732,-37.46839336,283.14
148.31018789,-37.46842598,301.17
148.31018803,-37.46843400,302.37
148.31018809,-37.46843751,302.27
148.31018812,-37.46843904,298.80
148.31018837,-37.46845319,300.22
148.31018892,-37.46848509,307.60
148.31018955,-37.46852077,294.85
148.31018962,-37.46852492,293.07
148.31018986,-37.46853871,304.57
148.31018996,-37.46854430,304.80
148.31019000,-37.46854691,304.02
148.31019002,-37.46854772,304.65
148.31019195,-37.46865856,289.27
148.31019209,-37.46866676,308.12
148.31019218,-37.46867172,289.71
148.31019224,-37.46867532,289.62
148.31019281,-37.46870785,310.63
148.31019391,-37.46877093,292.52
148.31019452,-37.46880599,293.49
148.31019457,-37.46880860,293.58
148.31019501,-37.46883374,296.45
148.31019605,-37.46889358,295.95
148.31019619,-37.46890169,296.27
148.31019661,-37.46892521,309.98
148.31019661,-37.46892575,322.50
148.31019707,-37.46895197,312.75
148.31019855,-37.46903650,299.37
148.31019945,-37.46908822,300.34
148.31020038,-37.46914130,302.10
148.31020052,-37.46914923,302.65
148.31020122,-37.46918978,321.63
148.31020157,-37.46920933,323.57
148.31020194,-37.46923087,306.17
148.31020244,-37.46925944,307.49
148.31020245,-37.46926025,307.52
148.31020285,-37.46928296,329.60
148.31020337,-37.46931251,322.97
148.31020539,-37.46942831,329.87
148.31020549,-37.46943408,313.50
148.31020633,-37.46948247,333.99
148.31020642,-37.46948760,334.44
148.31020643,-37.46948778,327.56
148.31020644,-37.46948841,314.70
148.31020730,-37.46953789,326.64
148.31020732,-37.46953897,316.02
148.31020748,-37.46954834,316.24
148.31020862,-37.46961367,317.88
148.31020939,-37.46965738,318.85
148.31020992,-37.46968775,331.82
148.31021119,-37.46976074,327.28
148.31021128,-37.46976560,321.50
148.31021213,-37.46981436,339.18
148.31021276,-37.46985058,323.60
148.31021282,-37.46985410,338.06
148.31021291,-37.46985941,334.58
148.31021350,-37.46989284,324.62
148.31021386,-37.46991348,328.28
148.31021391,-37.46991672,325.33
148.31021401,-37.46992213,325.46
148.31021409,-37.46992673,338.92
148.31021416,-37.46993060,325.64
148.31021484,-37.46996998,326.55
148.31021503,-37.46998079,326.84
148.31021581,-37.47002549,329.39
148.31021652,-37.47006595,332.80
148.31021652,-37.47006622,336.08
148.31021679,-37.47008145,329.58
148.31021681,-37.47008253,330.16
148.31021707,-37.47009776,342.87
148.31021712,-37.47010028,343.11
148.31021766,-37.47013155,342.57
148.31021769,-37.47013282,343.54
148.31021777,-37.47013786,334.48
148.31021833,-37.47016967,331.65
148.31021889,-37.47020166,345.59
148.31021932,-37.47022617,347.70
148.31021958,-37.47024113,333.48
148.31021964,-37.47024465,333.80
148.31022056,-37.47029745,334.83
148.31022068,-37.47030430,335.04
148.31022164,-37.47035918,348.09
148.31022238,-37.47040154,347.10
148.31022250,-37.47040865,347.77
148.31022296,-37.47043515,345.18
148.31022321,-37.47044947,357.50
148.31022331,-37.47045488,338.60
148.31022343,-37.47046173,357.27
148.31022494,-37.47054806,340.54
148.31022523,-37.47056482,340.95
148.31022602,-37.47061042,341.87
148.31022645,-37.47063511,342.36
148.31022734,-37.47068575,359.09
148.31022782,-37.47071342,343.80
148.31022846,-37.47075009,344.35
148.31022875,-37.47076649,351.38
148.31022920,-37.47079245,359.87
148.31023001,-37.47083904,356.15
148.31023010,-37.47084390,358.69
148.31023017,-37.47084805,345.90
148.31023046,-37.47086472,362.05
148.31023092,-37.47089112,365.10
148.31023098,-37.47089437,346.51
148.31023112,-37.47090229,346.59
148.31023114,-37.47090374,355.30
148.31023129,-37.47091212,346.69
148.31023245,-37.47097826,347.33
148.31023249,-37.47098070,353.76
148.31023270,-37.47099304,347.45
148.31023271,-37.47099331,347.45
148.31023309,-37.47101494,360.33
148.31023323,-37.47102305,347.68
148.31023349,-37.47103810,362.12
148.31023367,-37.47104837,347.71
148.31023428,-37.47108351,367.28
148.31023471,-37.47110820,369.90
148.31023503,-37.47112641,362.12
148.31023506,-37.47112812,361.77
148.31023557,-37.47115714,347.85
148.31023581,-37.47117092,360.11
148.31023584,-37.47117264,347.70
148.31023596,-37.47117975,347.71
148.31023665,-37.47121886,347.48
148.31023729,-37.47125581,347.16
148.31023738,-37.47126086,347.07
148.31023783,-37.47128690,359.23
148.31023790,-37.47129059,365.81
148.31023795,-37.47129357,366.11
148.31023797,-37.47129492,346.62
148.31023809,-37.47130168,360.50
148.31023816,-37.47130537,364.45
148.31023831,-37.47131438,346.12
148.31023848,-37.47132376,346.09
148.31023929,-37.47137044,369.66
148.31023956,-37.47138576,345.13
148.31024053,-37.47144126,362.96
148.31024068,-37.47145010,365.87
148.31024075,-37.47145424,343.86
148.31024196,-37.47152318,342.42
148.31024295,-37.47158013,341.26
148.31024331,-37.47160068,341.00
148.31024338,-37.47160473,340.84
148.31024403,-37.47164177,349.94
148.31024414,-37.47164807,340.49
148.31024444,-37.47166529,339.71
148.31024448,-37.47166763,339.74
148.31024450,-37.47166871,357.22
148.31024474,-37.47168268,339.39
148.31024485,-37.47168871,339.27
148.31024535,-37.47171737,362.90
148.31024591,-37.47174936,360.76
148.31024600,-37.47175459,362.45
148.31024608,-37.47175928,350.99
148.31024614,-37.47176270,355.92
148.31024629,-37.47177153,359.20
148.31024675,-37.47179757,359.80
148.31024689,-37.47180550,356.35
148.31024692,-37.47180740,356.31
148.31024721,-37.47182389,355.40
148.31024732,-37.47183028,356.32
148.31024736,-37.47183254,356.60
148.31024740,-37.47183470,357.77
148.31024757,-37.47184443,336.43
148.31024842,-37.47189310,335.18
148.31024853,-37.47189976,347.08
148.31024860,-37.47190337,353.67
148.31024869,-37.47190886,350.80
148.31024949,-37.47195473,333.81
148.31024965,-37.47196383,336.36
148.31025004,-37.47198618,332.70
148.31025012,-37.47199087,332.55
148.31025030,-37.47200114,332.52
148.31025038,-37.47200574,331.90
148.31025066,-37.47202133,331.57
148.31025092,-37.47203674,330.91
148.31025101,-37.47204169,330.92
148.31025113,-37.47204872,332.60
148.31025129,-37.47205764,330.40
148.31025154,-37.47207215,341.59
148.31025178,-37.47208549,338.40
148.31025182,-37.47208801,329.48
148.31025190,-37.47209288,329.99
148.31025195,-37.47209567,341.74
148.31025196,-37.47209612,332.13
148.31025215,-37.47210675,332.28
148.31025222,-37.47211099,332.75
148.31025229,-37.47211513,329.95
148.31025256,-37.47213018,328.63
148.31025271,-37.47213910,329.29
148.31025395,-37.47220993,325.36
148.31025404,-37.47221543,342.16
148.31025417,-37.47222246,341.70
148.31025436,-37.47223372,330.30
148.31025448,-37.47224021,341.81
148.31025503,-37.47227184,323.05
148.31025527,-37.47228563,322.47
148.31025577,-37.47231446,321.88
148.31025766,-37.47242242,317.44
148.31025808,-37.47244666,317.05
148.31025857,-37.47247486,315.12
148.31025875,-37.47248469,314.56
148.31025899,-37.47249875,327.62
148.31025916,-37.47250848,330.70
148.31026023,-37.47257003,328.64
148.31026035,-37.47257642,310.47
148.31026043,-37.47258120,326.56
148.31026075,-37.47259949,329.66
148.31026152,-37.47264374,327.19
148.31026181,-37.47266050,328.21
148.31026194,-37.47266789,305.77
148.31026204,-37.47267320,305.33
148.31026323,-37.47274178,326.36
148.31026390,-37.47278017,320.88
148.31026411,-37.47279224,301.77
148.31026507,-37.47284703,324.01
148.31026509,-37.47284785,296.01
148.31026573,-37.47288452,311.68
148.31026735,-37.47297770,312.43
148.31026751,-37.47298644,288.02
148.31026958,-37.47310503,309.68
148.31027025,-37.47314351,279.95
148.31027071,-37.47317009,277.63
148.31027093,-37.47318253,276.35
148.31027098,-37.47318532,276.37
148.31027126,-37.47320127,302.33
148.31027135,-37.47320686,276.24
148.31027138,-37.47320821,306.44
148.31027180,-37.47323263,301.33
148.31027216,-37.47325309,303.22
148.31027220,-37.47325552,303.20
148.31027229,-37.47326048,303.19
148.31027270,-37.47328372,270.26
148.31027395,-37.47335581,269.23
148.31027412,-37.47336555,266.14
148.31027470,-37.47339844,279.77
148.31027474,-37.47340078,278.07
148.31027526,-37.47343034,262.39
148.31027657,-37.47350549,258.93
148.31027661,-37.47350811,258.93
148.31027685,-37.47352162,258.87
148.31027839,-37.47361002,255.03
148.31027899,-37.47364409,265.86
148.31028022,-37.47371447,271.51
148.31028039,-37.47372456,271.44
148.31028057,-37.47373474,271.44
148.31028219,-37.47382765,246.00
148.31028282,-37.47386352,258.37
148.31028310,-37.47387937,258.48
148.31028383,-37.47392164,265.07
148.31028411,-37.47393741,254.70
148.31028415,-37.47394002,254.62
148.31028571,-37.47402896,243.79
148.31028712,-37.47410989,239.03
148.31028717,-37.47411268,239.00
148.31028746,-37.47412908,238.95
148.31028754,-37.47413413,254.45
148.31028799,-37.47415981,237.81
148.31028805,-37.47416287,254.38
148.31028812,-37.47416693,237.96
148.31028860,-37.47419486,239.04
148.31028865,-37.47419757,239.04
148.31028893,-37.47421333,238.94
148.31028932,-37.47423577,255.43
148.31028939,-37.47424001,269.72
148.31028955,-37.47424893,263.55
148.31028959,-37.47425127,237.63
148.31028961,-37.47425271,255.75
148.31028970,-37.47425740,238.17
148.31028983,-37.47426506,269.66
148.31029061,-37.47430985,254.18
148.31029075,-37.47431769,254.24
148.31029080,-37.47432039,257.75
148.31029147,-37.47435887,262.12
148.31029177,-37.47437599,263.66
148.31029180,-37.47437761,257.68
148.31029205,-37.47439221,263.94
148.31029209,-37.47439473,263.95
148.31029310,-37.47445214,254.09
148.31029374,-37.47448872,235.72
148.31029427,-37.47451936,235.83
148.31029649,-37.47464660,263.42
148.31029662,-37.47465417,263.36
148.31029667,-37.47465687,263.36
148.31029893,-37.47478609,259.80
148.31029945,-37.47481574,259.80
148.31029999,-37.47484665,235.87
148.31030092,-37.47490027,237.05
148.31030184,-37.47495307,256.73
148.31030362,-37.47505463,259.29
148.31030365,-37.47505662,235.09
148.31030367,-37.47505752,259.27
148.31030368,-37.47505815,239.25
148.31030376,-37.47506256,235.08
148.31030382,-37.47506608,259.26
148.31030391,-37.47507158,235.08
148.31030392,-37.47507185,259.23
148.31030397,-37.47507473,235.03
148.31030402,-37.47507761,235.09
148.31030418,-37.47508671,235.07
148.31030460,-37.47511095,235.06
148.31030487,-37.47512618,235.02
148.31030513,-37.47514105,235.17
148.31030532,-37.47515223,259.13
148.31030539,-37.47515646,235.11
148.31030616,-37.47520017,256.29
148.31030739,-37.47527072,253.14
148.31030771,-37.47528893,232.95
148.31030794,-37.47530227,253.83
148.31030817,-37.47531542,245.87
148.31030825,-37.47531975,247.34
148.31030924,-37.47537688,247.18
148.31031007,-37.47542437,250.09
148.31031019,-37.47543086,255.45
148.31031169,-37.47551682,244.66
148.31031193,-37.47553088,243.22
148.31031289,-37.47558576,248.78
148.31031315,-37.47560063,227.53
148.31031393,-37.47564515,245.63
148.31031502,-37.47570741,224.68
148.31031555,-37.47573796,223.86
148.31031761,-37.47585619,221.38
148.31031806,-37.47588188,219.84
148.31032190,-37.47610157,235.15
148.31032193,-37.47610337,225.37
148.31032194,-37.47610391,234.97
148.31032255,-37.47613870,213.80
148.31032321,-37.47617645,211.63
148.31032369,-37.47620430,234.59
148.31032391,-37.47621683,224.40
148.31032426,-37.47623692,227.13
148.31032440,-37.47624494,236.26
148.31032449,-37.47624999,226.29
148.31032451,-37.47625098,209.48
148.31032575,-37.47632208,231.69
148.31032593,-37.47633271,231.05
148.31032651,-37.47636587,206.06
148.31032660,-37.47637101,205.89
148.31032665,-37.47637390,205.73
148.31032721,-37.47640588,205.05
148.31032798,-37.47644959,230.60
148.31032928,-37.47652411,213.60
148.31032947,-37.47653520,201.66
148.31032984,-37.47655610,200.42
148.31033030,-37.47658278,221.01
148.31033032,-37.47658359,224.16
148.31033038,-37.47658755,215.03
148.31033121,-37.47663477,219.51
148.31033136,-37.47664324,223.51
148.31033139,-37.47664514,202.62
148.31033201,-37.47668046,221.20
148.31033203,-37.47668163,196.85
148.31033205,-37.47668316,222.44
148.31033544,-37.47687691,198.00
148.31033603,-37.47691106,207.41
148.31033609,-37.47691421,207.19
148.31033617,-37.47691872,193.43
148.31033695,-37.47696378,210.87
148.31033992,-37.47713355,186.60
148.31034088,-37.47718843,185.51
148.31034098,-37.47719411,190.26
148.31034125,-37.47720952,185.23
148.31034132,-37.47721357,185.10
148.31034132,-37.47721375,197.80
148.31034149,-37.47722357,202.71
148.31034227,-37.47726791,186.52
148.31034239,-37.47727512,186.34
148.31034333,-37.47732910,188.04
148.31034343,-37.47733450,192.80
148.31034350,-37.47733838,183.24
148.31034364,-37.47734658,193.27
148.31034389,-37.47736109,195.28
148.31034403,-37.47736902,185.97
148.31034433,-37.47738632,188.18
148.31034461,-37.47740209,187.44
148.31034474,-37.47740975,187.34
148.31034512,-37.47743110,200.73
148.31034543,-37.47744913,182.22
148.31034549,-37.47745246,203.10
148.31034567,-37.47746309,202.52
148.31034640,-37.47750446,189.59
148.31034669,-37.47752149,196.16
148.31034731,-37.47755672,200.26
148.31034740,-37.47756222,186.65
148.31034747,-37.47756591,186.82
148.31034770,-37.47757934,181.81
148.31034960,-37.47768802,181.93
148.31035097,-37.47776633,205.86
148.31035104,-37.47777056,186.09
148.31035116,-37.47777732,197.99
148.31035135,-37.47778795,199.28
148.31035145,-37.47779381,197.37
148.31035166,-37.47780616,198.50
148.31035169,-37.47780778,185.55
148.31035229,-37.47784184,186.86
148.31035298,-37.47788167,186.73
148.31035322,-37.47789537,202.93
148.31035328,-37.47789870,202.77
148.31035350,-37.47791114,206.45
148.31035366,-37.47792060,203.96
148.31035371,-37.47792303,182.35
148.31035452,-37.47796962,187.57
148.31035531,-37.47801477,185.26
148.31035553,-37.47802720,182.30
148.31035607,-37.47805865,188.78
148.31035669,-37.47809389,182.22
148.31035688,-37.47810461,186.45
148.31035767,-37.47815012,196.62
148.31035773,-37.47815363,196.94
148.31035791,-37.47816373,188.03
148.31035795,-37.47816625,189.06
148.31035802,-37.47816985,189.01
148.31035870,-37.47820878,186.49
148.31035980,-37.47827213,181.32
148.31035981,-37.47827249,183.77
148.31036013,-37.47829078,197.14
148.31036045,-37.47830899,184.76
148.31036059,-37.47831701,180.75
148.31036117,-37.47835044,180.26
148.31036158,-37.47837369,193.53
148.31036177,-37.47838495,180.75
148.31036217,-37.47840748,179.52
148.31036221,-37.47840983,180.24
148.31036225,-37.47841235,179.48
148.31036229,-37.47841433,194.65
148.31036232,-37.47841613,179.34
148.31036257,-37.47843037,182.93
148.31036320,-37.47846669,194.52
148.31036340,-37.47847840,178.19
148.31036373,-37.47849706,177.85
148.31036396,-37.47850994,178.99
148.31036411,-37.47851850,180.25
148.31036418,-37.47852265,180.15
148.31036457,-37.47854518,194.30
148.31036510,-37.47857527,178.66
148.31036513,-37.47857717,176.55
148.31036573,-37.47861168,179.71
148.31036590,-37.47862150,175.81
148.31036639,-37.47864953,178.14
148.31036722,-37.47869693,174.47
148.31036773,-37.47872603,182.09
148.31036848,-37.47876911,178.09
148.31036854,-37.47877226,175.96
148.31036858,-37.47877487,172.95
148.31036859,-37.47877533,176.23
148.31036914,-37.47880660,184.44
148.31036928,-37.47881498,179.16
148.31036968,-37.47883759,181.67
148.31037010,-37.47886156,171.36
148.31037015,-37.47886436,180.54
148.31037018,-37.47886607,171.15
148.31037056,-37.47888788,185.08
148.31037079,-37.47890103,183.26
148.31037080,-37.47890166,180.82
148.31037083,-37.47890383,182.89
148.31037114,-37.47892149,171.82
148.31037163,-37.47894961,169.53
148.31037227,-37.47898628,178.93
148.31037246,-37.47899691,177.82
148.31037256,-37.47900250,168.76
148.31037287,-37.47902025,175.81
148.31037296,-37.47902539,175.92
148.31037317,-37.47903755,173.54
148.31037342,-37.47905197,167.89
148.31037387,-37.47907775,184.93
148.31037449,-37.47911325,177.48
148.31037455,-37.47911667,166.86
148.31037509,-37.47914767,172.95
148.31037584,-37.47919048,170.57
148.31037607,-37.47920381,168.65
148.31037668,-37.47923869,183.41
148.31037669,-37.47923887,162.31
148.31037677,-37.47924382,162.40
148.31037687,-37.47924941,188.16
148.31037710,-37.47926239,162.44
148.31037758,-37.47929014,187.75
148.31037783,-37.47930438,189.85
148.31037797,-37.47931240,191.13
148.31037821,-37.47932592,163.34
148.31037895,-37.47936836,163.86
148.31037907,-37.47937521,163.91
148.31037955,-37.47940287,169.99
148.31037956,-37.47940333,173.21
148.31037962,-37.47940693,177.74
148.31037997,-37.47942675,177.02
148.31038026,-37.47944352,165.48
148.31038070,-37.47946866,180.40
148.31038109,-37.47949110,166.22
148.31038122,-37.47949848,163.95
148.31038176,-37.47952912,163.92
148.31038195,-37.47954003,177.51
148.31038201,-37.47954372,174.92
148.31038279,-37.47958833,168.56
148.31038316,-37.47960951,163.85
148.31038422,-37.47967051,163.64
148.31038462,-37.47969286,175.40
148.31038605,-37.47977486,164.28
148.31038628,-37.47978847,163.26
148.31038736,-37.47985011,162.67
148.31038784,-37.47987741,162.55
148.31038796,-37.47988426,165.54
148.31038836,-37.47990751,162.41
148.31038843,-37.47991111,162.40
148.31038860,-37.47992076,164.03
148.31038990,-37.47999555,162.13
148.31039016,-37.48001042,179.38
148.31039051,-37.48003033,167.74
148.31039205,-37.48011837,167.00
148.31039212,-37.48012270,167.30
148.31039284,-37.48016352,167.31
148.31039295,-37.48017019,165.91
148.31039335,-37.48019326,165.23
148.31039380,-37.48021894,189.78
148.31039402,-37.48023147,160.58
148.31039434,-37.48024976,162.47
148.31039543,-37.48031194,183.16
148.31039604,-37.48034681,166.99
148.31039620,-37.48035600,183.10
148.31039662,-37.48038033,172.74
148.31039731,-37.48041971,179.55
148.31039761,-37.48043710,167.06
148.31039771,-37.48044260,167.98
148.31039779,-37.48044747,159.76
148.31039848,-37.48048658,177.53
148.31039848,-37.48048667,160.49
148.31039855,-37.48049045,162.56
148.31039904,-37.48051875,159.47
148.31039910,-37.48052226,159.35
148.31039912,-37.48052325,159.32
148.31039917,-37.48052623,159.35
148.31039924,-37.48053046,165.01
148.31039950,-37.48054497,159.60
148.31040008,-37.48057831,163.98
148.31040158,-37.48066437,165.30
148.31040164,-37.48066752,160.76
148.31040165,-37.48066825,186.32
148.31040176,-37.48067464,186.04
148.31040205,-37.48069123,168.99
148.31040210,-37.48069411,187.34
148.31040213,-37.48069546,160.05
148.31040265,-37.48072538,184.73
148.31040275,-37.48073133,181.95
148.31040333,-37.48076413,183.24
148.31040334,-37.48076494,163.96
148.31040343,-37.48077034,178.15
148.31040352,-37.48077512,165.74
148.31040357,-37.48077827,174.27
148.31040365,-37.48078269,165.63
148.31040373,-37.48078738,182.54
148.31040380,-37.48079125,161.12
148.31040566,-37.48089795,179.87
148.31040576,-37.48090371,162.51
148.31040577,-37.48090389,162.80
148.31040621,-37.48092949,163.02
148.31040692,-37.48097004,165.36
148.31040710,-37.48098022,184.00
148.31040713,-37.48098202,168.31
148.31040716,-37.48098346,183.92
148.31040767,-37.48101284,161.69
148.31040786,-37.48102374,191.77
148.31040802,-37.48103293,181.28
148.31040808,-37.48103618,166.11
148.31040847,-37.48105844,190.48
148.31040848,-37.48105952,165.35
148.31040878,-37.48107619,168.48
148.31040879,-37.48107718,168.34
148.31040906,-37.48109268,167.92
148.31040911,-37.48109556,167.66
148.31040976,-37.48113242,168.42
148.31040993,-37.48114242,177.29
148.31041019,-37.48115729,178.28
148.31041031,-37.48116378,178.06
148.31041112,-37.48121064,167.80
148.31041120,-37.48121514,161.04
148.31041219,-37.48127182,176.50
148.31041226,-37.48127543,165.13
148.31041233,-37.48127957,172.69
148.31041240,-37.48128345,171.56
148.31041254,-37.48129183,161.49
148.31041274,-37.48130309,178.72
148.31041276,-37.48130427,159.65
148.31041280,-37.48130634,162.57
148.31041289,-37.48131183,162.28
148.31041308,-37.48132265,163.02
148.31041704,-37.48154955,165.41
148.31041716,-37.48155595,165.14
148.31041722,-37.48155938,165.07
148.31041725,-37.48156109,165.21
148.31041741,-37.48157046,167.13
148.31041762,-37.48158235,164.40
148.31041777,-37.48159110,165.78
148.31041921,-37.48167373,159.54
148.31041947,-37.48168824,160.33
148.31042007,-37.48172284,167.51
148.31042035,-37.48173870,166.17
148.31042060,-37.48175285,166.95
148.31042068,-37.48175772,181.77
148.31042073,-37.48176051,181.78
148.31042154,-37.48180710,173.32
148.31042203,-37.48183476,167.45
148.31042224,-37.48184702,177.42
148.31042231,-37.48185116,167.01
148.31042246,-37.48185972,166.67
148.31042254,-37.48186414,166.40
148.31042277,-37.48187748,162.40
148.31042289,-37.48188451,176.73
148.31042300,-37.48189063,176.80
148.31042313,-37.48189811,176.52
148.31042317,-37.48190027,162.55
148.31042330,-37.48190784,169.16
148.31042336,-37.48191136,163.59
148.31042370,-37.48193064,168.29
148.31042475,-37.48199084,184.82
148.31042493,-37.48200111,169.81
148.31042567,-37.48204328,164.72
148.31042607,-37.48206626,171.00
148.31042628,-37.48207816,179.68
148.31042635,-37.48208203,173.98
148.31042640,-37.48208501,179.64
148.31042664,-37.48209888,173.74
148.31042678,-37.48210700,179.46
148.31042725,-37.48213403,176.68
148.31042783,-37.48216683,175.34
148.31042789,-37.48217034,175.54
148.31042840,-37.48219945,167.31
148.31042846,-37.48220315,164.26
148.31042904,-37.48223613,171.82
148.31042904,-37.48223622,166.67
148.31042904,-37.48223631,165.03
148.31042915,-37.48224262,171.68
148.31042922,-37.48224649,164.66
148.31042933,-37.48225307,171.73
148.31042961,-37.48226884,171.28
148.31042973,-37.48227587,172.07
148.31042990,-37.48228533,179.34
148.31043039,-37.48231344,165.57
148.31043061,-37.48232633,183.71
148.31043069,-37.48233084,165.91
148.31043101,-37.48234922,171.79
148.31043192,-37.48240095,166.86
148.31043214,-37.48241383,169.44
148.31043264,-37.48244249,194.65
148.31043265,-37.48244321,193.89
148.31043304,-37.48246520,193.81
148.31043320,-37.48247448,193.55
148.31043321,-37.48247484,193.50
148.31043342,-37.48248718,168.22
148.31043386,-37.48251251,178.85
148.31043407,-37.48252422,180.91
148.31043423,-37.48253341,173.25
148.31043479,-37.48256549,172.65
148.31043485,-37.48256883,172.64
148.31043621,-37.48264704,183.89
148.31043656,-37.48266669,180.37
148.31043727,-37.48270733,171.75
148.31043728,-37.48270832,189.91
148.31043866,-37.48278690,194.84
148.31043912,-37.48281339,191.96
148.31043932,-37.48282502,200.64
148.31043986,-37.48285602,199.60
148.31044019,-37.48287440,183.10
148.31044019,-37.48287449,183.11
148.31044048,-37.48289116,188.94
148.31044072,-37.48290513,188.55
148.31044088,-37.48291441,189.57
148.31044120,-37.48293225,188.94
148.31044132,-37.48293946,188.68
148.31044148,-37.48294829,195.68
148.31044150,-37.48294955,186.40
148.31044196,-37.48297614,187.13
148.31044219,-37.48298938,188.07
148.31044249,-37.48300642,173.88
148.31044256,-37.48301047,170.65
148.31044264,-37.48301489,170.97
148.31044275,-37.48302092,172.05
148.31044318,-37.48304589,197.19
148.31044357,-37.48306796,185.05
148.31044368,-37.48307463,170.01
148.31044375,-37.48307824,169.96
148.31044459,-37.48312654,189.33
148.31044513,-37.48315718,186.98
148.31044540,-37.48317267,186.35
148.31044613,-37.48321467,194.87
148.31044615,-37.48321611,195.13
148.31044628,-37.48322323,194.73
148.31044634,-37.48322683,194.75
148.31044657,-37.48323963,194.09
148.31044664,-37.48324414,182.28
148.31044682,-37.48325423,194.21
148.31044694,-37.48326108,168.11
148.31044700,-37.48326468,168.12
148.31044747,-37.48329135,201.44
148.31044754,-37.48329514,168.57
148.31044760,-37.48329892,168.85
148.31044834,-37.48334092,169.32
148.31044920,-37.48339066,169.39
148.31044921,-37.48339102,169.34
148.31045000,-37.48343608,169.14
148.31045001,-37.48343653,168.35
148.31045013,-37.48344392,169.03
148.31045029,-37.48345311,168.51
148.31045085,-37.48348492,197.97
148.31045103,-37.48349519,169.70
148.31045125,-37.48350781,169.00
148.31045144,-37.48351844,185.22
148.31045156,-37.48352565,190.38
148.31045162,-37.48352898,169.46
148.31045196,-37.48354827,169.08
148.31045252,-37.48358035,171.50
148.31045255,-37.48358233,173.39
148.31045264,-37.48358729,172.00
148.31045522,-37.48373489,170.22
148.31045525,-37.48373660,170.66
148.31045531,-37.48374012,170.49
148.31045549,-37.48375030,170.32
148.31045552,-37.48375228,194.82
148.31045554,-37.48375355,170.36
148.31045578,-37.48376733,170.35
148.31045599,-37.48377887,189.24
148.31045632,-37.48379824,172.15
148.31045636,-37.48380004,194.24
148.31045784,-37.48388502,171.65
148.31045844,-37.48391953,172.06
148.31045856,-37.48392611,184.58
148.31045862,-37.48392972,171.97
148.31045869,-37.48393350,171.12
148.31045896,-37.48394927,171.15
148.31045916,-37.48396035,187.09
148.31045929,-37.48396792,171.31
148.31045934,-37.48397117,171.36
148.31045940,-37.48397441,171.40
148.31045946,-37.48397775,171.40
148.31046045,-37.48403461,186.08
148.31046081,-37.48405479,182.70
148.31046094,-37.48406263,179.56
148.31046121,-37.48407795,188.43
148.31046126,-37.48408084,188.65
148.31046131,-37.48408372,172.21
148.31046250,-37.48415157,172.61
148.31046277,-37.48416699,172.88
148.31046337,-37.48420132,172.97
148.31046433,-37.48425683,191.28
148.31046438,-37.48425953,187.49
148.31046493,-37.48429098,177.14
148.31046508,-37.48429954,192.07
148.31046513,-37.48430261,192.17
148.31046516,-37.48430432,192.21
148.31046597,-37.48435037,180.00
148.31046609,-37.48435730,174.70
148.31046730,-37.48442651,189.91
148.31046813,-37.48447409,196.98
148.31046817,-37.48447661,175.18
148.31046830,-37.48448400,184.22
148.31046846,-37.48449275,201.09
148.31046874,-37.48450878,183.80
148.31046906,-37.48452708,175.74
148.31046920,-37.48453555,188.52
148.31047007,-37.48458502,177.12
148.31047067,-37.48461944,176.56
148.31047069,-37.48462071,177.69
148.31047083,-37.48462882,178.33
148.31047148,-37.48466567,176.83
148.31047162,-37.48467360,176.89
148.31047217,-37.48470550,181.23
148.31047336,-37.48477336,181.91
148.31047410,-37.48481598,177.85
148.31047432,-37.48482815,183.00
148.31047580,-37.48491285,185.08
148.31047654,-37.48495566,177.99
148.31047677,-37.48496872,179.02
148.31047725,-37.48499621,201.75
148.31047740,-37.48500495,194.84
148.31047758,-37.48501486,195.62
148.31047853,-37.48506920,178.07
148.31047853,-37.48506929,196.83
148.31047888,-37.48508956,195.26
148.31047923,-37.48510939,195.77
148.31047928,-37.48511245,177.97
148.31047944,-37.48512119,193.99
148.31048087,-37.48520356,188.34
148.31048136,-37.48523149,177.58
148.31048210,-37.48527358,178.60
148.31048210,-37.48527394,201.88
148.31048214,-37.48527583,205.50
148.31048222,-37.48528033,205.33
148.31048237,-37.48528944,177.39
148.31048245,-37.48529394,203.53
148.31048358,-37.48535837,177.22
148.31048371,-37.48536576,177.19
148.31048512,-37.48544650,181.64
148.31048517,-37.48544939,183.32
148.31048597,-37.48549543,182.40
148.31048625,-37.48551129,183.81
148.31048649,-37.48552499,177.71
148.31048652,-37.48552679,203.70
148.31048657,-37.48552950,185.14
148.31048659,-37.48553058,183.99
148.31048690,-37.48554842,177.80
148.31048807,-37.48561519,178.03
148.31048997,-37.48572432,179.42
148.31049014,-37.48573405,209.45
148.31049019,-37.48573694,207.81
148.31049040,-37.48574910,181.27
148.31049124,-37.48579686,180.69
148.31049138,-37.48580497,180.16
148.31049175,-37.48582633,178.68
148.31049177,-37.48582696,183.31
148.31049181,-37.48582957,183.69
148.31049247,-37.48586724,183.40
148.31049339,-37.48591987,193.92
148.31049342,-37.48592176,185.19
148.31049370,-37.48593789,187.62
148.31049434,-37.48597439,179.68
148.31049443,-37.48597961,198.72
148.31049495,-37.48600908,180.68
148.31049506,-37.48601575,196.43
148.31049552,-37.48604197,180.53
148.31049649,-37.48609766,195.06
148.31049659,-37.48610307,179.60
148.31049689,-37.48612055,189.43
148.31049965,-37.48627825,180.12
148.31050039,-37.48632069,180.26
148.31050079,-37.48634340,201.33
148.31050083,-37.48634556,180.10
148.31050105,-37.48635818,180.26
148.31050239,-37.48643514,181.55
148.31050280,-37.48645856,180.92
148.31050321,-37.48648181,197.24
148.31050373,-37.48651191,190.66
148.31050454,-37.48655823,181.16
148.31050467,-37.48656553,187.36
148.31050558,-37.48661770,210.07
148.31050580,-37.48663014,188.87
148.31050637,-37.48666285,191.39
148.31050644,-37.48666673,192.20
148.31050734,-37.48671863,182.20
148.31050748,-37.48672656,191.18
148.31050750,-37.48672764,182.20
148.31050874,-37.48679883,182.71
148.31050891,-37.48680857,197.78
148.31050994,-37.48686723,184.54
148.31051149,-37.48695599,183.80
148.31051155,-37.48695914,183.60
148.31051161,-37.48696302,195.14
148.31051303,-37.48704403,183.86
148.31051467,-37.48713784,184.49
148.31051601,-37.48721480,201.02
148.31051713,-37.48727878,185.42
148.31051860,-37.48736303,185.73
148.31051928,-37.48740178,185.73
148.31051963,-37.48742206,196.54
148.31051965,-37.48742314,185.70
148.31052021,-37.48745531,203.76
148.31052025,-37.48745720,194.35
148.31052025,-37.48745729,196.61
148.31052040,-37.48746567,185.65
148.31052048,-37.48747054,203.32
148.31052093,-37.48749622,185.62
148.31052114,-37.48750811,190.00
148.31052117,-37.48751028,196.94
148.31052186,-37.48754975,185.55
148.31052223,-37.48757092,185.70
148.31052280,-37.48760354,185.71
148.31052339,-37.48763725,185.83
148.31052345,-37.48764040,185.84
148.31052374,-37.48765725,196.10
148.31052386,-37.48766401,196.63
148.31052546,-37.48775566,206.60
148.31052548,-37.48775692,206.12
148.31052558,-37.48776223,212.91
148.31052616,-37.48779539,185.69
148.31052638,-37.48780846,206.44
148.31052645,-37.48781198,214.66
148.31052690,-37.48783820,186.42
148.31052720,-37.48785505,185.48
148.31052790,-37.48789533,186.06
148.31052820,-37.48791254,187.86
148.31052866,-37.48793876,186.44
148.31052924,-37.48797211,189.97
148.31052938,-37.48797968,187.23
148.31052942,-37.48798202,204.90
148.31053009,-37.48802041,203.42
148.31053051,-37.48804465,202.11
148.31053073,-37.48805690,207.09
148.31053085,-37.48806411,196.33
148.31053171,-37.48811331,212.85
148.31053214,-37.48813791,185.27
148.31053270,-37.48817018,214.51
148.31053358,-37.48822028,184.85
148.31053359,-37.48822091,196.57
148.31053418,-37.48825461,184.69
148.31053441,-37.48826759,184.43
148.31053465,-37.48828156,194.46
148.31053466,-37.48828210,200.34
148.31053501,-37.48830192,186.50
148.31053540,-37.48832436,210.70
148.31053547,-37.48832841,184.65
148.31053587,-37.48835130,184.43
148.31053604,-37.48836104,208.40
148.31053615,-37.48836752,208.97
148.31053637,-37.48837969,183.90
148.31053647,-37.48838555,183.78
148.31053648,-37.48838645,188.11
148.31053661,-37.48839366,200.08
148.31053696,-37.48841357,184.92
148.31053726,-37.48843096,186.79
148.31053730,-37.48843340,185.30
148.31053734,-37.48843520,187.10
148.31053745,-37.48844187,183.28
148.31053755,-37.48844754,194.61
148.31053832,-37.48849152,205.13
148.31053837,-37.48849431,203.70
148.31053838,-37.48849512,198.44
148.31053840,-37.48849620,196.39
148.31053842,-37.48849711,197.39
148.31053842,-37.48849747,195.10
148.31053855,-37.48850450,193.19
148.31053863,-37.48850945,198.09
148.31053895,-37.48852747,183.29
148.31053895,-37.48852775,196.79
148.31053939,-37.48855298,183.35
148.31054037,-37.48860885,189.18
148.31054037,-37.48860912,193.56
148.31054038,-37.48860948,200.57
148.31054064,-37.48862453,199.41
148.31054068,-37.48862669,183.13
148.31054115,-37.48865363,185.95
148.31054117,-37.48865462,183.13
148.31054122,-37.48865733,198.15
148.31054125,-37.48865904,186.60
148.31054148,-37.48867220,182.80
148.31054221,-37.48871410,199.84
148.31054225,-37.48871635,200.91
148.31054226,-37.48871698,198.15
148.31054265,-37.48873933,198.61
148.31054284,-37.48875023,202.34
148.31054291,-37.48875429,181.14
148.31054324,-37.48877294,180.87
148.31054372,-37.48880034,198.44
148.31054458,-37.48884990,206.59
148.31054506,-37.48887747,213.51
148.31054526,-37.48888847,210.79
148.31054581,-37.48892037,196.39
148.31054611,-37.48893713,185.02
148.31054679,-37.48897633,200.37
148.31054720,-37.48899949,185.58
148.31054755,-37.48901958,185.90
148.31054765,-37.48902535,195.60
148.31054817,-37.48905500,186.21
148.31054848,-37.48907275,185.99
148.31054865,-37.48908275,199.39
148.31054883,-37.48909302,186.08
148.31054952,-37.48913249,210.30
148.31054957,-37.48913565,186.33
148.31054973,-37.48914466,186.44
148.31054993,-37.48915601,211.73
148.31055025,-37.48917404,209.38
148.31055045,-37.48918584,186.84
148.31055090,-37.48921170,197.25
148.31055100,-37.48921738,200.06
148.31055116,-37.48922612,202.14
148.31055140,-37.48924009,203.83
148.31055147,-37.48924387,203.66
148.31055201,-37.48927514,187.86
148.31055209,-37.48927956,205.39
148.31055215,-37.48928316,204.78
148.31055323,-37.48934462,221.49
148.31055335,-37.48935192,222.33
148.31055347,-37.48935868,208.22
148.31055422,-37.48940148,220.65
148.31055440,-37.48941185,189.14
148.31055453,-37.48941932,189.24
148.31055697,-37.48955900,190.47
148.31055705,-37.48956360,197.06
148.31055716,-37.48956990,198.96
148.31055779,-37.48960577,191.11
148.31055806,-37.48962127,191.25
148.31055863,-37.48965371,191.70
148.31055869,-37.48965713,191.62
148.31055896,-37.48967281,206.18
148.31055904,-37.48967759,218.21
148.31055950,-37.48970372,191.94
148.31055971,-37.48971553,212.99
148.31055975,-37.48971814,192.09
148.31056057,-37.48976491,192.40
148.31056065,-37.48976941,192.46
148.31056104,-37.48979158,195.98
148.31056104,-37.48979194,192.66
148.31056263,-37.48988269,203.08
148.31056291,-37.48989909,193.31
148.31056328,-37.48992008,193.52
148.31056387,-37.48995361,193.79
148.31056402,-37.48996262,200.50
148.31056421,-37.48997325,206.53
148.31056432,-37.48997947,204.35
148.31056454,-37.48999190,194.02
148.31056543,-37.49004318,212.18
148.31056571,-37.49005931,212.69
148.31056574,-37.49006102,205.03
148.31056576,-37.49006174,210.73
148.31056593,-37.49007165,212.61
148.31056607,-37.49007967,218.03
148.31056710,-37.49013834,194.96
148.31056719,-37.49014374,214.97
148.31056721,-37.49014501,195.04
148.31056865,-37.49022755,216.34
148.31056897,-37.49024584,195.53
148.31056913,-37.49025494,207.69
148.31056995,-37.49030162,195.54
148.31057036,-37.49032532,196.41
148.31057245,-37.49044454,195.16
148.31057388,-37.49052655,216.71
148.31057398,-37.49053240,193.69
148.31057400,-37.49053339,217.39
148.31057431,-37.49055115,217.61
148.31057648,-37.49067514,189.78
148.31057932,-37.49083807,210.04
148.31057979,-37.49086501,196.74
148.31058008,-37.49088114,193.79
148.31058078,-37.49092169,194.75
148.31058083,-37.49092439,195.52
148.31058120,-37.49094575,196.30
148.31058139,-37.49095630,195.49
148.31058331,-37.49106650,215.90
148.31058379,-37.49109381,198.19
148.31058385,-37.49109687,198.29
148.31058482,-37.49115265,221.71
148.31058624,-37.49123402,216.99
148.31058652,-37.49124979,219.85
148.31058660,-37.49125439,217.11
148.31058688,-37.49127061,216.54
148.31058699,-37.49127656,209.01
148.31058755,-37.49130864,201.50
148.31058834,-37.49135432,219.76
148.31058902,-37.49139316,221.18
148.31058965,-37.49142903,202.90
148.31058979,-37.49143732,202.78
148.31058984,-37.49144011,202.78
148.31058990,-37.49144309,202.82
148.31058995,-37.49144597,202.86
148.31059000,-37.49144885,202.88
148.31059005,-37.49145183,202.89
148.31059010,-37.49145462,202.88
148.31059012,-37.49145615,202.95
148.31059018,-37.49145913,203.08
148.31059030,-37.49146607,202.95
148.31059151,-37.49153536,203.58
148.31059249,-37.49159132,204.00
148.31059273,-37.49160529,217.77
148.31059363,-37.49165693,204.42
148.31059433,-37.49169694,206.09
148.31059452,-37.49170748,204.67
148.31059498,-37.49173388,204.85
148.31059561,-37.49177020,205.30
148.31059696,-37.49184715,208.63
148.31059771,-37.49189023,207.56
148.31059802,-37.49190807,218.81
148.31059860,-37.49194141,209.82
148.31060022,-37.49203405,210.37
148.31060080,-37.49206712,210.87
148.31060082,-37.49206820,211.87
148.31060085,-37.49206973,210.89
148.31060089,-37.49207244,210.98
148.31060298,-37.49219202,227.59
148.31060303,-37.49219445,227.74
148.31060523,-37.49232043,235.82
148.31060629,-37.49238125,234.49
148.31060633,-37.49238378,234.46
148.31060642,-37.49238864,234.42
148.31060648,-37.49239216,217.22
148.31060650,-37.49239342,234.41
148.31060816,-37.49248804,228.42
148.31060827,-37.49249453,214.05
148.31060830,-37.49249642,233.42
148.31060832,-37.49249741,214.06
148.31060844,-37.49250435,233.45
148.31060847,-37.49250579,214.12
148.31060994,-37.49259014,234.91
148.31061038,-37.49261519,222.21
148.31061052,-37.49262339,222.31
148.31061087,-37.49264330,220.08
148.31061091,-37.49264583,212.26
148.31061096,-37.49264844,212.24
148.31061105,-37.49265358,226.94
148.31061115,-37.49265916,212.15
148.31061119,-37.49266178,212.21
148.31061124,-37.49266439,212.20
148.31061193,-37.49270404,231.38
148.31061198,-37.49270683,212.26
148.31061213,-37.49271530,228.92
148.31061258,-37.49274099,234.59
148.31061266,-37.49274594,234.56
148.31061268,-37.49274675,210.29
148.31061273,-37.49274991,231.72
148.31061282,-37.49275504,231.72
148.31061309,-37.49277045,235.17
148.31061336,-37.49278595,220.36
148.31061354,-37.49279632,229.14
148.31061503,-37.49288120,229.22
148.31061509,-37.49288463,205.87
148.31061626,-37.49295194,216.66
148.31061645,-37.49296230,216.71
148.31061649,-37.49296492,212.93
148.31061658,-37.49297014,216.86
148.31061889,-37.49310189,229.69
148.31061909,-37.49311387,224.90
148.31061922,-37.49312099,229.62
148.31061943,-37.49313325,233.44
148.31061961,-37.49314343,212.73
148.31061981,-37.49315479,213.09
148.31062012,-37.49317245,221.64
148.31062163,-37.49325923,218.53
148.31062181,-37.49326932,218.58
148.31062181,-37.49326950,234.07
148.31062286,-37.49332924,218.93
148.31062290,-37.49333177,219.01
148.31062342,-37.49336132,236.28
148.31062357,-37.49336998,236.22
148.31062362,-37.49337286,236.21
148.31062365,-37.49337448,221.73
148.31062396,-37.49339214,235.68
148.31062422,-37.49340701,221.70
148.31062426,-37.49340954,221.79
148.31062431,-37.49341233,221.85
148.31062492,-37.49344720,223.12
148.31062501,-37.49345216,223.18
148.31062524,-37.49346550,223.58
148.31062578,-37.49349658,241.03
148.31062843,-37.49364797,245.67
148.31062852,-37.49365320,245.55
148.31062944,-37.49370574,238.19
148.31062975,-37.49372358,247.21
148.31063178,-37.49383946,236.93
148.31063242,-37.49387623,236.99
148.31063246,-37.49387848,237.05
148.31063277,-37.49389624,251.08
148.31063404,-37.49396905,239.99
148.31063414,-37.49397463,255.00
148.31063545,-37.49404979,243.47
148.31063550,-37.49405231,243.48
148.31063627,-37.49409683,243.65
148.31063631,-37.49409917,243.72
148.31063657,-37.49411395,256.48
148.31063802,-37.49419649,259.63
148.31063939,-37.49427507,264.46
148.31064046,-37.49433644,264.68
148.31064625,-37.49466769,256.89
148.31064746,-37.49473663,258.01
148.31064830,-37.49478484,272.16
148.31064929,-37.49484134,259.77
148.31064933,-37.49484387,259.81
148.31065025,-37.49489622,272.17
148.31065032,-37.49490064,260.64
148.31065047,-37.49490929,271.49
148.31065086,-37.49493119,275.65
148.31065169,-37.49497895,272.85
148.31065206,-37.49500030,261.77
148.31065279,-37.49504184,278.30
148.31065358,-37.49508726,279.51
148.31065374,-37.49509591,279.15
148.31065506,-37.49517161,267.50
148.31065540,-37.49519116,263.64
148.31065544,-37.49519359,263.69
148.31065549,-37.49519621,263.70
148.31065648,-37.49525280,276.31
148.31065672,-37.49526650,264.14
148.31065682,-37.49527235,275.32
148.31065863,-37.49537571,264.70
148.31065871,-37.49538031,282.21
148.31065916,-37.49540599,277.88
148.31065924,-37.49541095,264.90
148.31065956,-37.49542897,283.30
148.31066094,-37.49550809,280.24
148.31066236,-37.49558928,281.99
148.31066243,-37.49559343,264.76
148.31066271,-37.49560911,264.73
148.31066273,-37.49561037,283.13
148.31066274,-37.49561127,264.76
148.31066277,-37.49561280,283.07
148.31066279,-37.49561397,264.81
148.31066280,-37.49561460,264.67
148.31066358,-37.49565912,282.40
148.31066394,-37.49567975,280.01
148.31066515,-37.49574887,282.82
148.31066523,-37.49575347,263.73
148.31066572,-37.49578140,280.78
148.31066817,-37.49592198,262.38
148.31066862,-37.49594721,266.89
148.31066892,-37.49596487,266.09
148.31066896,-37.49596704,278.67
148.31067004,-37.49602876,269.71
148.31067077,-37.49607030,260.89
148.31067082,-37.49607310,260.75
148.31067083,-37.49607382,284.80
148.31067092,-37.49607887,284.53
148.31067101,-37.49608391,286.36
148.31067129,-37.49609995,279.15
148.31067314,-37.49620592,271.05
148.31067314,-37.49620602,274.88
148.31067349,-37.49622602,260.15
148.31067366,-37.49623584,270.69
148.31067413,-37.49626279,271.00
148.31067543,-37.49633686,258.53
148.31067552,-37.49634209,258.50
148.31067556,-37.49634470,258.48
148.31067574,-37.49635470,278.94
148.31067586,-37.49636182,282.60
148.31067593,-37.49636561,282.73
148.31067614,-37.49637750,282.53
148.31067748,-37.49645455,278.25
148.31067813,-37.49649140,260.00
148.31067856,-37.49651591,259.36
148.31067874,-37.49652628,258.34
148.31067893,-37.49653718,262.47
148.31067981,-37.49658782,278.66
148.31068005,-37.49660116,258.09
148.31068009,-37.49660377,258.06
148.31068058,-37.49663144,258.17
148.31068079,-37.49663711,281.97
148.31068215,-37.49666351,257.99
148.31068668,-37.49666382,257.99
148.31069619,-37.49666407,273.37
148.31073702,-37.49666362,270.23
148.31076530,-37.49666331,276.10
148.31081845,-37.49666272,269.67
148.31089491,-37.49666187,250.08
148.31090792,-37.49666172,271.34
148.31097872,-37.49666094,260.56
148.31099070,-37.49666080,261.51
148.31112348,-37.49665933,260.63
148.31119824,-37.49665850,240.49
148.31125287,-37.49665789,257.15
148.31125796,-37.49665784,235.14
148.31128680,-37.49665752,233.06
148.31134663,-37.49665685,230.69
148.31135613,-37.49665675,230.29
148.31136891,-37.49665661,246.48
148.31139572,-37.49665631,244.52
148.31139911,-37.49665627,228.62
148.31147556,-37.49665542,228.19
148.31156220,-37.49665446,231.58
148.31164307,-37.49665356,221.06
148.31169679,-37.49665297,220.38
148.31170979,-37.49665282,221.08
148.31176974,-37.49665216,229.58
148.31177302,-37.49665212,219.21
148.31180039,-37.49665181,218.73
148.31184450,-37.49665133,218.39
148.31191213,-37.49665057,217.92
148.31194991,-37.49665015,217.78
148.31196732,-37.49664996,227.37
148.31196755,-37.49664996,235.15
148.31199187,-37.49664969,237.70
148.31199413,-37.49664966,236.69
148.31204242,-37.49664913,236.56
148.31206142,-37.49664892,217.36
148.31206346,-37.49664889,235.06
148.31210915,-37.49664839,232.52
148.31214647,-37.49664797,237.32
148.31215688,-37.49664786,217.53
148.31216604,-37.49664775,230.15
148.31217271,-37.49664768,232.12
148.31217441,-37.49664766,225.65
148.31217780,-37.49664762,232.77
148.31220144,-37.49664736,217.78
148.31220178,-37.49664736,228.15
148.31225788,-37.49664673,217.47
148.31226252,-37.49664668,237.17
148.31227292,-37.49664657,238.90
148.31228095,-37.49664648,217.55
148.31230696,-37.49664619,217.52
148.31231013,-37.49664615,242.62
148.31234349,-37.49664578,241.26
148.31239100,-37.49664525,227.84
148.31248577,-37.49664420,218.07
148.31250692,-37.49664397,217.67
148.31262149,-37.49664269,239.83
148.31262783,-37.49664262,221.33
148.31283638,-37.49664030,228.36
148.31284385,-37.49664022,228.88
148.31288570,-37.49663976,232.77
148.31289113,-37.49663970,233.19
148.31290526,-37.49663954,233.07
148.31290673,-37.49663952,223.69
148.31295785,-37.49663895,215.95
148.31303691,-37.49663808,239.09
148.31313078,-37.49663703,216.52
148.31322432,-37.49663599,215.21
148.31324830,-37.49663573,232.60
148.31326673,-37.49663552,231.29
148.31329059,-37.49663526,214.46
148.31331265,-37.49663501,214.27
148.31331853,-37.49663494,233.11
148.31336705,-37.49663441,213.86
148.31343106,-37.49663369,228.79
148.31344995,-37.49663348,224.71
148.31346669,-37.49663330,232.03
148.31347789,-37.49663317,225.40
148.31350922,-37.49663282,222.79
148.31354111,-37.49663247,210.58
148.31365037,-37.49663125,208.70
148.31371506,-37.49663054,227.32
148.31373078,-37.49663036,227.68
148.31382465,-37.49662932,204.75
148.31383732,-37.49662918,204.48
148.31385021,-37.49662903,204.22
148.31387430,-37.49662876,203.39
148.31391434,-37.49662832,213.65
148.31396343,-37.49662777,226.86
148.31398559,-37.49662753,200.79
148.31407573,-37.49662652,198.76
148.31410050,-37.49662625,224.85
148.31414755,-37.49662572,197.08
148.31415038,-37.49662569,220.78
148.31422084,-37.49662491,210.68
148.31424561,-37.49662463,194.54
148.31427015,-37.49662436,194.00
148.31428463,-37.49662420,208.68
148.31429504,-37.49662408,196.93
148.31442680,-37.49662262,199.07
148.31458977,-37.49662080,222.33
148.31459611,-37.49662073,215.50
148.31461918,-37.49662048,186.22
148.31475139,-37.49661900,194.35
148.31475546,-37.49661896,185.18
148.31475592,-37.49661895,194.24
148.31475784,-37.49661893,189.23
148.31475931,-37.49661892,194.29
148.31477729,-37.49661872,203.19
148.31479087,-37.49661856,204.06
148.31482480,-37.49661819,182.77
148.31494898,-37.49661680,200.95
148.31499558,-37.49661629,192.43
148.31499625,-37.49661628,193.75
148.31500632,-37.49661617,203.19
148.31501028,-37.49661612,203.24
148.31507022,-37.49661545,184.46
148.31512983,-37.49661479,215.06
148.31516975,-37.49661435,216.03
148.31520900,-37.49661391,186.57
148.31520911,-37.49661391,214.65
148.31532063,-37.49661267,205.12
148.31534777,-37.49661236,205.77
148.31536179,-37.49661221,190.02
148.31541947,-37.49661157,191.05
148.31544006,-37.49661134,191.61
148.31546076,-37.49661111,202.07
148.31550079,-37.49661066,196.97
148.31555135,-37.49661010,194.39
148.31559206,-37.49660964,195.30
148.31565925,-37.49660890,215.65
148.31568198,-37.49660864,198.16
148.31574882,-37.49660790,203.08
148.31579293,-37.49660741,200.38
148.31581069,-37.49660721,220.94
148.31585095,-37.49660676,201.96
148.31599187,-37.49660519,205.38
148.31602716,-37.49660480,228.23
148.31602920,-37.49660477,226.51
148.31604582,-37.49660459,225.86
148.31617442,-37.49660316,209.97
148.31622938,-37.49660254,210.96
148.31624431,-37.49660238,211.28
148.31636047,-37.49660108,230.07
148.31636080,-37.49660108,236.36
148.31638478,-37.49660081,214.05
148.31646327,-37.49659994,231.16
148.31646757,-37.49659989,230.91
148.31648499,-37.49659969,215.87
148.31658282,-37.49659860,233.33
148.31662727,-37.49659811,231.41
148.31681739,-37.49659599,234.04
148.31682372,-37.49659592,230.38
148.31683571,-37.49659579,221.02
148.31683605,-37.49659578,231.50
148.31683922,-37.49659575,240.29
148.31686896,-37.49659541,228.92
148.31689056,-37.49659517,234.02
148.31692913,-37.49659474,222.08
148.31708634,-37.49659299,223.84
148.31715273,-37.49659225,224.59
148.31717026,-37.49659205,234.37
148.31719718,-37.49659175,234.95
148.31720012,-37.49659172,225.15
148.31720905,-37.49659162,237.15
148.31721403,-37.49659157,236.63
148.31725701,-37.49659109,239.44
148.31727951,-37.49659084,239.48
148.31728969,-37.49659072,225.96
148.31730213,-37.49659058,226.07
148.31734047,-37.49659016,226.43
148.31737588,-37.49658976,243.32
148.31742745,-37.49658919,241.75
148.31745652,-37.49658886,227.20
148.31752743,-37.49658807,239.02
148.31753241,-37.49658802,227.86
148.31753976,-37.49658793,243.33
148.31755378,-37.49658778,235.83
148.31756079,-37.49658770,240.06
148.31764426,-37.49658677,239.72
148.31768441,-37.49658632,229.53
148.31769380,-37.49658622,243.14
148.31773101,-37.49658580,245.41
148.31790247,-37.49658389,232.30
148.31791457,-37.49658375,240.45
148.31792780,-37.49658360,248.51
148.31793764,-37.49658349,248.15
148.31798311,-37.49658299,233.26
148.31800980,-37.49658269,238.34
148.31801003,-37.49658269,247.48
148.31803163,-37.49658245,233.95
148.31804237,-37.49658233,234.10
148.31805018,-37.49658224,235.24
148.31807981,-37.49658191,234.61
148.31810933,-37.49658158,234.95
148.31813545,-37.49658129,239.51
148.31820885,-37.49658047,236.57
148.31821304,-37.49658042,236.50
148.31825048,-37.49658000,237.69
148.31840565,-37.49657827,238.98
148.31842895,-37.49657801,250.21
148.31844591,-37.49657782,249.37
148.31851931,-37.49657700,240.15
148.31855053,-37.49657665,240.92
148.31857304,-37.49657640,240.43
148.31858943,-37.49657622,240.49
148.31860097,-37.49657609,249.90
148.31861307,-37.49657596,252.60
148.31870672,-37.49657491,240.82
148.31873273,-37.49657462,247.59
148.31873488,-37.49657460,240.75
148.31881405,-37.49657371,240.43
148.31883000,-37.49657353,247.43
148.31890125,-37.49657274,257.17
148.31895554,-37.49657213,239.26
148.31899116,-37.49657173,238.81
148.31899218,-37.49657172,251.78
148.31901435,-37.49657148,241.37
148.31902905,-37.49657131,238.43
148.31904093,-37.49657118,238.26
148.31910992,-37.49657041,239.21
148.31912100,-37.49657028,255.40
148.31915256,-37.49656993,244.72
148.31915516,-37.49656990,236.78
148.31923625,-37.49656900,246.84
148.31935738,-37.49656764,233.30
148.31943893,-37.49656673,231.96
148.31947082,-37.49656638,231.48
148.31952375,-37.49656579,230.68
148.31952533,-37.49656577,250.16
148.31954004,-37.49656560,252.26
148.31960315,-37.49656490,244.38
148.31960507,-37.49656488,242.75
148.31961887,-37.49656472,228.94
148.31973615,-37.49656341,227.40
148.31973977,-37.49656337,233.85
148.31977585,-37.49656297,226.81
148.31979745,-37.49656273,226.52
148.31982493,-37.49656242,234.73
148.31989788,-37.49656161,225.13
148.31995930,-37.49656092,235.17
148.31997581,-37.49656074,224.10
148.31999300,-37.49656054,223.92
148.31999391,-37.49656053,223.95
148.32001404,-37.49656031,224.51
148.32004435,-37.49655997,223.32
148.32010915,-37.49655924,222.70
148.32011560,-37.49655917,231.21
148.32011718,-37.49655916,232.27
148.32012714,-37.49655904,222.56
148.32012883,-37.49655903,234.35
148.32014648,-37.49655883,222.30
148.32023967,-37.49655779,221.34
148.32029554,-37.49655716,225.92
148.32030108,-37.49655710,225.88
148.32035153,-37.49655654,221.10
148.32040129,-37.49655598,221.54
148.32041475,-37.49655583,219.36
148.32042244,-37.49655574,221.70
148.32042380,-37.49655573,219.19
148.32047741,-37.49655513,218.57
148.32055929,-37.49655421,223.19
148.32061742,-37.49655356,225.46
148.32068958,-37.49655276,217.00
148.32075620,-37.49655201,226.94
148.32076072,-37.49655196,227.11
148.32077033,-37.49655185,223.18
148.32077588,-37.49655179,215.01
148.32078085,-37.49655174,225.82
148.32083819,-37.49655109,214.27
148.32086647,-37.49655078,213.88
148.32107672,-37.49654843,211.37
148.32110319,-37.49654813,211.51
148.32115668,-37.49654753,223.35
148.32115951,-37.49654750,225.63
148.32119254,-37.49654713,222.46
148.32123834,-37.49654662,209.14
148.32144667,-37.49654429,206.14
148.32149598,-37.49654374,205.26
148.32163487,-37.49654218,203.17
148.32175758,-37.49654081,202.72
148.32175882,-37.49654080,208.12
148.32179332,-37.49654041,200.86
148.32185145,-37.49653976,203.14
148.32192508,-37.49653894,198.90
148.32200233,-37.49653807,205.44
148.32207177,-37.49653729,196.81
148.32208014,-37.49653720,196.79
148.32215433,-37.49653637,195.81
148.32218939,-37.49653598,195.54
148.32220059,-37.49653585,202.79
148.32220195,-37.49653584,206.63
148.32221880,-37.49653565,195.00
148.32238992,-37.49653373,192.48
148.32263342,-37.49653101,192.33
148.32269574,-37.49653031,197.22
148.32294117,-37.49652756,191.43
148.32302633,-37.49652661,191.71
148.32311817,-37.49652558,189.95
148.32314361,-37.49652529,189.59
148.32315696,-37.49652514,196.16
148.32319881,-37.49652467,195.42
148.32327266,-37.49652385,188.64
148.32328725,-37.49652368,192.20
148.32335601,-37.49652291,188.30
148.32342229,-37.49652217,196.12
148.32349094,-37.49652140,185.70
148.32350994,-37.49652119,185.68
148.32352340,-37.49652104,201.18
148.32352985,-37.49652096,200.43
148.32353867,-37.49652087,195.25
148.32354229,-37.49652082,199.76
148.32364182,-37.49651971,183.96
148.32369079,-37.49651916,183.38
148.32369113,-37.49651916,190.83
148.32369859,-37.49651907,196.07
148.32379654,-37.49651798,181.90
148.32389640,-37.49651686,185.47
148.32402488,-37.49651542,179.73
148.32402782,-37.49651538,182.13
148.32403834,-37.49651527,182.02
148.32420550,-37.49651339,209.48
148.32433206,-37.49651197,189.09
148.32434122,-37.49651187,180.24
148.32447219,-37.49651040,180.20
148.32450092,-37.49651008,180.40
148.32458009,-37.49650919,180.54
148.32472293,-37.49650759,198.37
148.32472621,-37.49650755,198.36
148.32474827,-37.49650731,178.02
148.32478955,-37.49650684,177.71
148.32481681,-37.49650654,182.69
148.32483829,-37.49650630,205.57
148.32490966,-37.49650549,178.98
148.32493692,-37.49650519,179.34
148.32499030,-37.49650459,197.75
148.32502615,-37.49650419,183.01
148.32515667,-37.49650272,204.48
148.32517126,-37.49650256,187.41
148.32524081,-37.49650178,192.31
148.32528786,-37.49650125,195.02
148.32534170,-37.49650065,191.47
148.32543727,-37.49649958,193.98
148.32544666,-37.49649947,194.10
148.32552662,-37.49649857,195.70
148.32556337,-37.49649816,201.69
148.32560024,-37.49649775,197.20
148.32563089,-37.49649740,197.79
148.32571312,-37.49649648,209.65
148.32571549,-37.49649645,198.98
148.32572352,-37.49649636,199.11
148.32573992,-37.49649618,208.04
148.32578132,-37.49649571,199.78
148.32582147,-37.49649526,200.32
148.32583187,-37.49649515,200.48
148.32583221,-37.49649514,217.59
148.32583956,-37.49649506,212.28
148.32585155,-37.49649493,200.69
148.32592880,-37.49649406,222.00
148.32595402,-37.49649378,223.01
148.32597935,-37.49649349,223.43
148.32599032,-37.49649337,218.79
148.32599982,-37.49649326,217.08
148.32600310,-37.49649322,223.16
148.32617637,-37.49649128,211.61
148.32618429,-37.49649119,202.62
148.32619616,-37.49649106,209.47
148.32628189,-37.49649009,202.87
148.32630440,-37.49648984,202.88
148.32636412,-37.49648917,214.04
148.32639499,-37.49648882,203.09
148.32644102,-37.49648831,218.10
148.32646444,-37.49648804,216.88
148.32653173,-37.49648729,214.61
148.32656939,-37.49648687,217.64
148.32660898,-37.49648642,218.90
148.32662605,-37.49648623,214.78
148.32670500,-37.49648534,219.55
148.32672795,-37.49648508,218.28
148.32692565,-37.49648286,222.66
148.32702382,-37.49648176,220.94
148.32710526,-37.49648085,203.05
148.32712708,-37.49648060,202.95
148.32716531,-37.49648017,218.29
148.32721134,-37.49647965,202.73
148.32725975,-37.49647911,202.57
148.32728463,-37.49647883,214.29
148.32738619,-37.49647769,202.35
148.32742012,-37.49647731,213.40
148.32747690,-37.49647667,202.11
148.32753526,-37.49647601,205.96
148.32766193,-37.49647459,201.78
148.32777605,-37.49647331,201.19
148.32783633,-37.49647263,203.28
148.32785974,-37.49647237,212.38
148.32797159,-37.49647111,214.97
148.32798720,-37.49647093,213.28
148.32802192,-37.49647054,210.58
148.32803651,-37.49647038,200.10
148.32805303,-37.49647019,200.01
148.32809544,-37.49646972,200.08
148.32810969,-37.49646956,199.84
148.32812801,-37.49646935,199.64
148.32816714,-37.49646891,199.51
148.32817924,-37.49646877,200.36
148.32819259,-37.49646862,199.40
148.32825468,-37.49646793,199.15
148.32826791,-37.49646778,198.95
148.32829144,-37.49646751,201.13
148.32831971,-37.49646719,200.49
148.32832955,-37.49646708,202.49
148.32846708,-37.49646554,198.64
148.32848088,-37.49646538,197.58
148.32849977,-37.49646517,197.35
148.32858663,-37.49646419,197.14
148.32875356,-37.49646231,195.65
148.32882153,-37.49646155,195.18
148.32882493,-37.49646151,204.84
148.32883692,-37.49646138,209.42
148.32890998,-37.49646056,194.43
148.32901889,-37.49645933,193.75
148.32916569,-37.49645768,204.73
148.32918209,-37.49645749,205.89
148.32924272,-37.49645681,200.03
148.32927676,-37.49645643,201.83
148.32932471,-37.49645589,191.17
148.32935479,-37.49645555,190.97
148.32952761,-37.49645360,189.30
148.32959083,-37.49645289,196.43
148.32961221,-37.49645265,191.18
148.32970450,-37.49645161,188.26
148.32970789,-37.49645158,188.02
148.32978559,-37.49645070,187.50
148.32985051,-37.49644997,186.96
148.32994528,-37.49644890,199.74
148.32997130,-37.49644861,201.65
148.32997492,-37.49644857,189.02
148.32998792,-37.49644842,194.19
148.33005058,-37.49644772,191.26
148.33007128,-37.49644748,189.96
148.33012613,-37.49644687,192.91
148.33014490,-37.49644665,190.55
148.33018596,-37.49644619,184.82
148.33019965,-37.49644604,188.39
148.33024488,-37.49644553,190.16
148.33025088,-37.49644546,190.60
148.33026773,-37.49644527,184.50
148.33027169,-37.49644523,184.34
148.33032903,-37.49644458,188.31
148.33034023,-37.49644445,189.30
148.33035267,-37.49644431,184.01
148.33041114,-37.49644366,184.75
148.33046859,-37.49644301,183.28
148.33056495,-37.49644192,185.67
148.33062399,-37.49644126,182.94
148.33080054,-37.49643927,185.81
148.33083933,-37.49643883,183.33
148.33092291,-37.49643789,181.58
148.33116743,-37.49643514,183.84
148.33119944,-37.49643477,190.39
148.33121109,-37.49643464,183.01
148.33127454,-37.49643393,180.37
148.33140584,-37.49643245,180.94
148.33143830,-37.49643208,180.68
148.33145832,-37.49643186,180.62
148.33147269,-37.49643169,181.43
148.33153252,-37.49643102,179.36
148.33160705,-37.49643018,179.63
148.33167683,-37.49642939,178.60
148.33177658,-37.49642827,184.64
148.33177749,-37.49642826,182.20
148.33180746,-37.49642792,188.50
148.33180949,-37.49642790,178.13
148.33181300,-37.49642786,189.91
148.33184693,-37.49642748,178.41
148.33199498,-37.49642581,177.29
148.33202235,-37.49642550,177.21
148.33207991,-37.49642485,180.38
148.33218170,-37.49642370,183.54
148.33220760,-37.49642341,177.33
148.33230159,-37.49642235,176.28
148.33242724,-37.49642093,175.35
148.33244568,-37.49642072,175.31
148.33244726,-37.49642070,177.07
148.33257042,-37.49641932,174.72
148.33263410,-37.49641860,174.35
148.33264077,-37.49641852,174.33
148.33270784,-37.49641776,174.01
148.33275195,-37.49641727,173.95
148.33277027,-37.49641706,174.02
148.33278101,-37.49641694,179.71
148.33285860,-37.49641606,172.75
148.33286177,-37.49641603,175.66
148.33286290,-37.49641601,172.58
148.33286459,-37.49641600,178.25
148.33286810,-37.49641596,177.27
148.33297724,-37.49641472,171.95
148.33301762,-37.49641427,173.94
148.33302418,-37.49641419,194.48
148.33304272,-37.49641399,198.70
148.33305279,-37.49641387,171.92
148.33305663,-37.49641383,201.48
148.33309034,-37.49641345,195.12
148.33313343,-37.49641296,194.09
148.33326519,-37.49641147,178.51
148.33332513,-37.49641080,200.70
148.33342907,-37.49640962,200.65
148.33343868,-37.49640952,176.66
148.33343959,-37.49640951,176.09
148.33345734,-37.49640931,176.84
148.33348460,-37.49640900,172.38
148.33350926,-37.49640872,172.44
148.33354545,-37.49640831,173.19
148.33355913,-37.49640816,174.17
148.33369383,-37.49640664,180.53
148.33372991,-37.49640623,174.15
148.33375061,-37.49640599,171.30
148.33381485,-37.49640527,171.41
148.33383012,-37.49640510,192.80
148.33383464,-37.49640505,203.95
148.33384391,-37.49640494,191.20
148.33385082,-37.49640486,194.29
148.33397647,-37.49640344,172.31
148.33398393,-37.49640336,206.84
148.33404014,-37.49640272,187.87
148.33406412,-37.49640245,174.08
148.33406921,-37.49640240,174.06
148.33408866,-37.49640218,190.09
148.33411886,-37.49640184,174.07
148.33418061,-37.49640114,185.22
148.33418819,-37.49640105,171.87
148.33421533,-37.49640075,171.83
148.33431542,-37.49639962,198.80
148.33434517,-37.49639928,194.17
148.33446177,-37.49639796,187.00
148.33461152,-37.49639627,178.99
148.33461355,-37.49639625,173.84
148.33469317,-37.49639535,182.41
148.33472292,-37.49639501,180.26
148.33473660,-37.49639486,172.68
148.33473672,-37.49639486,180.57
148.33476793,-37.49639450,179.10
148.33476929,-37.49639449,195.48
148.33478931,-37.49639426,196.02
148.33491157,-37.49639288,173.64
148.33496902,-37.49639223,193.05
148.33511548,-37.49639057,189.13
148.33513301,-37.49639038,183.80
148.33520766,-37.49638953,172.98
148.33521354,-37.49638947,183.97
148.33529655,-37.49638853,182.12
148.33531657,-37.49638830,179.16
148.33533908,-37.49638805,173.15
148.33536147,-37.49638779,173.22
148.33536260,-37.49638778,183.25
148.33544257,-37.49638688,183.57
148.33547706,-37.49638649,185.25
148.33548283,-37.49638642,180.16
148.33560351,-37.49638506,173.61
148.33563517,-37.49638470,181.87
148.33570394,-37.49638392,192.96
148.33577134,-37.49638316,180.08
148.33582031,-37.49638261,178.15
148.33596157,-37.49638101,179.37
148.33601688,-37.49638038,174.25
148.33606133,-37.49637988,175.99
148.33612444,-37.49637917,176.97
148.33612659,-37.49637914,177.92
148.33617657,-37.49637858,174.25
148.33620587,-37.49637824,179.93
148.33621050,-37.49637819,177.09
148.33638750,-37.49637619,176.45
148.33642935,-37.49637572,188.54
148.33644835,-37.49637550,175.46
148.33657739,-37.49637404,187.03
148.33659312,-37.49637386,191.13
148.33663700,-37.49637337,175.52
148.33668314,-37.49637284,182.97
148.33696170,-37.49636969,184.29
148.33701271,-37.49636911,178.93
148.33706587,-37.49636851,183.30
148.33706869,-37.49636848,188.32
148.33710568,-37.49636806,185.67
148.33717840,-37.49636724,192.83
148.33721131,-37.49636687,193.91
148.33729964,-37.49636587,174.09
148.33731559,-37.49636568,178.50
148.33737451,-37.49636502,205.44
148.33740268,-37.49636470,199.91
148.33743909,-37.49636429,177.50
148.33750978,-37.49636349,192.90
148.33751136,-37.49636347,178.28
148.33751894,-37.49636338,197.13
148.33751973,-37.49636337,202.13
148.33757074,-37.49636280,203.88
148.33765997,-37.49636179,205.22
148.33770205,-37.49636131,179.04
148.33781526,-37.49636003,182.45
148.33781673,-37.49636001,173.36
148.33787905,-37.49635930,184.83
148.33788346,-37.49635925,205.65
148.33800266,-37.49635790,207.02
148.33800968,-37.49635782,197.13
148.33803885,-37.49635749,193.92
148.33806837,-37.49635716,208.20
148.33807109,-37.49635713,172.16
148.33807358,-37.49635710,173.75
148.33809122,-37.49635690,200.74
148.33810479,-37.49635675,201.07
148.33810626,-37.49635673,179.78
148.33810705,-37.49635672,171.61
148.33814313,-37.49635631,174.04
148.33814867,-37.49635625,175.43
148.33824040,-37.49635521,181.07
148.33824074,-37.49635521,201.49
148.33827693,-37.49635480,203.11
148.33832092,-37.49635430,184.11
148.33855752,-37.49635162,174.41
148.33857087,-37.49635147,202.53
148.33862855,-37.49635081,196.74
148.33862912,-37.49635081,178.70
148.33867560,-37.49635028,180.37
148.33870817,-37.49634991,202.58
148.33874821,-37.49634946,201.81
148.33877298,-37.49634918,196.24
148.33882534,-37.49634858,184.19
148.33886515,-37.49634813,188.73
148.33887737,-37.49634799,207.87
148.33888675,-37.49634789,205.96
148.33905233,-37.49634601,199.47
148.33912109,-37.49634523,178.07
148.33918183,-37.49634454,178.98
148.33920614,-37.49634426,177.66
148.33926473,-37.49634360,174.21
148.33927095,-37.49634353,175.88
148.33927615,-37.49634347,185.08
148.33934209,-37.49634272,177.18
148.33936867,-37.49634242,173.85
148.33941356,-37.49634191,184.69
148.33960753,-37.49633971,173.72
148.33963954,-37.49633935,185.83
148.33964157,-37.49633933,203.61
148.33981246,-37.49633739,184.01
148.33985736,-37.49633688,191.90
148.33990113,-37.49633638,200.63
148.33993393,-37.49633601,205.29
148.33994264,-37.49633591,205.86
148.33994366,-37.49633590,179.81
148.33999693,-37.49633530,174.30
148.34002746,-37.49633495,174.76
148.34003549,-37.49633486,202.12
148.34008447,-37.49633430,182.67
148.34009216,-37.49633422,178.95
148.34011104,-37.49633400,174.25
148.34012642,-37.49633383,178.81
148.34012903,-37.49633380,174.22
148.34022459,-37.49633271,207.61
148.34035126,-37.49633128,176.48
148.34035556,-37.49633123,185.20
148.34056853,-37.49632881,185.42
148.34070142,-37.49632730,188.92
148.34070651,-37.49632724,190.02
148.34071974,-37.49632709,175.53
148.34075005,-37.49632675,184.22
148.34075423,-37.49632670,173.80
148.34077550,-37.49632646,182.48
148.34097681,-37.49632418,181.16
148.34109884,-37.49632279,180.00
148.34116410,-37.49632205,174.61
148.34118751,-37.49632178,208.11
148.34123309,-37.49632127,198.38
148.34125186,-37.49632105,185.72
148.34132029,-37.49632028,174.97
148.34136485,-37.49631977,180.91
148.34138091,-37.49631959,193.11
148.34141450,-37.49631921,199.34
148.34142344,-37.49631910,198.76
148.34143610,-37.49631896,191.24
148.34148632,-37.49631839,180.46
148.34148734,-37.49631838,176.78
148.34150916,-37.49631813,178.94
148.34156447,-37.49631750,197.57
148.34156469,-37.49631750,184.39
148.34156786,-37.49631746,185.41
148.34157160,-37.49631742,177.61
148.34159998,-37.49631710,178.20
148.34160405,-37.49631705,190.78
148.34162803,-37.49631678,189.29
148.34170211,-37.49631594,209.42
148.34172812,-37.49631564,220.78
148.34173050,-37.49631562,180.35
148.34176205,-37.49631526,201.49
148.34178151,-37.49631504,208.69
148.34181521,-37.49631465,181.87
148.34183624,-37.49631441,217.38
148.34184835,-37.49631428,182.44
148.34190309,-37.49631366,183.34
148.34192446,-37.49631341,183.64
148.34196981,-37.49631290,207.08
148.34198666,-37.49631271,202.85
148.34199503,-37.49631261,184.64
148.34207024,-37.49631176,185.16
148.34210598,-37.49631135,190.47
148.34213709,-37.49631100,185.51
148.34223684,-37.49630986,186.08
148.34224769,-37.49630974,186.11
148.34227552,-37.49630942,198.59
148.34234146,-37.49630867,186.81
148.34238658,-37.49630816,187.04
148.34241384,-37.49630785,186.63
148.34243838,-37.49630757,186.55
148.34249312,-37.49630695,186.45
148.34252784,-37.49630656,191.28
148.34271366,-37.49630444,191.48
148.34273130,-37.49630424,187.94
148.34275845,-37.49630393,191.37
148.34289484,-37.49630238,201.49
148.34291577,-37.49630215,188.47
148.34295829,-37.49630166,200.71
148.34301303,-37.49630104,196.98
148.34301495,-37.49630102,199.93
148.34305046,-37.49630061,200.61
148.34308926,-37.49630017,187.94
148.34312002,-37.49629982,188.26
148.34316323,-37.49629933,188.21
148.34324511,-37.49629840,202.75
148.34325562,-37.49629828,203.63
148.34332801,-37.49629746,196.26
148.34334045,-37.49629732,197.62
148.34342482,-37.49629636,188.28
148.34349664,-37.49629554,188.84
148.34352661,-37.49629520,188.92
148.34362953,-37.49629403,189.22
148.34366120,-37.49629367,189.23
148.34369004,-37.49629334,189.33
148.34375552,-37.49629260,203.87
148.34380958,-37.49629198,190.61
148.34383876,-37.49629165,195.18
148.34384713,-37.49629155,191.45
148.34391782,-37.49629075,189.44
148.34396645,-37.49629020,189.85
148.34400004,-37.49628981,201.25
148.34402390,-37.49628954,202.72
148.34403340,-37.49628943,204.79
148.34404584,-37.49628929,189.98
148.34404596,-37.49628929,190.01
148.34413451,-37.49628828,209.86
148.34413870,-37.49628824,190.42
148.34414198,-37.49628820,190.39
148.34414876,-37.49628812,209.26
148.34415623,-37.49628804,190.35
148.34422872,-37.49628721,204.31
148.34428629,-37.49628656,190.71
148.34432689,-37.49628609,191.04
148.34437824,-37.49628551,191.29
148.34446826,-37.49628448,191.29
148.34447233,-37.49628444,191.31
148.34447460,-37.49628441,191.29
148.34462988,-37.49628265,191.63
148.34465160,-37.49628240,192.54
148.34465522,-37.49628236,191.85
148.34476899,-37.49628106,199.86
148.34476944,-37.49628106,191.92
148.34487541,-37.49627985,191.84
148.34489317,-37.49627965,191.92
148.34497325,-37.49627874,191.78
148.34507696,-37.49627755,191.83
148.34513136,-37.49627694,191.76
148.34515533,-37.49627666,191.71
148.34526617,-37.49627540,193.32
148.34534229,-37.49627453,200.24
148.34539691,-37.49627391,198.41
148.34540958,-37.49627377,193.57
148.34544012,-37.49627342,194.58
148.34551589,-37.49627256,203.72
148.34552245,-37.49627248,203.84
148.34553636,-37.49627232,193.74
148.34562978,-37.49627126,204.14
148.34565964,-37.49627092,194.39
148.34568237,-37.49627066,195.24
148.34577918,-37.49626956,205.28
148.34586898,-37.49626853,211.82
148.34587204,-37.49626850,211.53
148.34589058,-37.49626829,204.11
148.34593831,-37.49626774,204.96
148.34596014,-37.49626749,205.93
148.34601952,-37.49626682,195.28
148.34602936,-37.49626671,195.31
148.34606023,-37.49626635,209.28
148.34609111,-37.49626600,195.21
148.34615105,-37.49626532,212.86
148.34629061,-37.49626373,195.65
148.34636899,-37.49626283,195.83
148.34643379,-37.49626210,195.97
148.34645800,-37.49626182,196.01
148.34648876,-37.49626147,196.04
148.34660514,-37.49626014,196.05
148.34665264,-37.49625960,196.07
148.34691016,-37.49625666,196.22
148.34691378,-37.49625662,196.22
148.34692351,-37.49625651,203.37
148.34702145,-37.49625540,200.69
148.34713828,-37.49625406,196.22
148.34722548,-37.49625307,205.21
148.34732274,-37.49625196,196.18
148.34735588,-37.49625158,196.35
148.34739897,-37.49625109,196.07
148.34742238,-37.49625082,204.12
148.34746955,-37.49625028,196.04
148.34752372,-37.49624967,195.93
148.34758151,-37.49624901,195.86
148.34760763,-37.49624871,195.94
148.34766396,-37.49624807,207.32
148.34773012,-37.49624731,195.78
148.34781110,-37.49624639,195.69
148.34782173,-37.49624627,208.69
148.34783236,-37.49624614,195.71
148.34784820,-37.49624596,195.64
148.34803164,-37.49624387,209.94
148.34809237,-37.49624318,194.84
148.34810459,-37.49624304,194.73
148.34811907,-37.49624287,196.86
148.34813727,-37.49624266,194.61
148.34816012,-37.49624240,209.86
148.34817313,-37.49624226,194.31
148.34828611,-37.49624097,193.74
148.34841459,-37.49623950,192.93
148.34842488,-37.49623938,193.40
148.34850496,-37.49623847,192.83
148.34853979,-37.49623807,192.39
148.34858265,-37.49623758,202.51
148.34861828,-37.49623717,193.65
148.34863117,-37.49623703,192.32
148.34865062,-37.49623680,192.17
148.34871837,-37.49623603,194.90
148.34872810,-37.49623592,193.97
148.34882321,-37.49623483,194.22
148.34886054,-37.49623441,192.34
148.34888180,-37.49623416,193.93
148.34893246,-37.49623359,192.44
148.34896221,-37.49623325,192.51
148.34896334,-37.49623323,193.63
148.34898720,-37.49623296,192.54
148.34901627,-37.49623263,192.57
148.34910381,-37.49623163,209.51
148.34911749,-37.49623147,206.55
148.34912473,-37.49623139,207.02
148.34913106,-37.49623132,192.65
148.34913548,-37.49623127,201.45
148.34913582,-37.49623126,206.66
148.34915029,-37.49623110,193.61
148.34924970,-37.49622996,193.03
148.34927413,-37.49622968,192.46
148.34929935,-37.49622940,192.68
148.34932231,-37.49622913,194.62
148.34933408,-37.49622900,192.56
148.34938802,-37.49622838,202.96
148.34939763,-37.49622827,192.66
148.34941483,-37.49622808,192.59
148.34942455,-37.49622796,202.28
148.34942919,-37.49622791,192.69
148.34944774,-37.49622770,205.43
148.34944853,-37.49622769,199.45
148.34948608,-37.49622726,192.96
148.34950202,-37.49622708,193.10
148.34961015,-37.49622584,193.79
148.34965866,-37.49622529,201.22
148.34965912,-37.49622528,211.02
148.34971385,-37.49622466,209.35
148.34973772,-37.49622439,194.70
148.34980422,-37.49622363,195.13
148.34982662,-37.49622337,195.13
148.34987513,-37.49622282,198.34
148.34990126,-37.49622252,195.13
148.35017032,-37.49621944,195.31
148.35034777,-37.49621741,195.56
148.35040070,-37.49621681,203.01
148.35057329,-37.49621484,208.79
148.35063594,-37.49621412,213.24
148.35065438,-37.49621391,194.78
148.35073637,-37.49621297,203.70
148.35074010,-37.49621293,194.44
148.35074712,-37.49621285,202.57
148.35075809,-37.49621272,194.34
148.35076804,-37.49621261,197.13
148.35084246,-37.49621176,193.70
148.35102873,-37.49620963,193.69
148.35102952,-37.49620962,192.29
148.35114782,-37.49620826,196.00
148.35115291,-37.49620821,190.85
148.35117169,-37.49620799,190.55
148.35117813,-37.49620792,195.33
148.35118209,-37.49620787,208.40
148.35121545,-37.49620749,201.79
148.35122970,-37.49620733,190.08
148.35128082,-37.49620674,197.16
148.35130740,-37.49620644,191.47
148.35132561,-37.49620623,195.77
148.35135818,-37.49620586,198.01
148.35141326,-37.49620523,195.86
148.35146347,-37.49620465,204.92
148.35146868,-37.49620459,205.14
148.35152772,-37.49620392,193.84
148.35155328,-37.49620363,196.71
148.35158155,-37.49620330,206.54
148.35167509,-37.49620223,194.74
148.35173955,-37.49620149,197.05
148.35176466,-37.49620121,195.27
148.35179395,-37.49620087,195.35
148.35184134,-37.49620033,198.20
148.35184801,-37.49620025,195.49
148.35188997,-37.49619977,195.71
148.35190388,-37.49619961,198.06
148.35198237,-37.49619871,199.76
148.35204536,-37.49619799,211.97
148.35205656,-37.49619787,211.40
148.35205950,-37.49619783,199.32
148.35207500,-37.49619765,213.67
148.35215597,-37.49619673,197.56
148.35219070,-37.49619633,211.73
148.35225290,-37.49619562,198.79
148.35228389,-37.49619526,195.88
148.35231397,-37.49619492,196.79
148.35232528,-37.49619479,195.77
148.35234405,-37.49619457,200.28
148.35239246,-37.49619402,197.17
148.35245557,-37.49619330,200.40
148.35252874,-37.49619246,198.02
148.35254311,-37.49619230,195.57
148.35257217,-37.49619196,198.99
148.35261085,-37.49619152,208.97
148.35261662,-37.49619145,208.88
148.35261911,-37.49619142,204.45
148.35263053,-37.49619129,194.63
148.35275811,-37.49618983,197.18
148.35276783,-37.49618972,201.36
148.35277314,-37.49618966,202.78
148.35277925,-37.49618959,210.65
148.35279034,-37.49618946,208.54
148.35282789,-37.49618903,198.85
148.35283614,-37.49618894,209.61
148.35289473,-37.49618827,195.88
148.35294766,-37.49618766,210.86
148.35295625,-37.49618756,197.74
148.35303067,-37.49618671,210.38
148.35303282,-37.49618669,196.80
148.35306245,-37.49618635,196.27
148.35306799,-37.49618628,195.91
148.35307919,-37.49618616,195.51
148.35313155,-37.49618556,192.00
148.35315010,-37.49618534,202.25
148.35315655,-37.49618527,197.89
148.35316130,-37.49618521,197.66
148.35319025,-37.49618488,216.91
148.35328378,-37.49618381,214.86
148.35332925,-37.49618329,219.57
148.35337053,-37.49618282,190.48
148.35341068,-37.49618236,220.71
148.35342516,-37.49618219,196.67
148.35345083,-37.49618190,194.98
148.35349154,-37.49618143,196.53
148.35356336,-37.49618061,196.52
148.35356822,-37.49618055,198.40
148.35360995,-37.49618007,188.56
148.35376049,-37.49617835,190.25
148.35376468,-37.49617830,186.82
148.35379114,-37.49617800,192.45
148.35379476,-37.49617796,202.82
148.35380652,-37.49617782,204.57
148.35381353,-37.49617774,190.73
148.35393669,-37.49617633,190.09
148.35402310,-37.49617534,196.63
148.35404651,-37.49617507,184.30
148.35435210,-37.49617157,181.42
148.35438105,-37.49617123,206.36
148.35443760,-37.49617059,183.79
148.35444620,-37.49617049,181.11
148.35445072,-37.49617044,184.14
148.35445762,-37.49617036,201.77
148.35448284,-37.49617007,198.69
148.35449585,-37.49616992,207.56
148.35453860,-37.49616943,192.77
148.35471559,-37.49616740,184.95
148.35471605,-37.49616739,182.09
148.35475303,-37.49616697,195.39
148.35475473,-37.49616695,196.52
148.35477746,-37.49616669,185.56
148.35477972,-37.49616666,187.04
148.35491069,-37.49616516,185.52
148.35498025,-37.49616436,187.86
148.35508724,-37.49616313,186.43
148.35518992,-37.49616196,193.45
148.35520587,-37.49616177,187.80
148.35524908,-37.49616128,188.66
148.35530347,-37.49616065,200.69
148.35530698,-37.49616061,203.26
148.35530732,-37.49616061,197.37
148.35532293,-37.49616043,190.33
148.35537405,-37.49615984,229.94
148.35538558,-37.49615971,213.73
148.35547357,-37.49615870,219.92
148.35559266,-37.49615734,199.50
148.35573087,-37.49615575,197.77
148.35578719,-37.49615510,202.23
148.35581332,-37.49615480,213.50
148.35587789,-37.49615406,199.25
148.35627250,-37.49614953,208.26
148.35630224,-37.49614919,210.61
148.35638141,-37.49614828,212.17
148.35640256,-37.49614804,210.15
148.35642585,-37.49614777,234.60
148.35643649,-37.49614765,240.54
148.35645967,-37.49614738,239.48
148.35646498,-37.49614732,208.77
148.35646826,-37.49614728,242.54
148.35647290,-37.49614723,219.01
148.35647878,-37.49614716,209.00
148.35649789,-37.49614694,216.04
148.35651667,-37.49614673,221.02
148.35653081,-37.49614656,220.66
148.35653760,-37.49614649,219.04
148.35667467,-37.49614491,213.30
148.35669378,-37.49614469,227.12
148.35671448,-37.49614445,213.82
148.35676695,-37.49614385,215.93
148.35677759,-37.49614373,229.73
148.35680066,-37.49614346,216.70
148.35680643,-37.49614340,215.54
148.35681932,-37.49614325,215.68
148.35683719,-37.49614305,218.51
148.35687824,-37.49614257,223.94
148.35689441,-37.49614239,220.74
148.35696103,-37.49614162,218.69
148.35697098,-37.49614151,219.14
148.35698535,-37.49614134,220.91
148.35708239,-37.49614023,221.84
148.35712072,-37.49613979,228.64
148.35712457,-37.49613974,227.37
148.35729162,-37.49613782,227.19
148.35737316,-37.49613689,232.26
148.35737576,-37.49613686,232.18
148.35739578,-37.49613663,229.73
148.35748411,-37.49613561,253.56
148.35757684,-37.49613455,233.79
148.35758838,-37.49613441,234.00
148.35764459,-37.49613377,234.96
148.35773812,-37.49613269,235.87
148.35773937,-37.49613268,242.27
148.35776730,-37.49613236,235.90
148.35779218,-37.49613207,237.56
148.35781344,-37.49613183,235.91
148.35788990,-37.49613095,235.68
148.35791919,-37.49613061,236.14
148.35793728,-37.49613040,235.10
148.35796511,-37.49613008,234.98
148.35797970,-37.49612992,234.72
148.35798004,-37.49612991,234.69
148.35805152,-37.49612909,248.65
148.35805162,-37.49612909,244.11
148.35806045,-37.49612899,244.89
148.35809098,-37.49612864,233.29
148.35829241,-37.49612632,230.25
148.35840166,-37.49612506,241.67
148.35847868,-37.49612418,228.14
148.35854326,-37.49612343,239.93
148.35856667,-37.49612317,225.71
148.35860557,-37.49612272,229.40
148.35861078,-37.49612266,240.82
148.35861383,-37.49612262,225.02
148.35863589,-37.49612237,225.30
148.35868418,-37.49612181,223.65
148.35873361,-37.49612124,222.96
148.35874378,-37.49612113,239.80
148.35877805,-37.49612073,222.45
148.35880870,-37.49612038,240.34
148.35883709,-37.49612005,223.10
148.35889386,-37.49611940,221.25
148.35904021,-37.49611772,246.58
148.35907730,-37.49611729,221.70
148.35910252,-37.49611700,222.14
148.35911870,-37.49611681,222.25
148.35913046,-37.49611668,247.40
148.35915104,-37.49611644,222.86
148.35916201,-37.49611632,222.84
148.35916280,-37.49611631,222.81
148.35918429,-37.49611606,223.02
148.35922026,-37.49611565,228.99
148.35922365,-37.49611561,233.69
148.35928133,-37.49611494,225.50
148.35928880,-37.49611486,226.24
148.35932352,-37.49611446,225.49
148.35932838,-37.49611440,225.32
148.35938730,-37.49611372,226.79
148.35942813,-37.49611325,231.69
148.35949373,-37.49611250,230.73
148.35951918,-37.49611221,229.31
148.35969346,-37.49611020,230.82
148.35973892,-37.49610968,231.45
148.35980147,-37.49610896,232.61
148.35983743,-37.49610854,233.21
148.35986299,-37.49610825,244.26
148.35986921,-37.49610818,233.77
148.35987826,-37.49610807,233.91
148.35995415,-37.49610720,235.33
148.36001567,-37.49610649,247.27
148.36001714,-37.49610647,248.56
148.36002494,-37.49610638,251.28
148.36002901,-37.49610634,248.15
148.36007188,-37.49610584,237.47
148.36015331,-37.49610490,253.69
148.36018837,-37.49610450,249.55
148.36018916,-37.49610449,250.30
148.36020602,-37.49610430,239.54
148.36020907,-37.49610426,239.58
148.36030294,-37.49610318,255.75
148.36032137,-37.49610297,253.85
148.36042746,-37.49610175,241.69
148.36045743,-37.49610140,252.46
148.36046218,-37.49610135,252.61
148.36055096,-37.49610033,242.13
148.36062730,-37.49609945,241.94
148.36064189,-37.49609928,241.92
148.36067593,-37.49609889,241.83
148.36073033,-37.49609826,241.40
148.36093741,-37.49609587,248.40
148.36094295,-37.49609581,245.33
148.36094521,-37.49609578,238.65
148.36096704,-37.49609553,238.28
148.36103297,-37.49609477,237.09
148.36106894,-37.49609436,236.43
148.36109767,-37.49609403,251.58
148.36115083,-37.49609341,240.80
148.36117729,-37.49609311,233.95
148.36120195,-37.49609282,233.40
148.36122253,-37.49609259,247.97
148.36127557,-37.49609198,231.78
148.36129808,-37.49609172,231.08
148.36131334,-37.49609154,230.83
148.36134116,-37.49609122,246.93
148.36134558,-37.49609117,234.07
148.36135316,-37.49609108,246.31
148.36135429,-37.49609107,246.51
148.36135768,-37.49609103,248.15
148.36136118,-37.49609099,247.99
148.36136492,-37.49609095,247.29
148.36137645,-37.49609081,246.95
148.36139862,-37.49609056,243.31
148.36140156,-37.49609052,246.30
148.36153230,-37.49608902,225.71
148.36153762,-37.49608896,239.38
148.36154101,-37.49608892,239.22
148.36176528,-37.49608633,221.72
148.36177557,-37.49608621,220.15
148.36205684,-37.49608297,215.22
148.36212629,-37.49608217,216.57
148.36213839,-37.49608203,213.63
148.36214732,-37.49608193,213.38
148.36221756,-37.49608112,212.15
148.36225047,-37.49608074,211.61
148.36228779,-37.49608031,210.78
148.36228847,-37.49608030,216.24
148.36239681,-37.49607905,209.84
148.36246298,-37.49607829,209.73
148.36247270,-37.49607817,209.55
148.36250946,-37.49607775,216.38
148.36251557,-37.49607768,215.25
148.36260073,-37.49607670,208.24
148.36262821,-37.49607638,217.26
148.36263409,-37.49607631,219.00
148.36263703,-37.49607628,218.85
148.36266474,-37.49607596,208.09
148.36271699,-37.49607535,207.58
148.36277818,-37.49607465,207.18
148.36297067,-37.49607243,205.64
148.36315535,-37.49607030,205.39
148.36322039,-37.49606955,208.03
148.36324007,-37.49606932,204.56
148.36324561,-37.49606925,204.55
148.36336436,-37.49606788,204.11
148.36339331,-37.49606755,204.25
148.36341288,-37.49606732,203.82
148.36343448,-37.49606707,205.52
148.36346671,-37.49606670,203.57
148.36348899,-37.49606645,204.13
148.36365468,-37.49606453,202.29
148.36368951,-37.49606413,202.12
148.36378576,-37.49606302,201.43
148.36381346,-37.49606270,200.97
148.36384264,-37.49606236,202.16
148.36386210,-37.49606214,200.60
148.36390474,-37.49606165,200.22
148.36396061,-37.49606100,199.55
148.36399035,-37.49606066,211.18
148.36401885,-37.49606033,198.90
148.36405968,-37.49605986,198.21
148.36406963,-37.49605974,201.94
148.36411475,-37.49605922,207.79
148.36414179,-37.49605891,209.88
148.36420897,-37.49605813,207.39
148.36421733,-37.49605804,195.73
148.36438540,-37.49605609,191.10
148.36439591,-37.49605597,191.27
148.36448277,-37.49605497,190.09
148.36448424,-37.49605495,191.10
148.36448831,-37.49605491,194.07
148.36457076,-37.49605395,188.16
148.36458807,-37.49605375,207.11
148.36461713,-37.49605342,208.55
148.36463376,-37.49605323,207.39
148.36469799,-37.49605248,201.56
148.36471541,-37.49605228,186.89
148.36473034,-37.49605211,194.96
148.36476845,-37.49605167,196.19
148.36485622,-37.49605065,187.94
148.36490168,-37.49605013,187.33
148.36494375,-37.49604964,203.75
148.36498198,-37.49604920,216.88
148.36502224,-37.49604874,199.57
148.36508241,-37.49604804,205.10
148.36508795,-37.49604798,205.04
148.36513828,-37.49604740,188.12
148.36518691,-37.49604683,186.16
148.36528225,-37.49604573,217.53
148.36533021,-37.49604518,196.22
148.36533360,-37.49604514,199.13
148.36533541,-37.49604512,193.53
148.36533790,-37.49604509,195.69
148.36534185,-37.49604504,199.19
148.36538121,-37.49604459,204.37
148.36541616,-37.49604418,207.87
148.36544466,-37.49604385,208.58
148.36546151,-37.49604366,221.35
148.36546174,-37.49604366,188.47
148.36549725,-37.49604325,228.49
148.36552304,-37.49604295,187.87
148.36556363,-37.49604248,188.27
148.36556669,-37.49604244,190.87
148.36558580,-37.49604222,192.15
148.36561306,-37.49604191,211.40
148.36561555,-37.49604188,191.32
148.36561578,-37.49604188,208.36
148.36561872,-37.49604184,210.88
148.36562188,-37.49604180,218.15
148.36562335,-37.49604179,210.86
148.36562856,-37.49604173,218.51
148.36566181,-37.49604134,190.06
148.36572899,-37.49604057,218.44
148.36576857,-37.49604011,212.79
148.36579141,-37.49603984,193.85
148.36585045,-37.49603916,214.11
148.36585554,-37.49603910,211.40
148.36587217,-37.49603891,217.40
148.36588460,-37.49603877,215.59
148.36589196,-37.49603868,196.81
148.36589739,-37.49603862,214.76
148.36590711,-37.49603851,195.46
148.36605934,-37.49603675,218.65
148.36606737,-37.49603665,216.03
148.36612143,-37.49603603,219.35
148.36612279,-37.49603601,200.44
148.36612629,-37.49603597,208.96
148.36613104,-37.49603592,217.73
148.36616712,-37.49603550,201.69
148.36620195,-37.49603510,201.71
148.36620320,-37.49603508,202.82
148.36621383,-37.49603496,212.84
148.36623125,-37.49603476,202.05
148.36623803,-37.49603468,216.59
148.36643912,-37.49603235,227.69
148.36647474,-37.49603194,205.41
148.36658297,-37.49603069,219.73
148.36658953,-37.49603061,219.59
148.36660311,-37.49603046,205.64
148.36662550,-37.49603020,222.15
148.36665072,-37.49602990,224.42
148.36665196,-37.49602989,225.68
148.36672492,-37.49602905,204.54
148.36677128,-37.49602851,222.67
148.36680521,-37.49602812,205.17
148.36685701,-37.49602752,217.76
148.36690123,-37.49602701,199.20
148.36690281,-37.49602699,219.17
148.36693301,-37.49602664,220.02
148.36696671,-37.49602625,204.53
148.36697158,-37.49602619,214.15
148.36709010,-37.49602482,188.89
148.36712267,-37.49602444,223.19
148.36712562,-37.49602441,218.27
148.36714009,-37.49602424,215.60
148.36714868,-37.49602414,193.68
148.36716859,-37.49602391,187.34
148.36717538,-37.49602383,212.83
148.36721439,-37.49602338,184.26
148.36722601,-37.49602135,187.48
148.36722931,-37.49601609,224.78
148.36722966,-37.49599824,189.86
148.36722887,-37.49594877,186.91
148.36722740,-37.49586776,190.70
148.36722705,-37.49584874,186.23
148.36722697,-37.49584451,193.39
148.36722693,-37.49584208,193.14
148.36722689,-37.49583991,192.75
148.36722639,-37.49581261,193.05
148.36722598,-37.49578999,194.73
148.36722502,-37.49573746,192.49
148.36722375,-37.49566780,191.62
148.36722357,-37.49565789,190.45
148.36722344,-37.49565068,194.01
148.36722286,-37.49561896,189.95
148.36722209,-37.49557688,195.83
148.36722155,-37.49554696,184.15
148.36722154,-37.49554651,195.62
148.36722132,-37.49553435,195.50
148.36722048,-37.49548866,203.95
148.36722046,-37.49548740,197.11
148.36722046,-37.49548722,202.69
148.36722044,-37.49548614,186.58
148.36721989,-37.49545586,188.15
148.36721932,-37.49542486,195.10
148.36721921,-37.49541864,207.19
148.36721835,-37.49537143,194.51
148.36721829,-37.49536827,194.49
148.36721798,-37.49535106,199.00
148.36721790,-37.49534673,194.50
148.36721759,-37.49532988,200.84
148.36721754,-37.49532736,200.52
148.36721685,-37.49528915,196.50
148.36721630,-37.49525897,196.98
148.36721595,-37.49524004,213.32
148.36721592,-37.49523806,207.02
148.36721560,-37.49522094,198.69
148.36721546,-37.49521310,204.96
148.36721525,-37.49520139,198.52
148.36721487,-37.49518039,217.25
148.36721460,-37.49516588,204.53
148.36721441,-37.49515561,217.29
148.36721390,-37.49512786,201.35
148.36721375,-37.49511929,216.84
148.36721370,-37.49511641,216.85
148.36721288,-37.49507154,211.58
148.36721274,-37.49506388,195.22
148.36721244,-37.49504730,208.92
148.36721207,-37.49502729,205.58
148.36721149,-37.49499548,192.08
148.36721136,-37.49498818,211.27
148.36721119,-37.49497854,211.55
148.36721080,-37.49495746,207.73
148.36721042,-37.49493673,211.29
148.36721034,-37.49493195,191.48
148.36721005,-37.49491636,192.15
148.36720972,-37.49489807,212.29
148.36720961,-37.49489249,211.65
148.36720904,-37.49486095,196.16
148.36720775,-37.49479021,188.64
148.36720762,-37.49478300,192.80
148.36720734,-37.49476750,206.19
148.36720717,-37.49475858,210.12
148.36720715,-37.49475759,211.83
148.36720676,-37.49473596,209.13
148.36720651,-37.49472245,209.87
148.36720622,-37.49470596,202.56
148.36720588,-37.49468739,190.24
148.36720450,-37.49461215,206.73
148.36720432,-37.49460179,206.77
148.36720422,-37.49459629,207.81
148.36720415,-37.49459296,207.36
148.36720321,-37.49454087,209.80
148.36720303,-37.49453105,197.42
148.36720300,-37.49452961,210.89
148.36720286,-37.49452195,220.92
148.36720269,-37.49451258,208.92
148.36720212,-37.49448149,221.24
148.36720114,-37.49442760,196.60
148.36720112,-37.49442670,224.55
148.36719999,-37.49436471,198.24
148.36719994,-37.49436182,198.27
148.36719987,-37.49435786,220.65
148.36719882,-37.49430028,199.78
148.36719865,-37.49429117,211.82
148.36719810,-37.49426081,201.86
148.36719774,-37.49424116,224.14
148.36719759,-37.49423314,223.14
148.36719755,-37.49423080,204.67
148.36719710,-37.49420593,201.78
148.36719704,-37.49420251,216.17
148.36719671,-37.49418484,221.66
148.36719614,-37.49415321,203.97
148.36719498,-37.49409005,230.42
148.36719496,-37.49408879,234.48
148.36719473,-37.49407626,228.20
148.36719459,-37.49406806,203.28
148.36719396,-37.49403409,223.59
148.36719393,-37.49403193,226.30
148.36719390,-37.49403066,229.33
148.36719362,-37.49401507,228.31
148.36719347,-37.49400714,230.60
148.36719327,-37.49399624,218.58
148.36719310,-37.49398687,203.66
148.36719284,-37.49397254,223.07
148.36719281,-37.49397074,203.62
148.36719268,-37.49396344,223.28
148.36719194,-37.49392289,203.87
148.36719180,-37.49391505,203.99
148.36719171,-37.49391028,231.22
148.36719163,-37.49390622,237.22
148.36719153,-37.49390081,230.25
148.36719145,-37.49389631,237.72
148.36719118,-37.49388162,205.04
148.36718893,-37.49375808,208.50
148.36718877,-37.49374916,229.77
148.36718834,-37.49372555,209.39
148.36718767,-37.49368887,220.94
148.36718763,-37.49368671,210.48
148.36718762,-37.49368635,220.84
148.36718754,-37.49368148,220.58
148.36718727,-37.49366716,223.78
148.36718690,-37.49364670,211.44
148.36718656,-37.49362778,229.56
148.36718638,-37.49361823,229.11
148.36718590,-37.49359164,227.91
148.36718491,-37.49353776,232.67
148.36718474,-37.49352838,216.51
148.36718441,-37.49350991,234.18
148.36718099,-37.49332257,238.27
148.36718032,-37.49328554,241.11
148.36718017,-37.49327761,226.42
148.36717953,-37.49324246,250.46
148.36717946,-37.49323886,225.58
148.36717896,-37.49321101,248.80
148.36717872,-37.49319786,228.76
148.36717856,-37.49318921,249.07
148.36717841,-37.49318092,248.10
148.36717807,-37.49316226,249.12
148.36717753,-37.49313298,229.88
148.36717569,-37.49303160,262.09
148.36717413,-37.49294645,239.48
148.36717346,-37.49290968,269.71
148.36717188,-37.49282254,245.75
148.36717051,-37.49274757,249.66
148.36716972,-37.49270441,273.93
148.36716964,-37.49269999,273.63
148.36716940,-37.49268675,272.78
148.36716924,-37.49267792,272.24
148.36716880,-37.49265386,253.95
148.36716845,-37.49263430,260.49
148.36716743,-37.49257870,257.99
148.36716690,-37.49254942,259.63
148.36716614,-37.49250806,261.38
148.36716535,-37.49246480,280.28
148.36716529,-37.49246147,283.87
148.36716524,-37.49245868,279.15
148.36716501,-37.49244579,285.93
148.36716473,-37.49243065,283.19
148.36716365,-37.49237127,272.36
148.36716303,-37.49233748,275.36
148.36716221,-37.49229233,280.60
148.36716215,-37.49228927,279.97
148.36716063,-37.49220573,271.58
148.36716027,-37.49218600,283.98
148.36716025,-37.49218492,271.84
148.36715949,-37.49214293,272.07
148.36715825,-37.49207480,271.82
148.36715660,-37.49198451,272.15
148.36715472,-37.49188161,268.90
148.36715469,-37.49187971,282.79
148.36715313,-37.49179447,272.91
148.36715146,-37.49170264,275.32
148.36715112,-37.49168399,275.29
148.36715035,-37.49164182,262.50
148.36714968,-37.49160523,268.03
148.36714904,-37.49156991,264.11
148.36714800,-37.49151278,262.84
148.36714686,-37.49145060,268.96
148.36714565,-37.49138410,254.20
148.36714527,-37.49136284,253.55
148.36714507,-37.49135229,267.05
148.36714364,-37.49127354,250.56
148.36714359,-37.49127119,250.40
148.36714297,-37.49123686,266.44
148.36714254,-37.49121352,248.07
148.36714236,-37.49120334,263.40
148.36714229,-37.49119946,265.77
148.36714208,-37.49118802,247.00
148.36714177,-37.49117117,265.34
148.36714169,-37.49116648,255.36
148.36714146,-37.49115432,246.00
148.36714005,-37.49107691,243.34
148.36713982,-37.49106403,242.80
148.36713981,-37.49106385,247.56
148.36713956,-37.49104961,261.75
148.36713948,-37.49104573,261.31
148.36713878,-37.49100744,241.19
148.36713849,-37.49099104,253.79
148.36713813,-37.49097157,239.90
148.36713802,-37.49096554,243.21
148.36713681,-37.49089876,266.94
148.36713677,-37.49089660,266.76
148.36713559,-37.49083199,237.83
148.36713461,-37.49077838,266.08
148.36713456,-37.49077531,237.30
148.36713424,-37.49075774,237.64
148.36713373,-37.49072990,252.08
148.36713292,-37.49068556,248.24
148.36713189,-37.49062888,266.33
148.36712999,-37.49052471,245.66
148.36712978,-37.49051345,246.15
148.36712947,-37.49049615,248.26
148.36712862,-37.49044965,248.58
148.36712839,-37.49043730,248.99
148.36712832,-37.49043325,272.12
148.36712820,-37.49042703,249.39
148.36712784,-37.49040676,251.70
148.36712690,-37.49035548,273.33
148.36712662,-37.49034035,252.70
148.36712536,-37.49027087,262.01
148.36712366,-37.49017751,257.77
148.36712314,-37.49014895,258.73
148.36712301,-37.49014210,280.53
148.36712286,-37.49013372,259.17
148.36712275,-37.49012804,269.68
148.36712223,-37.49009894,260.25
148.36712204,-37.49008903,278.82
148.36712190,-37.49008119,260.62
148.36712154,-37.49006163,261.34
148.36712060,-37.49000964,262.35
148.36712038,-37.48999756,282.74
148.36711980,-37.48996593,263.13
148.36711965,-37.48995764,263.21
148.36711843,-37.48989060,279.95
148.36711814,-37.48987474,264.90
148.36711756,-37.48984284,265.55
148.36711726,-37.48982680,265.84
148.36711681,-37.48980193,266.20
148.36711631,-37.48977436,266.46
148.36711565,-37.48973831,266.71
148.36711553,-37.48973174,277.70
148.36711511,-37.48970849,270.55
148.36711399,-37.48964739,267.21
148.36711388,-37.48964108,278.63
148.36711350,-37.48962045,267.30
148.36711295,-37.48959008,267.24
148.36711293,-37.48958918,281.67
148.36711290,-37.48958747,281.27
148.36711231,-37.48955485,272.29
148.36711217,-37.48954728,270.71
148.36711210,-37.48954376,278.71
148.36711196,-37.48953592,270.44
148.36711186,-37.48953016,267.03
148.36711121,-37.48949492,266.57
148.36711102,-37.48948447,266.42
148.36711085,-37.48947492,275.65
148.36711032,-37.48944590,280.68
148.36711031,-37.48944527,271.76
148.36711026,-37.48944257,272.82
148.36711022,-37.48944005,279.55
148.36711010,-37.48943401,265.58
148.36710986,-37.48942076,274.85
148.36710986,-37.48942040,265.30
148.36710936,-37.48939319,264.79
148.36710923,-37.48938616,275.79
148.36710851,-37.48934660,267.63
148.36710812,-37.48932506,263.09
148.36710739,-37.48928496,269.11
148.36710703,-37.48926505,261.52
148.36710687,-37.48925631,277.09
148.36710645,-37.48923369,277.43
148.36710578,-37.48919675,259.74
148.36710445,-37.48912367,257.75
148.36710350,-37.48907167,256.23
148.36710306,-37.48904725,264.30
148.36710304,-37.48904644,264.05
148.36710293,-37.48904058,271.00
148.36710272,-37.48902878,254.74
148.36710271,-37.48902833,260.43
148.36710256,-37.48902004,258.87
148.36710239,-37.48901085,260.43
148.36710209,-37.48899454,253.57
148.36710181,-37.48897895,264.91
148.36710177,-37.48897669,252.85
148.36710124,-37.48894759,251.83
148.36710065,-37.48891515,265.15
148.36710062,-37.48891380,260.55
148.36710053,-37.48890884,250.63
148.36710007,-37.48888334,249.78
148.36709969,-37.48886297,260.16
148.36709964,-37.48886000,266.27
148.36709959,-37.48885694,248.88
148.36709924,-37.48883810,248.12
148.36709840,-37.48879188,246.63
148.36709809,-37.48877485,246.04
148.36709613,-37.48866752,242.40
148.36709590,-37.48865437,245.96
148.36709557,-37.48863671,254.75
148.36709467,-37.48858741,239.70
148.36709382,-37.48854056,240.54
148.36709359,-37.48852821,254.84
148.36709308,-37.48850010,236.65
148.36709233,-37.48845901,235.23
148.36709191,-37.48843558,234.52
148.36709128,-37.48840143,233.24
148.36709123,-37.48839863,233.13
148.36709113,-37.48839295,232.90
148.36709108,-37.48839016,232.78
148.36709103,-37.48838728,232.69
148.36709087,-37.48837863,232.40
148.36709074,-37.48837187,247.14
148.36709055,-37.48836133,231.87
148.36709050,-37.48835853,231.72
148.36709045,-37.48835565,231.65
148.36709040,-37.48835277,231.54
148.36709034,-37.48834997,231.44
148.36709024,-37.48834429,231.23
148.36708999,-37.48833024,230.66
148.36708946,-37.48830140,229.77
148.36708946,-37.48830131,229.79
148.36708863,-37.48825608,228.41
148.36708838,-37.48824220,241.97
148.36708820,-37.48823220,238.03
148.36708783,-37.48821210,240.18
148.36708783,-37.48821192,247.52
148.36708739,-37.48818768,236.72
148.36708662,-37.48814551,250.27
148.36708659,-37.48814380,248.14
148.36708656,-37.48814209,246.03
148.36708627,-37.48812632,239.32
148.36708560,-37.48808973,233.09
148.36708518,-37.48806639,221.99
148.36708492,-37.48805224,225.73
148.36708482,-37.48804666,221.31
148.36708431,-37.48801899,220.44
148.36708335,-37.48796601,218.93
148.36708285,-37.48793870,223.06
148.36708277,-37.48793456,220.93
148.36708251,-37.48792005,227.54
148.36708245,-37.48791663,227.82
148.36708217,-37.48790158,226.14
148.36708175,-37.48787842,228.37
148.36708141,-37.48785977,229.38
148.36708130,-37.48785382,214.70
148.36707972,-37.48776686,211.60
148.36707959,-37.48775983,231.23
148.36707959,-37.48775974,220.83
148.36707933,-37.48774569,220.29
148.36707927,-37.48774244,211.16
148.36707903,-37.48772938,210.01
148.36707784,-37.48766387,225.48
148.36707706,-37.48762088,214.44
148.36707688,-37.48761115,230.07
148.36707548,-37.48753429,231.17
148.36707510,-37.48751347,227.83
148.36707479,-37.48749635,214.39
148.36707447,-37.48747914,241.05
148.36707403,-37.48745463,215.40
148.36707366,-37.48743471,243.70
148.36707321,-37.48741002,245.98
148.36707052,-37.48726233,245.05
148.36706870,-37.48716240,244.09
148.36706869,-37.48716186,238.31
148.36706863,-37.48715879,243.84
148.36706756,-37.48709968,243.48
148.36706707,-37.48707301,243.73
148.36706658,-37.48704633,252.62
148.36706598,-37.48701326,230.51
148.36706514,-37.48696713,240.95
148.36706508,-37.48696370,228.57
148.36706502,-37.48696028,228.67
148.36706500,-37.48695920,252.20
148.36706490,-37.48695397,228.72
148.36706470,-37.48694289,252.76
148.36706468,-37.48694181,253.04
148.36706377,-37.48689206,251.74
148.36706304,-37.48685178,234.30
148.36706286,-37.48684205,231.35
148.36706269,-37.48683259,240.47
148.36706194,-37.48679132,232.61
148.36706174,-37.48678069,232.73
148.36706088,-37.48673338,233.69
148.36706083,-37.48673040,255.34
148.36706057,-37.48671644,254.82
148.36705951,-37.48665841,240.12
148.36705834,-37.48659380,243.24
148.36705736,-37.48654036,237.43
148.36705660,-37.48649828,242.99
148.36705654,-37.48649521,242.87
148.36705597,-37.48646377,238.36
148.36705536,-37.48643042,259.95
148.36705524,-37.48642385,238.94
148.36705432,-37.48637338,260.86
148.36705265,-37.48628183,240.34
148.36705197,-37.48624452,240.43
148.36705113,-37.48619839,257.32
148.36705079,-37.48617964,257.96
148.36705063,-37.48617099,240.39
148.36704998,-37.48613504,240.95
148.36704942,-37.48610449,239.76
148.36704935,-37.48610062,261.06
148.36704925,-37.48609530,261.12
148.36704896,-37.48607953,254.31
148.36704881,-37.48607088,250.35
148.36704880,-37.48607061,258.04
148.36704788,-37.48601979,238.42
148.36704697,-37.48597023,237.35
148.36704690,-37.48596626,241.17
148.36704683,-37.48596221,240.22
148.36704678,-37.48595977,241.46
148.36704557,-37.48589336,235.42
148.36704525,-37.48587597,250.88
148.36704519,-37.48587246,240.38
148.36704481,-37.48585164,234.30
148.36704465,-37.48584254,248.98
148.36704398,-37.48580586,250.35
148.36704350,-37.48577973,251.14
148.36704343,-37.48577586,232.15
148.36704341,-37.48577469,232.11
148.36704341,-37.48577460,251.37
148.36704291,-37.48574720,231.19
148.36704270,-37.48573576,230.83
148.36704212,-37.48570413,229.89
148.36704165,-37.48567818,247.12
148.36704135,-37.48566142,243.35
148.36704120,-37.48565330,239.83
148.36704115,-37.48565060,239.94
148.36704075,-37.48562907,227.56
148.36704054,-37.48561708,235.40
148.36704017,-37.48559690,242.71
148.36704015,-37.48559563,233.35
148.36704013,-37.48559482,242.14
148.36704008,-37.48559194,241.94
148.36703996,-37.48558536,238.48
148.36703885,-37.48552463,224.22
148.36703873,-37.48551832,223.91
148.36703672,-37.48540748,248.05
148.36703604,-37.48537036,246.63
148.36703561,-37.48534702,218.73
148.36703421,-37.48526997,216.40
148.36703411,-37.48526466,234.94
148.36703197,-37.48514724,212.69
148.36703053,-37.48506839,210.39
148.36703053,-37.48506785,210.36
148.36702972,-37.48502352,230.99
148.36702967,-37.48502073,218.40
148.36702920,-37.48499531,208.45
148.36702890,-37.48497855,225.85
148.36702858,-37.48496125,208.99
148.36702538,-37.48478562,234.59
148.36702538,-37.48478535,209.97
148.36702512,-37.48477130,235.04
148.36702500,-37.48476481,211.53
148.36702497,-37.48476283,235.35
148.36702447,-37.48473579,211.08
148.36702238,-37.48462054,212.91
148.36702232,-37.48461748,213.01
148.36702226,-37.48461441,213.12
148.36702221,-37.48461126,213.21
148.36702209,-37.48460495,213.36
148.36702186,-37.48459243,213.66
148.36702181,-37.48458936,213.77
148.36702164,-37.48457990,214.00
148.36702146,-37.48457062,231.80
148.36702023,-37.48450304,235.23
148.36702010,-37.48449556,233.73
148.36701955,-37.48446546,216.42
148.36701867,-37.48441698,229.90
148.36701845,-37.48440545,222.87
148.36701810,-37.48438598,226.43
148.36701735,-37.48434507,242.20
148.36701624,-37.48428398,221.03
148.36701576,-37.48425784,219.90
148.36701508,-37.48422018,220.47
148.36701505,-37.48421864,237.97
148.36701375,-37.48414719,230.15
148.36701291,-37.48410123,222.39
148.36701186,-37.48404365,247.76
148.36701164,-37.48403148,248.07
148.36701157,-37.48402752,227.78
148.36701039,-37.48396273,236.44
148.36701010,-37.48394696,225.23
148.36700980,-37.48393038,225.80
148.36700964,-37.48392146,225.89
148.36700958,-37.48391839,225.92
148.36700952,-37.48391533,225.96
148.36700947,-37.48391236,226.00
148.36700941,-37.48390929,226.09
148.36700908,-37.48389118,238.60
148.36700900,-37.48388659,235.21
148.36700874,-37.48387235,241.21
148.36700834,-37.48385036,227.27
148.36700795,-37.48382919,227.56
148.36700695,-37.48377422,228.53
148.36700580,-37.48371087,229.59
148.36700419,-37.48362283,249.74
148.36700409,-37.48361688,244.84
148.36700356,-37.48358823,233.45
148.36700338,-37.48357823,233.80
148.36700317,-37.48356660,233.88
148.36700279,-37.48354588,234.51
148.36700156,-37.48347811,236.03
148.36700013,-37.48340008,252.61
148.36699992,-37.48338854,258.25
148.36699942,-37.48336115,256.38
148.36699905,-37.48334069,256.83
148.36699903,-37.48333979,258.01
148.36699885,-37.48332979,238.69
148.36699705,-37.48323076,254.87
148.36699700,-37.48322796,254.90
148.36699590,-37.48316777,259.64
148.36699576,-37.48316029,252.40
148.36699570,-37.48315678,255.72
148.36699529,-37.48313443,257.29
148.36699507,-37.48312208,241.29
148.36699469,-37.48310109,256.11
148.36699402,-37.48306468,244.45
148.36699370,-37.48304720,240.86
148.36699360,-37.48304143,253.97
148.36699306,-37.48301188,246.17
148.36699238,-37.48297484,255.61
148.36699238,-37.48297457,252.28
148.36699146,-37.48292384,252.83
148.36699117,-37.48290834,239.56
148.36699086,-37.48289095,239.81
148.36699079,-37.48288698,239.08
148.36698973,-37.48282922,238.10
148.36698914,-37.48279687,256.48
148.36698899,-37.48278840,251.45
148.36698843,-37.48275758,244.62
148.36698836,-37.48275416,253.75
148.36698830,-37.48275091,243.82
148.36698809,-37.48273929,252.61
148.36698787,-37.48272721,250.63
148.36698626,-37.48263890,233.93
148.36698617,-37.48263368,233.90
148.36698583,-37.48261521,253.46
148.36698409,-37.48251951,242.37
148.36698408,-37.48251924,242.44
148.36698404,-37.48251672,242.55
148.36698348,-37.48248599,241.26
148.36698291,-37.48245490,229.33
148.36698284,-37.48245129,229.12
148.36698277,-37.48244715,229.05
148.36698131,-37.48236686,226.88
148.36698125,-37.48236398,226.76
148.36698031,-37.48231225,239.88
148.36698022,-37.48230712,239.47
148.36697949,-37.48226693,224.06
148.36697869,-37.48222322,246.52
148.36697845,-37.48220998,222.30
148.36697721,-37.48214194,248.82
148.36697704,-37.48213239,239.96
148.36697688,-37.48212410,239.58
148.36697604,-37.48207778,219.94
148.36697474,-37.48200641,218.71
148.36697289,-37.48190504,217.36
148.36697275,-37.48189711,226.00
148.36697248,-37.48188215,222.26
148.36697119,-37.48181196,231.75
148.36697052,-37.48177501,234.17
148.36697048,-37.48177267,234.45
148.36697038,-37.48176735,234.77
148.36696995,-37.48174374,236.30
148.36696990,-37.48174095,236.21
148.36696836,-37.48165660,221.77
148.36696832,-37.48165408,221.82
148.36696800,-37.48163678,230.65
148.36696796,-37.48163462,228.70
148.36696788,-37.48162966,232.77
148.36696757,-37.48161290,222.53
148.36696672,-37.48156640,239.59
148.36696663,-37.48156145,240.00
148.36696640,-37.48154883,223.71
148.36696634,-37.48154541,239.08
148.36696567,-37.48150873,224.22
148.36696497,-37.48147034,224.80
148.36696488,-37.48146512,239.19
148.36696367,-37.48139871,237.01
148.36696353,-37.48139114,233.85
148.36696348,-37.48138861,234.07
148.36696334,-37.48138086,226.36
148.36696300,-37.48136221,244.37
148.36696284,-37.48135320,243.36
148.36696278,-37.48135014,225.92
148.36696244,-37.48133121,226.03
148.36696217,-37.48131652,226.18
148.36696072,-37.48123723,241.57
148.36696037,-37.48121785,226.39
148.36696016,-37.48120650,240.91
148.36696004,-37.48119956,240.15
148.36695949,-37.48116928,240.43
148.36695898,-37.48114126,226.41
148.36695883,-37.48113324,238.86
148.36695878,-37.48113071,227.20
148.36695838,-37.48110873,226.30
148.36695813,-37.48109494,234.58
148.36695793,-37.48108404,239.11
148.36695792,-37.48108350,236.42
148.36695788,-37.48108097,239.08
148.36695784,-37.48107908,226.24
148.36695769,-37.48107079,226.25
148.36695707,-37.48103664,226.20
148.36695644,-37.48100177,226.02
148.36695638,-37.48099852,233.20
148.36695632,-37.48099537,232.96
148.36695509,-37.48092823,239.21
148.36695496,-37.48092112,234.59
148.36695438,-37.48088922,225.39
148.36695429,-37.48088399,231.58
148.36695402,-37.48086948,235.82
148.36695382,-37.48085831,241.85
148.36695381,-37.48085795,242.08
148.36695374,-37.48085398,242.78
148.36695366,-37.48084930,241.23
148.36695363,-37.48084804,241.35
148.36695359,-37.48084587,236.74
148.36695351,-37.48084137,240.49
148.36695347,-37.48083911,240.39
148.36695346,-37.48083848,225.10
148.36695340,-37.48083515,239.18
148.36695330,-37.48082992,227.96
148.36695321,-37.48082497,228.19
148.36695253,-37.48078739,228.43
148.36695245,-37.48078316,226.46
148.36695243,-37.48078225,224.71
148.36695238,-37.48077937,224.84
148.36695149,-37.48073044,224.18
148.36695140,-37.48072548,224.17
148.36695132,-37.48072116,238.97
148.36695027,-37.48066358,242.19
148.36695012,-37.48065547,238.16
148.36695007,-37.48065267,245.52
148.36694986,-37.48064069,224.31
148.36694974,-37.48063438,244.39
148.36694946,-37.48061888,246.01
148.36694945,-37.48061879,223.21
148.36694910,-37.48059942,226.87
148.36694854,-37.48056842,222.69
148.36694840,-37.48056085,222.52
148.36694833,-37.48055707,222.49
148.36694827,-37.48055355,222.44
148.36694783,-37.48052940,221.97
148.36694703,-37.48048570,233.24
148.36694698,-37.48048272,221.87
148.36694697,-37.48048218,231.54
148.36694676,-37.48047074,221.22
148.36694629,-37.48044542,220.87
148.36694623,-37.48044190,220.83
148.36694618,-37.48043929,224.07
148.36694616,-37.48043812,220.86
148.36694590,-37.48042379,220.76
148.36694565,-37.48041009,222.53
148.36694560,-37.48040739,223.20
148.36694552,-37.48040306,220.26
148.36694527,-37.48038919,220.01
148.36694512,-37.48038081,228.87
148.36694491,-37.48036945,219.66
148.36694411,-37.48032548,219.01
148.36694361,-37.48029773,235.02
148.36694355,-37.48029475,239.02
148.36694353,-37.48029340,239.34
148.36694286,-37.48025655,232.12
148.36694265,-37.48024510,237.07
148.36694244,-37.48023348,233.66
148.36694235,-37.48022852,217.29
148.36694232,-37.48022708,234.15
148.36694225,-37.48022347,234.24
148.36694216,-37.48021825,217.17
148.36694212,-37.48021591,226.99
148.36694159,-37.48018707,216.64
148.36694086,-37.48014724,215.96
148.36694076,-37.48014120,241.61
148.36694026,-37.48011408,215.47
148.36693994,-37.48009678,244.72
148.36693991,-37.48009461,215.03
148.36693919,-37.48005542,240.29
148.36693915,-37.48005289,240.28
148.36693913,-37.48005217,224.88
148.36693908,-37.48004947,240.33
148.36693902,-37.48004614,240.34
148.36693894,-37.48004199,214.38
148.36693830,-37.48000667,213.83
148.36693792,-37.47998567,213.49
148.36693748,-37.47996134,236.78
148.36693745,-37.47996008,236.79
148.36693740,-37.47995693,236.77
148.36693705,-37.47993791,235.44
148.36693693,-37.47993133,234.80
148.36693688,-37.47992854,235.81
148.36693658,-37.47991178,212.16
148.36693593,-37.47987664,211.32
148.36693581,-37.47986997,211.22
148.36693579,-37.47986871,212.98
148.36693576,-37.47986699,212.78
148.36693510,-37.47983068,216.00
148.36693438,-37.47979130,212.46
148.36693385,-37.47976219,209.70
148.36693370,-37.47975390,226.70
148.36693351,-37.47974381,209.50
148.36693195,-37.47965812,237.57
148.36693194,-37.47965722,233.69
148.36693177,-37.47964838,239.97
148.36693165,-37.47964127,239.32
148.36693121,-37.47961757,245.44
148.36693082,-37.47959585,235.26
148.36693057,-37.47958197,230.48
148.36693018,-37.47956071,208.40
148.36692926,-37.47951024,209.49
148.36692905,-37.47949880,214.87
148.36692842,-37.47946420,222.38
148.36692819,-37.47945176,218.92
148.36692792,-37.47943671,211.19
148.36692693,-37.47938229,207.19
148.36692642,-37.47935462,204.82
148.36692636,-37.47935147,233.85
148.36692610,-37.47933660,237.68
148.36692584,-37.47932272,236.83
148.36692560,-37.47930975,210.58
148.36692525,-37.47929046,204.72
148.36692525,-37.47929019,231.38
148.36692517,-37.47928587,231.98
148.36692439,-37.47924333,204.71
148.36692349,-37.47919359,206.06
148.36692329,-37.47918251,206.86
148.36692295,-37.47916422,205.19
148.36692194,-37.47910826,212.34
148.36692111,-37.47906284,205.88
148.36692067,-37.47903878,214.34
148.36692064,-37.47903734,214.40
148.36692049,-37.47902878,218.21
148.36691989,-37.47899598,206.57
148.36691952,-37.47897597,206.79
148.36691947,-37.47897264,206.83
148.36691940,-37.47896912,206.77
148.36691934,-37.47896579,206.80
148.36691890,-37.47894173,222.17
148.36691857,-37.47892362,217.06
148.36691817,-37.47890127,208.56
148.36691731,-37.47885432,217.89
148.36691716,-37.47884603,220.69
148.36691711,-37.47884342,207.42
148.36691687,-37.47883017,243.60
148.36691641,-37.47880485,239.48
148.36691579,-37.47877106,212.69
148.36691539,-37.47874889,208.27
148.36691509,-37.47873258,219.13
148.36691505,-37.47873060,222.16
148.36691501,-37.47872790,221.97
148.36691340,-37.47863995,222.58
148.36691302,-37.47861886,207.83
148.36691296,-37.47861544,207.84
148.36691260,-37.47859561,234.31
148.36691231,-37.47858021,226.10
148.36691165,-37.47854362,238.61
148.36691141,-37.47853064,226.60
148.36691137,-37.47852848,237.28
148.36691121,-37.47851956,204.58
148.36691115,-37.47851605,204.54
148.36691098,-37.47850704,222.60
148.36691062,-37.47848721,209.79
148.36691013,-37.47846009,222.57
148.36690994,-37.47844999,222.54
148.36690994,-37.47844972,222.74
148.36690978,-37.47844098,221.92
148.36690929,-37.47841431,218.81
148.36690845,-37.47836781,203.89
148.36690760,-37.47832168,216.89
148.36690698,-37.47828761,223.62
148.36690686,-37.47828059,225.02
148.36690680,-37.47827752,207.49
148.36690678,-37.47827644,204.64
148.36690674,-37.47827392,222.67
148.36690664,-37.47826896,217.48
148.36690649,-37.47826022,222.69
148.36690638,-37.47825454,220.59
148.36690630,-37.47825004,229.77
148.36690615,-37.47824193,228.97
148.36690595,-37.47823084,228.00
148.36690485,-37.47817029,239.31
148.36690473,-37.47816380,205.98
148.36690446,-37.47814920,205.89
148.36690439,-37.47814542,243.31
148.36690435,-37.47814290,243.30
148.36690384,-37.47811487,222.72
148.36690366,-37.47810496,204.91
148.36690348,-37.47809550,206.20
148.36690321,-37.47808054,204.98
148.36690313,-37.47807630,222.72
148.36690242,-37.47803701,221.37
148.36690225,-37.47802800,207.53
148.36690223,-37.47802683,209.53
148.36690181,-37.47800367,205.30
148.36690179,-37.47800250,207.42
148.36690123,-37.47797150,228.58
148.36690106,-37.47796258,226.93
148.36690099,-37.47795880,226.86
148.36690060,-37.47793735,207.62
148.36690041,-37.47792708,205.02
148.36690038,-37.47792510,212.03
148.36690032,-37.47792212,211.86
148.36690027,-37.47791897,211.58
148.36689964,-37.47788446,206.50
148.36689860,-37.47782715,203.22
148.36689859,-37.47782669,208.93
148.36689853,-37.47782336,208.67
148.36689818,-37.47780426,215.17
148.36689805,-37.47779741,202.99
148.36689673,-37.47772460,203.38
148.36689660,-37.47771784,203.39
148.36689628,-37.47770000,205.66
148.36689563,-37.47766449,206.22
148.36689522,-37.47764179,229.67
148.36689492,-37.47762530,205.94
148.36689409,-37.47757997,231.95
148.36689406,-37.47757790,209.04
148.36689330,-37.47753663,222.67
148.36689325,-37.47753365,207.93
148.36689303,-37.47752149,208.35
148.36689287,-37.47751320,212.76
148.36689271,-37.47750410,231.53
148.36689223,-37.47747769,232.56
148.36689153,-37.47743904,245.32
148.36689139,-37.47743183,247.06
148.36689119,-37.47742038,247.45
148.36689087,-37.47740290,229.68
148.36689071,-37.47739443,231.06
148.36689049,-37.47738245,212.75
148.36689041,-37.47737794,255.10
148.36689024,-37.47736848,254.40
148.36688942,-37.47732333,212.65
148.36688899,-37.47729981,222.66
148.36688880,-37.47728936,247.59
148.36688796,-37.47724340,246.53
148.36688766,-37.47722701,226.52
148.36688643,-37.47715906,246.80
148.36688480,-37.47706976,247.73
148.36688343,-37.47699479,215.34
148.36688329,-37.47698686,243.42
148.36688286,-37.47696361,232.30
148.36688276,-37.47695802,258.18
148.36688258,-37.47694811,258.97
148.36688250,-37.47694378,247.83
148.36688227,-37.47693108,259.15
148.36688226,-37.47693036,246.93
148.36688209,-37.47692117,234.86
148.36688203,-37.47691801,214.92
148.36688197,-37.47691441,231.14
148.36688191,-37.47691134,227.65
148.36688170,-37.47689972,232.05
148.36688168,-37.47689873,245.08
148.36688161,-37.47689485,231.43
148.36688146,-37.47688629,234.84
148.36688143,-37.47688512,216.31
148.36688064,-37.47684169,237.78
148.36688049,-37.47683313,240.94
148.36688038,-37.47682745,247.03
148.36688011,-37.47681222,226.14
148.36687945,-37.47677636,216.08
148.36687849,-37.47672337,245.17
148.36687846,-37.47672220,244.82
148.36687841,-37.47671932,247.85
148.36687758,-37.47667336,231.48
148.36687731,-37.47665903,218.48
148.36687707,-37.47664552,233.84
148.36687696,-37.47663966,233.81
148.36687695,-37.47663885,233.68
148.36687665,-37.47662254,227.93
148.36687643,-37.47661019,226.26
148.36687638,-37.47660785,238.46
148.36687607,-37.47659064,216.35
148.36687568,-37.47656928,242.78
148.36687421,-37.47648845,219.27
148.36687418,-37.47648701,227.23
148.36687387,-37.47646980,219.22
148.36687351,-37.47645006,226.97
148.36687347,-37.47644763,227.27
148.36687266,-37.47640339,235.22
148.36687249,-37.47639410,239.24
148.36687246,-37.47639221,239.57
148.36687208,-37.47637185,231.35
148.36687026,-37.47627183,222.55
148.36686999,-37.47625714,216.57
148.36686923,-37.47621505,231.09
148.36686863,-37.47618198,227.74
148.36686820,-37.47615864,234.98
148.36686724,-37.47610602,218.61
148.36686707,-37.47609683,216.20
148.36686650,-37.47606529,233.65
148.36686627,-37.47605249,220.46
148.36686469,-37.47596617,217.42
148.36686443,-37.47595148,215.57
148.36686433,-37.47594607,217.95
148.36686429,-37.47594427,217.14
148.36686407,-37.47593201,233.54
148.36686360,-37.47590615,233.54
148.36686281,-37.47586299,230.92
148.36686249,-37.47584533,240.77
148.36686244,-37.47584253,240.37
148.36686230,-37.47583469,232.87
148.36686168,-37.47580090,239.66
148.36686145,-37.47578793,239.65
148.36686139,-37.47578486,231.85
148.36686139,-37.47578468,239.63
148.36686138,-37.47578441,228.82
148.36686085,-37.47575513,214.33
148.36686066,-37.47574467,214.31
148.36686057,-37.47573981,233.23
148.36685993,-37.47570448,213.82
148.36685952,-37.47568195,214.24
148.36685929,-37.47566925,236.07
148.36685891,-37.47564861,234.55
148.36685875,-37.47563987,226.66
148.36685875,-37.47563960,233.94
148.36685857,-37.47562978,223.47
148.36685847,-37.47562447,225.70
148.36685681,-37.47553336,227.10
148.36685599,-37.47548831,209.51
148.36685575,-37.47547533,211.55
148.36685572,-37.47547362,214.31
148.36685501,-37.47543469,209.00
148.36685499,-37.47543361,208.89
148.36685459,-37.47541171,208.78
148.36685419,-37.47538954,210.22
148.36685409,-37.47538432,217.32
148.36685351,-37.47535224,212.46
148.36685247,-37.47529511,211.56
148.36685241,-37.47529186,211.38
148.36685221,-37.47528060,235.95
148.36685136,-37.47523383,230.77
148.36685124,-37.47522734,211.79
148.36684866,-37.47508605,237.25
148.36684769,-37.47503252,214.69
148.36684749,-37.47502180,216.60
148.36684740,-37.47501676,246.44
148.36684702,-37.47499594,231.30
148.36684576,-37.47492691,215.83
148.36684513,-37.47489222,226.17
148.36684487,-37.47487807,216.71
148.36684402,-37.47483130,233.47
148.36684398,-37.47482914,255.32
148.36684382,-37.47482013,254.77
148.36684370,-37.47481373,218.03
148.36684312,-37.47478156,217.99
148.36684283,-37.47476606,253.60
148.36684265,-37.47475588,252.18
148.36684262,-37.47475408,256.52
148.36684164,-37.47470028,241.41
148.36684131,-37.47468235,233.17
148.36684126,-37.47467947,233.09
148.36684098,-37.47466433,218.26
148.36684081,-37.47465496,218.09
148.36684067,-37.47464712,241.28
148.36684065,-37.47464613,227.96
148.36684036,-37.47463008,238.83
148.36684018,-37.47462062,223.38
148.36683997,-37.47460891,229.47
148.36683992,-37.47460575,229.47
148.36683895,-37.47455313,237.44
148.36683801,-37.47450114,221.56
148.36683781,-37.47449050,229.58
148.36683651,-37.47441896,231.46
148.36683641,-37.47441310,231.32
148.36683635,-37.47441030,231.24
148.36683555,-37.47436588,225.97
148.36683468,-37.47431839,217.19
148.36683458,-37.47431271,242.41
148.36683401,-37.47428181,245.96
148.36683317,-37.47423540,220.26
148.36683315,-37.47423423,224.73
148.36683261,-37.47420494,224.23
148.36683249,-37.47419836,232.88
148.36683236,-37.47419079,230.64
148.36683096,-37.47411411,218.05
148.36682683,-37.47388748,215.94
148.36682613,-37.47384891,217.60
148.36682571,-37.47382620,243.84
148.36682455,-37.47376222,250.80
148.36682450,-37.47375961,250.82
148.36682404,-37.47373411,227.18
148.36682371,-37.47371600,249.23
148.36682354,-37.47370681,222.87
148.36682318,-37.47368689,245.90
148.36682256,-37.47365310,239.03
148.36682242,-37.47364535,218.31
148.36682173,-37.47360759,247.87
148.36682146,-37.47359272,238.67
148.36681994,-37.47350928,226.22
148.36681950,-37.47348504,226.65
148.36681916,-37.47346630,245.71
148.36681863,-37.47343728,244.78
148.36681827,-37.47341728,240.24
148.36681823,-37.47341547,244.33
148.36681819,-37.47341277,244.31
148.36681806,-37.47340610,238.94
148.36681775,-37.47338871,235.55
148.36681711,-37.47335402,227.06
148.36681695,-37.47334501,238.84
148.36681607,-37.47329680,221.03
148.36681439,-37.47320425,239.26
148.36681386,-37.47317533,228.68
148.36681383,-37.47317371,255.17
148.36681375,-37.47316893,223.06
148.36681362,-37.47316199,243.59
148.36681260,-37.47310621,243.47
148.36681258,-37.47310531,223.79
148.36681165,-37.47305413,243.58
148.36681158,-37.47305044,224.50
148.36681146,-37.47304350,244.14
148.36681131,-37.47303538,259.11
148.36681003,-37.47296501,241.98
148.36680987,-37.47295618,240.15
148.36680960,-37.47294113,240.38
148.36680955,-37.47293842,240.10
148.36680889,-37.47290274,225.00
148.36680857,-37.47288481,225.24
148.36680815,-37.47286174,254.10
148.36680808,-37.47285787,225.53
148.36680749,-37.47282552,255.44
148.36680730,-37.47281524,257.50
148.36680728,-37.47281398,237.14
148.36680669,-37.47278190,235.45
148.36680622,-37.47275604,252.63
148.36680563,-37.47272342,241.80
148.36680488,-37.47268224,246.20
148.36680486,-37.47268098,249.78
148.36680473,-37.47267395,252.81
148.36680344,-37.47260303,229.19
148.36680301,-37.47257942,230.77
148.36680267,-37.47256104,228.39
148.36680262,-37.47255798,228.38
148.36680257,-37.47255563,227.84
148.36680230,-37.47254095,236.39
148.36680194,-37.47252058,243.38
148.36680144,-37.47249319,245.20
148.36680076,-37.47245615,252.95
148.36680053,-37.47244353,226.62
148.36679985,-37.47240632,224.94
148.36679974,-37.47239992,224.15
148.36679962,-37.47239316,227.38
148.36679902,-37.47236063,242.78
148.36679884,-37.47235045,234.93
148.36679834,-37.47232323,226.92
148.36679815,-37.47231287,223.76
148.36679790,-37.47229890,238.49
148.36679771,-37.47228872,238.27
148.36679745,-37.47227457,223.05
148.36679630,-37.47221132,223.07
148.36679572,-37.47217933,228.99
148.36679484,-37.47213112,266.02
148.36679433,-37.47210273,222.77
148.36679415,-37.47209336,223.39
148.36679342,-37.47205308,223.87
148.36679318,-37.47204002,224.02
148.36679275,-37.47201632,223.77
148.36679146,-37.47194567,224.29
148.36679130,-37.47193639,224.14
148.36679021,-37.47187646,224.83
148.36679020,-37.47187610,249.68
148.36678990,-37.47185997,246.73
148.36678956,-37.47184123,223.68
148.36678801,-37.47175634,224.93
148.36678732,-37.47171823,227.09
148.36678681,-37.47168993,225.66
148.36678652,-37.47167443,261.41
148.36678631,-37.47166272,247.49
148.36678605,-37.47164830,241.65
148.36678574,-37.47163127,225.42
148.36678571,-37.47162974,229.24
148.36678571,-37.47162956,259.92
148.36678562,-37.47162451,266.38
148.36678544,-37.47161505,268.96
148.36678537,-37.47161108,256.22
148.36678508,-37.47159496,260.57
148.36678506,-37.47159414,261.32
148.36678467,-37.47157234,256.44
148.36678383,-37.47152674,234.73
148.36678357,-37.47151214,227.63
148.36678307,-37.47148484,226.56
148.36678278,-37.47146889,232.52
148.36678261,-37.47145916,233.09
148.36678253,-37.47145519,228.32
148.36678238,-37.47144672,233.27
148.36678222,-37.47143816,229.51
148.36678186,-37.47141843,227.70
148.36678145,-37.47139590,231.59
148.36678137,-37.47139157,232.46
148.36678134,-37.47138950,249.02
148.36678107,-37.47137508,248.81
148.36678106,-37.47137436,248.88
148.36678088,-37.47136463,247.48
148.36678043,-37.47133967,244.66
148.36678020,-37.47132696,244.96
148.36677996,-37.47131408,228.07
148.36677985,-37.47130786,240.83
148.36677929,-37.47127731,230.14
148.36677918,-37.47127109,229.22
148.36677895,-37.47125884,234.57
148.36677883,-37.47125181,229.65
148.36677834,-37.47122478,230.79
148.36677820,-37.47121721,235.65
148.36677757,-37.47118270,257.63
148.36677752,-37.47117999,230.58
148.36677676,-37.47113854,264.29
148.36677665,-37.47113232,231.85
148.36677653,-37.47112566,230.94
148.36677590,-37.47109105,252.90
148.36677575,-37.47108294,252.95
148.36677523,-37.47105411,265.02
148.36677493,-37.47103780,266.14
148.36677489,-37.47103545,241.63
148.36677452,-37.47101518,263.78
148.36677442,-37.47100995,231.55
148.36677438,-37.47100770,261.39
148.36677394,-37.47098337,243.47
148.36677309,-37.47093696,236.75
148.36677234,-37.47089578,231.17
148.36677234,-37.47089560,240.81
148.36677233,-37.47089506,238.74
148.36677226,-37.47089136,242.88
148.36677207,-37.47088064,244.83
148.36677157,-37.47085307,233.03
148.36677130,-37.47083829,239.12
148.36677064,-37.47080233,234.55
148.36676891,-37.47070709,269.44
148.36676876,-37.47069916,264.12
148.36676865,-37.47069321,266.84
148.36676754,-37.47063193,249.99
148.36676703,-37.47060427,255.84
148.36676674,-37.47058823,236.93
148.36676674,-37.47058805,257.16
148.36676566,-37.47052840,237.42
148.36676557,-37.47052362,273.06
148.36676428,-37.47045279,277.50
148.36676381,-37.47042720,237.96
148.36676376,-37.47042441,273.32
148.36676324,-37.47039602,268.32
148.36676240,-37.47034961,242.26
148.36676203,-37.47032952,238.76
148.36676180,-37.47031700,246.45
148.36676137,-37.47029330,249.59
148.36676113,-37.47028014,239.19
148.36676063,-37.47025239,263.78
148.36676061,-37.47025130,239.48
148.36676023,-37.47023067,268.46
148.36676008,-37.47022256,239.45
148.36675895,-37.47016011,275.32
148.36675867,-37.47014488,239.59
148.36675613,-37.47000539,240.54
148.36675579,-37.46998701,244.49
148.36675578,-37.46998638,242.47
148.36675553,-37.46997250,248.28
148.36675544,-37.46996763,243.29
148.36675537,-37.46996394,262.54
148.36675525,-37.46995691,241.55
148.36675453,-37.46991762,250.41
148.36675439,-37.46991014,242.43
148.36675432,-37.46990618,242.57
148.36675426,-37.46990275,242.58
148.36675347,-37.46985905,243.72
148.36675346,-37.46985851,253.21
148.36675330,-37.46984995,252.52
148.36675241,-37.46980129,249.86
148.36675225,-37.46979219,262.51
148.36675205,-37.46978164,244.57
148.36675147,-37.46974974,286.06
148.36675127,-37.46973866,271.58
148.36675121,-37.46973514,286.58
148.36675105,-37.46972641,286.75
148.36675101,-37.46972442,245.82
148.36675094,-37.46972064,279.61
148.36675091,-37.46971857,246.15
148.36675074,-37.46970937,246.30
148.36675045,-37.46969343,246.57
148.36675044,-37.46969306,286.70
148.36675021,-37.46968027,253.76
148.36675015,-37.46967721,281.29
148.36675014,-37.46967621,286.48
148.36675004,-37.46967117,253.85
148.36675000,-37.46966873,277.17
148.36674988,-37.46966189,278.26
148.36674980,-37.46965774,263.34
148.36674964,-37.46964891,256.31
148.36674963,-37.46964873,263.41
148.36674947,-37.46963972,284.84
148.36674863,-37.46959376,256.38
148.36674859,-37.46959160,271.18
148.36674823,-37.46957150,269.95
148.36674813,-37.46956628,271.48
148.36674711,-37.46951005,278.70
148.36674693,-37.46950022,254.61
148.36674633,-37.46946742,249.90
148.36674632,-37.46946670,258.62
148.36674599,-37.46944877,250.11
148.36674542,-37.46941732,274.15
148.36674541,-37.46941696,250.02
148.36674536,-37.46941408,253.01
148.36674498,-37.46939335,267.54
148.36674465,-37.46937488,274.49
148.36674436,-37.46935911,274.10
148.36674380,-37.46932847,252.05
148.36674339,-37.46930595,262.18
148.36674308,-37.46928900,262.28
148.36674185,-37.46922151,257.64
148.36674169,-37.46921223,285.01
148.36674055,-37.46914987,287.94
148.36674049,-37.46914672,265.35
148.36674020,-37.46913086,276.48
148.36674004,-37.46912194,276.53
148.36673997,-37.46911806,254.92
148.36673987,-37.46911248,286.74
148.36673954,-37.46909436,291.37
148.36673919,-37.46907499,291.47
148.36673903,-37.46906625,267.86
148.36673892,-37.46906012,255.83
148.36673883,-37.46905544,257.51
148.36673773,-37.46899479,256.36
148.36673702,-37.46895604,283.64
148.36673662,-37.46893388,257.12
148.36673605,-37.46890306,256.32
148.36673461,-37.46882349,287.77
148.36673458,-37.46882223,287.53
148.36673451,-37.46881808,290.55
148.36673432,-37.46880763,256.42
148.36673387,-37.46878294,256.35
148.36673180,-37.46866940,290.42
148.36673116,-37.46863389,255.97
148.36673102,-37.46862632,290.47
148.36673069,-37.46860866,284.82
148.36672984,-37.46856153,255.43
148.36672860,-37.46849350,268.78
148.36672793,-37.46845665,255.48
148.36672787,-37.46845358,255.53
148.36672723,-37.46841826,255.51
148.36672634,-37.46836915,254.63
148.36672583,-37.46834166,254.08
148.36672468,-37.46827868,264.27
148.36672463,-37.46827570,264.08
148.36672457,-37.46827246,263.87
148.36672436,-37.46826065,277.51
148.36672382,-37.46823110,253.27
148.36672381,-37.46823028,284.55
148.36672362,-37.46822028,287.76
148.36672323,-37.46819875,271.18
148.36672311,-37.46819181,254.24
148.36672251,-37.46815901,288.25
148.36672052,-37.46805015,287.58
148.36672046,-37.46804673,290.96
148.36672025,-37.46803519,271.99
148.36671988,-37.46801447,286.09
148.36671985,-37.46801294,253.90
148.36671973,-37.46800645,285.32
148.36671965,-37.46800212,254.34
148.36671952,-37.46799482,276.80
148.36671938,-37.46798707,258.50
148.36671918,-37.46797644,289.73
148.36671912,-37.46797311,258.03
148.36671760,-37.46788930,258.78
148.36671753,-37.46788561,258.80
148.36671739,-37.46787822,297.89
148.36671727,-37.46787146,297.83
148.36671663,-37.46783596,274.76
148.36671653,-37.46783100,288.41
148.36671653,-37.46783046,260.72
148.36671650,-37.46782902,275.64
148.36671624,-37.46781496,297.83
148.36671624,-37.46781487,288.41
148.36671607,-37.46780541,286.93
148.36671606,-37.46780505,261.24
148.36671602,-37.46780280,272.71
148.36671530,-37.46776297,262.86
148.36671511,-37.46775269,294.49
148.36671448,-37.46771800,287.04
148.36671423,-37.46770422,269.12
148.36671395,-37.46768925,265.32
148.36671389,-37.46768556,265.41
148.36671386,-37.46768403,265.50
148.36671285,-37.46762834,294.48
148.36671283,-37.46762735,275.86
148.36671278,-37.46762456,269.14
148.36671259,-37.46761410,296.94
148.36671139,-37.46754814,292.10
148.36671104,-37.46752895,275.50
148.36671085,-37.46751886,289.23
148.36671037,-37.46749263,273.40
148.36671006,-37.46747515,277.18
148.36670903,-37.46741901,276.49
148.36670855,-37.46739261,276.43
148.36670661,-37.46728601,288.45
148.36670597,-37.46725068,307.75
148.36670554,-37.46722707,279.13
148.36670503,-37.46719923,305.97
148.36670471,-37.46718175,309.86
148.36670414,-37.46715048,304.88
148.36670340,-37.46710957,303.76
148.36670302,-37.46708857,298.70
148.36670266,-37.46706929,282.81
148.36670212,-37.46703919,303.71
148.36670207,-37.46703640,303.53
148.36670124,-37.46699098,284.71
148.36670119,-37.46698792,284.53
148.36670112,-37.46698449,301.68
148.36670033,-37.46694079,285.36
148.36670026,-37.46693710,285.41
148.36670015,-37.46693088,318.07
148.36669979,-37.46691132,316.76
148.36669965,-37.46690357,318.97
148.36669964,-37.46690285,316.33
148.36669908,-37.46687221,316.49
148.36669888,-37.46686140,317.88
148.36669854,-37.46684284,286.95
148.36669829,-37.46682878,299.36
148.36669771,-37.46679706,287.41
148.36669745,-37.46678255,287.65
148.36669712,-37.46676462,315.99
148.36669685,-37.46674993,315.37
148.36669680,-37.46674714,318.26
148.36669676,-37.46674525,318.43
148.36669653,-37.46673227,308.11
148.36669521,-37.46665964,288.85
148.36669417,-37.46660296,297.48
148.36669406,-37.46659665,317.61
148.36669388,-37.46658674,289.83
148.36669374,-37.46657908,295.73
148.36669208,-37.46648780,290.26
148.36669049,-37.46640066,318.76
148.36668945,-37.46634344,289.95
148.36668939,-37.46634020,289.85
148.36668879,-37.46630713,289.40
148.36668636,-37.46617376,288.30
148.36668609,-37.46615925,318.56
148.36668557,-37.46613060,333.99
148.36668515,-37.46610735,304.74
148.36668514,-37.46610681,329.65
148.36668502,-37.46610005,330.57
148.36668497,-37.46609735,312.53
148.36668478,-37.46608708,325.93
148.36668385,-37.46603598,320.86
148.36668351,-37.46601706,320.73
148.36668330,-37.46600589,291.43
148.36668330,-37.46600552,290.91
148.36668317,-37.46599832,292.02
148.36668265,-37.46597002,292.39
148.36668254,-37.46596380,296.71
148.36668240,-37.46595605,294.67
148.36668235,-37.46595353,303.37
148.36668179,-37.46592262,330.54
148.36668075,-37.46586540,297.41
148.36668036,-37.46584413,306.40
148.36667929,-37.46578547,315.13
148.36667928,-37.46578475,314.41
148.36667927,-37.46578439,320.92
148.36667914,-37.46577691,321.62
148.36667902,-37.46577033,320.75
148.36667900,-37.46576934,314.93
148.36667890,-37.46576402,301.35
148.36667793,-37.46571086,317.37
148.36667734,-37.46567815,328.67
148.36667685,-37.46565130,306.35
148.36667682,-37.46564985,321.12
148.36667667,-37.46564129,319.32
148.36667644,-37.46562904,329.09
148.36667637,-37.46562498,331.66
148.36667612,-37.46561120,307.99
148.36667580,-37.46559353,326.18
148.36667577,-37.46559200,308.50
148.36667570,-37.46558840,308.57
148.36667368,-37.46547720,319.64
148.36667363,-37.46547423,321.17
148.36667349,-37.46546702,314.98
148.36667276,-37.46542674,339.75
148.36667221,-37.46539628,331.85
148.36667214,-37.46539277,339.74
148.36667191,-37.46538015,339.39
148.36667121,-37.46534149,336.28
148.36667089,-37.46532410,315.97
148.36666946,-37.46524561,350.29
148.36666942,-37.46524327,350.61
148.36666941,-37.46524246,347.96
148.36666930,-37.46523651,317.54
148.36666875,-37.46520650,318.10
148.36666838,-37.46518623,319.37
148.36666809,-37.46517019,318.99
148.36666753,-37.46513964,319.42
148.36666740,-37.46513270,344.21
148.36666736,-37.46513027,340.32
148.36666732,-37.46512793,341.31
148.36666710,-37.46511603,326.97
148.36666700,-37.46511045,320.11
148.36666646,-37.46508071,344.41
148.36666604,-37.46505773,321.15
148.36666546,-37.46502601,321.58
148.36666522,-37.46501267,341.96
148.36666513,-37.46500772,335.26
148.36666479,-37.46498898,335.98
148.36666363,-37.46492563,348.27
148.36666344,-37.46491500,349.85
148.36665902,-37.46467178,325.93
148.36665785,-37.46460780,330.93
148.36665780,-37.46460537,330.55
148.36665772,-37.46460077,326.58
148.36665654,-37.46453572,345.55
148.36665653,-37.46453517,327.32
148.36665558,-37.46448309,343.43
148.36665556,-37.46448192,342.58
148.36665504,-37.46445344,339.15
148.36665483,-37.46444200,340.78
148.36665394,-37.46439298,355.22
148.36665382,-37.46438631,348.68
148.36665377,-37.46438352,349.04
148.36665376,-37.46438280,328.13
148.36665371,-37.46438036,352.74
148.36665327,-37.46435621,354.73
148.36665246,-37.46431161,347.69
148.36665135,-37.46425060,338.14
148.36665111,-37.46423772,328.32
148.36665093,-37.46422762,328.35
148.36665086,-37.46422393,330.08
148.36664881,-37.46411120,355.47
148.36664877,-37.46410930,354.97
148.36664848,-37.46409318,351.82
148.36664833,-37.46408507,350.98
148.36664800,-37.46406686,327.98
148.36664722,-37.46402406,327.83
148.36664627,-37.46397206,334.35
148.36664496,-37.46389998,355.67
148.36664478,-37.46388980,354.82
148.36664475,-37.46388844,331.88
148.36664474,-37.46388754,328.26
148.36664374,-37.46383294,349.00
148.36664338,-37.46381302,328.36
148.36664282,-37.46378229,328.62
148.36664269,-37.46377544,338.50
148.36664247,-37.46376283,328.73
148.36664189,-37.46373129,357.16
148.36664166,-37.46371831,329.00
148.36664161,-37.46371570,329.30
148.36664093,-37.46367858,354.03
148.36664088,-37.46367596,338.15
148.36664085,-37.46367425,332.57
148.36663998,-37.46362604,329.68
148.36663923,-37.46358504,332.93
148.36663915,-37.46358062,331.63
148.36663910,-37.46357774,333.88
148.36663905,-37.46357531,334.11
148.36663890,-37.46356684,332.35
148.36663879,-37.46356071,331.32
148.36663749,-37.46348961,332.44
148.36663736,-37.46348222,333.25
148.36663699,-37.46346195,331.40
148.36663625,-37.46342149,334.97
148.36663548,-37.46337886,360.68
148.36663500,-37.46335282,337.55
148.36663481,-37.46334237,340.08
148.36663477,-37.46334030,365.03
148.36663471,-37.46333660,361.68
148.36663443,-37.46332155,361.84
148.36663391,-37.46329272,368.99
148.36663279,-37.46323117,339.28
148.36663210,-37.46319323,343.30
148.36663185,-37.46317945,345.24
148.36663159,-37.46316548,369.75
148.36663116,-37.46314187,339.38
148.36663100,-37.46313313,343.05
148.36663047,-37.46310366,360.63
148.36663026,-37.46309249,341.18
148.36662954,-37.46305257,343.60
148.36662943,-37.46304680,344.05
148.36662914,-37.46303085,357.85
148.36662911,-37.46302914,357.93
148.36662911,-37.46302878,362.38
148.36662893,-37.46301932,359.96
148.36662676,-37.46289992,382.51
148.36662641,-37.46288064,353.58
148.36662590,-37.46285261,355.35
148.36662487,-37.46279638,358.41
148.36662439,-37.46276980,360.00
148.36662394,-37.46274493,361.47
148.36662377,-37.46273592,366.56
148.36662313,-37.46270087,364.89
148.36662313,-37.46270041,378.84
148.36662309,-37.46269852,372.26
148.36662305,-37.46269609,364.09
148.36662203,-37.46264004,367.84
148.36662076,-37.46257029,391.90
148.36662069,-37.46256651,374.87
148.36662067,-37.46256579,372.43
148.36661973,-37.46251388,373.02
148.36661844,-37.46244278,385.69
148.36661836,-37.46243855,392.97
148.36661793,-37.46241521,385.73
148.36661700,-37.46236403,393.58
148.36661698,-37.46236285,377.11
148.36661680,-37.46235294,394.93
148.36661664,-37.46234438,377.36
148.36661625,-37.46232258,394.44
148.36661542,-37.46227725,393.99
148.36661539,-37.46227554,395.74
148.36661513,-37.46226130,392.41
148.36661504,-37.46225607,393.06
148.36661485,-37.46224580,378.68
148.36661421,-37.46221066,378.79
148.36661374,-37.46218480,379.06
148.36661336,-37.46216389,379.02
148.36661273,-37.46212947,391.06
148.36661270,-37.46212730,379.24
148.36661259,-37.46212181,379.20
148.36661221,-37.46210099,382.36
148.36661184,-37.46208035,379.21
148.36661133,-37.46205224,396.82
148.36661130,-37.46205080,379.17
148.36661122,-37.46204638,395.12
148.36661047,-37.46200493,394.06
148.36661041,-37.46200178,393.15
148.36661004,-37.46198159,378.58
148.36660970,-37.46196267,392.24
148.36660894,-37.46192122,378.18
148.36660888,-37.46191807,378.05
148.36660855,-37.46189986,377.93
148.36660838,-37.46189031,377.85
148.36660826,-37.46188373,377.72
148.36660787,-37.46186210,377.38
148.36660767,-37.46185120,389.80
148.36660760,-37.46184733,388.65
148.36660751,-37.46184264,377.03
148.36660746,-37.46184012,377.00
148.36660731,-37.46183156,376.91
148.36660612,-37.46176596,376.01
148.36660599,-37.46175911,390.44
148.36660559,-37.46173730,394.98
148.36660529,-37.46172036,375.05
148.36660464,-37.46168495,374.55
148.36660393,-37.46164557,374.03
148.36660389,-37.46164359,386.19
148.36660329,-37.46161042,385.93
148.36660320,-37.46160565,384.85
148.36660283,-37.46158519,373.04
148.36660230,-37.46155645,389.93
148.36660177,-37.46152743,372.18
148.36660164,-37.46152013,389.61
148.36660109,-37.46148977,371.68
148.36660082,-37.46147499,387.59
148.36660070,-37.46146832,388.16
148.36660065,-37.46146598,382.00
148.36660064,-37.46146489,384.43
148.36659924,-37.46138794,370.04
148.36659915,-37.46138334,369.94
148.36659914,-37.46138253,388.37
148.36659903,-37.46137667,388.26
148.36659903,-37.46137649,388.04
148.36659881,-37.46136442,387.42
148.36659791,-37.46131513,385.35
148.36659750,-37.46129233,367.97
148.36659736,-37.46128476,367.78
148.36659682,-37.46125511,367.10
148.36659651,-37.46123817,384.22
148.36659650,-37.46123772,380.62
148.36659633,-37.46122862,366.40
148.36659599,-37.46120988,366.01
148.36659494,-37.46115184,382.81
148.36659359,-37.46107777,362.41
148.36659314,-37.46105345,361.72
148.36659312,-37.46105209,371.12
148.36659109,-37.46094045,358.41
148.36659069,-37.46091855,357.79
148.36659052,-37.46090918,366.58
148.36659037,-37.46090107,357.18
148.36659005,-37.46088331,373.29
148.36658900,-37.46082582,369.85
148.36658897,-37.46082366,355.04
148.36658883,-37.46081663,354.64
148.36658878,-37.46081321,354.55
148.36658874,-37.46081141,354.47
148.36658715,-37.46072382,368.47
148.36658663,-37.46069525,351.14
148.36658584,-37.46065227,349.94
148.36658469,-37.46058883,362.50
148.36658436,-37.46057054,365.40
148.36658409,-37.46055594,364.57
148.36658376,-37.46053810,346.70
148.36658339,-37.46051737,346.07
148.36658262,-37.46047529,364.12
148.36658240,-37.46046340,364.57
148.36658164,-37.46042149,357.30
148.36658105,-37.46038896,355.98
148.36658024,-37.46034436,341.16
148.36657971,-37.46031516,340.36
148.36657965,-37.46031191,340.27
148.36657957,-37.46030777,342.72
148.36657772,-37.46020595,337.36
148.36657656,-37.46014242,354.48
148.36657652,-37.46014016,349.26
148.36657605,-37.46011430,334.77
148.36657533,-37.46007465,334.42
148.36657478,-37.46004438,332.78
148.36657374,-37.45998724,331.13
148.36657249,-37.45991849,348.83
148.36657149,-37.45986343,346.87
148.36656981,-37.45977143,326.35
148.36656946,-37.45975223,344.29
148.36656938,-37.45974809,344.18
148.36656870,-37.45971033,334.19
148.36656858,-37.45970384,322.39
148.36656842,-37.45969474,322.10
148.36656814,-37.45967979,330.43
148.36656661,-37.45959553,319.09
148.36656524,-37.45952038,338.00
148.36656505,-37.45950974,316.65
148.36656501,-37.45950767,316.69
148.36656343,-37.45942071,325.75
148.36656329,-37.45941323,314.07
148.36656313,-37.45940449,326.22
148.36656308,-37.45940143,326.20
148.36656255,-37.45937223,313.19
148.36656188,-37.45933583,312.16
148.36656178,-37.45933024,312.13
148.36656126,-37.45930177,311.43
148.36656120,-37.45929852,311.36
148.36656103,-37.45928861,311.30
148.36655949,-37.45920463,309.16
148.36655823,-37.45913506,307.58
148.36655780,-37.45911154,307.00
148.36655750,-37.45909505,324.45
148.36655682,-37.45905738,325.90
148.36655619,-37.45902314,325.37
148.36655613,-37.45901981,305.04
148.36655607,-37.45901638,305.01
148.36655584,-37.45900350,304.64
148.36655444,-37.45892699,306.68
148.36655381,-37.45889194,302.40
148.36655344,-37.45887220,319.20
148.36655293,-37.45884373,317.30
148.36655216,-37.45880156,321.90
148.36655204,-37.45879507,321.75
148.36655165,-37.45877380,315.19
148.36655130,-37.45875452,314.55
148.36655036,-37.45870262,298.78
148.36655023,-37.45869568,298.64
148.36655010,-37.45868819,298.51
148.36655003,-37.45868441,317.40
148.36654979,-37.45867116,303.99
148.36654977,-37.45867062,300.99
148.36654976,-37.45866999,304.21
148.36654888,-37.45862124,296.67
148.36654845,-37.45859791,314.69
148.36654842,-37.45859628,313.93
148.36654817,-37.45858250,295.97
148.36654747,-37.45854375,295.03
148.36654712,-37.45852455,301.19
148.36654661,-37.45849653,308.19
148.36654464,-37.45838830,310.48
148.36654452,-37.45838173,309.71
148.36654289,-37.45829243,289.72
148.36654260,-37.45827630,289.20
148.36654245,-37.45826846,306.39
148.36654241,-37.45826602,301.90
148.36654082,-37.45817834,301.06
148.36653989,-37.45812752,285.67
148.36653957,-37.45810995,303.53
148.36653950,-37.45810599,305.85
148.36653931,-37.45809562,284.67
148.36653729,-37.45798452,296.39
148.36653659,-37.45794604,292.66
148.36653638,-37.45793459,292.52
148.36653452,-37.45783241,277.53
148.36653436,-37.45782339,297.48
148.36653280,-37.45773752,274.97
148.36653251,-37.45772193,298.85
148.36653128,-37.45765426,298.15
148.36653062,-37.45761803,280.53
148.36653015,-37.45759244,270.99
148.36653008,-37.45758856,294.77
148.36652991,-37.45757919,297.35
148.36652856,-37.45750467,269.11
148.36652797,-37.45747223,267.32
148.36652751,-37.45744691,266.37
148.36652698,-37.45741789,288.33
148.36652577,-37.45735157,282.38
148.36652557,-37.45734040,289.30
148.36652539,-37.45733057,288.96
148.36652530,-37.45732580,274.96
148.36652361,-37.45723280,264.46
148.36652296,-37.45719721,264.28
148.36652284,-37.45719036,263.87
148.36652107,-37.45709322,269.88
148.36652062,-37.45706889,263.85
148.36652030,-37.45705114,263.87
148.36652023,-37.45704700,263.78
148.36651809,-37.45692976,263.33
148.36651804,-37.45692687,285.02
148.36651703,-37.45687128,278.11
148.36651682,-37.45685992,259.22
148.36651663,-37.45684965,277.47
148.36651643,-37.45683866,258.60
148.36651593,-37.45681081,257.63
148.36651536,-37.45677981,258.77
148.36651438,-37.45672602,255.41
148.36651423,-37.45671764,255.33
148.36651353,-37.45667916,255.21
148.36651310,-37.45665510,253.86
148.36651303,-37.45665140,253.91
148.36651197,-37.45659337,283.03
148.36651196,-37.45659301,287.72
148.36651151,-37.45656778,292.66
148.36651102,-37.45654084,287.80
148.36651078,-37.45652813,292.78
148.36651064,-37.45652020,292.78
148.36650990,-37.45647974,262.79
148.36650954,-37.45645964,284.26
148.36650900,-37.45643009,282.48
148.36650845,-37.45639972,267.04
148.36650809,-37.45638026,277.23
148.36650764,-37.45635539,269.58
148.36650745,-37.45634494,269.88
148.36650611,-37.45627131,296.79
148.36650587,-37.45625807,293.46
148.36650567,-37.45624734,282.50
148.36650561,-37.45624392,285.47
148.36650518,-37.45622004,275.66
148.36650464,-37.45619057,302.32
148.36650455,-37.45618543,276.97
148.36650425,-37.45616922,305.23
148.36650377,-37.45614272,293.76
148.36650374,-37.45614101,304.75
148.36650305,-37.45610307,279.75
148.36650180,-37.45603423,285.56
148.36650163,-37.45602531,305.65
148.36650047,-37.45596115,285.51
148.36650039,-37.45595691,284.43
148.36649914,-37.45588861,292.52
148.36649857,-37.45585725,287.56
148.36649794,-37.45582220,288.65
148.36649716,-37.45577922,314.27
148.36649634,-37.45573407,291.13
148.36649616,-37.45572461,291.37
148.36649505,-37.45566360,310.38
148.36649491,-37.45565585,292.74
148.36649461,-37.45563963,292.99
148.36649456,-37.45563675,292.93
148.36649455,-37.45563593,292.97
148.36649448,-37.45563251,292.97
148.36649448,-37.45563224,293.03
148.36649305,-37.45555358,293.55
148.36649262,-37.45553014,293.49
148.36649255,-37.45552618,293.48
148.36649248,-37.45552231,293.47
148.36649241,-37.45551825,293.46
148.36649233,-37.45551410,293.51
148.36649211,-37.45550212,293.52
148.36649195,-37.45549338,307.89
148.36649168,-37.45547833,293.32
148.36649161,-37.45547455,293.29
148.36649154,-37.45547076,293.36
148.36649147,-37.45546707,293.36
148.36649100,-37.45544076,293.41
148.36649099,-37.45544030,305.62
148.36648974,-37.45537164,309.13
148.36648921,-37.45534262,309.16
148.36648841,-37.45529865,292.08
148.36648834,-37.45529477,292.05
148.36648820,-37.45528721,291.98
148.36648813,-37.45528342,291.96
148.36648787,-37.45526909,291.75
148.36648780,-37.45526513,291.76
148.36648533,-37.45512924,307.04
148.36648501,-37.45511176,307.14
148.36648490,-37.45510581,300.05
148.36648266,-37.45498235,300.56
148.36648162,-37.45492567,285.98
148.36648142,-37.45491441,301.01
148.36647952,-37.45480979,282.92
148.36647921,-37.45479285,282.41
148.36647883,-37.45477230,294.60
148.36647876,-37.45476807,291.27
148.36647873,-37.45476690,301.74
148.36647746,-37.45469661,279.77
148.36647694,-37.45466823,302.30
148.36647636,-37.45463642,301.66
148.36647461,-37.45454027,285.93
148.36647445,-37.45453152,273.88
148.36647416,-37.45451549,292.23
148.36647164,-37.45437680,268.18
148.36647144,-37.45436617,267.84
148.36647123,-37.45435482,288.24
148.36647035,-37.45430598,289.90
148.36647003,-37.45428840,286.71
148.36646982,-37.45427678,264.57
148.36646916,-37.45424091,263.07
148.36646865,-37.45421271,263.86
148.36646473,-37.45399744,266.84
148.36646261,-37.45388065,251.40
148.36646122,-37.45380433,249.68
148.36646107,-37.45379630,249.69
148.36645921,-37.45369376,278.37
148.36645832,-37.45364519,278.18
148.36645791,-37.45362248,262.78
148.36645745,-37.45359743,259.43
148.36645730,-37.45358878,269.12
148.36645715,-37.45358049,265.02
148.36645627,-37.45353237,255.00
148.36645572,-37.45350182,256.06
148.36645568,-37.45349974,255.94
148.36645506,-37.45346578,254.88
148.36645479,-37.45345082,256.00
148.36645476,-37.45344929,257.35
148.36645423,-37.45341991,269.92
148.36645343,-37.45337620,270.00
148.36645227,-37.45331223,265.93
148.36645211,-37.45330349,305.81
148.36645064,-37.45322319,294.19
148.36644938,-37.45315354,266.33
148.36644922,-37.45314507,266.26
148.36644903,-37.45313444,293.52
148.36644884,-37.45312380,266.94
148.36644876,-37.45311966,289.50
148.36644635,-37.45298701,279.72
148.36644635,-37.45298692,271.57
148.36644607,-37.45297178,271.06
148.36644600,-37.45296791,270.97
148.36644534,-37.45293159,278.64
148.36644502,-37.45291375,276.58
148.36644481,-37.45290249,285.15
148.36644441,-37.45288032,305.01
148.36644432,-37.45287572,306.24
148.36644432,-37.45287564,306.45
148.36644342,-37.45282607,302.46
148.36644335,-37.45282211,302.49
148.36644295,-37.45280048,274.99
148.36644219,-37.45275867,285.53
148.36644218,-37.45275795,285.49
148.36644144,-37.45271749,309.76
148.36644127,-37.45270784,282.09
148.36643948,-37.45260989,288.05
148.36643945,-37.45260818,288.12
148.36643822,-37.45254042,297.11
148.36643801,-37.45252889,296.81
148.36643710,-37.45247878,295.74
148.36643695,-37.45247076,296.46
148.36643668,-37.45245571,293.94
148.36643494,-37.45235983,299.13
148.36643479,-37.45235190,295.30
148.36643462,-37.45234217,283.08
148.36643348,-37.45227982,292.60
148.36643265,-37.45223422,285.16
148.36643240,-37.45222061,294.52
148.36643229,-37.45221412,299.71
148.36643224,-37.45221160,319.89
148.36643220,-37.45220926,318.09
     </coordinates>
    </LineString>
   </MultiGeometry>
  </Placemark>
 </Document>
</kml>
